match_id,season,division,date,venue,city,home_team,away_team,venue_home_share,team_a,team_b,result,innings_count,match_runs,match_bat_runs
1068528,2017,1,2017-04-07,"Headingley, Leeds",Leeds,Yorkshire,Hampshire,1.0,Yorkshire,Hampshire,Hampshire,4,922,885
1068529,2017,1,2017-04-07,"Kennington Oval, London",London,Surrey,Warwickshire,1.0,Surrey,Warwickshire,Surrey,3,907,865
1068530,2017,1,2017-04-07,"County Ground, Chelmsford",Chelmsford,Essex,Lancashire,1.0,Lancashire,Essex,draw,4,1111,1072
1068532,2017,1,2017-04-14,"County Ground, Taunton",Taunton,Somerset,Essex,1.0,Somerset,Essex,Essex,4,769,716
1068533,2017,1,2017-04-14,"The Rose Bowl, Southampton",Southampton,Hampshire,Middlesex,1.0,Middlesex,Hampshire,draw,3,1072,1030
1068534,2017,1,2017-04-14,"Edgbaston, Birmingham",Birmingham,Warwickshire,Yorkshire,1.0,Warwickshire,Yorkshire,Yorkshire,3,674,644
1068535,2017,1,2017-04-21,"Old Trafford, Manchester",Manchester,Lancashire,Somerset,1.0,Lancashire,Somerset,Lancashire,4,980,923
1068536,2017,1,2017-04-21,"Lord's, London",London,Middlesex,Essex,1.0,Middlesex,Essex,draw,4,1201,1131
1068537,2017,1,2017-04-21,"The Rose Bowl, Southampton",Southampton,Hampshire,Yorkshire,1.0,Hampshire,Yorkshire,draw,3,1085,1031
1068538,2017,1,2017-04-21,"Edgbaston, Birmingham",Birmingham,Warwickshire,Surrey,1.0,Warwickshire,Surrey,draw,3,1204,1156
1068539,2017,1,2017-05-19,"Lord's, London",London,Middlesex,Surrey,1.0,Surrey,Middlesex,draw,4,1155,1123
1068540,2017,1,2017-05-19,"Old Trafford, Manchester",Manchester,Lancashire,Yorkshire,1.0,Yorkshire,Lancashire,draw,3,1057,1015
1068541,2017,1,2017-05-19,"County Ground, Chelmsford",Chelmsford,Essex,Hampshire,1.0,Essex,Hampshire,Essex,3,623,586
1068544,2017,1,2017-05-26,"County Ground, Chelmsford",Chelmsford,Essex,Surrey,1.0,Surrey,Essex,draw,3,1012,989
1068545,2017,1,2017-06-02,"Lord's, London",London,Middlesex,Somerset,1.0,Somerset,Middlesex,draw,3,962,915
1068546,2017,1,2017-06-02,"The Rose Bowl, Southampton",Southampton,Hampshire,Warwickshire,1.0,Hampshire,Warwickshire,Hampshire,3,936,899
1068547,2017,1,2017-06-02,"Headingley, Leeds",Leeds,Yorkshire,Lancashire,1.0,Lancashire,Yorkshire,Yorkshire,4,666,620
1068549,2017,1,2017-06-09,"Trafalgar Road Ground, Southport",Southport,Lancashire,Middlesex,1.0,Middlesex,Lancashire,Lancashire,4,836,775
1068550,2017,1,2017-06-09,"Woodbridge Road, Guildford",Guildford,Surrey,Essex,1.0,Surrey,Essex,Essex,4,1375,1312
1068551,2017,1,2017-06-19,"Old Trafford, Manchester",Manchester,Lancashire,Hampshire,1.0,Hampshire,Lancashire,Lancashire,3,1156,1092
1068552,2017,1,2017-06-19,"Lord's, London",London,Middlesex,Yorkshire,1.0,Middlesex,Yorkshire,Middlesex,3,828,777
1068553,2017,1,2017-06-19,"County Ground, Chelmsford",Chelmsford,Essex,Warwickshire,1.0,Essex,Warwickshire,Essex,3,918,850
1068554,2017,1,2017-06-26,"County Ground, Chelmsford",Chelmsford,Essex,Middlesex,1.0,Middlesex,Essex,Essex,3,1050,997
1068555,2017,1,2017-06-26,"The Rose Bowl, Southampton",Southampton,Hampshire,Somerset,1.0,Hampshire,Somerset,draw,4,542,523
1068556,2017,1,2017-06-26,"Edgbaston, Birmingham",Birmingham,Warwickshire,Lancashire,1.0,Lancashire,Warwickshire,draw,3,772,746
1068557,2017,1,2017-06-26,"Headingley, Leeds",Leeds,Yorkshire,Surrey,1.0,Surrey,Yorkshire,draw,2,543,530
1068558,2017,1,2017-07-03,"Edgbaston, Birmingham",Birmingham,Warwickshire,Middlesex,1.0,Warwickshire,Middlesex,Middlesex,4,1135,1084
1068559,2017,1,2017-07-03,"North Marine Road Ground, Scarborough",Scarborough,Yorkshire,Somerset,1.0,Somerset,Yorkshire,Somerset,4,919,880
1068560,2017,1,2017-07-03,"Kennington Oval, London",London,Surrey,Hampshire,1.0,Hampshire,Surrey,draw,3,1297,1241
1068561,2017,1,2017-08-06,"North Marine Road Ground, Scarborough",Scarborough,Yorkshire,Essex,1.0,Yorkshire,Essex,Essex,4,528,512
1068562,2017,1,2017-08-06,"Lord's, London",London,Middlesex,Warwickshire,1.0,Warwickshire,Middlesex,Warwickshire,4,784,743
1068563,2017,1,2017-08-06,"The Rose Bowl, Southampton",Southampton,Hampshire,Lancashire,1.0,Lancashire,Hampshire,draw,3,687,643
1068564,2017,1,2017-08-07,"County Ground, Taunton",Taunton,Somerset,Surrey,1.0,Somerset,Surrey,draw,2,781,745
1068565,2017,1,2017-08-28,"Kennington Oval, London",London,Surrey,Middlesex,1.0,Middlesex,Surrey,draw,3,741,705
1068566,2017,1,2017-08-28,"Old Trafford, Manchester",Manchester,Lancashire,Warwickshire,1.0,Warwickshire,Lancashire,Lancashire,4,1090,993
1068567,2017,1,2017-08-28,"County Ground, Chelmsford",Chelmsford,Essex,Somerset,1.0,Essex,Somerset,Essex,4,725,690
1068568,2017,1,2017-09-05,"The Rose Bowl, Southampton",Southampton,Hampshire,Surrey,1.0,Surrey,Hampshire,draw,3,770,728
1068569,2017,1,2017-09-05,"Headingley, Leeds",Leeds,Yorkshire,Middlesex,1.0,Yorkshire,Middlesex,draw,2,630,591
1068570,2017,1,2017-09-05,"Old Trafford, Manchester",Manchester,Lancashire,Essex,1.0,Lancashire,Essex,draw,2,492,461
1068571,2017,1,2017-09-05,"Edgbaston, Birmingham",Birmingham,Warwickshire,Somerset,1.0,Somerset,Warwickshire,Somerset,4,925,867
1068572,2017,1,2017-09-12,"Edgbaston, Birmingham",Birmingham,Warwickshire,Essex,1.0,Warwickshire,Essex,Essex,3,682,648
1068573,2017,1,2017-09-12,"Kennington Oval, London",London,Surrey,Yorkshire,1.0,Surrey,Yorkshire,draw,3,1267,1197
1068574,2017,1,2017-09-12,"County Ground, Taunton",Taunton,Somerset,Lancashire,1.0,Somerset,Lancashire,Somerset,4,806,767
1068575,2017,1,2017-09-12,Uxbridge Cricket Club Ground,Uxbridge,Middlesex,Hampshire,1.0,Middlesex,Hampshire,draw,3,364,321
1068576,2017,1,2017-09-19,"Headingley, Leeds",Leeds,Yorkshire,Warwickshire,1.0,Warwickshire,Yorkshire,Yorkshire,4,944,852
1068578,2017,1,2017-09-19,"Lord's, London",London,Middlesex,Lancashire,1.0,Middlesex,Lancashire,Middlesex,4,734,679
1068579,2017,1,2017-09-19,"The Rose Bowl, Southampton",Southampton,Hampshire,Essex,1.0,Hampshire,Essex,Essex,4,768,722
1068580,2017,1,2017-09-25,"Old Trafford, Manchester",Manchester,Lancashire,Surrey,1.0,Surrey,Lancashire,Lancashire,4,890,856
1068581,2017,1,2017-09-25,"County Ground, Taunton",Taunton,Somerset,Middlesex,1.0,Somerset,Middlesex,Somerset,4,741,699
1068582,2017,1,2017-09-25,"County Ground, Chelmsford",Chelmsford,Essex,Yorkshire,1.0,Essex,Yorkshire,Essex,4,746,728
1068583,2017,1,2017-09-25,"Edgbaston, Birmingham",Birmingham,Warwickshire,Hampshire,1.0,Warwickshire,Hampshire,draw,4,685,617
1068584,2017,2,2017-04-07,"County Ground, Northampton",Northampton,Northamptonshire,Glamorgan,1.0,Glamorgan,Northamptonshire,Northamptonshire,3,598,576
1068585,2017,2,2017-04-07,"St Lawrence Ground, Canterbury",Canterbury,Kent,Gloucestershire,1.0,Kent,Gloucestershire,Kent,4,754,724
1068586,2017,2,2017-04-07,"Grace Road, Leicester",Leicester,Leicestershire,Nottinghamshire,1.0,Leicestershire,Nottinghamshire,Nottinghamshire,4,670,619
1068588,2017,2,2017-04-14,"County Ground, Hove",Brighton,Sussex,Kent,1.0,Kent,Sussex,Kent,4,1208,1114
1068589,2017,2,2017-04-14,"Sophia Gardens, Cardiff",Cardiff,Glamorgan,Worcestershire,1.0,Glamorgan,Worcestershire,Worcestershire,4,861,790
1068590,2017,2,2017-04-14,"County Ground, Derby",Derby,Derbyshire,Northamptonshire,1.0,Derbyshire,Northamptonshire,Northamptonshire,4,1269,1178
1068591,2017,2,2017-04-14,"County Ground, Bristol",Bristol,Gloucestershire,Leicestershire,1.0,Gloucestershire,Leicestershire,Gloucestershire,3,926,877
1068592,2017,2,2017-04-21,"County Ground, New Road, Worcester",Worcester,Worcestershire,Northamptonshire,1.0,Worcestershire,Northamptonshire,Worcestershire,4,662,605
1068593,2017,2,2017-04-21,"Trent Bridge, Nottingham",Nottingham,Nottinghamshire,Sussex,1.0,Nottinghamshire,Sussex,Nottinghamshire,3,806,757
1068594,2017,2,2017-04-21,"Grace Road, Leicester",Leicester,Leicestershire,Glamorgan,1.0,Leicestershire,Glamorgan,draw,4,1350,1225
1068596,2017,2,2017-04-21,"County Ground, Bristol",Bristol,Gloucestershire,Durham,1.0,Gloucestershire,Durham,draw,4,1127,1052
1068597,2017,2,2017-05-19,"Sophia Gardens, Cardiff",Cardiff,Glamorgan,Nottinghamshire,1.0,Nottinghamshire,Glamorgan,draw,3,1055,1000
1068600,2017,2,2017-05-21,"County Ground, Hove",Brighton,Sussex,Durham,1.0,Durham,Sussex,Sussex,3,1159,1075
1068602,2017,2,2017-05-26,"Trent Bridge, Nottingham",Nottingham,Nottinghamshire,Gloucestershire,1.0,Nottinghamshire,Gloucestershire,Nottinghamshire,3,810,734
1068604,2017,2,2017-05-26,"St Helen's, Swansea",Swansea,Glamorgan,Durham,1.0,Durham,Glamorgan,Glamorgan,4,1237,1186
1068606,2017,2,2017-06-02,"Trent Bridge, Nottingham",Nottingham,Nottinghamshire,Derbyshire,1.0,Nottinghamshire,Derbyshire,draw,4,1131,1064
1068607,2017,2,2017-06-02,"Riverside Ground, Chester-le-Street",Chester-le-Street,Durham,Northamptonshire,1.0,Durham,Northamptonshire,Northamptonshire,4,1085,995
1068608,2017,2,2017-06-02,"County Ground, Hove",Brighton,Sussex,Worcestershire,1.0,Sussex,Worcestershire,Sussex,3,1151,1063
1068609,2017,2,2017-06-08,"St Lawrence Ground, Canterbury",Canterbury,Kent,Durham,1.0,Durham,Kent,draw,4,1298,1212
1068610,2017,2,2017-06-09,"County Ground, Northampton",Northampton,Northamptonshire,Derbyshire,1.0,Northamptonshire,Derbyshire,Northamptonshire,4,862,772
1068611,2017,2,2017-06-09,"County Ground, New Road, Worcester",Worcester,Worcestershire,Glamorgan,1.0,Worcestershire,Glamorgan,Glamorgan,4,795,768
1068612,2017,2,2017-06-09,"County Ground, Bristol",Bristol,Gloucestershire,Nottinghamshire,1.0,Gloucestershire,Nottinghamshire,draw,3,1092,1050
1068613,2017,2,2017-06-09,"Grace Road, Leicester",Leicester,Leicestershire,Sussex,1.0,Leicestershire,Sussex,Sussex,4,1033,921
1068614,2017,2,2017-06-19,"Riverside Ground, Chester-le-Street",Chester-le-Street,Durham,Glamorgan,1.0,Glamorgan,Durham,Durham,4,1118,1052
1068615,2017,2,2017-06-19,"Trent Bridge, Nottingham",Nottingham,Nottinghamshire,Leicestershire,1.0,Nottinghamshire,Leicestershire,Nottinghamshire,3,816,751
1068616,2017,2,2017-06-19,"County Ground, New Road, Worcester",Worcester,Worcestershire,Kent,1.0,Kent,Worcestershire,Worcestershire,4,1471,1392
1068617,2017,2,2017-06-26,"Riverside Ground, Chester-le-Street",Chester-le-Street,Durham,Worcestershire,1.0,Durham,Worcestershire,draw,2,564,522
1068618,2017,2,2017-06-26,"Sophia Gardens, Cardiff",Cardiff,Glamorgan,Derbyshire,1.0,Derbyshire,Glamorgan,Derbyshire,4,857,821
1068619,2017,2,2017-06-26,"County Ground, Northampton",Northampton,Northamptonshire,Leicestershire,1.0,Northamptonshire,Leicestershire,Northamptonshire,4,1098,1036
1068620,2017,2,2017-06-26,"Trent Bridge, Nottingham",Nottingham,Nottinghamshire,Kent,1.0,Kent,Nottinghamshire,draw,3,816,761
1068621,2017,2,2017-06-26,"County Ground, Hove",Brighton,Sussex,Gloucestershire,1.0,Sussex,Gloucestershire,draw,4,862,820
1068622,2017,2,2017-07-03,"Queen's Park, Chesterfield",Chesterfield,Derbyshire,Durham,1.0,Derbyshire,Durham,Durham,4,1168,1097
1068623,2017,2,2017-07-03,"College Ground, Cheltenham",Cheltenham,Gloucestershire,Glamorgan,1.0,Glamorgan,Gloucestershire,Gloucestershire,4,553,520
1068624,2017,2,2017-07-03,"Kent County Cricket Ground, Beckenham",Beckenham,Kent,Northamptonshire,1.0,Kent,Northamptonshire,draw,3,1453,1389
1068626,2017,2,2017-07-09,"College Ground, Cheltenham",Cheltenham,Gloucestershire,Worcestershire,1.0,Gloucestershire,Worcestershire,draw,4,1124,1048
1068627,2017,2,2017-08-06,"County Ground, Northampton",Northampton,Northamptonshire,Gloucestershire,1.0,Northamptonshire,Gloucestershire,draw,3,658,628
1068628,2017,2,2017-08-06,"Grace Road, Leicester",Leicester,Leicestershire,Durham,1.0,Durham,Leicestershire,draw,2,649,612
1068629,2017,2,2017-08-06,"County Ground, Derby",Derby,Derbyshire,Nottinghamshire,1.0,Derbyshire,Nottinghamshire,Nottinghamshire,3,955,839
1068630,2017,2,2017-08-06,"County Ground, New Road, Worcester",Worcester,Worcestershire,Sussex,1.0,Sussex,Worcestershire,Sussex,4,879,814
1068631,2017,2,2017-08-28,"Penrhyn Avenue, Rhos-on-Sea, Colwyn Bay",Colwyn Bay,Glamorgan,Sussex,1.0,Glamorgan,Sussex,Sussex,4,955,900
1068632,2017,2,2017-08-28,"Trent Bridge, Nottingham",Nottingham,Nottinghamshire,Northamptonshire,1.0,Nottinghamshire,Northamptonshire,Nottinghamshire,4,951,875
1068633,2017,2,2017-08-28,"St Lawrence Ground, Canterbury",Canterbury,Kent,Leicestershire,1.0,Leicestershire,Kent,draw,3,818,783
1068634,2017,2,2017-08-28,"County Ground, New Road, Worcester",Worcester,Worcestershire,Gloucestershire,1.0,Worcestershire,Gloucestershire,Worcestershire,4,1127,1071
1068635,2017,2,2017-08-28,"Riverside Ground, Chester-le-Street",Chester-le-Street,Durham,Derbyshire,1.0,Durham,Derbyshire,Durham,4,1037,954
1068636,2017,2,2017-09-05,"County Ground, Northampton",Northampton,Northamptonshire,Sussex,1.0,Northamptonshire,Sussex,Northamptonshire,4,1131,1068
1068637,2017,2,2017-09-05,"Trent Bridge, Nottingham",Nottingham,Nottinghamshire,Worcestershire,1.0,Nottinghamshire,Worcestershire,Worcestershire,4,940,890
1068638,2017,2,2017-09-05,"Grace Road, Leicester",Leicester,Leicestershire,Gloucestershire,1.0,Leicestershire,Gloucestershire,Gloucestershire,4,765,691
1068639,2017,2,2017-09-05,"County Ground, Derby",Derby,Derbyshire,Glamorgan,1.0,Derbyshire,Glamorgan,draw,1,236,225
1068640,2017,2,2017-09-05,"Riverside Ground, Chester-le-Street",Chester-le-Street,Durham,Kent,1.0,Durham,Kent,draw,4,966,877
1068641,2017,2,2017-09-12,"County Ground, New Road, Worcester",Worcester,Worcestershire,Leicestershire,1.0,Leicestershire,Worcestershire,Worcestershire,4,1249,1175
1068642,2017,2,2017-09-12,"County Ground, Hove",Brighton,Sussex,Derbyshire,1.0,Derbyshire,Sussex,Derbyshire,4,1275,1173
1068643,2017,2,2017-09-12,"Sophia Gardens, Cardiff",Cardiff,Glamorgan,Northamptonshire,1.0,Glamorgan,Northamptonshire,Northamptonshire,4,1058,997
1068644,2017,2,2017-09-12,"County Ground, Bristol",Bristol,Gloucestershire,Kent,1.0,Gloucestershire,Kent,draw,3,1065,999
1068646,2017,2,2017-09-19,"Riverside Ground, Chester-le-Street",Chester-le-Street,Durham,Sussex,1.0,Sussex,Durham,Sussex,4,1164,1090
1068647,2017,2,2017-09-19,"Sophia Gardens, Cardiff",Cardiff,Glamorgan,Gloucestershire,1.0,Glamorgan,Gloucestershire,draw,3,1194,1149
1068648,2017,2,2017-09-19,"County Ground, Northampton",Northampton,Northamptonshire,Nottinghamshire,1.0,Northamptonshire,Nottinghamshire,Northamptonshire,4,804,750
1068649,2017,2,2017-09-25,"County Ground, New Road, Worcester",Worcester,Worcestershire,Durham,1.0,Worcestershire,Durham,Worcestershire,4,1017,937
1068650,2017,2,2017-09-25,"County Ground, Hove",Brighton,Sussex,Nottinghamshire,1.0,Sussex,Nottinghamshire,draw,3,1271,1213
1068651,2017,2,2017-09-25,"Grace Road, Leicester",Leicester,Leicestershire,Northamptonshire,1.0,Leicestershire,Northamptonshire,Northamptonshire,4,797,722
1068652,2017,2,2017-09-25,"St Lawrence Ground, Canterbury",Canterbury,Kent,Glamorgan,1.0,Kent,Glamorgan,Glamorgan,4,838,802
1068653,2017,2,2017-09-25,"County Ground, Bristol",Bristol,Gloucestershire,Derbyshire,1.0,Derbyshire,Gloucestershire,Derbyshire,4,1051,978
1127616,2018,1,2018-04-13,"The Rose Bowl, Southampton",Southampton,Hampshire,Worcestershire,1.0,Hampshire,Worcestershire,Hampshire,4,872,806
1127618,2018,1,2018-04-13,"Old Trafford, Manchester",Manchester,Lancashire,Nottinghamshire,1.0,Lancashire,Nottinghamshire,Nottinghamshire,4,463,411
1127619,2018,1,2018-04-20,"County Ground, Chelmsford",Chelmsford,Essex,Lancashire,1.0,Essex,Lancashire,Essex,4,895,830
1127620,2018,1,2018-04-20,"Headingley, Leeds",Leeds,Yorkshire,Nottinghamshire,1.0,Yorkshire,Nottinghamshire,Yorkshire,4,1016,937
1127621,2018,1,2018-04-20,"Kennington Oval, London",London,Surrey,Hampshire,1.0,Surrey,Hampshire,Surrey,4,1097,1031
1127622,2018,1,2018-04-20,"County Ground, Taunton",Taunton,Somerset,Worcestershire,1.0,Somerset,Worcestershire,Somerset,4,831,776
1127623,2018,1,2018-04-27,"The Rose Bowl, Southampton",Southampton,Hampshire,Essex,1.0,Hampshire,Essex,draw,2,651,619
1127624,2018,1,2018-04-27,"Old Trafford, Manchester",Manchester,Lancashire,Surrey,1.0,Lancashire,Surrey,draw,3,873,832
1127625,2018,1,2018-04-27,"County Ground, New Road, Worcester",Worcester,Worcestershire,Nottinghamshire,1.0,Worcestershire,Nottinghamshire,Nottinghamshire,3,559,512
1127626,2018,1,2018-04-27,"County Ground, Taunton",Taunton,Somerset,Yorkshire,1.0,Somerset,Yorkshire,Somerset,4,714,689
1127627,2018,1,2018-05-04,"County Ground, Chelmsford",Chelmsford,Essex,Yorkshire,1.0,Yorkshire,Essex,Yorkshire,4,667,640
1127628,2018,1,2018-05-04,"Old Trafford, Manchester",Manchester,Lancashire,Somerset,1.0,Somerset,Lancashire,draw,3,1190,1092
1127629,2018,1,2018-05-04,"Kennington Oval, London",London,Surrey,Worcestershire,1.0,Surrey,Worcestershire,draw,3,1133,1086
1127630,2018,1,2018-05-04,"Trent Bridge, Nottingham",Nottingham,Nottinghamshire,Hampshire,1.0,Nottinghamshire,Hampshire,Nottinghamshire,4,1179,1110
1127631,2018,1,2018-05-11,"Kennington Oval, London",London,Surrey,Yorkshire,1.0,Surrey,Yorkshire,Surrey,3,811,759
1127632,2018,1,2018-05-11,"County Ground, New Road, Worcester",Worcester,Worcestershire,Essex,1.0,Essex,Worcestershire,Essex,4,872,807
1127633,2018,1,2018-05-11,"County Ground, Taunton",Taunton,Somerset,Hampshire,1.0,Hampshire,Somerset,draw,3,1169,1111
1127634,2018,1,2018-05-11,"Trent Bridge, Nottingham",Nottingham,Nottinghamshire,Lancashire,1.0,Nottinghamshire,Lancashire,Lancashire,3,609,536
1127635,2018,1,2018-06-09,"The Rose Bowl, Southampton",Southampton,Hampshire,Surrey,1.0,Surrey,Hampshire,Surrey,3,678,641
1127636,2018,1,2018-06-09,"Old Trafford, Manchester",Manchester,Lancashire,Essex,1.0,Lancashire,Essex,Essex,4,816,736
1127637,2018,1,2018-06-09,"County Ground, Taunton",Taunton,Somerset,Nottinghamshire,1.0,Somerset,Nottinghamshire,Somerset,4,1281,1215
1127638,2018,1,2018-06-20,"The Rose Bowl, Southampton",Southampton,Hampshire,Yorkshire,1.0,Yorkshire,Hampshire,draw,3,1056,1026
1127639,2018,1,2018-06-20,"County Ground, Chelmsford",Chelmsford,Essex,Nottinghamshire,1.0,Nottinghamshire,Essex,Nottinghamshire,4,991,931
1127640,2018,1,2018-06-20,"Woodbridge Road, Guildford",Guildford,Surrey,Somerset,1.0,Surrey,Somerset,Surrey,3,849,791
1127642,2018,1,2018-06-25,"County Ground, Chelmsford",Chelmsford,Essex,Somerset,1.0,Essex,Somerset,draw,4,1283,1253
1127643,2018,1,2018-06-25,"Old Trafford, Manchester",Manchester,Lancashire,Hampshire,1.0,Hampshire,Lancashire,draw,3,1099,1035
1127644,2018,1,2018-06-25,"North Marine Road Ground, Scarborough",Scarborough,Yorkshire,Surrey,1.0,Yorkshire,Surrey,Surrey,4,990,936
1127645,2018,1,2018-06-25,"Trent Bridge, Nottingham",Nottingham,Nottinghamshire,Worcestershire,1.0,Nottinghamshire,Worcestershire,draw,4,1403,1337
1127646,2018,1,2018-07-22,"Old Trafford, Manchester",Manchester,Lancashire,Yorkshire,1.0,Yorkshire,Lancashire,Yorkshire,4,744,710
1127647,2018,1,2018-07-22,"County Ground, New Road, Worcester",Worcester,Worcestershire,Somerset,1.0,Somerset,Worcestershire,Somerset,4,1257,1180
1127648,2018,1,2018-07-22,"Trent Bridge, Nottingham",Nottingham,Nottinghamshire,Surrey,1.0,Nottinghamshire,Surrey,Surrey,3,1001,911
1127649,2018,1,2018-08-19,"The Rose Bowl, Southampton",Southampton,Hampshire,Nottinghamshire,1.0,Hampshire,Nottinghamshire,Hampshire,4,1082,1023
1127650,2018,1,2018-08-19,"Kennington Oval, London",London,Surrey,Lancashire,1.0,Surrey,Lancashire,Surrey,4,1028,948
1127651,2018,1,2018-08-19,"North Marine Road Ground, Scarborough",Scarborough,Yorkshire,Worcestershire,1.0,Yorkshire,Worcestershire,Worcestershire,3,958,898
1127652,2018,1,2018-08-19,"County Ground, Taunton",Taunton,Somerset,Essex,1.0,Somerset,Essex,Somerset,4,1007,966
1127653,2018,1,2018-08-29,"County Ground, Chelmsford",Chelmsford,Essex,Hampshire,1.0,Essex,Hampshire,Essex,3,818,750
1127654,2018,1,2018-08-29,"Headingley, Leeds",Leeds,Yorkshire,Somerset,1.0,Somerset,Yorkshire,Somerset,4,1252,1182
1127656,2018,1,2018-08-29,"Trafalgar Road Ground, Southport",Southport,Lancashire,Worcestershire,1.0,Worcestershire,Lancashire,Lancashire,4,952,887
1127657,2018,1,2018-09-04,"County Ground, Chelmsford",Chelmsford,Essex,Surrey,1.0,Surrey,Essex,Surrey,4,705,643
1127658,2018,1,2018-09-04,"County Ground, New Road, Worcester",Worcester,Worcestershire,Hampshire,1.0,Hampshire,Worcestershire,Hampshire,4,620,545
1127659,2018,1,2018-09-04,"County Ground, Taunton",Taunton,Somerset,Lancashire,1.0,Lancashire,Somerset,tie,4,538,518
1127660,2018,1,2018-09-04,"Trent Bridge, Nottingham",Nottingham,Nottinghamshire,Yorkshire,1.0,Nottinghamshire,Yorkshire,draw,3,1039,966
1127661,2018,1,2018-09-10,"The Rose Bowl, Southampton",Southampton,Hampshire,Somerset,1.0,Somerset,Hampshire,Hampshire,4,445,407
1127662,2018,1,2018-09-10,"Headingley, Leeds",Leeds,Yorkshire,Lancashire,1.0,Yorkshire,Lancashire,Yorkshire,4,867,793
1127663,2018,1,2018-09-10,"County Ground, New Road, Worcester",Worcester,Worcestershire,Surrey,1.0,Worcestershire,Surrey,Surrey,4,1081,1015
1127664,2018,1,2018-09-10,"Trent Bridge, Nottingham",Nottingham,Nottinghamshire,Essex,1.0,Nottinghamshire,Essex,Essex,4,1029,937
1127665,2018,1,2018-09-18,"County Ground, Chelmsford",Chelmsford,Essex,Worcestershire,1.0,Worcestershire,Essex,Essex,3,819,749
1127666,2018,1,2018-09-18,"Headingley, Leeds",Leeds,Yorkshire,Hampshire,1.0,Yorkshire,Hampshire,draw,3,628,572
1127667,2018,1,2018-09-18,"County Ground, Taunton",Taunton,Somerset,Surrey,1.0,Surrey,Somerset,draw,3,799,743
1127670,2018,1,2018-09-24,"County Ground, New Road, Worcester",Worcester,Worcestershire,Yorkshire,1.0,Worcestershire,Yorkshire,Yorkshire,4,1126,1052
1127671,2018,1,2018-09-24,"Trent Bridge, Nottingham",Nottingham,Nottinghamshire,Somerset,1.0,Somerset,Nottinghamshire,Somerset,3,780,742
1127672,2018,2,2018-04-13,"St Lawrence Ground, Canterbury",Canterbury,Kent,Gloucestershire,1.0,Kent,Gloucestershire,Gloucestershire,4,435,384
1127673,2018,2,2018-04-13,"Edgbaston, Birmingham",Birmingham,Warwickshire,Sussex,1.0,Warwickshire,Sussex,draw,3,760,686
1127674,2018,2,2018-04-13,"Lord's, London",London,Middlesex,Northamptonshire,1.0,Middlesex,Northamptonshire,Middlesex,4,586,541
1127675,2018,2,2018-04-20,"Riverside Ground, Chester-le-Street",Chester-le-Street,Durham,Kent,1.0,Durham,Kent,Kent,4,525,491
1127676,2018,2,2018-04-20,"County Ground, Northampton",Northampton,Northamptonshire,Warwickshire,1.0,Northamptonshire,Warwickshire,Warwickshire,3,778,720
1127677,2018,2,2018-04-20,"County Ground, Derby",Derby,Derbyshire,Middlesex,1.0,Derbyshire,Middlesex,Derbyshire,4,1095,994
1127678,2018,2,2018-04-20,"County Ground, Bristol",Bristol,Gloucestershire,Glamorgan,1.0,Gloucestershire,Glamorgan,Glamorgan,4,1219,1124
1127679,2018,2,2018-04-20,"Grace Road, Leicester",Leicester,Leicestershire,Sussex,1.0,Sussex,Leicestershire,draw,3,1101,1029
1127680,2018,2,2018-04-27,"Lord's, London",London,Middlesex,Glamorgan,1.0,Middlesex,Glamorgan,draw,2,232,217
1127682,2018,2,2018-04-27,"County Ground, Hove",Brighton,Sussex,Gloucestershire,1.0,Sussex,Gloucestershire,draw,4,640,598
1127683,2018,2,2018-04-27,"Grace Road, Leicester",Leicester,Leicestershire,Derbyshire,1.0,Leicestershire,Derbyshire,draw,2,632,588
1127684,2018,2,2018-05-03,"Edgbaston, Birmingham",Birmingham,Warwickshire,Derbyshire,1.0,Derbyshire,Warwickshire,Warwickshire,4,1055,954
1127685,2018,2,2018-05-04,"Riverside Ground, Chester-le-Street",Chester-le-Street,Durham,Leicestershire,1.0,Leicestershire,Durham,Durham,4,1128,1021
1127686,2018,2,2018-05-04,"Sophia Gardens, Cardiff",Cardiff,Glamorgan,Kent,1.0,Glamorgan,Kent,Kent,4,737,685
1127687,2018,2,2018-05-04,"County Ground, Hove",Brighton,Sussex,Middlesex,1.0,Middlesex,Sussex,Sussex,4,1107,1038
1127688,2018,2,2018-05-11,"St Lawrence Ground, Canterbury",Canterbury,Kent,Sussex,1.0,Kent,Sussex,Kent,4,842,787
1127689,2018,2,2018-05-11,"Edgbaston, Birmingham",Birmingham,Warwickshire,Northamptonshire,1.0,Northamptonshire,Warwickshire,Warwickshire,4,888,829
1127691,2018,2,2018-05-11,"County Ground, Derby",Derby,Derbyshire,Durham,1.0,Derbyshire,Durham,draw,3,1226,1132
1127693,2018,2,2018-06-09,"Edgbaston, Birmingham",Birmingham,Warwickshire,Glamorgan,1.0,Glamorgan,Warwickshire,Warwickshire,4,1087,1032
1127694,2018,2,2018-06-09,"Riverside Ground, Chester-le-Street",Chester-le-Street,Durham,Derbyshire,1.0,Durham,Derbyshire,Durham,4,849,723
1127696,2018,2,2018-06-09,"County Ground, Bristol",Bristol,Gloucestershire,Kent,1.0,Kent,Gloucestershire,draw,3,1144,1086
1127697,2018,2,2018-06-20,Arundel Castle Cricket Club Ground,Arundel,Sussex,Durham,1.0,Sussex,Durham,Sussex,3,1040,1011
1127698,2018,2,2018-06-20,"County Ground, Northampton",Northampton,Northamptonshire,Gloucestershire,1.0,Northamptonshire,Gloucestershire,Northamptonshire,4,626,599
1127700,2018,2,2018-06-20,"Nevill Ground, Tunbridge Wells",Tunbridge Wells,Kent,Warwickshire,1.0,Kent,Warwickshire,Kent,4,1213,1147
1127701,2018,2,2018-06-20,"Grace Road, Leicester",Leicester,Leicestershire,Middlesex,1.0,Leicestershire,Middlesex,Middlesex,4,1229,1139
1127702,2018,2,2018-06-25,"St Lawrence Ground, Canterbury",Canterbury,Kent,Middlesex,1.0,Kent,Middlesex,Kent,4,702,643
1127703,2018,2,2018-06-25,"Riverside Ground, Chester-le-Street",Chester-le-Street,Durham,Warwickshire,1.0,Warwickshire,Durham,Warwickshire,4,1132,1050
1127704,2018,2,2018-06-25,"Sophia Gardens, Cardiff",Cardiff,Glamorgan,Northamptonshire,1.0,Northamptonshire,Glamorgan,Northamptonshire,4,1141,1066
1127705,2018,2,2018-06-25,"County Ground, Derby",Derby,Derbyshire,Leicestershire,1.0,Derbyshire,Leicestershire,Leicestershire,4,859,792
1127706,2018,2,2018-07-16,"College Ground, Cheltenham",Cheltenham,Gloucestershire,Sussex,1.0,Sussex,Gloucestershire,Sussex,4,1134,1045
1127707,2018,2,2018-07-22,"St Lawrence Ground, Canterbury",Canterbury,Kent,Leicestershire,1.0,Kent,Leicestershire,Leicestershire,4,608,556
1127708,2018,2,2018-07-22,"College Ground, Cheltenham",Cheltenham,Gloucestershire,Durham,1.0,Gloucestershire,Durham,Gloucestershire,4,1187,1116
1127709,2018,2,2018-07-22,"Queen's Park, Chesterfield",Chesterfield,Derbyshire,Northamptonshire,1.0,Derbyshire,Northamptonshire,Derbyshire,4,1165,1104
1127710,2018,2,2018-07-22,"Lord's, London",London,Middlesex,Warwickshire,1.0,Middlesex,Warwickshire,Middlesex,4,938,874
1127711,2018,2,2018-07-22,"County Ground, Hove",Brighton,Sussex,Glamorgan,1.0,Sussex,Glamorgan,Sussex,3,500,473
1127712,2018,2,2018-08-19,"Edgbaston, Birmingham",Birmingham,Warwickshire,Gloucestershire,1.0,Gloucestershire,Warwickshire,Warwickshire,3,507,493
1127713,2018,2,2018-08-19,"County Ground, Northampton",Northampton,Northamptonshire,Middlesex,1.0,Northamptonshire,Middlesex,Middlesex,4,1091,962
1127714,2018,2,2018-08-19,"Sophia Gardens, Cardiff",Cardiff,Glamorgan,Durham,1.0,Glamorgan,Durham,Durham,3,560,534
1127717,2018,2,2018-08-29,"Penrhyn Avenue, Rhos-on-Sea, Colwyn Bay",Colwyn Bay,Glamorgan,Warwickshire,1.0,Glamorgan,Warwickshire,Warwickshire,3,971,883
1127718,2018,2,2018-08-29,"Riverside Ground, Chester-le-Street",Chester-le-Street,Durham,Northamptonshire,1.0,Durham,Northamptonshire,Northamptonshire,4,525,486
1127719,2018,2,2018-08-29,"Lord's, London",London,Middlesex,Sussex,1.0,Middlesex,Sussex,Middlesex,4,747,659
1127721,2018,2,2018-08-29,"County Ground, Bristol",Bristol,Gloucestershire,Leicestershire,1.0,Gloucestershire,Leicestershire,Gloucestershire,4,880,808
1127722,2018,2,2018-09-04,"St Lawrence Ground, Canterbury",Canterbury,Kent,Northamptonshire,1.0,Kent,Northamptonshire,Kent,4,746,672
1127723,2018,2,2018-09-04,"Edgbaston, Birmingham",Birmingham,Warwickshire,Durham,1.0,Warwickshire,Durham,draw,4,916,856
1127724,2018,2,2018-09-04,"County Ground, Hove",Brighton,Sussex,Leicestershire,1.0,Sussex,Leicestershire,Sussex,4,892,825
1127725,2018,2,2018-09-04,"County Ground, Derby",Derby,Derbyshire,Glamorgan,1.0,Derbyshire,Glamorgan,Derbyshire,4,675,608
1127726,2018,2,2018-09-04,"County Ground, Bristol",Bristol,Gloucestershire,Middlesex,1.0,Gloucestershire,Middlesex,draw,4,900,867
1127727,2018,2,2018-09-10,"Riverside Ground, Chester-le-Street",Chester-le-Street,Durham,Sussex,1.0,Durham,Sussex,Durham,4,700,670
1127728,2018,2,2018-09-10,"Lord's, London",London,Middlesex,Kent,1.0,Middlesex,Kent,Kent,4,696,662
1127729,2018,2,2018-09-10,"County Ground, Northampton",Northampton,Northamptonshire,Derbyshire,1.0,Northamptonshire,Derbyshire,Derbyshire,4,910,833
1127730,2018,2,2018-09-10,"Sophia Gardens, Cardiff",Cardiff,Glamorgan,Gloucestershire,1.0,Glamorgan,Gloucestershire,Gloucestershire,4,777,745
1127731,2018,2,2018-09-10,"Grace Road, Leicester",Leicester,Leicestershire,Warwickshire,1.0,Leicestershire,Warwickshire,Warwickshire,3,696,643
1127733,2018,2,2018-09-18,"Lord's, London",London,Middlesex,Derbyshire,1.0,Middlesex,Derbyshire,Middlesex,4,1127,1059
1127734,2018,2,2018-09-18,"County Ground, Hove",Brighton,Sussex,Warwickshire,1.0,Warwickshire,Sussex,draw,3,1164,1069
1127735,2018,2,2018-09-18,"County Ground, Bristol",Bristol,Gloucestershire,Northamptonshire,1.0,Gloucestershire,Northamptonshire,draw,3,304,270
1127736,2018,2,2018-09-18,"Grace Road, Leicester",Leicester,Leicestershire,Durham,1.0,Leicestershire,Durham,Leicestershire,3,448,413
1127737,2018,2,2018-09-24,"Edgbaston, Birmingham",Birmingham,Warwickshire,Kent,1.0,Kent,Warwickshire,Warwickshire,3,726,674
1127739,2018,2,2018-09-24,"County Ground, Northampton",Northampton,Northamptonshire,Sussex,1.0,Sussex,Northamptonshire,Northamptonshire,4,683,647
1127740,2018,2,2018-09-24,"Sophia Gardens, Cardiff",Cardiff,Glamorgan,Leicestershire,1.0,Glamorgan,Leicestershire,Glamorgan,4,936,869
1127741,2018,2,2018-09-24,"County Ground, Derby",Derby,Derbyshire,Gloucestershire,1.0,Derbyshire,Gloucestershire,Gloucestershire,4,683,599
1166913,2019,1,2019-04-05,"The Rose Bowl, Southampton",Southampton,Hampshire,Essex,1.0,Hampshire,Essex,Hampshire,3,963,925
1166914,2019,1,2019-04-05,"Trent Bridge, Nottingham",Nottingham,Nottinghamshire,Yorkshire,1.0,Nottinghamshire,Yorkshire,draw,4,1305,1231
1166915,2019,1,2019-04-05,"County Ground, Taunton",Taunton,Somerset,Kent,1.0,Somerset,Kent,Somerset,4,754,707
1166916,2019,1,2019-04-11,"The Rose Bowl, Southampton",Southampton,Hampshire,Yorkshire,1.0,Yorkshire,Hampshire,Yorkshire,3,1064,992
1166917,2019,1,2019-04-11,"Trent Bridge, Nottingham",Nottingham,Nottinghamshire,Somerset,1.0,Nottinghamshire,Somerset,Somerset,3,792,738
1166918,2019,1,2019-04-11,"Kennington Oval, London",London,Surrey,Essex,1.0,Surrey,Essex,draw,4,1167,1121
1166919,2019,1,2019-04-11,"Edgbaston, Birmingham",Birmingham,Warwickshire,Kent,1.0,Kent,Warwickshire,Kent,4,1254,1161
1166920,2019,1,2019-05-14,"County Ground, Chelmsford",Chelmsford,Essex,Nottinghamshire,1.0,Nottinghamshire,Essex,Essex,4,691,651
1166921,2019,1,2019-05-14,"St Lawrence Ground, Canterbury",Canterbury,Kent,Yorkshire,1.0,Yorkshire,Kent,Yorkshire,4,1186,1074
1166922,2019,1,2019-05-14,"County Ground, Taunton",Taunton,Somerset,Surrey,1.0,Surrey,Somerset,draw,3,1033,998
1166923,2019,1,2019-05-14,"Edgbaston, Birmingham",Birmingham,Warwickshire,Hampshire,1.0,Hampshire,Warwickshire,Hampshire,4,998,939
1166924,2019,1,2019-05-20,"New Close County Cricket Ground, Newport, Isle-of-Wight",Newport,Hampshire,Nottinghamshire,1.0,Hampshire,Nottinghamshire,Hampshire,4,1110,1003
1166925,2019,1,2019-05-20,"Kent County Cricket Ground, Beckenham",Beckenham,Kent,Surrey,1.0,Surrey,Kent,draw,4,1365,1274
1166926,2019,1,2019-05-20,"County Ground, Taunton",Taunton,Somerset,Warwickshire,1.0,Somerset,Warwickshire,Somerset,4,697,606
1166927,2019,1,2019-05-27,"County Ground, Chelmsford",Chelmsford,Essex,Kent,1.0,Essex,Kent,Essex,4,925,863
1166928,2019,1,2019-05-27,"Edgbaston, Birmingham",Birmingham,Warwickshire,Surrey,1.0,Warwickshire,Surrey,Warwickshire,4,788,750
1166929,2019,1,2019-05-27,"Headingley, Leeds",Leeds,Yorkshire,Hampshire,1.0,Yorkshire,Hampshire,draw,4,906,837
1166931,2019,1,2019-06-03,"Edgbaston, Birmingham",Birmingham,Warwickshire,Nottinghamshire,1.0,Warwickshire,Nottinghamshire,draw,3,842,764
1166932,2019,1,2019-06-03,"Headingley, Leeds",Leeds,Yorkshire,Essex,1.0,Yorkshire,Essex,draw,3,806,784
1166933,2019,1,2019-06-09,"The John Fretwell Sporting Complex, Nettleworth",Nettleworth,Nottinghamshire,Hampshire,1.0,Nottinghamshire,Hampshire,draw,2,255,223
1166935,2019,1,2019-06-10,"Woodbridge Road, Guildford",Guildford,Surrey,Yorkshire,1.0,Surrey,Yorkshire,draw,3,491,457
1166936,2019,1,2019-06-16,"County Ground, Chelmsford",Chelmsford,Essex,Hampshire,1.0,Hampshire,Essex,Essex,3,420,394
1166937,2019,1,2019-06-17,"Nevill Ground, Tunbridge Wells",Tunbridge Wells,Kent,Nottinghamshire,1.0,Kent,Nottinghamshire,Kent,4,1059,976
1166938,2019,1,2019-06-17,York Cricket Club,York,Yorkshire,Warwickshire,1.0,Yorkshire,Warwickshire,Warwickshire,4,943,885
1166939,2019,1,2019-06-23,"County Ground, Chelmsford",Chelmsford,Essex,Somerset,1.0,Essex,Somerset,Essex,4,647,612
1166940,2019,1,2019-06-23,"Kennington Oval, London",London,Surrey,Warwickshire,1.0,Surrey,Warwickshire,Surrey,4,964,879
1166941,2019,1,2019-06-30,"St Lawrence Ground, Canterbury",Canterbury,Kent,Warwickshire,1.0,Kent,Warwickshire,draw,2,1159,1079
1166942,2019,1,2019-06-30,"County Ground, Taunton",Taunton,Somerset,Hampshire,1.0,Somerset,Hampshire,Somerset,4,1219,1119
1166943,2019,1,2019-06-30,"Trent Bridge, Nottingham",Nottingham,Nottinghamshire,Essex,1.0,Nottinghamshire,Essex,Essex,3,915,877
1166944,2019,1,2019-06-30,"North Marine Road Ground, Scarborough",Scarborough,Yorkshire,Surrey,1.0,Yorkshire,Surrey,Yorkshire,4,1235,1153
1166945,2019,1,2019-07-07,"County Ground, Chelmsford",Chelmsford,Essex,Yorkshire,1.0,Yorkshire,Essex,Essex,4,841,778
1166947,2019,1,2019-07-07,"County Ground, Taunton",Taunton,Somerset,Nottinghamshire,1.0,Somerset,Nottinghamshire,Somerset,4,858,772
1166948,2019,1,2019-07-07,"Kennington Oval, London",London,Surrey,Kent,1.0,Surrey,Kent,Kent,4,982,924
1166949,2019,1,2019-07-13,"The Rose Bowl, Southampton",Southampton,Hampshire,Kent,1.0,Hampshire,Kent,draw,4,1319,1235
1166950,2019,1,2019-07-13,"Trent Bridge, Nottingham",Nottingham,Nottinghamshire,Surrey,1.0,Surrey,Nottinghamshire,Surrey,4,761,714
1166951,2019,1,2019-07-13,"County Ground, Chelmsford",Chelmsford,Essex,Warwickshire,1.0,Essex,Warwickshire,Essex,4,935,901
1166952,2019,1,2019-07-13,"Headingley, Leeds",Leeds,Yorkshire,Somerset,1.0,Yorkshire,Somerset,Yorkshire,3,967,921
1166953,2019,1,2019-08-18,"St Lawrence Ground, Canterbury",Canterbury,Kent,Essex,1.0,Kent,Essex,Essex,4,533,489
1166955,2019,1,2019-08-18,"Edgbaston, Birmingham",Birmingham,Warwickshire,Somerset,1.0,Warwickshire,Somerset,Somerset,4,1131,1058
1166956,2019,1,2019-08-18,"North Marine Road Ground, Scarborough",Scarborough,Yorkshire,Nottinghamshire,1.0,Yorkshire,Nottinghamshire,Yorkshire,4,997,924
1166957,2019,1,2019-09-10,"Edgbaston, Birmingham",Birmingham,Warwickshire,Essex,1.0,Warwickshire,Essex,draw,3,999,908
1166959,2019,1,2019-09-10,"Trent Bridge, Nottingham",Nottingham,Nottinghamshire,Kent,1.0,Kent,Nottinghamshire,Kent,4,899,836
1166960,2019,1,2019-09-10,"County Ground, Taunton",Taunton,Somerset,Yorkshire,1.0,Somerset,Yorkshire,Somerset,4,758,692
1166961,2019,1,2019-09-16,"County Ground, Chelmsford",Chelmsford,Essex,Surrey,1.0,Surrey,Essex,Essex,3,750,726
1166962,2019,1,2019-09-16,"The Rose Bowl, Southampton",Southampton,Hampshire,Somerset,1.0,Hampshire,Somerset,Hampshire,4,708,667
1166964,2019,1,2019-09-16,"Headingley, Leeds",Leeds,Yorkshire,Kent,1.0,Kent,Yorkshire,Kent,4,1205,1144
1166965,2019,1,2019-09-23,"St Lawrence Ground, Canterbury",Canterbury,Kent,Hampshire,1.0,Kent,Hampshire,draw,2,227,206
1166966,2019,1,2019-09-23,"County Ground, Taunton",Taunton,Somerset,Essex,1.0,Somerset,Essex,draw,4,389,355
1166967,2019,1,2019-09-23,"Kennington Oval, London",London,Surrey,Nottinghamshire,1.0,Surrey,Nottinghamshire,draw,2,479,424
1166968,2019,1,2019-09-23,"Edgbaston, Birmingham",Birmingham,Warwickshire,Yorkshire,1.0,Yorkshire,Warwickshire,draw,1,261,249
1166969,2019,2,2019-04-05,"County Ground, Derby",Derby,Derbyshire,Durham,1.0,Derbyshire,Durham,Derbyshire,4,937,865
1166970,2019,2,2019-04-05,"County Ground, Northampton",Northampton,Northamptonshire,Middlesex,1.0,Northamptonshire,Middlesex,draw,4,1043,960
1166971,2019,2,2019-04-05,"County Ground, Hove",Brighton,Sussex,Leicestershire,1.0,Sussex,Leicestershire,Leicestershire,4,965,883
1166972,2019,2,2019-04-11,"Riverside Ground, Chester-le-Street",Chester-le-Street,Durham,Sussex,1.0,Durham,Sussex,Sussex,4,827,750
1166973,2019,2,2019-04-11,"Sophia Gardens, Cardiff",Cardiff,Glamorgan,Northamptonshire,1.0,Glamorgan,Northamptonshire,draw,3,1390,1299
1166974,2019,2,2019-04-11,"County Ground, Bristol",Bristol,Gloucestershire,Derbyshire,1.0,Derbyshire,Gloucestershire,draw,3,1029,993
1166975,2019,2,2019-04-11,"Grace Road, Leicester",Leicester,Leicestershire,Worcestershire,1.0,Worcestershire,Leicestershire,Worcestershire,3,1088,982
1166976,2019,2,2019-04-11,"Lord's, London",London,Middlesex,Lancashire,1.0,Middlesex,Lancashire,Lancashire,4,931,902
1166977,2019,2,2019-05-14,"Spytty Park, Newport",Newport,Gloucestershire,Glamorgan,1.0,Gloucestershire,Glamorgan,draw,4,1331,1265
1166978,2019,2,2019-05-14,"Old Trafford, Manchester",Manchester,Lancashire,Northamptonshire,1.0,Northamptonshire,Lancashire,Lancashire,4,862,825
1166979,2019,2,2019-05-14,"Lord's, London",London,Middlesex,Leicestershire,1.0,Middlesex,Leicestershire,draw,4,1066,1003
1166980,2019,2,2019-05-14,"County Ground, New Road, Worcester",Worcester,Worcestershire,Durham,1.0,Durham,Worcestershire,Worcestershire,4,944,882
1166981,2019,2,2019-05-19,"County Ground, Derby",Derby,Derbyshire,Glamorgan,1.0,Derbyshire,Glamorgan,Glamorgan,4,1185,1111
1166982,2019,2,2019-05-20,"Riverside Ground, Chester-le-Street",Chester-le-Street,Durham,Gloucestershire,1.0,Durham,Gloucestershire,Gloucestershire,4,583,540
1166983,2019,2,2019-05-20,"Old Trafford, Manchester",Manchester,Lancashire,Worcestershire,1.0,Worcestershire,Lancashire,Lancashire,4,654,619
1166984,2019,2,2019-05-20,"County Ground, Northampton",Northampton,Northamptonshire,Sussex,1.0,Sussex,Northamptonshire,draw,4,1417,1338
1166985,2019,2,2019-05-27,"College Ground, Cheltenham",Cheltenham,Gloucestershire,Lancashire,1.0,Gloucestershire,Lancashire,draw,3,517,482
1166987,2019,2,2019-05-27,"County Ground, Hove",Brighton,Sussex,Glamorgan,1.0,Glamorgan,Sussex,draw,4,1119,1022
1166988,2019,2,2019-05-27,"County Ground, New Road, Worcester",Worcester,Worcestershire,Middlesex,1.0,Middlesex,Worcestershire,Middlesex,4,889,823
1166989,2019,2,2019-06-03,"Riverside Ground, Chester-le-Street",Chester-le-Street,Durham,Derbyshire,1.0,Durham,Derbyshire,Durham,4,1041,947
1166991,2019,2,2019-06-02,"Lord's, London",London,Middlesex,Sussex,1.0,Middlesex,Sussex,Sussex,3,912,870
1166993,2019,2,2019-06-10,"Riverside Ground, Chester-le-Street",Chester-le-Street,Durham,Northamptonshire,1.0,Durham,Northamptonshire,draw,2,507,470
1166994,2019,2,2019-06-11,"St Helen's, Swansea",Swansea,Glamorgan,Derbyshire,1.0,Glamorgan,Derbyshire,draw,3,1176,1114
1166995,2019,2,2019-06-10,"Grace Road, Leicester",Leicester,Leicestershire,Middlesex,1.0,Leicestershire,Middlesex,draw,1,36,35
1166996,2019,2,2019-06-10,"County Ground, New Road, Worcester",Worcester,Worcestershire,Lancashire,1.0,Worcestershire,Lancashire,draw,2,208,192
1166997,2019,2,2019-06-11,Arundel Castle Cricket Club Ground,Arundel,Sussex,Gloucestershire,1.0,Sussex,Gloucestershire,draw,2,795,755
1166999,2019,2,2019-06-17,"Grace Road, Leicester",Leicester,Leicestershire,Gloucestershire,1.0,Leicestershire,Gloucestershire,draw,3,1269,1172
1167000,2019,2,2019-06-16,"Radlett Cricket Club, Radlett",Radlett,Middlesex,Glamorgan,1.0,Middlesex,Glamorgan,draw,3,823,792
1167001,2019,2,2019-06-18,"Chester Road North Ground, Kidderminster",Kidderminster,Worcestershire,Sussex,1.0,Sussex,Worcestershire,draw,4,1144,1056
1167002,2019,2,2019-06-23,"County Ground, Bristol",Bristol,Gloucestershire,Glamorgan,1.0,Gloucestershire,Glamorgan,Glamorgan,4,949,885
1167003,2019,2,2019-06-24,"County Ground, Northampton",Northampton,Northamptonshire,Leicestershire,1.0,Northamptonshire,Leicestershire,draw,3,798,738
1167004,2019,2,2019-06-24,"County Ground, Hove",Brighton,Sussex,Durham,1.0,Durham,Sussex,Durham,4,1140,1005
1167005,2019,2,2019-06-30,"County Ground, Derby",Derby,Derbyshire,Middlesex,1.0,Derbyshire,Middlesex,draw,3,1255,1200
1167007,2019,2,2019-06-30,Sedbergh School,Sedbergh,Lancashire,Durham,1.0,Lancashire,Durham,draw,4,1059,960
1167008,2019,2,2019-06-30,"County Ground, Hove",Brighton,Sussex,Northamptonshire,1.0,Northamptonshire,Sussex,Northamptonshire,4,815,789
1167009,2019,2,2019-07-07,"Grace Road, Leicester",Leicester,Leicestershire,Durham,1.0,Durham,Leicestershire,Durham,4,1089,1026
1167010,2019,2,2019-07-07,"Merchant Taylors' School Ground, Northwood",Northwood,Middlesex,Gloucestershire,1.0,Middlesex,Gloucestershire,Middlesex,4,754,698
1167011,2019,2,2019-07-07,"County Ground, Northampton",Northampton,Northamptonshire,Lancashire,1.0,Northamptonshire,Lancashire,draw,4,1295,1235
1167012,2019,2,2019-07-07,"Chester Road North Ground, Kidderminster",Kidderminster,Worcestershire,Derbyshire,1.0,Derbyshire,Worcestershire,Derbyshire,4,888,836
1167013,2019,2,2019-07-13,"Riverside Ground, Chester-le-Street",Chester-le-Street,Durham,Worcestershire,1.0,Durham,Worcestershire,Durham,4,895,805
1167015,2019,2,2019-07-13,"Old Trafford, Manchester",Manchester,Lancashire,Sussex,1.0,Sussex,Lancashire,Lancashire,3,937,870
1167016,2019,2,2019-07-14,"Queen's Park, Chesterfield",Chesterfield,Derbyshire,Northamptonshire,1.0,Northamptonshire,Derbyshire,Northamptonshire,4,856,837
1167017,2019,2,2019-07-15,"College Ground, Cheltenham",Cheltenham,Gloucestershire,Leicestershire,1.0,Leicestershire,Gloucestershire,Gloucestershire,4,1103,1000
1167018,2019,2,2019-07-21,"College Ground, Cheltenham",Cheltenham,Gloucestershire,Worcestershire,1.0,Gloucestershire,Worcestershire,Gloucestershire,4,1063,959
1167019,2019,2,2019-08-18,"County Ground, Derby",Derby,Derbyshire,Gloucestershire,1.0,Derbyshire,Gloucestershire,Gloucestershire,4,1363,1279
1167020,2019,2,2019-08-18,"Riverside Ground, Chester-le-Street",Chester-le-Street,Durham,Leicestershire,1.0,Durham,Leicestershire,draw,3,1143,1054
1167021,2019,2,2019-08-18,Colwyn Bay Cricket Club Ground,Colwyn Bay,Glamorgan,Lancashire,1.0,Glamorgan,Lancashire,Lancashire,3,940,902
1167022,2019,2,2019-08-18,"County Ground, Northampton",Northampton,Northamptonshire,Worcestershire,1.0,Worcestershire,Northamptonshire,Northamptonshire,4,821,768
1167023,2019,2,2019-08-18,"County Ground, Hove",Brighton,Sussex,Middlesex,1.0,Middlesex,Sussex,Sussex,4,907,853
1167024,2019,2,2019-09-10,"County Ground, Bristol",Bristol,Gloucestershire,Sussex,1.0,Gloucestershire,Sussex,Sussex,4,887,795
1167025,2019,2,2019-09-10,"Old Trafford, Manchester",Manchester,Lancashire,Derbyshire,1.0,Derbyshire,Lancashire,Lancashire,3,791,760
1167026,2019,2,2019-09-10,"Grace Road, Leicester",Leicester,Leicestershire,Northamptonshire,1.0,Leicestershire,Northamptonshire,Northamptonshire,4,996,950
1167027,2019,2,2019-09-10,"Lord's, London",London,Middlesex,Durham,1.0,Durham,Middlesex,Durham,4,632,596
1167028,2019,2,2019-09-10,"County Ground, New Road, Worcester",Worcester,Worcestershire,Glamorgan,1.0,Worcestershire,Glamorgan,Worcestershire,4,853,836
1167029,2019,2,2019-09-16,"County Ground, Derby",Derby,Derbyshire,Sussex,1.0,Derbyshire,Sussex,Derbyshire,4,969,881
1167030,2019,2,2019-09-16,"Sophia Gardens, Cardiff",Cardiff,Glamorgan,Leicestershire,1.0,Glamorgan,Leicestershire,Glamorgan,4,1081,971
1167031,2019,2,2019-09-16,"Old Trafford, Manchester",Manchester,Lancashire,Middlesex,1.0,Lancashire,Middlesex,Lancashire,4,1108,1013
1167032,2019,2,2019-09-16,"County Ground, Northampton",Northampton,Northamptonshire,Durham,1.0,Northamptonshire,Durham,Northamptonshire,4,895,836
1167033,2019,2,2019-09-16,"County Ground, New Road, Worcester",Worcester,Worcestershire,Gloucestershire,1.0,Worcestershire,Gloucestershire,Gloucestershire,4,699,600
1167034,2019,2,2019-09-23,"Riverside Ground, Chester-le-Street",Chester-le-Street,Durham,Glamorgan,1.0,Durham,Glamorgan,draw,1,262,242
1167035,2019,2,2019-09-23,"County Ground, Bristol",Bristol,Gloucestershire,Northamptonshire,1.0,Gloucestershire,Northamptonshire,draw,1,220,202
1167036,2019,2,2019-09-23,"Grace Road, Leicester",Leicester,Leicestershire,Lancashire,1.0,Leicestershire,Lancashire,draw,3,516,477
1167037,2019,2,2019-09-23,"Lord's, London",London,Middlesex,Derbyshire,1.0,Middlesex,Derbyshire,draw,2,564,534
1167038,2019,2,2019-09-23,"County Ground, Hove",Brighton,Sussex,Worcestershire,1.0,Sussex,Worcestershire,draw,1,299,273
1244215,2021,3,2021-04-08,"County Ground, Northampton",Northampton,Northamptonshire,Kent,1.0,Kent,Northamptonshire,draw,3,931,874
1244216,2021,1,2021-04-08,"County Ground, Chelmsford",Chelmsford,Essex,Worcestershire,1.0,Essex,Worcestershire,draw,3,993,952
1244217,2021,3,2021-04-08,"Old Trafford, Manchester",Manchester,Lancashire,Sussex,1.0,Sussex,Lancashire,draw,3,811,766
1244218,2021,2,2021-04-08,"Lord's, London",London,Middlesex,Somerset,1.0,Middlesex,Somerset,Somerset,4,913,867
1244219,2021,2,2021-04-08,"Grace Road, Leicester",Leicester,Leicestershire,Hampshire,1.0,Hampshire,Leicestershire,Hampshire,3,1119,1076
1244220,2021,2,2021-04-08,"County Ground, Bristol",Bristol,Gloucestershire,Surrey,1.0,Surrey,Gloucestershire,Gloucestershire,4,1108,1008
1244221,2021,1,2021-04-08,"Trent Bridge, Nottingham",Nottingham,Nottinghamshire,Durham,1.0,Durham,Nottinghamshire,draw,4,1227,1157
1244222,2021,3,2021-04-08,"Headingley, Leeds",Leeds,Yorkshire,Glamorgan,1.0,Glamorgan,Yorkshire,draw,4,987,966
1244223,2021,1,2021-04-08,"Edgbaston, Birmingham",Birmingham,Warwickshire,Derbyshire,1.0,Derbyshire,Warwickshire,draw,4,661,634
1244224,2021,2,2021-04-15,"The Rose Bowl, Southampton",Southampton,Hampshire,Middlesex,1.0,Hampshire,Middlesex,Hampshire,4,969,911
1244225,2021,3,2021-04-15,"Old Trafford, Manchester",Manchester,Lancashire,Northamptonshire,1.0,Lancashire,Northamptonshire,Lancashire,4,996,943
1244226,2021,3,2021-04-15,"St Lawrence Ground, Canterbury",Canterbury,Kent,Yorkshire,1.0,Yorkshire,Kent,Yorkshire,4,1218,1152
1244227,2021,3,2021-04-15,"Sophia Gardens, Cardiff",Cardiff,Glamorgan,Sussex,1.0,Glamorgan,Sussex,Sussex,4,1269,1202
1244228,2021,2,2021-04-15,"The Cooper Associates County Ground, Taunton",Taunton,Somerset,Gloucestershire,1.0,Somerset,Gloucestershire,Gloucestershire,4,926,890
1244229,2021,1,2021-04-15,"County Ground, Derby",Derby,Derbyshire,Worcestershire,1.0,Derbyshire,Worcestershire,draw,4,1200,1108
1244230,2021,1,2021-04-15,"County Ground, Chelmsford",Chelmsford,Essex,Durham,1.0,Essex,Durham,Essex,4,808,782
1244231,2021,1,2021-04-15,"Trent Bridge, Nottingham",Nottingham,Nottinghamshire,Warwickshire,1.0,Nottinghamshire,Warwickshire,Warwickshire,4,1067,989
1244232,2021,2,2021-04-15,"Kennington Oval, London",London,Surrey,Leicestershire,1.0,Leicestershire,Surrey,draw,3,1342,1255
1244233,2021,3,2021-04-22,"County Ground, Hove",Brighton,Sussex,Yorkshire,1.0,Yorkshire,Sussex,Yorkshire,4,862,803
1244234,2021,1,2021-04-22,"Riverside Ground, Chester-le-Street",Chester-le-Street,Durham,Derbyshire,1.0,Durham,Derbyshire,draw,4,1197,1157
1244235,2021,3,2021-04-22,"St Lawrence Ground, Canterbury",Canterbury,Kent,Lancashire,1.0,Lancashire,Kent,Lancashire,3,1045,994
1244236,2021,1,2021-04-22,"County Ground, New Road, Worcester",Worcester,Worcestershire,Nottinghamshire,1.0,Worcestershire,Nottinghamshire,draw,3,948,902
1244237,2021,2,2021-04-22,"The Rose Bowl, Southampton",Southampton,Hampshire,Gloucestershire,1.0,Hampshire,Gloucestershire,draw,3,987,936
1244238,2021,1,2021-04-22,"Edgbaston, Birmingham",Birmingham,Warwickshire,Essex,1.0,Essex,Warwickshire,Warwickshire,4,1079,1056
1244239,2021,2,2021-04-22,"Lord's, London",London,Middlesex,Surrey,1.0,Surrey,Middlesex,Middlesex,4,570,546
1244240,2021,3,2021-04-22,"County Ground, Northampton",Northampton,Northamptonshire,Glamorgan,1.0,Glamorgan,Northamptonshire,Northamptonshire,4,1439,1370
1244242,2021,3,2021-04-29,"County Ground, Hove",Brighton,Sussex,Lancashire,1.0,Sussex,Lancashire,Lancashire,4,967,905
1244243,2021,1,2021-04-29,"County Ground, Derby",Derby,Derbyshire,Nottinghamshire,1.0,Nottinghamshire,Derbyshire,Nottinghamshire,4,838,789
1244244,2021,1,2021-04-29,"County Ground, New Road, Worcester",Worcester,Worcestershire,Essex,1.0,Essex,Worcestershire,draw,3,1054,999
1244245,2021,1,2021-04-29,"Riverside Ground, Chester-le-Street",Chester-le-Street,Durham,Warwickshire,1.0,Warwickshire,Durham,Durham,3,655,617
1244246,2021,2,2021-04-29,"County Ground, Bristol",Bristol,Gloucestershire,Leicestershire,1.0,Leicestershire,Gloucestershire,Gloucestershire,4,1245,1121
1244247,2021,2,2021-04-29,"The Cooper Associates County Ground, Taunton",Taunton,Somerset,Middlesex,1.0,Middlesex,Somerset,Somerset,4,951,903
1244248,2021,3,2021-04-29,"Sophia Gardens, Cardiff",Cardiff,Glamorgan,Kent,1.0,Kent,Glamorgan,Glamorgan,4,428,399
1244249,2021,3,2021-04-29,"Headingley, Leeds",Leeds,Yorkshire,Northamptonshire,1.0,Yorkshire,Northamptonshire,Yorkshire,4,905,802
1244250,2021,2,2021-04-29,"Kennington Oval, London",London,Surrey,Hampshire,1.0,Hampshire,Surrey,Surrey,3,831,787
1244251,2021,3,2021-05-06,"Headingley, Leeds",Leeds,Yorkshire,Kent,1.0,Kent,Yorkshire,draw,2,626,598
1244252,2021,2,2021-05-06,"Grace Road, Leicester",Leicester,Leicestershire,Surrey,1.0,Leicestershire,Surrey,draw,2,820,772
1244253,2021,1,2021-05-06,"Edgbaston, Birmingham",Birmingham,Warwickshire,Worcestershire,1.0,Warwickshire,Worcestershire,draw,3,777,739
1244254,2021,2,2021-05-06,"Lord's, London",London,Middlesex,Gloucestershire,1.0,Middlesex,Gloucestershire,Gloucestershire,4,728,683
1244255,2021,3,2021-05-06,"Old Trafford, Manchester",Manchester,Lancashire,Glamorgan,1.0,Glamorgan,Lancashire,draw,2,645,625
1244256,2021,3,2021-05-06,"County Ground, Northampton",Northampton,Northamptonshire,Sussex,1.0,Sussex,Northamptonshire,Northamptonshire,3,762,722
1244257,2021,2,2021-05-06,"The Rose Bowl, Southampton",Southampton,Hampshire,Somerset,1.0,Hampshire,Somerset,Somerset,4,675,623
1244258,2021,1,2021-05-06,"Trent Bridge, Nottingham",Nottingham,Nottinghamshire,Essex,1.0,Essex,Nottinghamshire,Nottinghamshire,3,616,583
1244259,2021,1,2021-05-13,"County Ground, Chelmsford",Chelmsford,Essex,Derbyshire,1.0,Essex,Derbyshire,Essex,3,809,766
1244260,2021,3,2021-05-13,"County Ground, Hove",Brighton,Sussex,Kent,1.0,Kent,Sussex,draw,3,788,707
1244261,2021,3,2021-05-13,"Sophia Gardens, Cardiff",Cardiff,Glamorgan,Yorkshire,1.0,Glamorgan,Yorkshire,draw,3,543,495
1244262,2021,2,2021-05-13,"Lord's, London",London,Middlesex,Hampshire,1.0,Middlesex,Hampshire,Hampshire,4,547,517
1244263,2021,1,2021-05-13,"Riverside Ground, Chester-le-Street",Chester-le-Street,Durham,Worcestershire,1.0,Durham,Worcestershire,Durham,4,1012,933
1244264,2021,2,2021-05-13,"The Cooper Associates County Ground, Taunton",Taunton,Somerset,Surrey,1.0,Surrey,Somerset,draw,1,206,178
1244265,2021,1,2021-05-20,"Trent Bridge, Nottingham",Nottingham,Nottinghamshire,Worcestershire,1.0,Nottinghamshire,Worcestershire,Nottinghamshire,3,630,596
1244266,2021,1,2021-05-20,"County Ground, Chelmsford",Chelmsford,Essex,Warwickshire,1.0,Warwickshire,Essex,draw,3,449,438
1244267,2021,1,2021-05-20,"County Ground, Derby",Derby,Derbyshire,Durham,1.0,Derbyshire,Durham,draw,2,466,417
1244268,2021,3,2021-05-20,"County Ground, Northampton",Northampton,Northamptonshire,Lancashire,1.0,Lancashire,Northamptonshire,draw,1,88,85
1244269,2021,3,2021-05-20,"St Lawrence Ground, Canterbury",Canterbury,Kent,Glamorgan,1.0,Kent,Glamorgan,draw,4,454,432
1244270,2021,2,2021-05-19,"The Rose Bowl, Southampton",Southampton,Hampshire,Leicestershire,1.0,Hampshire,Leicestershire,draw,4,343,312
1244271,2021,2,2021-05-20,"County Ground, Bristol",Bristol,Gloucestershire,Somerset,1.0,Somerset,Gloucestershire,draw,2,327,292
1244272,2021,2,2021-05-20,"Kennington Oval, London",London,Surrey,Middlesex,1.0,Surrey,Middlesex,draw,4,859,828
1244273,2021,1,2021-05-27,"Riverside Ground, Chester-le-Street",Chester-le-Street,Durham,Essex,1.0,Essex,Durham,Essex,4,771,699
1244274,2021,1,2021-05-27,"Edgbaston, Birmingham",Birmingham,Warwickshire,Nottinghamshire,1.0,Warwickshire,Nottinghamshire,Warwickshire,4,1040,972
1244275,2021,1,2021-05-27,"County Ground, New Road, Worcester",Worcester,Worcestershire,Derbyshire,1.0,Worcestershire,Derbyshire,Worcestershire,3,819,778
1244276,2021,3,2021-05-27,"Old Trafford, Manchester",Manchester,Lancashire,Yorkshire,1.0,Yorkshire,Lancashire,Lancashire,3,939,868
1244277,2021,3,2021-05-27,"County Ground, Hove",Brighton,Sussex,Northamptonshire,1.0,Sussex,Northamptonshire,Northamptonshire,4,947,886
1244278,2021,2,2021-05-27,"Kennington Oval, London",London,Surrey,Gloucestershire,1.0,Surrey,Gloucestershire,Surrey,3,899,849
1244279,2021,2,2021-05-27,"Grace Road, Leicester",Leicester,Leicestershire,Middlesex,1.0,Middlesex,Leicestershire,Leicestershire,4,1027,968
1244280,2021,3,2021-06-03,"Headingley, Leeds",Leeds,Yorkshire,Sussex,1.0,Sussex,Yorkshire,Yorkshire,3,1086,1007
1244281,2021,1,2021-06-03,"County Ground, New Road, Worcester",Worcester,Worcestershire,Durham,1.0,Worcestershire,Durham,Durham,4,937,841
1244283,2021,1,2021-06-03,"County Ground, Derby",Derby,Derbyshire,Warwickshire,1.0,Warwickshire,Derbyshire,Warwickshire,4,667,612
1244284,2021,3,2021-06-03,"St Lawrence Ground, Canterbury",Canterbury,Kent,Northamptonshire,1.0,Northamptonshire,Kent,draw,3,906,835
1244285,2021,3,2021-06-03,"Sophia Gardens, Cardiff",Cardiff,Glamorgan,Lancashire,1.0,Lancashire,Glamorgan,Glamorgan,4,675,630
1244286,2021,2,2021-06-03,"The Cooper Associates County Ground, Taunton",Taunton,Somerset,Hampshire,1.0,Somerset,Hampshire,draw,4,1168,1093
1244287,2021,2,2021-06-03,"Grace Road, Leicester",Leicester,Leicestershire,Gloucestershire,1.0,Leicestershire,Gloucestershire,Leicestershire,3,809,716
1244288,2021,3,2021-07-04,"Old Trafford, Manchester",Manchester,Lancashire,Kent,1.0,Kent,Lancashire,draw,3,482,438
1244289,2021,3,2021-07-04,"County Ground, Northampton",Northampton,Northamptonshire,Yorkshire,1.0,Yorkshire,Northamptonshire,Yorkshire,4,697,652
1244290,2021,2,2021-07-05,"College Ground, Cheltenham",Cheltenham,Gloucestershire,Middlesex,1.0,Gloucestershire,Middlesex,Gloucestershire,4,876,810
1244291,2021,3,2021-07-04,"County Ground, Hove",Brighton,Sussex,Glamorgan,1.0,Sussex,Glamorgan,draw,4,858,787
1244292,2021,1,2021-07-04,"Trent Bridge, Nottingham",Nottingham,Nottinghamshire,Derbyshire,1.0,Derbyshire,Nottinghamshire,Nottinghamshire,3,578,544
1244293,2021,1,2021-07-04,"Edgbaston, Birmingham",Birmingham,Warwickshire,Durham,1.0,Warwickshire,Durham,draw,2,490,454
1244294,2021,2,2021-07-04,"The Rose Bowl, Southampton",Southampton,Hampshire,Surrey,1.0,Hampshire,Surrey,draw,3,682,610
1244295,2021,2,2021-07-04,"The Cooper Associates County Ground, Taunton",Taunton,Somerset,Leicestershire,1.0,Somerset,Leicestershire,draw,2,936,887
1244296,2021,1,2021-07-11,"County Ground, Derby",Derby,Derbyshire,Essex,1.0,Derbyshire,Essex,draw,2,232,216
1244297,2021,1,2021-07-11,"Riverside Ground, Chester-le-Street",Chester-le-Street,Durham,Nottinghamshire,1.0,Nottinghamshire,Durham,draw,4,898,817
1244298,2021,1,2021-07-11,"County Ground, New Road, Worcester",Worcester,Worcestershire,Warwickshire,1.0,Warwickshire,Worcestershire,draw,3,1057,1018
1244299,2021,3,2021-07-11,"Headingley, Leeds",Leeds,Yorkshire,Lancashire,1.0,Lancashire,Yorkshire,draw,1,411,387
1244300,2021,2,2021-07-11,"College Ground, Cheltenham",Cheltenham,Gloucestershire,Hampshire,1.0,Gloucestershire,Hampshire,Hampshire,4,1081,958
1244301,2021,2,2021-07-11,"Merchant Taylors' School Ground, Northwood",Northwood,Middlesex,Leicestershire,1.0,Middlesex,Leicestershire,Middlesex,4,919,855
1244302,2021,2,2021-07-11,"Kennington Oval, London",London,Surrey,Somerset,1.0,Somerset,Surrey,draw,4,844,806
1244303,2021,3,2021-07-11,"Sophia Gardens, Cardiff",Cardiff,Glamorgan,Northamptonshire,1.0,Northamptonshire,Glamorgan,draw,3,927,887
1244304,2021,3,2021-07-11,"St Lawrence Ground, Canterbury",Canterbury,Kent,Sussex,1.0,Sussex,Kent,draw,4,953,873
1271381,2021,1,2021-08-30,"The Rose Bowl, Southampton",Southampton,Hampshire,Yorkshire,1.0,Yorkshire,Hampshire,draw,4,895,801
1271382,2021,1,2021-08-30,"Old Trafford, Manchester",Manchester,Lancashire,Warwickshire,1.0,Warwickshire,Lancashire,draw,3,951,899
1271383,2021,1,2021-08-30,"The Cooper Associates County Ground, Taunton",Taunton,Somerset,Nottinghamshire,1.0,Nottinghamshire,Somerset,Nottinghamshire,3,736,695
1271385,2021,2,2021-08-30,"Sophia Gardens, Cardiff",Cardiff,Glamorgan,Essex,1.0,Glamorgan,Essex,Essex,3,566,533
1271386,2021,2,2021-08-30,"County Ground, Bristol",Bristol,Gloucestershire,Northamptonshire,1.0,Northamptonshire,Gloucestershire,Gloucestershire,4,914,831
1271387,2021,3,2021-08-30,"Grace Road, Leicester",Leicester,Leicestershire,Kent,1.0,Kent,Leicestershire,Kent,4,856,805
1271388,2021,3,2021-08-30,"Lord's, London",London,Middlesex,Derbyshire,1.0,Middlesex,Derbyshire,Middlesex,4,964,939
1271389,2021,3,2021-08-30,"County Ground, New Road, Worcester",Worcester,Worcestershire,Sussex,1.0,Sussex,Worcestershire,Worcestershire,4,1055,989
1271390,2021,1,2021-09-05,"Trent Bridge, Nottingham",Nottingham,Nottinghamshire,Lancashire,1.0,Nottinghamshire,Lancashire,Nottinghamshire,4,1120,1058
1271391,2021,1,2021-09-05,"Edgbaston, Birmingham",Birmingham,Warwickshire,Hampshire,1.0,Hampshire,Warwickshire,Hampshire,4,762,717
1271392,2021,1,2021-09-05,"North Marine Road Ground, Scarborough",Scarborough,Yorkshire,Somerset,1.0,Somerset,Yorkshire,Yorkshire,3,583,550
1271393,2021,2,2021-09-05,"Riverside Ground, Chester-le-Street",Chester-le-Street,Durham,Glamorgan,1.0,Glamorgan,Durham,Durham,3,964,917
1271394,2021,2,2021-09-05,"County Ground, Chelmsford",Chelmsford,Essex,Gloucestershire,1.0,Gloucestershire,Essex,Essex,3,549,534
1271395,2021,2,2021-09-05,"County Ground, Northampton",Northampton,Northamptonshire,Surrey,1.0,Surrey,Northamptonshire,Northamptonshire,4,983,902
1271396,2021,3,2021-09-05,"County Ground, Derby",Derby,Derbyshire,Leicestershire,1.0,Leicestershire,Derbyshire,draw,3,1071,1007
1271397,2021,3,2021-09-05,"St Lawrence Ground, Canterbury",Canterbury,Kent,Worcestershire,1.0,Worcestershire,Kent,Kent,3,730,682
1271398,2021,3,2021-09-06,"County Ground, Hove",Brighton,Sussex,Middlesex,1.0,Middlesex,Sussex,Middlesex,3,1298,1208
1271399,2021,1,2021-09-12,"The Rose Bowl, Southampton",Southampton,Hampshire,Nottinghamshire,1.0,Hampshire,Nottinghamshire,Hampshire,4,686,659
1271400,2021,1,2021-09-12,"The Cooper Associates County Ground, Taunton",Taunton,Somerset,Lancashire,1.0,Lancashire,Somerset,Lancashire,4,809,752
1271401,2021,1,2021-09-12,"Headingley, Leeds",Leeds,Yorkshire,Warwickshire,1.0,Warwickshire,Yorkshire,Warwickshire,4,556,531
1271402,2021,2,2021-09-12,"Sophia Gardens, Cardiff",Cardiff,Glamorgan,Gloucestershire,1.0,Glamorgan,Gloucestershire,Gloucestershire,4,867,798
1271403,2021,2,2021-09-12,"County Ground, Northampton",Northampton,Northamptonshire,Durham,1.0,Northamptonshire,Durham,draw,3,814,784
1271404,2021,2,2021-09-12,"Kennington Oval, London",London,Surrey,Essex,1.0,Essex,Surrey,draw,3,713,664
1271405,2021,3,2021-09-12,"County Ground, Derby",Derby,Derbyshire,Kent,1.0,Kent,Derbyshire,Kent,4,862,816
1271406,2021,3,2021-09-12,"Grace Road, Leicester",Leicester,Leicestershire,Sussex,1.0,Sussex,Leicestershire,Leicestershire,3,979,895
1271407,2021,3,2021-09-12,"Lord's, London",London,Middlesex,Worcestershire,1.0,Middlesex,Worcestershire,Middlesex,4,681,647
1271408,2021,1,2021-09-21,"Aigburth, Liverpool",Liverpool,Lancashire,Hampshire,1.0,Hampshire,Lancashire,Lancashire,4,675,638
1271409,2021,1,2021-09-21,"Trent Bridge, Nottingham",Nottingham,Nottinghamshire,Yorkshire,1.0,Nottinghamshire,Yorkshire,Nottinghamshire,4,939,884
1271410,2021,1,2021-09-21,"Edgbaston, Birmingham",Birmingham,Warwickshire,Somerset,1.0,Warwickshire,Somerset,Warwickshire,4,1204,1110
1271411,2021,2,2021-09-21,"County Ground, Chelmsford",Chelmsford,Essex,Northamptonshire,1.0,Northamptonshire,Essex,Essex,3,296,287
1271412,2021,2,2021-09-21,"County Ground, Bristol",Bristol,Gloucestershire,Durham,1.0,Durham,Gloucestershire,Gloucestershire,4,543,500
1271413,2021,2,2021-09-21,"Kennington Oval, London",London,Surrey,Glamorgan,1.0,Glamorgan,Surrey,draw,2,1394,1343
1271414,2021,3,2021-09-21,"St Lawrence Ground, Canterbury",Canterbury,Kent,Middlesex,1.0,Middlesex,Kent,Kent,4,1023,952
1271415,2021,3,2021-09-21,"County Ground, Hove",Brighton,Sussex,Derbyshire,1.0,Derbyshire,Sussex,Derbyshire,4,975,897
1271416,2021,3,2021-09-21,"County Ground, New Road, Worcester",Worcester,Worcestershire,Leicestershire,1.0,Leicestershire,Worcestershire,Worcestershire,4,867,798
1297668,2022,1,2022-04-07,"The Rose Bowl, Southampton",Southampton,Hampshire,Somerset,1.0,Somerset,Hampshire,Hampshire,3,743,721
1297669,2022,1,2022-04-07,"County Ground, Northampton",Northampton,Northamptonshire,Gloucestershire,1.0,Gloucestershire,Northamptonshire,draw,4,1146,1073
1297670,2022,1,2022-04-07,"Edgbaston, Birmingham",Birmingham,Warwickshire,Surrey,1.0,Surrey,Warwickshire,draw,3,1002,975
1297671,2022,2,2022-04-07,"Sophia Gardens, Cardiff",Cardiff,Glamorgan,Durham,1.0,Glamorgan,Durham,draw,3,837,795
1297672,2022,2,2022-04-07,"Grace Road, Leicester",Leicester,Leicestershire,Worcestershire,1.0,Worcestershire,Leicestershire,draw,4,1013,958
1297673,2022,2,2022-04-07,"Lord's, London",London,Middlesex,Derbyshire,1.0,Middlesex,Derbyshire,draw,4,1218,1179
1297674,2022,2,2022-04-07,"County Ground, Hove",Brighton,Sussex,Nottinghamshire,1.0,Sussex,Nottinghamshire,Nottinghamshire,4,1095,1046
1297675,2022,1,2022-04-07,"County Ground, Chelmsford",Chelmsford,Essex,Kent,1.0,Essex,Kent,draw,3,1163,1073
1297676,2022,1,2022-04-14,"St Lawrence Ground, Canterbury",Canterbury,Kent,Lancashire,1.0,Lancashire,Kent,Lancashire,4,1081,1027
1297677,2022,2,2022-04-14,"Trent Bridge, Nottingham",Nottingham,Nottinghamshire,Glamorgan,1.0,Nottinghamshire,Glamorgan,Glamorgan,4,1089,1034
1297678,2022,2,2022-04-14,"Riverside Ground, Chester-le-Street",Chester-le-Street,Durham,Leicestershire,1.0,Durham,Leicestershire,draw,4,1123,1052
1297679,2022,2,2022-04-14,"County Ground, Derby",Derby,Derbyshire,Sussex,1.0,Derbyshire,Sussex,draw,3,1192,1134
1297680,2022,1,2022-04-14,"The Cooper Associates County Ground, Taunton",Taunton,Somerset,Essex,1.0,Somerset,Essex,Essex,4,527,499
1297681,2022,1,2022-04-14,"County Ground, Bristol",Bristol,Gloucestershire,Yorkshire,1.0,Gloucestershire,Yorkshire,Yorkshire,4,1175,1070
1297682,2022,1,2022-04-14,"Kennington Oval, London",London,Surrey,Hampshire,1.0,Surrey,Hampshire,Surrey,3,917,857
1297683,2022,2,2022-04-21,"Riverside Ground, Chester-le-Street",Chester-le-Street,Durham,Nottinghamshire,1.0,Durham,Nottinghamshire,Nottinghamshire,3,835,760
1297684,2022,1,2022-04-21,"St Lawrence Ground, Canterbury",Canterbury,Kent,Hampshire,1.0,Kent,Hampshire,Hampshire,3,1253,1196
1297685,2022,2,2022-04-21,"County Ground, New Road, Worcester",Worcester,Worcestershire,Sussex,1.0,Worcestershire,Sussex,Worcestershire,3,948,889
1297686,2022,2,2022-04-21,"Grace Road, Leicester",Leicester,Leicestershire,Derbyshire,1.0,Leicestershire,Derbyshire,Derbyshire,3,994,937
1297687,2022,2,2022-04-21,"Sophia Gardens, Cardiff",Cardiff,Glamorgan,Middlesex,1.0,Glamorgan,Middlesex,Middlesex,3,590,563
1297688,2022,1,2022-04-21,"Edgbaston, Birmingham",Birmingham,Warwickshire,Essex,1.0,Essex,Warwickshire,Warwickshire,4,986,953
1297689,2022,1,2022-04-21,"Kennington Oval, London",London,Surrey,Somerset,1.0,Somerset,Surrey,Surrey,4,1091,1032
1297690,2022,1,2022-04-21,"Old Trafford, Manchester",Manchester,Lancashire,Gloucestershire,1.0,Gloucestershire,Lancashire,Lancashire,3,1055,989
1297691,2022,1,2022-04-21,"County Ground, Northampton",Northampton,Northamptonshire,Yorkshire,1.0,Yorkshire,Northamptonshire,draw,4,1224,1153
1297692,2022,2,2022-04-28,"Trent Bridge, Nottingham",Nottingham,Nottinghamshire,Worcestershire,1.0,Worcestershire,Nottinghamshire,Nottinghamshire,4,997,951
1297693,2022,1,2022-04-28,"County Ground, Chelmsford",Chelmsford,Essex,Northamptonshire,1.0,Northamptonshire,Essex,draw,3,911,826
1297694,2022,1,2022-04-28,"County Ground, Bristol",Bristol,Gloucestershire,Surrey,1.0,Surrey,Gloucestershire,draw,2,1046,974
1297695,2022,1,2022-04-28,"The Rose Bowl, Southampton",Southampton,Hampshire,Lancashire,1.0,Hampshire,Lancashire,draw,4,839,790
1297696,2022,1,2022-04-28,"The Cooper Associates County Ground, Taunton",Taunton,Somerset,Warwickshire,1.0,Somerset,Warwickshire,Somerset,3,834,791
1297697,2022,1,2022-04-28,"Headingley, Leeds",Leeds,Yorkshire,Kent,1.0,Kent,Yorkshire,draw,3,1255,1187
1297698,2022,2,2022-04-28,"County Ground, Derby",Derby,Derbyshire,Glamorgan,1.0,Derbyshire,Glamorgan,draw,4,1414,1333
1297699,2022,2,2022-04-28,"County Ground, Hove",Brighton,Sussex,Durham,1.0,Durham,Sussex,draw,3,1125,1065
1297700,2022,2,2022-04-28,"Lord's, London",London,Middlesex,Leicestershire,1.0,Leicestershire,Middlesex,Middlesex,4,843,789
1297701,2022,1,2022-05-05,"Old Trafford, Manchester",Manchester,Lancashire,Warwickshire,1.0,Warwickshire,Lancashire,draw,3,860,792
1297702,2022,1,2022-05-05,"The Rose Bowl, Southampton",Southampton,Hampshire,Gloucestershire,1.0,Hampshire,Gloucestershire,Hampshire,4,1005,925
1297703,2022,1,2022-05-05,"Kennington Oval, London",London,Surrey,Northamptonshire,1.0,Surrey,Northamptonshire,Surrey,3,797,752
1297704,2022,2,2022-05-05,"Sophia Gardens, Cardiff",Cardiff,Glamorgan,Leicestershire,1.0,Leicestershire,Glamorgan,Glamorgan,4,1176,1046
1297705,2022,2,2022-05-05,"County Ground, Hove",Brighton,Sussex,Middlesex,1.0,Sussex,Middlesex,Middlesex,4,1455,1363
1297706,2022,2,2022-05-05,"County Ground, New Road, Worcester",Worcester,Worcestershire,Durham,1.0,Durham,Worcestershire,draw,4,1321,1251
1297707,2022,1,2022-05-05,"County Ground, Chelmsford",Chelmsford,Essex,Yorkshire,1.0,Essex,Yorkshire,draw,3,1035,968
1297708,2022,1,2022-05-12,"Edgbaston, Birmingham",Birmingham,Warwickshire,Northamptonshire,1.0,Northamptonshire,Warwickshire,draw,2,1165,1117
1297709,2022,1,2022-05-12,"Kent County Cricket Ground, Beckenham",Beckenham,Kent,Surrey,1.0,Surrey,Kent,draw,3,1015,995
1297710,2022,1,2022-05-12,"Headingley, Leeds",Leeds,Yorkshire,Lancashire,1.0,Lancashire,Yorkshire,draw,3,1114,1055
1297711,2022,2,2022-05-12,"County Ground, Derby",Derby,Derbyshire,Worcestershire,1.0,Worcestershire,Derbyshire,draw,3,1158,1084
1297712,2022,2,2022-05-12,"Riverside Ground, Chester-le-Street",Chester-le-Street,Durham,Glamorgan,1.0,Durham,Glamorgan,Durham,4,1062,1018
1297713,2022,2,2022-05-12,"Grace Road, Leicester",Leicester,Leicestershire,Sussex,1.0,Leicestershire,Sussex,draw,3,993,885
1297714,2022,2,2022-05-12,"Lord's, London",London,Middlesex,Nottinghamshire,1.0,Nottinghamshire,Middlesex,draw,4,1038,980
1297715,2022,1,2022-05-12,"County Ground, Bristol",Bristol,Gloucestershire,Somerset,1.0,Somerset,Gloucestershire,Somerset,3,936,881
1297716,2022,1,2022-05-19,"County Ground, Northampton",Northampton,Northamptonshire,Kent,1.0,Kent,Northamptonshire,draw,3,1119,1050
1297717,2022,1,2022-05-19,"The Cooper Associates County Ground, Taunton",Taunton,Somerset,Hampshire,1.0,Somerset,Hampshire,Hampshire,4,561,532
1297718,2022,1,2022-05-19,"Headingley, Leeds",Leeds,Yorkshire,Warwickshire,1.0,Warwickshire,Yorkshire,draw,3,945,912
1297719,2022,2,2022-05-19,"Lord's, London",London,Middlesex,Durham,1.0,Durham,Middlesex,Middlesex,4,1079,1013
1297720,2022,2,2022-05-19,"Trent Bridge, Nottingham",Nottingham,Nottinghamshire,Derbyshire,1.0,Derbyshire,Nottinghamshire,Nottinghamshire,4,1047,988
1297721,2022,2,2022-05-19,"County Ground, New Road, Worcester",Worcester,Worcestershire,Leicestershire,1.0,Leicestershire,Worcestershire,Worcestershire,3,895,853
1297722,2022,1,2022-05-19,"Old Trafford, Manchester",Manchester,Lancashire,Essex,1.0,Essex,Lancashire,Essex,3,726,685
1297723,2022,1,2022-06-12,"The Cooper Associates County Ground, Taunton",Taunton,Somerset,Surrey,1.0,Somerset,Surrey,Surrey,4,1151,1060
1297724,2022,2,2022-06-12,"Sophia Gardens, Cardiff",Cardiff,Glamorgan,Sussex,1.0,Sussex,Glamorgan,Glamorgan,4,1269,1211
1297725,2022,1,2022-06-12,"The Rose Bowl, Southampton",Southampton,Hampshire,Yorkshire,1.0,Yorkshire,Hampshire,Hampshire,4,1214,1157
1297726,2022,2,2022-06-12,"Riverside Ground, Chester-le-Street",Chester-le-Street,Durham,Worcestershire,1.0,Durham,Worcestershire,draw,3,1294,1178
1297727,2022,1,2022-06-12,"Edgbaston, Birmingham",Birmingham,Warwickshire,Lancashire,1.0,Warwickshire,Lancashire,Lancashire,4,1239,1165
1297728,2022,1,2022-06-12,"St Lawrence Ground, Canterbury",Canterbury,Kent,Gloucestershire,1.0,Gloucestershire,Kent,Kent,4,1306,1220
1297729,2022,2,2022-06-12,"Grace Road, Leicester",Leicester,Leicestershire,Nottinghamshire,1.0,Leicestershire,Nottinghamshire,Nottinghamshire,3,1087,1007
1297730,2022,2,2022-06-12,"Queen's Park, Chesterfield",Chesterfield,Derbyshire,Middlesex,1.0,Middlesex,Derbyshire,Derbyshire,4,898,862
1297731,2022,1,2022-06-26,"Kennington Oval, London",London,Surrey,Kent,1.0,Surrey,Kent,draw,3,1365,1286
1297732,2022,2,2022-06-26,"Trent Bridge, Nottingham",Nottingham,Nottinghamshire,Middlesex,1.0,Nottinghamshire,Middlesex,draw,3,1188,1111
1297733,2022,2,2022-06-26,"County Ground, Hove",Brighton,Sussex,Derbyshire,1.0,Derbyshire,Sussex,Sussex,4,1360,1304
1297734,2022,2,2022-06-26,"County Ground, New Road, Worcester",Worcester,Worcestershire,Glamorgan,1.0,Worcestershire,Glamorgan,Glamorgan,4,943,883
1297735,2022,1,2022-06-26,"County Ground, Chelmsford",Chelmsford,Essex,Hampshire,1.0,Essex,Hampshire,Essex,4,910,861
1297736,2022,1,2022-06-26,"County Ground, Northampton",Northampton,Northamptonshire,Warwickshire,1.0,Northamptonshire,Warwickshire,draw,3,1129,1090
1297737,2022,1,2022-06-26,"County Ground, Bristol",Bristol,Gloucestershire,Lancashire,1.0,Gloucestershire,Lancashire,draw,3,915,825
1297738,2022,1,2022-07-11,"Trafalgar Road Ground, Southport",Southport,Lancashire,Somerset,1.0,Somerset,Lancashire,draw,3,1283,1236
1297739,2022,1,2022-07-11,"The Rose Bowl, Southampton",Southampton,Hampshire,Warwickshire,1.0,Warwickshire,Hampshire,Hampshire,4,921,867
1297740,2022,1,2022-07-11,"County Ground, Chelmsford",Chelmsford,Essex,Gloucestershire,1.0,Gloucestershire,Essex,Essex,4,777,732
1297741,2022,2,2022-07-11,"Merchant Taylors' School Ground, Northwood",Northwood,Middlesex,Worcestershire,1.0,Middlesex,Worcestershire,Worcestershire,4,857,829
1297742,2022,2,2022-07-11,"Riverside Ground, Chester-le-Street",Chester-le-Street,Durham,Derbyshire,1.0,Derbyshire,Durham,draw,4,1198,1131
1297743,2022,2,2022-07-11,"County Ground, Hove",Brighton,Sussex,Leicestershire,1.0,Sussex,Leicestershire,draw,3,1564,1443
1297744,2022,1,2022-07-11,"St Lawrence Ground, Canterbury",Canterbury,Kent,Northamptonshire,1.0,Northamptonshire,Kent,Northamptonshire,4,1195,1127
1297745,2022,1,2022-07-11,"North Marine Road Ground, Scarborough",Scarborough,Yorkshire,Surrey,1.0,Yorkshire,Surrey,Surrey,4,1484,1337
1297746,2022,2,2022-07-11,"Sophia Gardens, Cardiff",Cardiff,Glamorgan,Nottinghamshire,1.0,Glamorgan,Nottinghamshire,draw,4,1283,1232
1297747,2022,1,2022-07-19,"College Ground, Cheltenham",Cheltenham,Gloucestershire,Hampshire,1.0,Hampshire,Gloucestershire,Hampshire,4,1077,999
1297748,2022,1,2022-07-19,"The Cooper Associates County Ground, Taunton",Taunton,Somerset,Yorkshire,1.0,Somerset,Yorkshire,draw,3,925,844
1297749,2022,1,2022-07-19,"Kennington Oval, London",London,Surrey,Essex,1.0,Essex,Surrey,Surrey,4,960,877
1297750,2022,1,2022-07-19,"Edgbaston, Birmingham",Birmingham,Warwickshire,Kent,1.0,Kent,Warwickshire,Kent,4,921,816
1297751,2022,2,2022-07-19,"County Ground, Derby",Derby,Derbyshire,Nottinghamshire,1.0,Nottinghamshire,Derbyshire,draw,3,1185,1090
1297752,2022,2,2022-07-19,"Lord's, London",London,Middlesex,Sussex,1.0,Sussex,Middlesex,draw,3,1189,1097
1297753,2022,1,2022-07-19,"County Ground, Northampton",Northampton,Northamptonshire,Lancashire,1.0,Northamptonshire,Lancashire,Lancashire,4,819,754
1297754,2022,2,2022-07-20,"Grace Road, Leicester",Leicester,Leicestershire,Glamorgan,1.0,Leicestershire,Glamorgan,Glamorgan,3,1562,1501
1297755,2022,1,2022-07-25,"Old Trafford, Manchester",Manchester,Lancashire,Kent,1.0,Lancashire,Kent,Lancashire,4,978,897
1297756,2022,2,2022-07-25,"County Ground, New Road, Worcester",Worcester,Worcestershire,Derbyshire,1.0,Derbyshire,Worcestershire,Derbyshire,4,848,804
1297757,2022,2,2022-07-25,"Riverside Ground, Chester-le-Street",Chester-le-Street,Durham,Middlesex,1.0,Durham,Middlesex,draw,3,1018,935
1297758,2022,1,2022-07-25,"County Ground, Chelmsford",Chelmsford,Essex,Somerset,1.0,Essex,Somerset,draw,3,1140,1089
1297759,2022,1,2022-07-25,"North Marine Road Ground, Scarborough",Scarborough,Yorkshire,Hampshire,1.0,Yorkshire,Hampshire,Hampshire,4,863,834
1297760,2022,1,2022-07-25,"College Ground, Cheltenham",Cheltenham,Gloucestershire,Northamptonshire,1.0,Gloucestershire,Northamptonshire,Northamptonshire,4,1364,1246
1297761,2022,1,2022-07-25,"Kennington Oval, London",London,Surrey,Warwickshire,1.0,Warwickshire,Surrey,Surrey,4,1131,1065
1297762,2022,2,2022-07-26,"Trent Bridge, Nottingham",Nottingham,Nottinghamshire,Sussex,1.0,Nottinghamshire,Sussex,Nottinghamshire,4,826,761
1297763,2022,2,2022-09-05,"Trent Bridge, Nottingham",Nottingham,Nottinghamshire,Leicestershire,1.0,Nottinghamshire,Leicestershire,Nottinghamshire,4,941,838
1297764,2022,2,2022-09-05,"Sophia Gardens, Cardiff",Cardiff,Glamorgan,Worcestershire,1.0,Worcestershire,Glamorgan,draw,3,754,732
1297765,2022,2,2022-09-05,"County Ground, Derby",Derby,Derbyshire,Durham,1.0,Derbyshire,Durham,draw,4,919,858
1297766,2022,1,2022-09-05,"The Cooper Associates County Ground, Taunton",Taunton,Somerset,Gloucestershire,1.0,Gloucestershire,Somerset,draw,4,881,821
1297767,2022,1,2022-09-05,"Old Trafford, Manchester",Manchester,Lancashire,Yorkshire,1.0,Lancashire,Yorkshire,draw,4,913,875
1297768,2022,1,2022-09-05,"St Lawrence Ground, Canterbury",Canterbury,Kent,Essex,1.0,Essex,Kent,Essex,3,886,837
1297769,2022,1,2022-09-05,"The Rose Bowl, Southampton",Southampton,Hampshire,Northamptonshire,1.0,Hampshire,Northamptonshire,Hampshire,3,796,705
1297770,2022,1,2022-09-12,"Headingley, Leeds",Leeds,Yorkshire,Essex,1.0,Yorkshire,Essex,Essex,4,773,708
1297771,2022,2,2022-09-12,"County Ground, Hove",Brighton,Sussex,Worcestershire,1.0,Sussex,Worcestershire,draw,3,970,906
1297772,2022,2,2022-09-12,"Grace Road, Leicester",Leicester,Leicestershire,Durham,1.0,Leicestershire,Durham,Durham,4,804,703
1297773,2022,1,2022-09-12,"County Ground, Northampton",Northampton,Northamptonshire,Surrey,1.0,Northamptonshire,Surrey,draw,4,1234,1150
1297774,2022,1,2022-09-12,"Edgbaston, Birmingham",Birmingham,Warwickshire,Somerset,1.0,Somerset,Warwickshire,draw,4,1011,963
1297775,2022,2,2022-09-12,"Lord's, London",London,Middlesex,Glamorgan,1.0,Glamorgan,Middlesex,Middlesex,4,869,826
1297776,2022,1,2022-09-20,"Kennington Oval, London",London,Surrey,Yorkshire,1.0,Surrey,Yorkshire,Surrey,4,775,728
1297777,2022,1,2022-09-20,"County Ground, Bristol",Bristol,Gloucestershire,Warwickshire,1.0,Warwickshire,Gloucestershire,Gloucestershire,4,806,766
1297778,2022,1,2022-09-20,"The Cooper Associates County Ground, Taunton",Taunton,Somerset,Northamptonshire,1.0,Somerset,Northamptonshire,Somerset,4,1100,1049
1297779,2022,2,2022-09-20,"Riverside Ground, Chester-le-Street",Chester-le-Street,Durham,Sussex,1.0,Sussex,Durham,Durham,3,778,718
1297780,2022,2,2022-09-20,"Sophia Gardens, Cardiff",Cardiff,Glamorgan,Derbyshire,1.0,Glamorgan,Derbyshire,Glamorgan,3,1076,1031
1297781,2022,2,2022-09-20,"Grace Road, Leicester",Leicester,Leicestershire,Middlesex,1.0,Middlesex,Leicestershire,Middlesex,4,1056,958
1297782,2022,2,2022-09-20,"County Ground, New Road, Worcester",Worcester,Worcestershire,Nottinghamshire,1.0,Worcestershire,Nottinghamshire,Worcestershire,3,701,639
1297783,2022,1,2022-09-20,"County Ground, Chelmsford",Chelmsford,Essex,Lancashire,1.0,Lancashire,Essex,Lancashire,4,370,352
1297784,2022,1,2022-09-20,"The Rose Bowl, Southampton",Southampton,Hampshire,Kent,1.0,Kent,Hampshire,Kent,4,791,741
1297785,2022,1,2022-09-26,"St Lawrence Ground, Canterbury",Canterbury,Kent,Somerset,1.0,Somerset,Kent,Kent,3,833,782
1297786,2022,2,2022-09-26,"County Ground, New Road, Worcester",Worcester,Worcestershire,Middlesex,1.0,Worcestershire,Middlesex,draw,2,734,682
1297787,2022,2,2022-09-26,"County Ground, Hove",Brighton,Sussex,Glamorgan,1.0,Glamorgan,Sussex,draw,3,1345,1259
1297788,2022,2,2022-09-26,"Trent Bridge, Nottingham",Nottingham,Nottinghamshire,Durham,1.0,Nottinghamshire,Durham,Nottinghamshire,4,1104,1063
1297789,2022,2,2022-09-26,"County Ground, Derby",Derby,Derbyshire,Leicestershire,1.0,Leicestershire,Derbyshire,draw,3,1222,1142
1297790,2022,1,2022-09-26,"Headingley, Leeds",Leeds,Yorkshire,Gloucestershire,1.0,Gloucestershire,Yorkshire,Gloucestershire,4,828,793
1297791,2022,1,2022-09-26,"Edgbaston, Birmingham",Birmingham,Warwickshire,Hampshire,1.0,Warwickshire,Hampshire,Warwickshire,4,893,843
1297792,2022,1,2022-09-26,"Old Trafford, Manchester",Manchester,Lancashire,Surrey,1.0,Lancashire,Surrey,Lancashire,3,894,830
1297793,2022,1,2022-09-26,"County Ground, Northampton",Northampton,Northamptonshire,Essex,1.0,Essex,Northamptonshire,Essex,4,699,662
1347150,2023,2,2023-04-06,"County Ground, Hove",Brighton,Sussex,Durham,1.0,Durham,Sussex,Sussex,4,1132,1064
1347151,2023,2,2023-04-06,"Sophia Gardens, Cardiff",Cardiff,Glamorgan,Gloucestershire,1.0,Gloucestershire,Glamorgan,draw,4,1248,1195
1347152,2023,2,2023-04-06,"County Ground, Derby",Derby,Derbyshire,Worcestershire,1.0,Derbyshire,Worcestershire,Worcestershire,4,1330,1247
1347153,2023,2,2023-04-06,"Headingley, Leeds",Leeds,Yorkshire,Leicestershire,1.0,Yorkshire,Leicestershire,Leicestershire,4,1610,1535
1347155,2023,2,2023-04-13,"Riverside Ground, Chester-le-Street",Chester-le-Street,Durham,Worcestershire,1.0,Durham,Worcestershire,Durham,4,1237,1158
1347156,2023,2,2023-04-13,"Grace Road, Leicester",Leicester,Leicestershire,Derbyshire,1.0,Leicestershire,Derbyshire,draw,2,705,663
1347157,2023,2,2023-04-20,"County Ground, New Road, Worcester",Worcester,Worcestershire,Gloucestershire,1.0,Gloucestershire,Worcestershire,draw,4,665,623
1347158,2023,2,2023-04-20,"Sophia Gardens, Cardiff",Cardiff,Glamorgan,Durham,1.0,Durham,Glamorgan,draw,3,880,814
1347159,2023,2,2023-04-20,"County Ground, Hove",Brighton,Sussex,Yorkshire,1.0,Sussex,Yorkshire,draw,4,934,878
1347160,2023,2,2023-04-27,"Riverside Ground, Chester-le-Street",Chester-le-Street,Durham,Derbyshire,1.0,Durham,Derbyshire,Durham,3,897,848
1347161,2023,2,2023-04-27,"County Ground, Bristol",Bristol,Gloucestershire,Sussex,1.0,Sussex,Gloucestershire,draw,3,824,742
1347162,2023,2,2023-04-27,"Grace Road, Leicester",Leicester,Leicestershire,Glamorgan,1.0,Leicestershire,Glamorgan,draw,3,1124,1020
1347163,2023,2,2023-05-04,"County Ground, New Road, Worcester",Worcester,Worcestershire,Sussex,1.0,Worcestershire,Sussex,draw,3,888,820
1347164,2023,2,2023-05-04,"County Ground, Derby",Derby,Derbyshire,Leicestershire,1.0,Leicestershire,Derbyshire,draw,4,753,709
1347165,2023,2,2023-05-04,"Headingley, Leeds",Leeds,Yorkshire,Glamorgan,1.0,Glamorgan,Yorkshire,draw,4,1115,1030
1347166,2023,2,2023-05-11,"Riverside Ground, Chester-le-Street",Chester-le-Street,Durham,Yorkshire,1.0,Yorkshire,Durham,Durham,4,945,853
1347167,2023,2,2023-05-11,"County Ground, Derby",Derby,Derbyshire,Gloucestershire,1.0,Derbyshire,Gloucestershire,draw,3,800,747
1347168,2023,2,2023-05-11,"Sophia Gardens, Cardiff",Cardiff,Glamorgan,Worcestershire,1.0,Worcestershire,Glamorgan,Glamorgan,4,676,650
1347169,2023,2,2023-05-11,"Grace Road, Leicester",Leicester,Leicestershire,Sussex,1.0,Sussex,Leicestershire,draw,3,995,950
1347170,2023,2,2023-05-18,"County Ground, New Road, Worcester",Worcester,Worcestershire,Leicestershire,1.0,Leicestershire,Worcestershire,Worcestershire,4,710,645
1347171,2023,2,2023-05-18,"County Ground, Hove",Brighton,Sussex,Glamorgan,1.0,Glamorgan,Sussex,draw,4,1342,1252
1347172,2023,2,2023-05-18,"County Ground, Bristol",Bristol,Gloucestershire,Durham,1.0,Durham,Gloucestershire,Durham,4,1309,1217
1347173,2023,2,2023-06-11,"Riverside Ground, Chester-le-Street",Chester-le-Street,Durham,Glamorgan,1.0,Glamorgan,Durham,draw,3,1446,1331
1347174,2023,2,2023-06-11,"County Ground, Bristol",Bristol,Gloucestershire,Leicestershire,1.0,Gloucestershire,Leicestershire,Leicestershire,4,1141,1028
1347175,2023,2,2023-06-11,"Queen's Park, Chesterfield",Chesterfield,Derbyshire,Yorkshire,1.0,Derbyshire,Yorkshire,Yorkshire,4,1132,1083
1347176,2023,2,2023-06-11,"County Ground, Hove",Brighton,Sussex,Worcestershire,1.0,Sussex,Worcestershire,draw,4,1586,1510
1347177,2023,2,2023-06-25,"Sophia Gardens, Cardiff",Cardiff,Glamorgan,Sussex,1.0,Glamorgan,Sussex,draw,4,1037,975
1347178,2023,2,2023-06-25,"Headingley, Leeds",Leeds,Yorkshire,Gloucestershire,1.0,Yorkshire,Gloucestershire,draw,3,1214,1143
1347179,2023,2,2023-06-25,"County Ground, New Road, Worcester",Worcester,Worcestershire,Derbyshire,1.0,Worcestershire,Derbyshire,draw,3,1058,1025
1347180,2023,2,2023-06-25,"Grace Road, Leicester",Leicester,Leicestershire,Durham,1.0,Durham,Leicestershire,draw,4,1541,1443
1347181,2023,2,2023-07-10,"Sophia Gardens, Cardiff",Cardiff,Glamorgan,Leicestershire,1.0,Glamorgan,Leicestershire,draw,2,854,815
1347182,2023,2,2023-07-10,"County Ground, Hove",Brighton,Sussex,Derbyshire,1.0,Sussex,Derbyshire,draw,4,1554,1485
1347183,2023,2,2023-07-10,"County Ground, New Road, Worcester",Worcester,Worcestershire,Yorkshire,1.0,Yorkshire,Worcestershire,draw,3,791,733
1347184,2023,2,2023-07-10,"Riverside Ground, Chester-le-Street",Chester-le-Street,Durham,Gloucestershire,1.0,Gloucestershire,Durham,Durham,4,1009,952
1347185,2023,2,2023-07-19,"Headingley, Leeds",Leeds,Yorkshire,Sussex,1.0,Sussex,Yorkshire,draw,3,816,771
1347186,2023,2,2023-07-19,"County Ground, Derby",Derby,Derbyshire,Durham,1.0,Derbyshire,Durham,draw,3,1107,1030
1347187,2023,2,2023-07-19,Oakham School Ground,Oakham,Worcestershire,Leicestershire,1.0,Worcestershire,Leicestershire,Worcestershire,4,594,550
1347188,2023,2,2023-07-20,"College Ground, Cheltenham",Cheltenham,Gloucestershire,Glamorgan,1.0,Glamorgan,Gloucestershire,draw,3,914,851
1347189,2023,2,2023-07-25,"County Ground, Derby",Derby,Derbyshire,Glamorgan,1.0,Glamorgan,Derbyshire,draw,3,1199,1119
1347190,2023,2,2023-07-25,"North Marine Road Ground, Scarborough",Scarborough,Yorkshire,Durham,1.0,Yorkshire,Durham,draw,2,446,413
1347191,2023,2,2023-07-26,"College Ground, Cheltenham",Cheltenham,Gloucestershire,Worcestershire,1.0,Worcestershire,Gloucestershire,Worcestershire,4,1334,1255
1347192,2023,2,2023-09-03,"Riverside Ground, Chester-le-Street",Chester-le-Street,Durham,Sussex,1.0,Sussex,Durham,Durham,4,1123,1079
1347193,2023,2,2023-09-03,"County Ground, New Road, Worcester",Worcester,Worcestershire,Glamorgan,1.0,Worcestershire,Glamorgan,Worcestershire,4,778,724
1347194,2023,2,2023-09-03,"North Marine Road Ground, Scarborough",Scarborough,Yorkshire,Derbyshire,1.0,Yorkshire,Derbyshire,Yorkshire,4,1357,1290
1347195,2023,2,2023-09-03,"Grace Road, Leicester",Leicester,Leicestershire,Gloucestershire,1.0,Gloucestershire,Leicestershire,Leicestershire,4,743,694
1347196,2023,2,2023-09-10,"Sophia Gardens, Cardiff",Cardiff,Glamorgan,Yorkshire,1.0,Yorkshire,Glamorgan,draw,3,1174,1113
1347197,2023,2,2023-09-10,"County Ground, Hove",Brighton,Sussex,Leicestershire,1.0,Sussex,Leicestershire,Sussex,4,1197,1156
1347198,2023,2,2023-09-10,"County Ground, Bristol",Bristol,Gloucestershire,Derbyshire,1.0,Gloucestershire,Derbyshire,draw,3,988,932
1347199,2023,2,2023-09-19,"County Ground, Derby",Derby,Derbyshire,Sussex,1.0,Sussex,Derbyshire,draw,3,413,381
1347200,2023,2,2023-09-19,"County Ground, New Road, Worcester",Worcester,Worcestershire,Durham,1.0,Worcestershire,Durham,draw,2,684,644
1347201,2023,2,2023-09-19,"Grace Road, Leicester",Leicester,Leicestershire,Yorkshire,1.0,Yorkshire,Leicestershire,draw,3,613,575
1347202,2023,2,2023-09-26,"Riverside Ground, Chester-le-Street",Chester-le-Street,Durham,Leicestershire,1.0,Durham,Leicestershire,Durham,3,773,716
1347203,2023,2,2023-09-26,"Sophia Gardens, Cardiff",Cardiff,Glamorgan,Derbyshire,1.0,Derbyshire,Glamorgan,draw,4,1120,1068
1347204,2023,2,2023-09-26,"County Ground, Hove",Brighton,Sussex,Gloucestershire,1.0,Sussex,Gloucestershire,Sussex,4,1075,1011
1347205,2023,2,2023-09-26,"Headingley, Leeds",Leeds,Yorkshire,Worcestershire,1.0,Worcestershire,Yorkshire,Yorkshire,4,1246,1194
1347206,2023,1,2023-04-06,"The Rose Bowl, Southampton",Southampton,Hampshire,Nottinghamshire,1.0,Nottinghamshire,Hampshire,Hampshire,4,725,684
1347207,2023,1,2023-04-06,"Old Trafford, Manchester",Manchester,Lancashire,Surrey,1.0,Surrey,Lancashire,draw,4,1272,1190
1347208,2023,1,2023-04-06,"The Cooper Associates County Ground, Taunton",Taunton,Somerset,Warwickshire,1.0,Somerset,Warwickshire,draw,3,856,820
1347209,2023,1,2023-04-06,"Lord's, London",London,Middlesex,Essex,1.0,Essex,Middlesex,Essex,4,857,818
1347210,2023,1,2023-04-06,"St Lawrence Ground, Canterbury",Canterbury,Kent,Northamptonshire,1.0,Northamptonshire,Kent,Kent,4,897,860
1347211,2023,1,2023-04-13,"Edgbaston, Birmingham",Birmingham,Warwickshire,Kent,1.0,Warwickshire,Kent,Warwickshire,3,892,850
1347212,2023,1,2023-04-13,"Kennington Oval, London",London,Surrey,Hampshire,1.0,Hampshire,Surrey,Surrey,4,1029,969
1347213,2023,1,2023-04-13,"Trent Bridge, Nottingham",Nottingham,Nottinghamshire,Somerset,1.0,Nottinghamshire,Somerset,Nottinghamshire,4,769,717
1347214,2023,1,2023-04-13,"County Ground, Chelmsford",Chelmsford,Essex,Lancashire,1.0,Lancashire,Essex,draw,4,905,831
1347215,2023,1,2023-04-13,"County Ground, Northampton",Northampton,Northamptonshire,Middlesex,1.0,Middlesex,Northamptonshire,Northamptonshire,4,634,607
1347216,2023,1,2023-04-20,"Lord's, London",London,Middlesex,Nottinghamshire,1.0,Nottinghamshire,Middlesex,Middlesex,4,1045,968
1347217,2023,1,2023-04-20,"The Cooper Associates County Ground, Taunton",Taunton,Somerset,Lancashire,1.0,Somerset,Lancashire,draw,3,1251,1164
1347218,2023,1,2023-04-20,"County Ground, Northampton",Northampton,Northamptonshire,Hampshire,1.0,Hampshire,Northamptonshire,Hampshire,3,694,667
1347219,2023,1,2023-04-20,"St Lawrence Ground, Canterbury",Canterbury,Kent,Essex,1.0,Essex,Kent,draw,2,793,758
1347220,2023,1,2023-04-27,"Lord's, London",London,Middlesex,Kent,1.0,Kent,Middlesex,Middlesex,4,629,571
1347221,2023,1,2023-04-27,"Edgbaston, Birmingham",Birmingham,Warwickshire,Surrey,1.0,Warwickshire,Surrey,Surrey,4,588,550
1347222,2023,1,2023-05-04,"The Rose Bowl, Southampton",Southampton,Hampshire,Warwickshire,1.0,Hampshire,Warwickshire,Warwickshire,3,736,699
1347223,2023,1,2023-05-04,"Trent Bridge, Nottingham",Nottingham,Nottinghamshire,Lancashire,1.0,Lancashire,Nottinghamshire,draw,4,930,857
1347224,2023,1,2023-05-04,"The Cooper Associates County Ground, Taunton",Taunton,Somerset,Northamptonshire,1.0,Northamptonshire,Somerset,draw,3,978,898
1347225,2023,1,2023-05-04,"County Ground, Chelmsford",Chelmsford,Essex,Surrey,1.0,Essex,Surrey,draw,4,905,838
1347226,2023,1,2023-05-11,"Edgbaston, Birmingham",Birmingham,Warwickshire,Essex,1.0,Essex,Warwickshire,Warwickshire,4,683,630
1347227,2023,1,2023-05-11,"Old Trafford, Manchester",Manchester,Lancashire,Somerset,1.0,Somerset,Lancashire,draw,3,1085,1010
1347228,2023,1,2023-05-11,"Kennington Oval, London",London,Surrey,Middlesex,1.0,Middlesex,Surrey,Surrey,4,902,834
1347229,2023,1,2023-05-11,"County Ground, Northampton",Northampton,Northamptonshire,Nottinghamshire,1.0,Northamptonshire,Nottinghamshire,Nottinghamshire,3,485,434
1347230,2023,1,2023-05-11,"St Lawrence Ground, Canterbury",Canterbury,Kent,Hampshire,1.0,Kent,Hampshire,draw,3,727,670
1347231,2023,1,2023-05-18,"The Rose Bowl, Southampton",Southampton,Hampshire,Northamptonshire,1.0,Hampshire,Northamptonshire,Hampshire,3,599,540
1347232,2023,1,2023-05-18,"Kennington Oval, London",London,Surrey,Kent,1.0,Kent,Surrey,Surrey,4,839,740
1347233,2023,1,2023-05-18,"Lord's, London",London,Middlesex,Somerset,1.0,Somerset,Middlesex,Somerset,3,795,770
1347234,2023,1,2023-05-18,"Trent Bridge, Nottingham",Nottingham,Nottinghamshire,Essex,1.0,Essex,Nottinghamshire,draw,4,1199,1138
1347235,2023,1,2023-06-11,"Trafalgar Road Ground, Southport",Southport,Lancashire,Hampshire,1.0,Hampshire,Lancashire,Lancashire,4,1029,954
1347236,2023,1,2023-06-11,"County Ground, Chelmsford",Chelmsford,Essex,Somerset,1.0,Essex,Somerset,Essex,4,1068,1027
1347237,2023,1,2023-06-11,"Trent Bridge, Nottingham",Nottingham,Nottinghamshire,Warwickshire,1.0,Warwickshire,Nottinghamshire,draw,3,1190,1126
1347238,2023,1,2023-06-11,"St Lawrence Ground, Canterbury",Canterbury,Kent,Surrey,1.0,Kent,Surrey,Surrey,4,1291,1226
1347239,2023,1,2023-06-25,"The Rose Bowl, Southampton",Southampton,Hampshire,Middlesex,1.0,Hampshire,Middlesex,Hampshire,3,777,744
1347240,2023,1,2023-06-25,"County Ground, Northampton",Northampton,Northamptonshire,Kent,1.0,Northamptonshire,Kent,Kent,3,1227,1170
1347241,2023,1,2023-06-25,"Kennington Oval, London",London,Surrey,Lancashire,1.0,Lancashire,Surrey,Lancashire,4,1011,957
1347242,2023,1,2023-06-25,"County Ground, Chelmsford",Chelmsford,Essex,Warwickshire,1.0,Essex,Warwickshire,Essex,4,1081,1035
1347243,2023,1,2023-06-25,"The Cooper Associates County Ground, Taunton",Taunton,Somerset,Nottinghamshire,1.0,Somerset,Nottinghamshire,Somerset,4,955,908
1347244,2023,1,2023-07-10,"Kennington Oval, London",London,Surrey,Nottinghamshire,1.0,Surrey,Nottinghamshire,draw,4,1212,1134
1347245,2023,1,2023-07-10,"Merchant Taylors' School Ground, Northwood",Northwood,Middlesex,Northamptonshire,1.0,Northamptonshire,Middlesex,draw,4,1198,1122
1347246,2023,1,2023-07-10,"St Lawrence Ground, Canterbury",Canterbury,Kent,Warwickshire,1.0,Kent,Warwickshire,Warwickshire,3,1052,1001
1347247,2023,1,2023-07-10,"The Cooper Associates County Ground, Taunton",Taunton,Somerset,Hampshire,1.0,Somerset,Hampshire,draw,3,1045,986
1347248,2023,1,2023-07-10,"Stanley Park, Blackpool",Blackpool,Lancashire,Essex,1.0,Essex,Lancashire,Essex,4,1102,1035
1347249,2023,1,2023-07-19,"Edgbaston, Birmingham",Birmingham,Warwickshire,Lancashire,1.0,Lancashire,Warwickshire,draw,3,721,673
1347250,2023,1,2023-07-19,"Trent Bridge, Nottingham",Nottingham,Nottinghamshire,Hampshire,1.0,Hampshire,Nottinghamshire,Hampshire,4,904,829
1347251,2023,1,2023-07-19,"Lord's, London",London,Middlesex,Surrey,1.0,Surrey,Middlesex,Surrey,4,1021,958
1347252,2023,1,2023-07-19,"County Ground, Chelmsford",Chelmsford,Essex,Kent,1.0,Kent,Essex,Essex,4,975,916
1347253,2023,1,2023-07-19,"County Ground, Northampton",Northampton,Northamptonshire,Somerset,1.0,Somerset,Northamptonshire,Somerset,4,811,759
1347254,2023,1,2023-07-25,"The Rose Bowl, Southampton",Southampton,Hampshire,Essex,1.0,Hampshire,Essex,Essex,4,506,474
1347255,2023,1,2023-07-25,"Edgbaston, Birmingham",Birmingham,Warwickshire,Middlesex,1.0,Warwickshire,Middlesex,Middlesex,4,588,570
1347256,2023,1,2023-07-25,"Old Trafford, Manchester",Manchester,Lancashire,Northamptonshire,1.0,Northamptonshire,Lancashire,draw,3,1099,1033
1347257,2023,1,2023-07-25,"Trent Bridge, Nottingham",Nottingham,Nottinghamshire,Kent,1.0,Nottinghamshire,Kent,Nottinghamshire,4,1123,1072
1347258,2023,1,2023-07-25,"The Cooper Associates County Ground, Taunton",Taunton,Somerset,Surrey,1.0,Somerset,Surrey,Surrey,4,793,746
1347259,2023,1,2023-09-03,"The Rose Bowl, Southampton",Southampton,Hampshire,Somerset,1.0,Hampshire,Somerset,Hampshire,4,1091,1041
1347260,2023,1,2023-09-03,"Kennington Oval, London",London,Surrey,Warwickshire,1.0,Surrey,Warwickshire,Surrey,3,695,656
1347261,2023,1,2023-09-03,"County Ground, Northampton",Northampton,Northamptonshire,Lancashire,1.0,Northamptonshire,Lancashire,Lancashire,3,1022,968
1347262,2023,1,2023-09-04,"County Ground, Chelmsford",Chelmsford,Essex,Middlesex,1.0,Essex,Middlesex,Essex,4,949,891
1347263,2023,1,2023-09-10,"St Lawrence Ground, Canterbury",Canterbury,Kent,Nottinghamshire,1.0,Kent,Nottinghamshire,draw,4,1145,1070
1347264,2023,1,2023-09-10,"Edgbaston, Birmingham",Birmingham,Warwickshire,Northamptonshire,1.0,Northamptonshire,Warwickshire,Warwickshire,4,645,599
1347265,2023,1,2023-09-10,"Old Trafford, Manchester",Manchester,Lancashire,Middlesex,1.0,Middlesex,Lancashire,draw,3,767,724
1347266,2023,1,2023-09-19,"Kennington Oval, London",London,Surrey,Northamptonshire,1.0,Northamptonshire,Surrey,draw,3,684,632
1347267,2023,1,2023-09-19,"Lord's, London",London,Middlesex,Warwickshire,1.0,Middlesex,Warwickshire,Warwickshire,4,745,702
1347268,2023,1,2023-09-19,"Old Trafford, Manchester",Manchester,Lancashire,Nottinghamshire,1.0,Lancashire,Nottinghamshire,draw,1,272,247
1347269,2023,1,2023-09-19,"County Ground, Chelmsford",Chelmsford,Essex,Hampshire,1.0,Essex,Hampshire,Hampshire,4,1201,1152
1347270,2023,1,2023-09-19,"The Cooper Associates County Ground, Taunton",Taunton,Somerset,Kent,1.0,Somerset,Kent,draw,3,683,625
1347271,2023,1,2023-09-26,"Edgbaston, Birmingham",Birmingham,Warwickshire,Somerset,1.0,Somerset,Warwickshire,draw,3,578,542
1347272,2023,1,2023-09-26,"Trent Bridge, Nottingham",Nottingham,Nottinghamshire,Middlesex,1.0,Middlesex,Nottinghamshire,Nottinghamshire,4,1184,1115
1347273,2023,1,2023-09-26,"The Rose Bowl, Southampton",Southampton,Hampshire,Surrey,1.0,Hampshire,Surrey,Hampshire,4,730,691
1347274,2023,1,2023-09-26,"St Lawrence Ground, Canterbury",Canterbury,Kent,Lancashire,1.0,Lancashire,Kent,draw,3,1211,1124
1347275,2023,1,2023-09-26,"County Ground, Northampton",Northampton,Northamptonshire,Essex,1.0,Northamptonshire,Essex,Northamptonshire,3,699,665
1410194,2024,1,2024-04-05,"St Lawrence Ground, Canterbury",Canterbury,Kent,Somerset,1.0,Kent,Somerset,draw,3,977,890
1410195,2024,1,2024-04-05,"Old Trafford, Manchester",Manchester,Lancashire,Surrey,1.0,Lancashire,Surrey,draw,2,217,211
1410196,2024,1,2024-04-05,"Trent Bridge, Nottingham",Nottingham,Nottinghamshire,Essex,1.0,Essex,Nottinghamshire,Essex,4,1000,944
1410197,2024,1,2024-04-05,"Edgbaston, Birmingham",Birmingham,Warwickshire,Worcestershire,1.0,Worcestershire,Warwickshire,draw,3,988,938
1410198,2024,1,2024-04-12,"County Ground, Chelmsford",Chelmsford,Essex,Kent,1.0,Essex,Kent,draw,4,1364,1285
1410199,2024,1,2024-04-12,"The Rose Bowl, Southampton",Southampton,Hampshire,Lancashire,1.0,Hampshire,Lancashire,draw,3,1030,977
1410200,2024,1,2024-04-12,"Trent Bridge, Nottingham",Nottingham,Nottinghamshire,Worcestershire,1.0,Nottinghamshire,Worcestershire,draw,3,905,849
1410201,2024,1,2024-04-12,"Kennington Oval, London",London,Surrey,Somerset,1.0,Somerset,Surrey,draw,4,1187,1146
1410202,2024,1,2024-04-12,"Edgbaston, Birmingham",Birmingham,Warwickshire,Durham,1.0,Warwickshire,Durham,draw,3,1508,1458
1410203,2024,1,2024-04-19,"County Ground, Chelmsford",Chelmsford,Essex,Lancashire,1.0,Lancashire,Essex,Essex,3,630,604
1410204,2024,1,2024-04-19,"The Rose Bowl, Southampton",Southampton,Hampshire,Warwickshire,1.0,Warwickshire,Hampshire,draw,3,1025,977
1410205,2024,1,2024-04-19,"St Lawrence Ground, Canterbury",Canterbury,Kent,Surrey,1.0,Kent,Surrey,Surrey,3,1049,1005
1410206,2024,1,2024-04-19,"The Cooper Associates County Ground, Taunton",Taunton,Somerset,Nottinghamshire,1.0,Nottinghamshire,Somerset,draw,3,1087,1043
1410207,2024,1,2024-04-19,"Chester Road North Ground, Kidderminster",Kidderminster,Worcestershire,Durham,1.0,Durham,Worcestershire,Durham,4,1097,1016
1410208,2024,1,2024-04-26,"Riverside Ground, Chester-le-Street",Chester-le-Street,Durham,Essex,1.0,Durham,Essex,draw,3,977,912
1410209,2024,1,2024-04-26,"Kennington Oval, London",London,Surrey,Hampshire,1.0,Hampshire,Surrey,Surrey,3,707,650
1410210,2024,1,2024-04-26,"Edgbaston, Birmingham",Birmingham,Warwickshire,Nottinghamshire,1.0,Nottinghamshire,Warwickshire,draw,3,836,810
1410211,2024,1,2024-04-26,"Chester Road North Ground, Kidderminster",Kidderminster,Worcestershire,Somerset,1.0,Somerset,Worcestershire,draw,3,950,887
1410212,2024,1,2024-05-03,"Old Trafford, Manchester",Manchester,Lancashire,Kent,1.0,Kent,Lancashire,Kent,4,851,761
1410213,2024,1,2024-05-03,"The Cooper Associates County Ground, Taunton",Taunton,Somerset,Essex,1.0,Essex,Somerset,Somerset,4,592,532
1410214,2024,1,2024-05-10,"The Rose Bowl, Southampton",Southampton,Hampshire,Durham,1.0,Hampshire,Durham,draw,3,997,949
1410215,2024,1,2024-05-10,"St Lawrence Ground, Canterbury",Canterbury,Kent,Worcestershire,1.0,Worcestershire,Kent,draw,3,1171,1084
1410216,2024,1,2024-05-10,"Trent Bridge, Nottingham",Nottingham,Nottinghamshire,Lancashire,1.0,Lancashire,Nottinghamshire,Nottinghamshire,4,1167,1106
1410217,2024,1,2024-05-10,"Kennington Oval, London",London,Surrey,Warwickshire,1.0,Warwickshire,Surrey,Surrey,4,1105,1012
1410218,2024,1,2024-05-17,"County Ground, Chelmsford",Chelmsford,Essex,Warwickshire,1.0,Warwickshire,Essex,Essex,4,984,927
1410219,2024,1,2024-05-17,"Stanley Park, Blackpool",Blackpool,Lancashire,Durham,1.0,Lancashire,Durham,Lancashire,4,1360,1275
1410220,2024,1,2024-05-17,"Trent Bridge, Nottingham",Nottingham,Nottinghamshire,Hampshire,1.0,Nottinghamshire,Hampshire,Hampshire,4,891,830
1410221,2024,1,2024-05-17,"The Cooper Associates County Ground, Taunton",Taunton,Somerset,Kent,1.0,Somerset,Kent,Somerset,4,1490,1420
1410222,2024,1,2024-05-17,"Kennington Oval, London",London,Surrey,Worcestershire,1.0,Surrey,Worcestershire,Surrey,4,999,955
1410223,2024,1,2024-05-24,"Riverside Ground, Chester-le-Street",Chester-le-Street,Durham,Somerset,1.0,Somerset,Durham,Durham,3,524,492
1410224,2024,1,2024-05-24,"The Rose Bowl, Southampton",Southampton,Hampshire,Surrey,1.0,Surrey,Hampshire,Hampshire,3,938,900
1410225,2024,1,2024-05-24,"St Lawrence Ground, Canterbury",Canterbury,Kent,Essex,1.0,Essex,Kent,Essex,3,1086,1030
1410226,2024,1,2024-05-24,"Old Trafford, Manchester",Manchester,Lancashire,Warwickshire,1.0,Warwickshire,Lancashire,draw,4,618,574
1410227,2024,1,2024-05-24,"County Ground, New Road, Worcester",Worcester,Worcestershire,Nottinghamshire,1.0,Worcestershire,Nottinghamshire,draw,2,314,288
1410228,2024,1,2024-06-23,"County Ground, Chelmsford",Chelmsford,Essex,Durham,1.0,Durham,Essex,draw,4,1318,1264
1410229,2024,1,2024-06-23,"St Lawrence Ground, Canterbury",Canterbury,Kent,Lancashire,1.0,Kent,Lancashire,Lancashire,3,1015,921
1410230,2024,1,2024-06-23,"Trent Bridge, Nottingham",Nottingham,Nottinghamshire,Somerset,1.0,Nottinghamshire,Somerset,draw,3,1255,1167
1410231,2024,1,2024-06-23,"Edgbaston, Birmingham",Birmingham,Warwickshire,Hampshire,1.0,Hampshire,Warwickshire,draw,4,1326,1260
1410232,2024,1,2024-06-23,"County Ground, New Road, Worcester",Worcester,Worcestershire,Surrey,1.0,Surrey,Worcestershire,Surrey,3,975,910
1410233,2024,1,2024-06-30,"Riverside Ground, Chester-le-Street",Chester-le-Street,Durham,Worcestershire,1.0,Durham,Worcestershire,Worcestershire,4,685,620
1410234,2024,1,2024-06-30,"The Rose Bowl, Southampton",Southampton,Hampshire,Kent,1.0,Hampshire,Kent,Hampshire,4,1368,1286
1410235,2024,1,2024-06-30,"Trafalgar Road Ground, Southport",Southport,Lancashire,Nottinghamshire,1.0,Lancashire,Nottinghamshire,draw,3,749,685
1410236,2024,1,2024-06-30,"The Cooper Associates County Ground, Taunton",Taunton,Somerset,Warwickshire,1.0,Warwickshire,Somerset,Somerset,4,1390,1345
1410237,2024,1,2024-06-30,"Kennington Oval, London",London,Surrey,Essex,1.0,Surrey,Essex,Surrey,4,935,878
1410238,2024,1,2024-08-22,"Riverside Ground, Chester-le-Street",Chester-le-Street,Durham,Nottinghamshire,1.0,Durham,Nottinghamshire,Durham,3,1045,990
1410239,2024,1,2024-08-22,"The Rose Bowl, Southampton",Southampton,Hampshire,Essex,1.0,Essex,Hampshire,draw,2,862,842
1410240,2024,1,2024-08-22,"Kennington Oval, London",London,Surrey,Lancashire,1.0,Lancashire,Surrey,Surrey,3,825,777
1410241,2024,1,2024-08-22,"Edgbaston, Birmingham",Birmingham,Warwickshire,Somerset,1.0,Warwickshire,Somerset,draw,4,1052,997
1410242,2024,1,2024-08-22,"County Ground, New Road, Worcester",Worcester,Worcestershire,Kent,1.0,Kent,Worcestershire,Worcestershire,4,1096,1032
1410243,2024,1,2024-08-29,"County Ground, Chelmsford",Chelmsford,Essex,Worcestershire,1.0,Worcestershire,Essex,Worcestershire,4,1131,1076
1410244,2024,1,2024-08-29,"Old Trafford, Manchester",Manchester,Lancashire,Hampshire,1.0,Hampshire,Lancashire,Hampshire,3,741,694
1410245,2024,1,2024-08-29,"Trent Bridge, Nottingham",Nottingham,Nottinghamshire,Surrey,1.0,Surrey,Nottinghamshire,draw,4,1228,1186
1410246,2024,1,2024-08-29,"The Cooper Associates County Ground, Taunton",Taunton,Somerset,Durham,1.0,Somerset,Durham,Somerset,4,1217,1168
1410247,2024,1,2024-08-29,"Edgbaston, Birmingham",Birmingham,Warwickshire,Kent,1.0,Kent,Warwickshire,Warwickshire,3,819,780
1410248,2024,1,2024-09-09,"Riverside Ground, Chester-le-Street",Chester-le-Street,Durham,Lancashire,1.0,Lancashire,Durham,Durham,3,1083,1039
1410249,2024,1,2024-09-09,"County Ground, Chelmsford",Chelmsford,Essex,Nottinghamshire,1.0,Essex,Nottinghamshire,Essex,3,831,766
1410250,2024,1,2024-09-09,"St Lawrence Ground, Canterbury",Canterbury,Kent,Hampshire,1.0,Hampshire,Kent,draw,4,972,911
1410251,2024,1,2024-09-09,"The Cooper Associates County Ground, Taunton",Taunton,Somerset,Surrey,1.0,Somerset,Surrey,Somerset,4,971,924
1410252,2024,1,2024-09-09,"County Ground, New Road, Worcester",Worcester,Worcestershire,Warwickshire,1.0,Worcestershire,Warwickshire,draw,3,687,659
1410253,2024,1,2024-09-17,"The Rose Bowl, Southampton",Southampton,Hampshire,Worcestershire,1.0,Hampshire,Worcestershire,Hampshire,4,1097,1027
1410254,2024,1,2024-09-17,"St Lawrence Ground, Canterbury",Canterbury,Kent,Nottinghamshire,1.0,Nottinghamshire,Kent,Nottinghamshire,4,916,811
1410255,2024,1,2024-09-17,"Old Trafford, Manchester",Manchester,Lancashire,Somerset,1.0,Lancashire,Somerset,Lancashire,4,908,821
1410256,2024,1,2024-09-17,"Kennington Oval, London",London,Surrey,Durham,1.0,Durham,Surrey,Surrey,4,879,787
1410257,2024,1,2024-09-17,"Edgbaston, Birmingham",Birmingham,Warwickshire,Essex,1.0,Warwickshire,Essex,Essex,3,424,411
1410258,2024,1,2024-09-26,"Riverside Ground, Chester-le-Street",Chester-le-Street,Durham,Kent,1.0,Durham,Kent,draw,2,713,680
1410259,2024,1,2024-09-26,"County Ground, Chelmsford",Chelmsford,Essex,Surrey,1.0,Essex,Surrey,draw,2,775,736
1410260,2024,1,2024-09-26,"Trent Bridge, Nottingham",Nottingham,Nottinghamshire,Warwickshire,1.0,Nottinghamshire,Warwickshire,draw,2,860,804
1410261,2024,1,2024-09-26,"The Cooper Associates County Ground, Taunton",Taunton,Somerset,Hampshire,1.0,Somerset,Hampshire,Hampshire,4,633,615
1410262,2024,1,2024-09-26,"County Ground, New Road, Worcester",Worcester,Worcestershire,Lancashire,1.0,Worcestershire,Lancashire,draw,3,580,532
1410264,2024,2,2024-04-05,"Lord's, London",London,Middlesex,Glamorgan,1.0,Glamorgan,Middlesex,draw,3,1306,1271
1410265,2024,2,2024-04-05,"County Ground, Hove",Brighton,Sussex,Northamptonshire,1.0,Northamptonshire,Sussex,draw,3,1019,960
1410266,2024,2,2024-04-05,"Headingley, Leeds",Leeds,Yorkshire,Leicestershire,1.0,Leicestershire,Yorkshire,draw,3,644,617
1410267,2024,2,2024-04-12,"Sophia Gardens, Cardiff",Cardiff,Glamorgan,Derbyshire,1.0,Glamorgan,Derbyshire,draw,4,1021,985
1410268,2024,2,2024-04-12,"County Ground, Bristol",Bristol,Gloucestershire,Yorkshire,1.0,Yorkshire,Gloucestershire,draw,4,1428,1393
1410269,2024,2,2024-04-12,"Grace Road, Leicester",Leicester,Leicestershire,Sussex,1.0,Leicestershire,Sussex,draw,3,1118,1057
1410270,2024,2,2024-04-12,"County Ground, Northampton",Northampton,Northamptonshire,Middlesex,1.0,Northamptonshire,Middlesex,draw,2,1105,1063
1410271,2024,2,2024-04-19,"County Ground, Derby",Derby,Derbyshire,Leicestershire,1.0,Leicestershire,Derbyshire,draw,3,965,927
1410272,2024,2,2024-04-19,"Lord's, London",London,Middlesex,Yorkshire,1.0,Yorkshire,Middlesex,Middlesex,4,807,763
1410273,2024,2,2024-04-19,"County Ground, Northampton",Northampton,Northamptonshire,Glamorgan,1.0,Glamorgan,Northamptonshire,draw,3,980,937
1410274,2024,2,2024-04-19,"County Ground, Hove",Brighton,Sussex,Gloucestershire,1.0,Gloucestershire,Sussex,Sussex,4,1245,1163
1410275,2024,2,2024-04-26,"County Ground, Bristol",Bristol,Gloucestershire,Middlesex,1.0,Middlesex,Gloucestershire,draw,4,1101,1021
1410276,2024,2,2024-04-26,"Grace Road, Leicester",Leicester,Leicestershire,Northamptonshire,1.0,Northamptonshire,Leicestershire,draw,2,905,865
1410277,2024,2,2024-04-26,"Headingley, Leeds",Leeds,Yorkshire,Derbyshire,1.0,Yorkshire,Derbyshire,draw,3,956,901
1410278,2024,2,2024-05-03,"County Ground, Derby",Derby,Derbyshire,Sussex,1.0,Derbyshire,Sussex,Sussex,3,834,784
1410279,2024,2,2024-05-03,"Lord's, London",London,Middlesex,Leicestershire,1.0,Leicestershire,Middlesex,draw,2,713,685
1410280,2024,2,2024-05-03,"Headingley, Leeds",Leeds,Yorkshire,Glamorgan,1.0,Glamorgan,Yorkshire,draw,3,1112,1078
1410281,2024,2,2024-05-10,"Sophia Gardens, Cardiff",Cardiff,Glamorgan,Sussex,1.0,Sussex,Glamorgan,Glamorgan,4,935,915
1410282,2024,2,2024-05-10,"County Ground, Northampton",Northampton,Northamptonshire,Gloucestershire,1.0,Gloucestershire,Northamptonshire,Gloucestershire,4,1200,1150
1410283,2024,2,2024-05-17,"County Ground, Derby",Derby,Derbyshire,Northamptonshire,1.0,Northamptonshire,Derbyshire,draw,4,1355,1258
1410284,2024,2,2024-05-17,"Sophia Gardens, Cardiff",Cardiff,Glamorgan,Middlesex,1.0,Glamorgan,Middlesex,Middlesex,4,1111,1023
1410285,2024,2,2024-05-17,"Grace Road, Leicester",Leicester,Leicestershire,Gloucestershire,1.0,Gloucestershire,Leicestershire,draw,3,1454,1329
1410286,2024,2,2024-05-17,"County Ground, Hove",Brighton,Sussex,Yorkshire,1.0,Sussex,Yorkshire,Sussex,4,733,667
1410287,2024,2,2024-05-24,"County Ground, Bristol",Bristol,Gloucestershire,Derbyshire,1.0,Derbyshire,Gloucestershire,draw,3,1222,1149
1410288,2024,2,2024-05-24,"Grace Road, Leicester",Leicester,Leicestershire,Glamorgan,1.0,Glamorgan,Leicestershire,draw,3,887,844
1410289,2024,2,2024-05-24,"Lord's, London",London,Middlesex,Sussex,1.0,Sussex,Middlesex,draw,2,1167,1117
1410290,2024,2,2024-05-24,"County Ground, Northampton",Northampton,Northamptonshire,Yorkshire,1.0,Yorkshire,Northamptonshire,draw,4,1177,1074
1410291,2024,2,2024-06-23,"Sophia Gardens, Cardiff",Cardiff,Glamorgan,Northamptonshire,1.0,Northamptonshire,Glamorgan,draw,4,1448,1356
1410292,2024,2,2024-06-23,"Lord's, London",London,Middlesex,Derbyshire,1.0,Middlesex,Derbyshire,Middlesex,4,1276,1181
1410293,2024,2,2024-06-23,"County Ground, Hove",Brighton,Sussex,Leicestershire,1.0,Sussex,Leicestershire,Sussex,4,1458,1347
1410294,2024,2,2024-06-23,"North Marine Road Ground, Scarborough",Scarborough,Yorkshire,Gloucestershire,1.0,Yorkshire,Gloucestershire,Yorkshire,3,890,849
1410295,2024,2,2024-06-30,"Queen's Park, Chesterfield",Chesterfield,Derbyshire,Yorkshire,1.0,Derbyshire,Yorkshire,Yorkshire,3,698,666
1410296,2024,2,2024-06-30,"College Ground, Cheltenham",Cheltenham,Gloucestershire,Glamorgan,1.0,Gloucestershire,Glamorgan,tie,4,1578,1450
1410297,2024,2,2024-06-30,"Grace Road, Leicester",Leicester,Leicestershire,Middlesex,1.0,Leicestershire,Middlesex,Leicestershire,4,979,891
1410298,2024,2,2024-06-30,"County Ground, Northampton",Northampton,Northamptonshire,Sussex,1.0,Sussex,Northamptonshire,Sussex,4,697,667
1410299,2024,2,2024-08-22,"County Ground, Derby",Derby,Derbyshire,Glamorgan,1.0,Glamorgan,Derbyshire,Derbyshire,4,911,826
1410300,2024,2,2024-08-22,"County Ground, Bristol",Bristol,Gloucestershire,Leicestershire,1.0,Leicestershire,Gloucestershire,draw,3,1250,1177
1410301,2024,2,2024-08-22,"Merchant Taylors' School Ground, Northwood",Northwood,Middlesex,Northamptonshire,1.0,Northamptonshire,Middlesex,Middlesex,4,752,700
1410302,2024,2,2024-08-22,"North Marine Road Ground, Scarborough",Scarborough,Yorkshire,Sussex,1.0,Sussex,Yorkshire,Yorkshire,4,857,819
1410303,2024,2,2024-08-29,"Sophia Gardens, Cardiff",Cardiff,Glamorgan,Leicestershire,1.0,Leicestershire,Glamorgan,draw,3,1170,1107
1410304,2024,2,2024-08-29,"County Ground, Bristol",Bristol,Gloucestershire,Northamptonshire,1.0,Gloucestershire,Northamptonshire,draw,2,241,228
1410305,2024,2,2024-08-29,"County Ground, Hove",Brighton,Sussex,Derbyshire,1.0,Sussex,Derbyshire,Sussex,3,1155,1110
1410306,2024,2,2024-08-29,"Headingley, Leeds",Leeds,Yorkshire,Middlesex,1.0,Yorkshire,Middlesex,draw,3,1273,1212
1410307,2024,2,2024-09-09,"Grace Road, Leicester",Leicester,Leicestershire,Yorkshire,1.0,Leicestershire,Yorkshire,Yorkshire,3,686,659
1410308,2024,2,2024-09-09,"Lord's, London",London,Middlesex,Gloucestershire,1.0,Middlesex,Gloucestershire,Gloucestershire,4,1087,999
1410309,2024,2,2024-09-09,"County Ground, Northampton",Northampton,Northamptonshire,Derbyshire,1.0,Northamptonshire,Derbyshire,Northamptonshire,4,727,696
1410310,2024,2,2024-09-09,"County Ground, Hove",Brighton,Sussex,Glamorgan,1.0,Glamorgan,Sussex,Sussex,3,895,861
1410311,2024,2,2024-09-17,"County Ground, Derby",Derby,Derbyshire,Middlesex,1.0,Derbyshire,Middlesex,Middlesex,3,650,598
1410312,2024,2,2024-09-17,"Sophia Gardens, Cardiff",Cardiff,Glamorgan,Yorkshire,1.0,Yorkshire,Glamorgan,Yorkshire,4,1082,1022
1410313,2024,2,2024-09-17,"County Ground, Bristol",Bristol,Gloucestershire,Sussex,1.0,Gloucestershire,Sussex,Sussex,3,615,593
1410314,2024,2,2024-09-17,"County Ground, Northampton",Northampton,Northamptonshire,Leicestershire,1.0,Leicestershire,Northamptonshire,Northamptonshire,4,1039,996
1410315,2024,2,2024-09-26,"Sophia Gardens, Cardiff",Cardiff,Glamorgan,Gloucestershire,1.0,Glamorgan,Gloucestershire,Glamorgan,4,570,540
1410316,2024,2,2024-09-26,"Grace Road, Leicester",Leicester,Leicestershire,Derbyshire,1.0,Leicestershire,Derbyshire,draw,2,532,517
1410317,2024,2,2024-09-26,"County Ground, Hove",Brighton,Sussex,Middlesex,1.0,Middlesex,Sussex,draw,2,730,681
1410318,2024,2,2024-09-26,"Headingley, Leeds",Leeds,Yorkshire,Northamptonshire,1.0,Northamptonshire,Yorkshire,draw,3,944,914
1461824,2025,1,2025-04-04,"County Ground, Chelmsford",Chelmsford,Essex,Surrey,1.0,Essex,Surrey,draw,3,1166,1104
1461825,2025,1,2025-04-04,"The Rose Bowl, Southampton",Southampton,Hampshire,Yorkshire,1.0,Yorkshire,Hampshire,Hampshire,4,793,736
1461826,2025,1,2025-04-04,"The Cooper Associates County Ground, Taunton",Taunton,Somerset,Worcestershire,1.0,Worcestershire,Somerset,draw,3,1309,1240
1461827,2025,1,2025-04-04,"Edgbaston, Birmingham",Birmingham,Warwickshire,Sussex,1.0,Sussex,Warwickshire,draw,4,1399,1307
1461828,2025,1,2025-04-04,"Trent Bridge, Nottingham",Nottingham,Nottinghamshire,Durham,1.0,Durham,Nottinghamshire,Nottinghamshire,4,1335,1238
1461829,2025,1,2025-04-11,"Riverside Ground, Chester-le-Street",Chester-le-Street,Durham,Warwickshire,1.0,Durham,Warwickshire,Warwickshire,4,1332,1265
1461830,2025,1,2025-04-11,"Trent Bridge, Nottingham",Nottingham,Nottinghamshire,Essex,1.0,Nottinghamshire,Essex,draw,4,1205,1124
1461831,2025,1,2025-04-11,"Kennington Oval, London",London,Surrey,Hampshire,1.0,Surrey,Hampshire,draw,4,1114,1044
1461832,2025,1,2025-04-11,"County Ground, Hove",Brighton,Sussex,Somerset,1.0,Sussex,Somerset,Sussex,4,1330,1255
1461833,2025,1,2025-04-11,"Headingley, Leeds",Leeds,Yorkshire,Worcestershire,1.0,Yorkshire,Worcestershire,Yorkshire,4,1038,980
1461834,2025,1,2025-04-18,"County Ground, Hove",Brighton,Sussex,Surrey,1.0,Sussex,Surrey,draw,3,1057,973
1461835,2025,1,2025-04-18,"Riverside Ground, Chester-le-Street",Chester-le-Street,Durham,Yorkshire,1.0,Yorkshire,Durham,draw,3,1011,955
1461836,2025,1,2025-04-18,"County Ground, Chelmsford",Chelmsford,Essex,Worcestershire,1.0,Essex,Worcestershire,Essex,4,964,897
1461837,2025,1,2025-04-18,"The Rose Bowl, Southampton",Southampton,Hampshire,Somerset,1.0,Somerset,Hampshire,draw,3,683,642
1461838,2025,1,2025-04-18,"Edgbaston, Birmingham",Birmingham,Warwickshire,Nottinghamshire,1.0,Warwickshire,Nottinghamshire,draw,3,641,587
1461839,2025,1,2025-04-25,"Trent Bridge, Nottingham",Nottingham,Nottinghamshire,Sussex,1.0,Sussex,Nottinghamshire,Nottinghamshire,4,895,824
1461840,2025,1,2025-04-25,"Kennington Oval, London",London,Surrey,Somerset,1.0,Somerset,Surrey,Surrey,4,805,733
1461841,2025,1,2025-04-25,"County Ground, New Road, Worcester",Worcester,Worcestershire,Durham,1.0,Worcestershire,Durham,Durham,4,487,448
1461842,2025,1,2025-05-02,"Headingley, Leeds",Leeds,Yorkshire,Warwickshire,1.0,Yorkshire,Warwickshire,Warwickshire,4,876,800
1461843,2025,1,2025-05-02,"The Rose Bowl, Southampton",Southampton,Hampshire,Durham,1.0,Durham,Hampshire,draw,3,1042,975
1461844,2025,1,2025-05-02,"The Cooper Associates County Ground, Taunton",Taunton,Somerset,Essex,1.0,Essex,Somerset,Somerset,4,935,843
1461845,2025,1,2025-05-09,"County Ground, Chelmsford",Chelmsford,Essex,Yorkshire,1.0,Yorkshire,Essex,draw,4,1038,968
1461846,2025,1,2025-05-09,"Edgbaston, Birmingham",Birmingham,Warwickshire,Surrey,1.0,Warwickshire,Surrey,draw,3,1184,1103
1461847,2025,1,2025-05-09,"Trent Bridge, Nottingham",Nottingham,Nottinghamshire,Hampshire,1.0,Nottinghamshire,Hampshire,Nottinghamshire,4,990,942
1461848,2025,1,2025-05-09,"County Ground, Hove",Brighton,Sussex,Worcestershire,1.0,Sussex,Worcestershire,Sussex,4,1033,980
1461849,2025,1,2025-05-16,"Riverside Ground, Chester-le-Street",Chester-le-Street,Durham,Nottinghamshire,1.0,Nottinghamshire,Durham,Durham,4,1510,1410
1461850,2025,1,2025-05-16,"The Cooper Associates County Ground, Taunton",Taunton,Somerset,Sussex,1.0,Somerset,Sussex,Somerset,4,975,899
1461851,2025,1,2025-05-16,"Kennington Oval, London",London,Surrey,Yorkshire,1.0,Yorkshire,Surrey,Surrey,3,996,918
1461852,2025,1,2025-05-16,"Edgbaston, Birmingham",Birmingham,Warwickshire,Hampshire,1.0,Hampshire,Warwickshire,Hampshire,4,917,876
1461853,2025,1,2025-05-16,"County Ground, New Road, Worcester",Worcester,Worcestershire,Essex,1.0,Worcestershire,Essex,Worcestershire,4,759,708
1461854,2025,1,2025-05-23,"Riverside Ground, Chester-le-Street",Chester-le-Street,Durham,Somerset,1.0,Durham,Somerset,Somerset,4,875,833
1461855,2025,1,2025-05-23,"The Rose Bowl, Southampton",Southampton,Hampshire,Sussex,1.0,Hampshire,Sussex,Sussex,4,639,596
1461856,2025,1,2025-05-23,"Kennington Oval, London",London,Surrey,Essex,1.0,Essex,Surrey,draw,4,1264,1210
1461857,2025,1,2025-05-23,"County Ground, New Road, Worcester",Worcester,Worcestershire,Warwickshire,1.0,Warwickshire,Worcestershire,draw,4,869,802
1461858,2025,1,2025-05-23,"Headingley, Leeds",Leeds,Yorkshire,Nottinghamshire,1.0,Nottinghamshire,Yorkshire,Nottinghamshire,4,1079,1010
1461859,2025,1,2025-06-22,"Riverside Ground, Chester-le-Street",Chester-le-Street,Durham,Sussex,1.0,Sussex,Durham,draw,3,1010,958
1461860,2025,1,2025-06-22,"County Ground, Chelmsford",Chelmsford,Essex,Hampshire,1.0,Essex,Hampshire,draw,3,1107,1076
1461861,2025,1,2025-06-22,"Edgbaston, Birmingham",Birmingham,Warwickshire,Somerset,1.0,Somerset,Warwickshire,draw,4,1239,1161
1461862,2025,1,2025-06-22,"County Ground, New Road, Worcester",Worcester,Worcestershire,Surrey,1.0,Worcestershire,Surrey,Surrey,4,683,642
1461863,2025,1,2025-06-22,"Trent Bridge, Nottingham",Nottingham,Nottinghamshire,Yorkshire,1.0,Nottinghamshire,Yorkshire,draw,3,1145,1088
1461864,2025,1,2025-06-29,York Cricket Club,York,Yorkshire,Essex,1.0,Essex,Yorkshire,Yorkshire,4,999,950
1461865,2025,1,2025-06-29,"Kennington Oval, London",London,Surrey,Durham,1.0,Surrey,Durham,draw,3,1444,1412
1461866,2025,1,2025-06-29,"The Cooper Associates County Ground, Taunton",Taunton,Somerset,Nottinghamshire,1.0,Somerset,Nottinghamshire,draw,3,1126,1086
1461867,2025,1,2025-06-29,"The Rose Bowl, Southampton",Southampton,Hampshire,Worcestershire,1.0,Worcestershire,Hampshire,draw,3,1194,1151
1461868,2025,1,2025-06-29,"County Ground, Hove",Brighton,Sussex,Warwickshire,1.0,Warwickshire,Sussex,draw,3,1208,1136
1461869,2025,1,2025-07-22,"The Cooper Associates County Ground, Taunton",Taunton,Somerset,Durham,1.0,Durham,Somerset,Somerset,4,674,649
1461870,2025,1,2025-07-22,"The Rose Bowl, Southampton",Southampton,Hampshire,Nottinghamshire,1.0,Nottinghamshire,Hampshire,draw,3,1140,1105
1461871,2025,1,2025-07-22,"County Ground, Hove",Brighton,Sussex,Essex,1.0,Sussex,Essex,Essex,3,969,903
1461872,2025,1,2025-07-22,"North Marine Road Ground, Scarborough",Scarborough,Yorkshire,Surrey,1.0,Yorkshire,Surrey,draw,3,1174,1133
1461873,2025,1,2025-07-22,"Edgbaston, Birmingham",Birmingham,Warwickshire,Worcestershire,1.0,Worcestershire,Warwickshire,Warwickshire,4,1156,1102
1461874,2025,1,2025-07-29,"Riverside Ground, Chester-le-Street",Chester-le-Street,Durham,Surrey,1.0,Durham,Surrey,Surrey,4,995,950
1461875,2025,1,2025-07-29,"County Ground, Chelmsford",Chelmsford,Essex,Warwickshire,1.0,Essex,Warwickshire,draw,3,1183,1123
1461876,2025,1,2025-07-29,"North Marine Road Ground, Scarborough",Scarborough,Yorkshire,Sussex,1.0,Sussex,Yorkshire,Yorkshire,3,962,926
1461877,2025,1,2025-07-29,"County Ground, New Road, Worcester",Worcester,Worcestershire,Hampshire,1.0,Hampshire,Worcestershire,draw,4,1158,1137
1461878,2025,1,2025-07-29,"Trent Bridge, Nottingham",Nottingham,Nottinghamshire,Somerset,1.0,Somerset,Nottinghamshire,draw,3,1182,1143
1461879,2025,1,2025-09-08,"County Ground, Chelmsford",Chelmsford,Essex,Durham,1.0,Durham,Essex,draw,3,963,939
1461880,2025,1,2025-09-08,"The Cooper Associates County Ground, Taunton",Taunton,Somerset,Yorkshire,1.0,Somerset,Yorkshire,draw,2,575,527
1461881,2025,1,2025-09-08,"Kennington Oval, London",London,Surrey,Warwickshire,1.0,Surrey,Warwickshire,draw,4,990,933
1461882,2025,1,2025-09-08,"County Ground, Hove",Brighton,Sussex,Hampshire,1.0,Hampshire,Sussex,draw,4,605,567
1461883,2025,1,2025-09-08,"County Ground, New Road, Worcester",Worcester,Worcestershire,Nottinghamshire,1.0,Worcestershire,Nottinghamshire,Nottinghamshire,4,685,656
1461884,2025,1,2025-09-15,"Edgbaston, Birmingham",Birmingham,Warwickshire,Essex,1.0,Essex,Warwickshire,draw,1,325,315
1461885,2025,1,2025-09-15,"Riverside Ground, Chester-le-Street",Chester-le-Street,Durham,Worcestershire,1.0,Worcestershire,Durham,draw,2,1041,1014
1461886,2025,1,2025-09-15,"County Ground, Hove",Brighton,Sussex,Yorkshire,1.0,Yorkshire,Sussex,draw,3,553,504
1461887,2025,1,2025-09-15,"Kennington Oval, London",London,Surrey,Nottinghamshire,1.0,Nottinghamshire,Surrey,Nottinghamshire,4,954,866
1461888,2025,1,2025-09-15,"The Cooper Associates County Ground, Taunton",Taunton,Somerset,Hampshire,1.0,Somerset,Hampshire,draw,3,827,801
1461889,2025,1,2025-09-24,"County Ground, Chelmsford",Chelmsford,Essex,Somerset,1.0,Somerset,Essex,Essex,4,1069,1006
1461890,2025,1,2025-09-24,"Trent Bridge, Nottingham",Nottingham,Nottinghamshire,Warwickshire,1.0,Warwickshire,Nottinghamshire,Nottinghamshire,4,785,762
1461891,2025,1,2025-09-24,"The Rose Bowl, Southampton",Southampton,Hampshire,Surrey,1.0,Surrey,Hampshire,Surrey,4,836,802
1461892,2025,1,2025-09-24,"County Ground, New Road, Worcester",Worcester,Worcestershire,Sussex,1.0,Worcestershire,Sussex,Sussex,4,823,784
1461893,2025,1,2025-09-24,"Headingley, Leeds",Leeds,Yorkshire,Durham,1.0,Durham,Yorkshire,Yorkshire,3,906,879
1461894,2025,2,2025-04-04,"County Ground, Northampton",Northampton,Northamptonshire,Kent,1.0,Kent,Northamptonshire,Kent,4,659,594
1461895,2025,2,2025-04-04,"County Ground, Derby",Derby,Derbyshire,Gloucestershire,1.0,Gloucestershire,Derbyshire,Derbyshire,4,965,906
1461896,2025,2,2025-04-04,"Lord's, London",London,Middlesex,Lancashire,1.0,Middlesex,Lancashire,draw,4,1288,1169
1461897,2025,2,2025-04-04,"Sophia Gardens, Cardiff",Cardiff,Glamorgan,Leicestershire,1.0,Glamorgan,Leicestershire,Leicestershire,4,957,880
1461898,2025,2,2025-04-11,"St Lawrence Ground, Canterbury",Canterbury,Kent,Middlesex,1.0,Middlesex,Kent,Kent,4,1067,1012
1461899,2025,2,2025-04-11,"Old Trafford, Manchester",Manchester,Lancashire,Northamptonshire,1.0,Northamptonshire,Lancashire,draw,3,1075,1018
1461900,2025,2,2025-04-11,"Grace Road, Leicester",Leicester,Leicestershire,Derbyshire,1.0,Leicestershire,Derbyshire,draw,4,1539,1436
1461901,2025,2,2025-04-11,"County Ground, Bristol",Bristol,Gloucestershire,Glamorgan,1.0,Gloucestershire,Glamorgan,draw,3,1219,1107
1461902,2025,2,2025-04-18,"Old Trafford, Manchester",Manchester,Lancashire,Leicestershire,1.0,Lancashire,Leicestershire,draw,3,844,815
1461903,2025,2,2025-04-18,"Lord's, London",London,Middlesex,Glamorgan,1.0,Glamorgan,Middlesex,Middlesex,4,1057,1013
1461904,2025,2,2025-04-18,"St Lawrence Ground, Canterbury",Canterbury,Kent,Gloucestershire,1.0,Gloucestershire,Kent,draw,4,1322,1238
1461905,2025,2,2025-04-18,"County Ground, Derby",Derby,Derbyshire,Northamptonshire,1.0,Derbyshire,Northamptonshire,draw,3,1009,973
1461906,2025,2,2025-04-25,"County Ground, Bristol",Bristol,Gloucestershire,Leicestershire,1.0,Gloucestershire,Leicestershire,Leicestershire,4,812,721
1461907,2025,2,2025-04-25,"County Ground, Derby",Derby,Derbyshire,Middlesex,1.0,Derbyshire,Middlesex,draw,3,1094,1051
1461908,2025,2,2025-05-02,"Grace Road, Leicester",Leicester,Leicestershire,Northamptonshire,1.0,Leicestershire,Northamptonshire,Leicestershire,4,826,738
1461909,2025,2,2025-05-02,"Lord's, London",London,Middlesex,Kent,1.0,Kent,Middlesex,Middlesex,4,1206,1135
1461910,2025,2,2025-05-02,"Old Trafford, Manchester",Manchester,Lancashire,Gloucestershire,1.0,Lancashire,Gloucestershire,draw,3,1294,1189
1461911,2025,2,2025-05-02,"Sophia Gardens, Cardiff",Cardiff,Glamorgan,Derbyshire,1.0,Glamorgan,Derbyshire,draw,4,1345,1261
1461912,2025,2,2025-05-09,"County Ground, Northampton",Northampton,Northamptonshire,Lancashire,1.0,Northamptonshire,Lancashire,Northamptonshire,4,952,860
1461913,2025,2,2025-05-09,"St Lawrence Ground, Canterbury",Canterbury,Kent,Glamorgan,1.0,Glamorgan,Kent,Glamorgan,3,937,882
1461914,2025,2,2025-05-16,"County Ground, Bristol",Bristol,Gloucestershire,Kent,1.0,Kent,Gloucestershire,Gloucestershire,4,1355,1263
1461915,2025,2,2025-05-16,"Old Trafford, Manchester",Manchester,Lancashire,Derbyshire,1.0,Lancashire,Derbyshire,draw,4,1176,1120
1461916,2025,2,2025-05-16,"Lord's, London",London,Middlesex,Leicestershire,1.0,Middlesex,Leicestershire,Leicestershire,4,751,699
1461917,2025,2,2025-05-16,"Sophia Gardens, Cardiff",Cardiff,Glamorgan,Northamptonshire,1.0,Northamptonshire,Glamorgan,Glamorgan,4,979,880
1461918,2025,2,2025-05-23,"Sophia Gardens, Cardiff",Cardiff,Glamorgan,Middlesex,1.0,Glamorgan,Middlesex,Glamorgan,4,781,752
1461919,2025,2,2025-05-23,"Grace Road, Leicester",Leicester,Leicestershire,Lancashire,1.0,Lancashire,Leicestershire,Leicestershire,3,911,825
1461920,2025,2,2025-05-23,"County Ground, Northampton",Northampton,Northamptonshire,Gloucestershire,1.0,Northamptonshire,Gloucestershire,draw,4,1321,1247
1461921,2025,2,2025-05-23,"County Ground, Derby",Derby,Derbyshire,Kent,1.0,Derbyshire,Kent,Derbyshire,3,1160,1079
1461922,2025,2,2025-06-22,"County Ground, Northampton",Northampton,Northamptonshire,Middlesex,1.0,Middlesex,Northamptonshire,Northamptonshire,4,1493,1421
1461923,2025,2,2025-06-22,"Grace Road, Leicester",Leicester,Leicestershire,Glamorgan,1.0,Glamorgan,Leicestershire,draw,3,1271,1222
1461924,2025,2,2025-06-22,"County Ground, Bristol",Bristol,Gloucestershire,Derbyshire,1.0,Gloucestershire,Derbyshire,draw,4,1407,1357
1461925,2025,2,2025-06-22,"Stanley Park, Blackpool",Blackpool,Lancashire,Kent,1.0,Kent,Lancashire,draw,3,1341,1267
1461926,2025,2,2025-06-29,"Grace Road, Leicester",Leicester,Leicestershire,Middlesex,1.0,Middlesex,Leicestershire,Middlesex,3,941,874
1461927,2025,2,2025-06-29,"St Lawrence Ground, Canterbury",Canterbury,Kent,Northamptonshire,1.0,Kent,Northamptonshire,draw,3,1448,1384
1461928,2025,2,2025-06-29,"Queen's Park, Chesterfield",Chesterfield,Derbyshire,Lancashire,1.0,Lancashire,Derbyshire,Lancashire,4,1285,1232
1461929,2025,2,2025-06-29,"Sophia Gardens, Cardiff",Cardiff,Glamorgan,Gloucestershire,1.0,Gloucestershire,Glamorgan,draw,3,1163,1115
1461930,2025,2,2025-07-22,"Sophia Gardens, Cardiff",Cardiff,Glamorgan,Kent,1.0,Kent,Glamorgan,Glamorgan,4,1031,960
1461931,2025,2,2025-07-22,"Merchant Taylors' School Ground, Northwood",Northwood,Middlesex,Northamptonshire,1.0,Middlesex,Northamptonshire,Middlesex,3,1143,1047
1461932,2025,2,2025-07-22,"County Ground, Derby",Derby,Derbyshire,Leicestershire,1.0,Leicestershire,Derbyshire,Leicestershire,4,1079,1025
1461933,2025,2,2025-07-22,"College Ground, Cheltenham",Cheltenham,Gloucestershire,Lancashire,1.0,Lancashire,Gloucestershire,Lancashire,4,1334,1295
1461934,2025,2,2025-07-29,"County Ground, Northampton",Northampton,Northamptonshire,Derbyshire,1.0,Derbyshire,Northamptonshire,draw,3,1112,1035
1461935,2025,2,2025-07-29,"College Ground, Cheltenham",Cheltenham,Gloucestershire,Middlesex,1.0,Middlesex,Gloucestershire,draw,2,849,818
1461936,2025,2,2025-07-29,"Old Trafford, Manchester",Manchester,Lancashire,Glamorgan,1.0,Glamorgan,Lancashire,Glamorgan,4,1064,998
1461937,2025,2,2025-07-29,"St Lawrence Ground, Canterbury",Canterbury,Kent,Leicestershire,1.0,Leicestershire,Kent,draw,2,916,888
1461938,2025,2,2025-09-08,"Grace Road, Leicester",Leicester,Leicestershire,Gloucestershire,1.0,Gloucestershire,Leicestershire,draw,4,1092,999
1461939,2025,2,2025-09-08,"Lord's, London",London,Middlesex,Derbyshire,1.0,Derbyshire,Middlesex,draw,3,734,704
1461940,2025,2,2025-09-08,"County Ground, Northampton",Northampton,Northamptonshire,Glamorgan,1.0,Glamorgan,Northamptonshire,draw,3,1121,1063
1461941,2025,2,2025-09-08,"St Lawrence Ground, Canterbury",Canterbury,Kent,Lancashire,1.0,Kent,Lancashire,draw,4,1008,906
1461942,2025,2,2025-09-15,"Grace Road, Leicester",Leicester,Leicestershire,Kent,1.0,Leicestershire,Kent,draw,2,476,442
1461943,2025,2,2025-09-15,"Old Trafford, Manchester",Manchester,Lancashire,Middlesex,1.0,Middlesex,Lancashire,draw,3,685,628
1461944,2025,2,2025-09-15,"County Ground, Bristol",Bristol,Gloucestershire,Northamptonshire,1.0,Northamptonshire,Gloucestershire,Gloucestershire,4,797,747
1461945,2025,2,2025-09-15,"County Ground, Derby",Derby,Derbyshire,Glamorgan,1.0,Glamorgan,Derbyshire,draw,2,276,261
1461946,2025,2,2025-09-24,"County Ground, Northampton",Northampton,Northamptonshire,Leicestershire,1.0,Leicestershire,Northamptonshire,Leicestershire,4,1211,1155
1461947,2025,2,2025-09-24,"St Lawrence Ground, Canterbury",Canterbury,Kent,Derbyshire,1.0,Derbyshire,Kent,Derbyshire,3,1167,1094
1461948,2025,2,2025-09-24,"Lord's, London",London,Middlesex,Gloucestershire,1.0,Middlesex,Gloucestershire,Middlesex,3,1201,1128
1461949,2025,2,2025-09-24,"Sophia Gardens, Cardiff",Cardiff,Glamorgan,Lancashire,1.0,Glamorgan,Lancashire,Lancashire,4,1014,965
1513326,2026,1,2026-04-03,"Edgbaston, Birmingham",Birmingham,Warwickshire,Surrey,1.0,Surrey,Warwickshire,draw,3,1319,1267
1513327,2026,1,2026-04-03,"The Rose Bowl, Southampton",Southampton,Hampshire,Essex,1.0,Essex,Hampshire,Essex,3,785,752
1513328,2026,1,2026-04-03,"Sophia Gardens, Cardiff",Cardiff,Glamorgan,Yorkshire,1.0,Glamorgan,Yorkshire,draw,4,985,947
1513329,2026,1,2026-04-03,"Grace Road, Leicester",Leicester,Leicestershire,Sussex,1.0,Sussex,Leicestershire,Sussex,4,1228,1138
1513330,2026,1,2026-04-03,"The Cooper Associates County Ground, Taunton",Taunton,Somerset,Nottinghamshire,1.0,Somerset,Nottinghamshire,draw,4,1232,1185
1513331,2026,1,2026-04-10,"County Ground, Chelmsford",Chelmsford,Essex,Somerset,1.0,Essex,Somerset,Somerset,4,791,753
1513332,2026,1,2026-04-10,"County Ground, Hove",Brighton,Sussex,Warwickshire,1.0,Warwickshire,Sussex,Sussex,4,1063,1010
1513333,2026,1,2026-04-10,"Headingley, Leeds",Leeds,Yorkshire,Hampshire,1.0,Hampshire,Yorkshire,Hampshire,4,990,918
1513334,2026,1,2026-04-10,"Kennington Oval, London",London,Surrey,Leicestershire,1.0,Surrey,Leicestershire,draw,3,1474,1376
1513335,2026,1,2026-04-10,"Trent Bridge, Nottingham",Nottingham,Nottinghamshire,Glamorgan,1.0,Nottinghamshire,Glamorgan,Nottinghamshire,4,988,932
1513336,2026,1,2026-04-17,"The Rose Bowl, Southampton",Southampton,Hampshire,Somerset,1.0,Hampshire,Somerset,Somerset,4,1150,1102
1513337,2026,1,2026-04-17,"Edgbaston, Birmingham",Birmingham,Warwickshire,Essex,1.0,Warwickshire,Essex,Warwickshire,4,779,726
1513338,2026,1,2026-04-24,"Trent Bridge, Nottingham",Nottingham,Nottinghamshire,Warwickshire,1.0,Warwickshire,Nottinghamshire,draw,3,1275,1201
1513339,2026,1,2026-04-24,"Headingley, Leeds",Leeds,Yorkshire,Sussex,1.0,Sussex,Yorkshire,draw,3,1337,1263
1513340,2026,1,2026-04-24,"Kennington Oval, London",London,Surrey,Essex,1.0,Essex,Surrey,draw,3,1183,1107
1513341,2026,1,2026-04-24,"Sophia Gardens, Cardiff",Cardiff,Glamorgan,Leicestershire,1.0,Glamorgan,Leicestershire,draw,3,1163,1119
1513342,2026,1,2026-05-01,"Kennington Oval, London",London,Surrey,Sussex,1.0,Sussex,Surrey,Surrey,4,1272,1198
1513343,2026,1,2026-05-01,"The Rose Bowl, Southampton",Southampton,Hampshire,Glamorgan,1.0,Glamorgan,Hampshire,Glamorgan,3,1003,939
1513344,2026,1,2026-05-01,"The Cooper Associates County Ground, Taunton",Taunton,Somerset,Yorkshire,1.0,Yorkshire,Somerset,Yorkshire,4,991,920
1513345,2026,1,2026-05-01,"Grace Road, Leicester",Leicester,Leicestershire,Nottinghamshire,1.0,Nottinghamshire,Leicestershire,Nottinghamshire,4,1129,1059
1513346,2026,1,2026-05-08,"County Ground, Chelmsford",Chelmsford,Essex,Hampshire,1.0,Hampshire,Essex,Essex,4,900,846
1513347,2026,1,2026-05-08,"Edgbaston, Birmingham",Birmingham,Warwickshire,Yorkshire,1.0,Warwickshire,Yorkshire,Warwickshire,4,1023,955
1513348,2026,1,2026-05-08,"Trent Bridge, Nottingham",Nottingham,Nottinghamshire,Surrey,1.0,Nottinghamshire,Surrey,draw,3,1278,1213
1513349,2026,1,2026-05-08,"Sophia Gardens, Cardiff",Cardiff,Glamorgan,Somerset,1.0,Somerset,Glamorgan,Glamorgan,4,1025,924
1513350,2026,1,2026-05-08,"County Ground, Hove",Brighton,Sussex,Leicestershire,1.0,Leicestershire,Sussex,Sussex,4,1121,1049
1513351,2026,1,2026-05-15,"County Ground, Chelmsford",Chelmsford,Essex,Leicestershire,1.0,Leicestershire,Essex,Essex,4,790,746
1513352,2026,1,2026-05-15,"The Rose Bowl, Southampton",Southampton,Hampshire,Nottinghamshire,1.0,Hampshire,Nottinghamshire,draw,3,650,593
1513353,2026,1,2026-05-15,"Edgbaston, Birmingham",Birmingham,Warwickshire,Glamorgan,1.0,Glamorgan,Warwickshire,draw,4,971,883
1513354,2026,1,2026-05-15,"Headingley, Leeds",Leeds,Yorkshire,Surrey,1.0,Yorkshire,Surrey,Yorkshire,3,845,773
1513355,2026,1,2026-05-15,"The Cooper Associates County Ground, Taunton",Taunton,Somerset,Sussex,1.0,Somerset,Sussex,draw,3,892,826
1513356,2026,1,2026-06-07,"Kennington Oval, London",London,Surrey,Hampshire,1.0,Surrey,Hampshire,draw,4,1114,1036
1513357,2026,1,2026-06-12,"North Marine Road Ground, Scarborough",Scarborough,Yorkshire,Warwickshire,1.0,Yorkshire,Warwickshire,draw,4,1311,1223
1513358,2026,1,2026-06-12,"Grace Road, Leicester",Leicester,Leicestershire,Essex,1.0,Essex,Leicestershire,Essex,4,1233,1169
1513359,2026,1,2026-06-12,"County Ground, Hove",Brighton,Sussex,Glamorgan,1.0,Glamorgan,Sussex,Sussex,3,944,849
1513360,2026,1,2026-06-12,"Trent Bridge, Nottingham",Nottingham,Nottinghamshire,Somerset,1.0,Somerset,Nottinghamshire,Somerset,4,1024,960
1513361,2026,1,2026-06-19,"County Ground, Chelmsford",Chelmsford,Essex,Nottinghamshire,1.0,Essex,Nottinghamshire,Nottinghamshire,3,862,827
1513362,2026,1,2026-06-19,"Grace Road, Leicester",Leicester,Leicestershire,Yorkshire,1.0,Yorkshire,Leicestershire,Leicestershire,3,867,823
1513363,2026,1,2026-06-19,"Sophia Gardens, Cardiff",Cardiff,Glamorgan,Surrey,1.0,Glamorgan,Surrey,Glamorgan,4,1107,1039
1513364,2026,1,2026-06-19,"County Ground, Hove",Brighton,Sussex,Hampshire,1.0,Hampshire,Sussex,Hampshire,4,704,659
1513365,2026,1,2026-06-19,"The Cooper Associates County Ground, Taunton",Taunton,Somerset,Warwickshire,1.0,Somerset,Warwickshire,draw,4,1071,998
1513366,2026,1,2026-08-20,"Kennington Oval, London",London,Surrey,Nottinghamshire,1.0,Nottinghamshire,Surrey,Nottinghamshire,4,835,798
1513367,2026,1,2026-08-20,"Edgbaston, Birmingham",Birmingham,Warwickshire,Sussex,1.0,Sussex,Warwickshire,Warwickshire,4,730,659
1513368,2026,1,2026-08-20,"Grace Road, Leicester",Leicester,Leicestershire,Glamorgan,1.0,Leicestershire,Glamorgan,Leicestershire,4,774,704
1513369,2026,1,2026-08-20,"The Cooper Associates County Ground, Taunton",Taunton,Somerset,Essex,1.0,Somerset,Essex,Somerset,4,1142,1088
1513370,2026,1,2026-08-20,"The Rose Bowl, Southampton",Southampton,Hampshire,Yorkshire,1.0,Yorkshire,Hampshire,Yorkshire,4,909,829
1513371,2026,1,2026-08-27,"Edgbaston, Birmingham",Birmingham,Warwickshire,Nottinghamshire,1.0,Nottinghamshire,Warwickshire,draw,2,510,484
1513372,2026,1,2026-08-27,"County Ground, Chelmsford",Chelmsford,Essex,Surrey,1.0,Surrey,Essex,draw,3,760,715
1513373,2026,1,2026-08-27,"North Marine Road Ground, Scarborough",Scarborough,Yorkshire,Leicestershire,1.0,Yorkshire,Leicestershire,draw,2,347,326
1513374,2026,1,2026-08-27,"Sophia Gardens, Cardiff",Cardiff,Glamorgan,Hampshire,1.0,Hampshire,Glamorgan,draw,4,644,605
1513375,2026,1,2026-08-27,"County Ground, Hove",Brighton,Sussex,Somerset,1.0,Somerset,Sussex,draw,4,864,809
1513376,2026,1,2026-09-02,"County Ground, Chelmsford",Chelmsford,Essex,Sussex,1.0,Sussex,Essex,Sussex,4,963,913
1513377,2026,1,2026-09-02,"Kennington Oval, London",London,Surrey,Yorkshire,1.0,Yorkshire,Surrey,Surrey,4,537,479
1513378,2026,1,2026-09-02,"Trent Bridge, Nottingham",Nottingham,Nottinghamshire,Leicestershire,1.0,Nottinghamshire,Leicestershire,draw,3,994,958
1513379,2026,1,2026-09-02,"The Cooper Associates County Ground, Taunton",Taunton,Somerset,Glamorgan,1.0,Glamorgan,Somerset,Somerset,3,818,772
1513380,2026,1,2026-09-02,"The Rose Bowl, Southampton",Southampton,Hampshire,Warwickshire,1.0,Warwickshire,Hampshire,Warwickshire,3,667,629
1513381,2026,1,2026-09-08,"Trent Bridge, Nottingham",Nottingham,Nottinghamshire,Hampshire,1.0,Nottinghamshire,Hampshire,Nottinghamshire,4,908,853
1513382,2026,1,2026-09-08,"Headingley, Leeds",Leeds,Yorkshire,Essex,1.0,Yorkshire,Essex,Yorkshire,3,674,628
1513383,2026,1,2026-09-08,"Sophia Gardens, Cardiff",Cardiff,Glamorgan,Warwickshire,1.0,Glamorgan,Warwickshire,Warwickshire,3,525,469
1513384,2026,1,2026-09-08,"County Ground, Hove",Brighton,Sussex,Surrey,1.0,Sussex,Surrey,draw,3,881,827
1513385,2026,1,2026-09-08,"Grace Road, Leicester",Leicester,Leicestershire,Somerset,1.0,Somerset,Leicestershire,Somerset,4,981,913
1513386,2026,1,2026-09-15,"County Ground, Chelmsford",Chelmsford,Essex,Warwickshire,1.0,Essex,Warwickshire,Warwickshire,4,652,613
1513396,2026,2,2026-04-03,"County Ground, Derby",Derby,Derbyshire,Worcestershire,1.0,Derbyshire,Worcestershire,draw,3,1251,1177
1513397,2026,2,2026-04-03,"Lord's, London",London,Middlesex,Gloucestershire,1.0,Middlesex,Gloucestershire,Middlesex,3,876,827
1513398,2026,2,2026-04-03,"County Ground, Northampton",Northampton,Northamptonshire,Lancashire,1.0,Lancashire,Northamptonshire,draw,4,1049,973
1513399,2026,2,2026-04-03,"Riverside Ground, Chester-le-Street",Chester-le-Street,Durham,Kent,1.0,Durham,Kent,draw,4,984,892
1513400,2026,2,2026-04-10,"Lord's, London",London,Middlesex,Worcestershire,1.0,Worcestershire,Middlesex,Worcestershire,4,831,795
1513401,2026,2,2026-04-10,"County Ground, Bristol",Bristol,Gloucestershire,Durham,1.0,Durham,Gloucestershire,Durham,3,985,887
1513402,2026,2,2026-04-10,"St Lawrence Ground, Canterbury",Canterbury,Kent,Northamptonshire,1.0,Northamptonshire,Kent,draw,3,1115,1038
1513403,2026,2,2026-04-10,"Old Trafford, Manchester",Manchester,Lancashire,Derbyshire,1.0,Lancashire,Derbyshire,Lancashire,4,993,934
1513404,2026,2,2026-04-17,"County Ground, Northampton",Northampton,Northamptonshire,Middlesex,1.0,Middlesex,Northamptonshire,draw,3,1103,1056
1513405,2026,2,2026-04-17,"County Ground, Bristol",Bristol,Gloucestershire,Lancashire,1.0,Gloucestershire,Lancashire,Lancashire,4,884,778
1513406,2026,2,2026-04-24,"County Ground, Derby",Derby,Derbyshire,Gloucestershire,1.0,Gloucestershire,Derbyshire,Gloucestershire,4,1070,1006
1513407,2026,2,2026-04-24,"Riverside Ground, Chester-le-Street",Chester-le-Street,Durham,Lancashire,1.0,Lancashire,Durham,Durham,4,1261,1154
1513408,2026,2,2026-04-24,"County Ground, New Road, Worcester",Worcester,Worcestershire,Kent,1.0,Kent,Worcestershire,Worcestershire,3,892,850
1513409,2026,2,2026-05-01,"St Lawrence Ground, Canterbury",Canterbury,Kent,Derbyshire,1.0,Kent,Derbyshire,Kent,4,1149,1090
1513410,2026,2,2026-05-01,"County Ground, Northampton",Northampton,Northamptonshire,Worcestershire,1.0,Worcestershire,Northamptonshire,Northamptonshire,3,1017,972
1513411,2026,2,2026-05-01,"Lord's, London",London,Middlesex,Durham,1.0,Middlesex,Durham,draw,3,1143,1104
1513412,2026,2,2026-05-08,"County Ground, Derby",Derby,Derbyshire,Northamptonshire,1.0,Derbyshire,Northamptonshire,Derbyshire,3,1095,1037
1513413,2026,2,2026-05-08,"County Ground, Bristol",Bristol,Gloucestershire,Kent,1.0,Gloucestershire,Kent,Kent,4,1175,1102
1513414,2026,2,2026-05-08,"County Ground, New Road, Worcester",Worcester,Worcestershire,Durham,1.0,Worcestershire,Durham,Durham,4,821,779
1513415,2026,2,2026-05-08,"Old Trafford, Manchester",Manchester,Lancashire,Middlesex,1.0,Lancashire,Middlesex,Middlesex,4,571,511
1513416,2026,2,2026-05-15,"Kent County Cricket Ground, Beckenham",Beckenham,Kent,Durham,1.0,Kent,Durham,draw,3,970,905
1513417,2026,2,2026-05-15,"County Ground, Bristol",Bristol,Gloucestershire,Northamptonshire,1.0,Gloucestershire,Northamptonshire,Northamptonshire,4,753,690
1513418,2026,2,2026-05-15,"Lord's, London",London,Middlesex,Derbyshire,1.0,Middlesex,Derbyshire,Derbyshire,4,997,924
1513419,2026,2,2026-05-15,"Trafalgar Road Ground, Southport",Southport,Lancashire,Worcestershire,1.0,Worcestershire,Lancashire,draw,3,762,690
1513420,2026,2,2026-06-12,"County Ground, Northampton",Northampton,Northamptonshire,Gloucestershire,1.0,Northamptonshire,Gloucestershire,Northamptonshire,4,1311,1196
1513421,2026,2,2026-06-12,"Stanley Park, Blackpool",Blackpool,Lancashire,Kent,1.0,Kent,Lancashire,Kent,4,880,809
1513422,2026,2,2026-06-12,"County Ground, New Road, Worcester",Worcester,Worcestershire,Middlesex,1.0,Middlesex,Worcestershire,Middlesex,4,1103,999
1513423,2026,2,2026-06-12,"Riverside Ground, Chester-le-Street",Chester-le-Street,Durham,Derbyshire,1.0,Durham,Derbyshire,Durham,3,732,685
1513424,2026,2,2026-06-19,"St Lawrence Ground, Canterbury",Canterbury,Kent,Middlesex,1.0,Kent,Middlesex,Kent,4,1297,1166
1513425,2026,2,2026-06-19,"Queen's Park, Chesterfield",Chesterfield,Derbyshire,Lancashire,1.0,Lancashire,Derbyshire,Derbyshire,4,776,712
1513426,2026,2,2026-06-19,"County Ground, New Road, Worcester",Worcester,Worcestershire,Gloucestershire,1.0,Gloucestershire,Worcestershire,Worcestershire,4,949,892
1513427,2026,2,2026-06-19,"Riverside Ground, Chester-le-Street",Chester-le-Street,Durham,Northamptonshire,1.0,Northamptonshire,Durham,Durham,4,1401,1279
1513428,2026,2,2026-08-20,"Merchant Taylors' School Ground, Northwood",Northwood,Middlesex,Kent,1.0,Kent,Middlesex,Kent,4,1162,1059
1513429,2026,2,2026-08-20,"County Ground, Derby",Derby,Derbyshire,Durham,1.0,Durham,Derbyshire,Durham,4,818,784
1513430,2026,2,2026-08-20,"Old Trafford, Manchester",Manchester,Lancashire,Northamptonshire,1.0,Northamptonshire,Lancashire,Northamptonshire,4,848,774
1513431,2026,2,2026-08-20,"College Ground, Cheltenham",Cheltenham,Gloucestershire,Worcestershire,1.0,Gloucestershire,Worcestershire,Worcestershire,4,1093,1046
1513432,2026,2,2026-08-27,"County Ground, Derby",Derby,Derbyshire,Middlesex,1.0,Derbyshire,Middlesex,draw,3,242,226
1513433,2026,2,2026-08-27,"County Ground, Northampton",Northampton,Northamptonshire,Kent,1.0,Kent,Northamptonshire,draw,2,795,729
1513434,2026,2,2026-08-27,"County Ground, New Road, Worcester",Worcester,Worcestershire,Lancashire,1.0,Lancashire,Worcestershire,draw,3,445,415
1513435,2026,2,2026-08-27,"Riverside Ground, Chester-le-Street",Chester-le-Street,Durham,Gloucestershire,1.0,Gloucestershire,Durham,Durham,4,775,719
1513436,2026,2,2026-09-02,"County Ground, Bristol",Bristol,Gloucestershire,Derbyshire,1.0,Gloucestershire,Derbyshire,Gloucestershire,4,979,924
1513437,2026,2,2026-09-02,"St Lawrence Ground, Canterbury",Canterbury,Kent,Worcestershire,1.0,Kent,Worcestershire,Kent,4,1108,1033
1513438,2026,2,2026-09-02,"County Ground, Northampton",Northampton,Northamptonshire,Durham,1.0,Durham,Northamptonshire,Durham,4,779,685
1513439,2026,2,2026-09-02,"Merchant Taylors' School Ground, Northwood",Northwood,Middlesex,Lancashire,1.0,Middlesex,Lancashire,Middlesex,4,734,675
1513440,2026,2,2026-09-08,"County Ground, Derby",Derby,Derbyshire,Kent,1.0,Derbyshire,Kent,Derbyshire,4,1123,1020
1513441,2026,2,2026-09-08,"County Ground, New Road, Worcester",Worcester,Worcestershire,Northamptonshire,1.0,Worcestershire,Northamptonshire,Northamptonshire,4,767,729
1513442,2026,2,2026-09-08,"Riverside Ground, Chester-le-Street",Chester-le-Street,Durham,Middlesex,1.0,Durham,Middlesex,Durham,4,1159,1070
1513443,2026,2,2026-09-08,"Old Trafford, Manchester",Manchester,Lancashire,Gloucestershire,1.0,Gloucestershire,Lancashire,Gloucestershire,4,657,617
1513447,2026,2,2026-09-15,"St Lawrence Ground, Canterbury",Canterbury,Kent,Lancashire,1.0,Lancashire,Kent,Kent,4,709,639
692723,2014,1,2014-04-06,"County Ground, Hove",Brighton,Sussex,Middlesex,1.0,Middlesex,Sussex,Sussex,3,645,607
692725,2014,1,2014-04-13,"County Ground, Taunton",Taunton,Somerset,Yorkshire,1.0,Yorkshire,Somerset,draw,3,1196,1126
692727,2014,1,2014-04-13,"County Ground, Northampton",Northampton,Northamptonshire,Durham,1.0,Durham,Northamptonshire,draw,4,1279,1205
692731,2014,1,2014-04-13,"Edgbaston, Birmingham",Birmingham,Warwickshire,Sussex,1.0,Warwickshire,Sussex,Sussex,4,1120,1052
692733,2014,1,2014-04-20,"Headingley, Leeds",Leeds,Yorkshire,Northamptonshire,1.0,Yorkshire,Northamptonshire,Yorkshire,3,798,720
692735,2014,1,2014-04-20,"Old Trafford, Manchester",Manchester,Lancashire,Warwickshire,1.0,Lancashire,Warwickshire,draw,4,862,832
692737,2014,1,2014-04-20,"Riverside Ground, Chester-le-Street",Chester-le-Street,Durham,Somerset,1.0,Durham,Somerset,draw,4,952,863
692739,2014,1,2014-04-27,"Trent Bridge, Nottingham",Nottingham,Nottinghamshire,Warwickshire,1.0,Warwickshire,Nottinghamshire,Warwickshire,4,732,683
692741,2014,1,2014-04-27,"County Ground, Northampton",Northampton,Northamptonshire,Lancashire,1.0,Lancashire,Northamptonshire,Lancashire,4,746,684
692745,2014,1,2014-04-27,"County Ground, Hove",Brighton,Sussex,Somerset,1.0,Somerset,Sussex,Somerset,3,733,692
692747,2014,1,2014-05-04,"County Ground, Taunton",Taunton,Somerset,Nottinghamshire,1.0,Nottinghamshire,Somerset,draw,3,1164,1113
692749,2014,1,2014-05-04,"Old Trafford, Manchester",Manchester,Lancashire,Sussex,1.0,Sussex,Lancashire,draw,4,724,670
692753,2014,1,2014-05-04,"Edgbaston, Birmingham",Birmingham,Warwickshire,Middlesex,1.0,Middlesex,Warwickshire,Warwickshire,3,877,838
692755,2014,1,2014-05-11,"Trent Bridge, Nottingham",Nottingham,Nottinghamshire,Northamptonshire,1.0,Northamptonshire,Nottinghamshire,Nottinghamshire,3,808,731
692759,2014,1,2014-05-11,"County Ground, Hove",Brighton,Sussex,Durham,1.0,Sussex,Durham,draw,2,956,899
692761,2014,1,2014-05-11,"Headingley, Leeds",Leeds,Yorkshire,Warwickshire,1.0,Yorkshire,Warwickshire,Yorkshire,3,733,691
692763,2014,1,2014-05-18,"County Ground, Northampton",Northampton,Northamptonshire,Middlesex,1.0,Northamptonshire,Middlesex,Middlesex,3,1002,975
692765,2014,1,2014-05-19,"County Ground, Taunton",Taunton,Somerset,Durham,1.0,Durham,Somerset,Somerset,4,965,905
692767,2014,1,2014-05-25,"Trent Bridge, Nottingham",Nottingham,Nottinghamshire,Durham,1.0,Nottinghamshire,Durham,draw,2,712,672
692769,2014,1,2014-05-25,"Headingley, Leeds",Leeds,Yorkshire,Lancashire,1.0,Lancashire,Yorkshire,draw,3,616,563
692771,2014,1,2014-05-25,"Edgbaston, Birmingham",Birmingham,Warwickshire,Somerset,1.0,Somerset,Warwickshire,draw,2,705,667
692775,2014,1,2014-05-31,"County Ground, Northampton",Northampton,Northamptonshire,Yorkshire,1.0,Yorkshire,Northamptonshire,Yorkshire,4,1093,1014
692779,2014,1,2014-06-01,"Old Trafford, Manchester",Manchester,Lancashire,Somerset,1.0,Somerset,Lancashire,draw,3,718,697
692781,2014,1,2014-06-01,"Riverside Ground, Chester-le-Street",Chester-le-Street,Durham,Middlesex,1.0,Durham,Middlesex,draw,3,988,934
692783,2014,1,2014-06-08,"County Ground, Taunton",Taunton,Somerset,Sussex,1.0,Sussex,Somerset,Somerset,4,788,760
692785,2014,1,2014-06-08,"Headingley, Leeds",Leeds,Yorkshire,Nottinghamshire,1.0,Nottinghamshire,Yorkshire,draw,4,840,792
692787,2014,1,2014-06-08,"Edgbaston, Birmingham",Birmingham,Warwickshire,Lancashire,1.0,Lancashire,Warwickshire,draw,4,1016,961
692789,2014,1,2014-06-14,"Trent Bridge, Nottingham",Nottingham,Nottinghamshire,Middlesex,1.0,Middlesex,Nottinghamshire,Nottinghamshire,4,1555,1522
692791,2014,1,2014-06-15,"County Ground, Northampton",Northampton,Northamptonshire,Warwickshire,1.0,Northamptonshire,Warwickshire,Warwickshire,3,1099,998
692793,2014,1,2014-06-15,"Riverside Ground, Chester-le-Street",Chester-le-Street,Durham,Lancashire,1.0,Durham,Lancashire,Durham,4,1183,1087
692795,2014,1,2014-06-16,Arundel Castle Cricket Club Ground,Arundel,Sussex,Yorkshire,1.0,Sussex,Yorkshire,draw,3,1014,984
692797,2014,1,2014-06-22,"Trent Bridge, Nottingham",Nottingham,Nottinghamshire,Somerset,1.0,Somerset,Nottinghamshire,Nottinghamshire,4,1142,1092
692799,2014,1,2014-06-22,"Old Trafford, Manchester",Manchester,Lancashire,Northamptonshire,1.0,Lancashire,Northamptonshire,Lancashire,3,1100,1034
692801,2014,1,2014-06-22,"Riverside Ground, Chester-le-Street",Chester-le-Street,Durham,Sussex,1.0,Durham,Sussex,Durham,4,1083,1005
692803,2014,1,2014-06-22,"Edgbaston, Birmingham",Birmingham,Warwickshire,Yorkshire,1.0,Warwickshire,Yorkshire,Yorkshire,3,836,800
692805,2014,1,2014-06-29,"County Ground, Taunton",Taunton,Somerset,Lancashire,1.0,Lancashire,Somerset,draw,3,1001,942
692807,2014,1,2014-06-29,"Lord's, London",London,Middlesex,Northamptonshire,1.0,Middlesex,Northamptonshire,draw,4,1153,1084
692809,2014,1,2014-06-29,"Edgbaston, Birmingham",Birmingham,Warwickshire,Nottinghamshire,1.0,Nottinghamshire,Warwickshire,Warwickshire,4,1263,1186
692813,2014,1,2014-07-06,"County Ground, Hove",Brighton,Sussex,Northamptonshire,1.0,Sussex,Northamptonshire,Sussex,3,725,660
692815,2014,1,2014-07-07,"Headingley, Leeds",Leeds,Yorkshire,Durham,1.0,Yorkshire,Durham,draw,3,980,920
692817,2014,1,2014-07-12,"County Ground, Northampton",Northampton,Northamptonshire,Somerset,1.0,Somerset,Northamptonshire,Somerset,4,1196,1108
692819,2014,1,2014-07-13,"Aigburth, Liverpool",Liverpool,Lancashire,Nottinghamshire,1.0,Lancashire,Nottinghamshire,Nottinghamshire,4,861,804
692821,2014,1,2014-07-13,"Riverside Ground, Chester-le-Street",Chester-le-Street,Durham,Warwickshire,1.0,Warwickshire,Durham,Warwickshire,3,756,709
692823,2014,1,2014-07-19,"North Marine Road Ground, Scarborough",Scarborough,Yorkshire,Middlesex,1.0,Yorkshire,Middlesex,Yorkshire,4,1086,1040
692825,2014,1,2014-07-21,"Cricket Field Road Ground, Horsham",Horsham,Sussex,Warwickshire,1.0,Sussex,Warwickshire,Sussex,4,1090,1034
692827,2014,1,2014-08-15,"County Ground, Taunton",Taunton,Somerset,Warwickshire,1.0,Warwickshire,Somerset,Warwickshire,4,1163,1060
692829,2014,1,2014-08-15,"North Marine Road Ground, Scarborough",Scarborough,Yorkshire,Sussex,1.0,Sussex,Yorkshire,Yorkshire,4,1197,1144
692831,2014,1,2014-08-15,"County Ground, Northampton",Northampton,Northamptonshire,Nottinghamshire,1.0,Northamptonshire,Nottinghamshire,Nottinghamshire,4,1197,1098
692837,2014,1,2014-08-31,"Lord's, London",London,Middlesex,Warwickshire,1.0,Warwickshire,Middlesex,draw,3,916,841
692841,2014,1,2014-08-31,"Riverside Ground, Chester-le-Street",Chester-le-Street,Durham,Nottinghamshire,1.0,Durham,Nottinghamshire,Durham,4,1070,1026
692843,2014,1,2014-09-09,"Trent Bridge, Nottingham",Nottingham,Nottinghamshire,Yorkshire,1.0,Yorkshire,Nottinghamshire,Yorkshire,3,912,885
692845,2014,1,2014-09-09,"Lord's, London",London,Middlesex,Durham,1.0,Durham,Middlesex,Durham,4,1201,1162
692847,2014,1,2014-09-09,"County Ground, Hove",Brighton,Sussex,Lancashire,1.0,Lancashire,Sussex,Sussex,4,1369,1280
692849,2014,1,2014-09-09,"Edgbaston, Birmingham",Birmingham,Warwickshire,Northamptonshire,1.0,Northamptonshire,Warwickshire,Warwickshire,3,1130,1057
692851,2014,1,2014-09-15,"Trent Bridge, Nottingham",Nottingham,Nottinghamshire,Sussex,1.0,Sussex,Nottinghamshire,Sussex,4,1403,1337
692853,2014,1,2014-09-15,"County Ground, Taunton",Taunton,Somerset,Middlesex,1.0,Somerset,Middlesex,draw,3,1074,1027
692855,2014,1,2014-09-15,"Riverside Ground, Chester-le-Street",Chester-le-Street,Durham,Northamptonshire,1.0,Durham,Northamptonshire,Durham,3,565,524
692857,2014,1,2014-09-23,"County Ground, Northampton",Northampton,Northamptonshire,Sussex,1.0,Sussex,Northamptonshire,draw,4,1090,1032
692859,2014,1,2014-09-23,"Headingley, Leeds",Leeds,Yorkshire,Somerset,1.0,Yorkshire,Somerset,draw,4,1206,1146
692861,2014,1,2014-09-23,"Old Trafford, Manchester",Manchester,Lancashire,Middlesex,1.0,Middlesex,Lancashire,draw,3,857,813
692863,2014,1,2014-09-23,"Edgbaston, Birmingham",Birmingham,Warwickshire,Durham,1.0,Durham,Warwickshire,Warwickshire,3,845,805
692867,2014,2,2014-06-08,"Grace Road, Leicester",Leicester,Leicestershire,Derbyshire,1.0,Leicestershire,Derbyshire,Derbyshire,4,1045,992
692869,2014,2,2014-04-06,"The Rose Bowl, Southampton",Southampton,Hampshire,Worcestershire,1.0,Hampshire,Worcestershire,draw,3,640,607
692871,2014,2,2014-04-13,"County Ground, New Road, Worcester",Worcester,Worcestershire,Kent,1.0,Worcestershire,Kent,Worcestershire,4,863,810
692873,2014,2,2014-04-13,"County Ground, Chelmsford",Chelmsford,Essex,Derbyshire,1.0,Essex,Derbyshire,Essex,4,985,922
692875,2014,2,2014-04-13,"County Ground, Bristol",Bristol,Gloucestershire,Hampshire,1.0,Gloucestershire,Hampshire,Hampshire,4,1273,1194
692877,2014,2,2014-04-20,"Sophia Gardens, Cardiff",Cardiff,Glamorgan,Gloucestershire,1.0,Glamorgan,Gloucestershire,draw,3,522,473
692881,2014,2,2014-04-20,"County Ground, Derby",Derby,Derbyshire,Hampshire,1.0,Hampshire,Derbyshire,draw,3,963,886
692883,2014,2,2014-04-20,"St Lawrence Ground, Canterbury",Canterbury,Kent,Leicestershire,1.0,Leicestershire,Kent,draw,4,950,905
692885,2014,2,2014-04-27,"County Ground, New Road, Worcester",Worcester,Worcestershire,Derbyshire,1.0,Derbyshire,Worcestershire,Worcestershire,3,800,762
692887,2014,2,2014-04-27,"Grace Road, Leicester",Leicester,Leicestershire,Glamorgan,1.0,Leicestershire,Glamorgan,draw,4,1288,1230
692889,2014,2,2014-04-27,"County Ground, Bristol",Bristol,Gloucestershire,Essex,1.0,Gloucestershire,Essex,draw,3,690,648
692891,2014,2,2014-04-27,"The Rose Bowl, Southampton",Southampton,Hampshire,Surrey,1.0,Hampshire,Surrey,draw,2,499,454
692893,2014,2,2014-05-04,"Sophia Gardens, Cardiff",Cardiff,Glamorgan,Worcestershire,1.0,Worcestershire,Glamorgan,draw,4,920,858
692899,2014,2,2014-05-11,"Kennington Oval, London",London,Surrey,Gloucestershire,1.0,Gloucestershire,Surrey,Surrey,4,797,718
692901,2014,2,2014-05-11,"County Ground, Derby",Derby,Derbyshire,Kent,1.0,Derbyshire,Kent,draw,3,459,429
692903,2014,2,2014-05-11,"The Rose Bowl, Southampton",Southampton,Hampshire,Glamorgan,1.0,Glamorgan,Hampshire,Hampshire,4,824,769
692905,2014,2,2014-05-18,"County Ground, New Road, Worcester",Worcester,Worcestershire,Essex,1.0,Worcestershire,Essex,Worcestershire,4,750,714
692907,2014,2,2014-05-18,"Grace Road, Leicester",Leicester,Leicestershire,Hampshire,1.0,Hampshire,Leicestershire,Hampshire,4,1062,1023
692909,2014,2,2014-05-18,"County Ground, Bristol",Bristol,Gloucestershire,Kent,1.0,Gloucestershire,Kent,Gloucestershire,4,1100,1043
692911,2014,2,2014-05-25,"Nevill Ground, Tunbridge Wells",Tunbridge Wells,Kent,Worcestershire,1.0,Kent,Worcestershire,draw,2,325,314
692913,2014,2,2014-05-25,"Sophia Gardens, Cardiff",Cardiff,Glamorgan,Leicestershire,1.0,Leicestershire,Glamorgan,draw,3,663,615
692915,2014,2,2014-05-25,"County Ground, Derby",Derby,Derbyshire,Gloucestershire,1.0,Derbyshire,Gloucestershire,draw,2,344,327
692917,2014,2,2014-05-25,"County Ground, Chelmsford",Chelmsford,Essex,Surrey,1.0,Essex,Surrey,draw,2,489,465
692919,2014,2,2014-06-01,"Kennington Oval, London",London,Surrey,Worcestershire,1.0,Worcestershire,Surrey,draw,3,922,873
692921,2014,2,2014-06-01,"County Ground, Chelmsford",Chelmsford,Essex,Glamorgan,1.0,Glamorgan,Essex,draw,4,802,774
692923,2014,2,2014-06-01,"The Rose Bowl, Southampton",Southampton,Hampshire,Derbyshire,1.0,Hampshire,Derbyshire,draw,4,966,914
692925,2014,2,2014-06-02,"Grace Road, Leicester",Leicester,Leicestershire,Gloucestershire,1.0,Leicestershire,Gloucestershire,Gloucestershire,4,1025,996
692927,2014,2,2014-06-07,"St Lawrence Ground, Canterbury",Canterbury,Kent,Essex,1.0,Kent,Essex,draw,3,1082,993
692929,2014,2,2014-06-08,"County Ground, New Road, Worcester",Worcester,Worcestershire,Hampshire,1.0,Worcestershire,Hampshire,draw,3,942,873
692931,2014,2,2014-06-09,"County Ground, Bristol",Bristol,Gloucestershire,Surrey,1.0,Gloucestershire,Surrey,draw,3,1244,1184
692933,2014,2,2014-06-15,"Sophia Gardens, Cardiff",Cardiff,Glamorgan,Kent,1.0,Kent,Glamorgan,Glamorgan,3,1043,993
692935,2014,2,2014-06-15,"Grace Road, Leicester",Leicester,Leicestershire,Worcestershire,1.0,Worcestershire,Leicestershire,Worcestershire,4,1128,1074
692937,2014,2,2014-06-15,"County Ground, Derby",Derby,Derbyshire,Surrey,1.0,Derbyshire,Surrey,Surrey,4,883,816
692939,2014,2,2014-06-15,"The Rose Bowl, Southampton",Southampton,Hampshire,Essex,1.0,Hampshire,Essex,Hampshire,4,982,891
692941,2014,2,2014-06-21,"County Ground, Bristol",Bristol,Gloucestershire,Glamorgan,1.0,Gloucestershire,Glamorgan,draw,3,1171,1078
692943,2014,2,2014-06-22,"Kennington Oval, London",London,Surrey,Leicestershire,1.0,Surrey,Leicestershire,Surrey,4,1181,1123
692945,2014,2,2014-06-22,"St Lawrence Ground, Canterbury",Canterbury,Kent,Derbyshire,1.0,Kent,Derbyshire,Kent,4,745,678
692947,2014,2,2014-06-28,"Kennington Oval, London",London,Surrey,Hampshire,1.0,Surrey,Hampshire,draw,3,841,806
692949,2014,2,2014-06-29,"County Ground, New Road, Worcester",Worcester,Worcestershire,Glamorgan,1.0,Worcestershire,Glamorgan,Worcestershire,4,1053,1003
692951,2014,2,2014-06-29,"County Ground, Chelmsford",Chelmsford,Essex,Gloucestershire,1.0,Gloucestershire,Essex,Essex,4,1100,1057
692953,2014,2,2014-07-06,"Penrhyn Avenue, Rhos-on-Sea, Colwyn Bay",Colwyn Bay,Glamorgan,Surrey,1.0,Glamorgan,Surrey,Surrey,4,1262,1173
692955,2014,2,2014-07-07,"The Rose Bowl, Southampton",Southampton,Hampshire,Gloucestershire,1.0,Hampshire,Gloucestershire,draw,3,1014,958
692957,2014,2,2014-07-07,"Grace Road, Leicester",Leicester,Leicestershire,Kent,1.0,Leicestershire,Kent,Kent,4,1213,1138
692959,2014,2,2014-07-07,"Queen's Park, Chesterfield",Chesterfield,Derbyshire,Essex,1.0,Derbyshire,Essex,draw,4,1163,1068
692961,2014,2,2014-07-13,"County Ground, New Road, Worcester",Worcester,Worcestershire,Leicestershire,1.0,Worcestershire,Leicestershire,Worcestershire,4,1270,1209
692963,2014,2,2014-07-13,"Castle Park Cricket Ground, Colchester",Colchester,Hampshire,Essex,1.0,Hampshire,Essex,Essex,4,838,784
692965,2014,2,2014-07-14,"College Ground, Cheltenham",Cheltenham,Gloucestershire,Derbyshire,1.0,Gloucestershire,Derbyshire,Derbyshire,4,1155,1104
692967,2014,2,2014-07-20,"Woodbridge Road, Guildford",Guildford,Surrey,Kent,1.0,Kent,Surrey,Kent,4,1311,1182
692969,2014,2,2014-07-20,"County Ground, Derby",Derby,Derbyshire,Glamorgan,1.0,Glamorgan,Derbyshire,Derbyshire,4,627,561
692971,2014,2,2014-07-21,"College Ground, Cheltenham",Cheltenham,Gloucestershire,Worcestershire,1.0,Worcestershire,Gloucestershire,Worcestershire,4,891,865
692975,2014,2,2014-08-15,"County Ground, New Road, Worcester",Worcester,Worcestershire,Gloucestershire,1.0,Worcestershire,Gloucestershire,Gloucestershire,4,1110,1048
692977,2014,2,2014-08-15,"Grace Road, Leicester",Leicester,Leicestershire,Surrey,1.0,Surrey,Leicestershire,draw,4,1364,1272
692979,2014,2,2014-08-15,"St Lawrence Ground, Canterbury",Canterbury,Kent,Hampshire,1.0,Hampshire,Kent,Hampshire,4,1186,1126
692981,2014,2,2014-08-31,"County Ground, Derby",Derby,Derbyshire,Worcestershire,1.0,Derbyshire,Worcestershire,Derbyshire,4,1166,1056
692983,2014,2,2014-08-31,"St Lawrence Ground, Canterbury",Canterbury,Kent,Glamorgan,1.0,Glamorgan,Kent,draw,3,1131,1096
692985,2014,2,2014-08-31,"The Rose Bowl, Southampton",Southampton,Hampshire,Leicestershire,1.0,Leicestershire,Hampshire,Hampshire,3,960,919
692987,2014,2,2014-09-09,"Sophia Gardens, Cardiff",Cardiff,Glamorgan,Derbyshire,1.0,Glamorgan,Derbyshire,Glamorgan,4,820,748
692989,2014,2,2014-09-09,"County Ground, New Road, Worcester",Worcester,Worcestershire,Surrey,1.0,Worcestershire,Surrey,Worcestershire,4,1217,1143
692991,2014,2,2014-09-09,"County Ground, Chelmsford",Chelmsford,Essex,Kent,1.0,Kent,Essex,Essex,4,699,671
692995,2014,2,2014-09-15,"Kennington Oval, London",London,Surrey,Derbyshire,1.0,Surrey,Derbyshire,Derbyshire,4,921,842
692997,2014,2,2014-09-15,"Grace Road, Leicester",Leicester,Leicestershire,Essex,1.0,Leicestershire,Essex,Essex,3,589,540
692999,2014,2,2014-09-15,"The Rose Bowl, Southampton",Southampton,Hampshire,Kent,1.0,Kent,Hampshire,draw,3,1106,1062
693001,2014,2,2014-09-23,"Sophia Gardens, Cardiff",Cardiff,Glamorgan,Hampshire,1.0,Hampshire,Glamorgan,Hampshire,4,939,881
693003,2014,2,2014-09-23,"County Ground, Derby",Derby,Derbyshire,Leicestershire,1.0,Derbyshire,Leicestershire,Derbyshire,4,914,831
693005,2014,2,2014-09-23,"County Ground, Chelmsford",Chelmsford,Essex,Worcestershire,1.0,Worcestershire,Essex,Essex,3,770,726
693007,2014,2,2014-09-23,"St Lawrence Ground, Canterbury",Canterbury,Kent,Gloucestershire,1.0,Gloucestershire,Kent,Gloucestershire,4,978,919
804159,2015,1,2015-04-12,"The Rose Bowl, Southampton",Southampton,Hampshire,Sussex,1.0,Sussex,Hampshire,Sussex,4,1124,1041
804161,2015,1,2015-04-12,"Lord's, London",London,Middlesex,Nottinghamshire,1.0,Nottinghamshire,Middlesex,draw,4,1180,1105
804163,2015,1,2015-04-12,"County Ground, Taunton",Taunton,Somerset,Durham,1.0,Somerset,Durham,Durham,4,1059,1007
804167,2015,1,2015-04-19,"Trent Bridge, Nottingham",Nottingham,Nottinghamshire,Yorkshire,1.0,Nottinghamshire,Yorkshire,draw,3,1223,1170
804169,2015,1,2015-04-19,"County Ground, Hove",Brighton,Sussex,Worcestershire,1.0,Sussex,Worcestershire,Sussex,4,1209,1133
804171,2015,1,2015-04-19,"Edgbaston, Birmingham",Birmingham,Warwickshire,Hampshire,1.0,Hampshire,Warwickshire,draw,4,1182,1118
804173,2015,1,2015-04-26,"Riverside Ground, Chester-le-Street",Chester-le-Street,Durham,Sussex,1.0,Sussex,Durham,Durham,4,1202,1130
804175,2015,1,2015-04-26,"The Rose Bowl, Southampton",Southampton,Hampshire,Nottinghamshire,1.0,Nottinghamshire,Hampshire,draw,4,972,929
804177,2015,1,2015-04-26,"County Ground, Taunton",Taunton,Somerset,Middlesex,1.0,Somerset,Middlesex,Middlesex,4,1440,1346
804179,2015,1,2015-04-26,"Headingley, Leeds",Leeds,Yorkshire,Warwickshire,1.0,Warwickshire,Yorkshire,draw,4,1178,1100
804181,2015,1,2015-05-02,"Lord's, London",London,Middlesex,Durham,1.0,Middlesex,Durham,Middlesex,4,917,884
804183,2015,1,2015-05-03,"County Ground, New Road, Worcester",Worcester,Worcestershire,Somerset,1.0,Somerset,Worcestershire,Worcestershire,3,742,694
804185,2015,1,2015-05-09,"Edgbaston, Birmingham",Birmingham,Warwickshire,Worcestershire,1.0,Warwickshire,Worcestershire,Warwickshire,4,989,943
804187,2015,1,2015-05-10,"Riverside Ground, Chester-le-Street",Chester-le-Street,Durham,Nottinghamshire,1.0,Nottinghamshire,Durham,Durham,4,847,790
804189,2015,1,2015-05-10,"County Ground, Hove",Brighton,Sussex,Middlesex,1.0,Middlesex,Sussex,Middlesex,4,877,751
804191,2015,1,2015-05-10,"Headingley, Leeds",Leeds,Yorkshire,Hampshire,1.0,Yorkshire,Hampshire,Yorkshire,4,1045,985
804193,2015,1,2015-05-17,"The Rose Bowl, Southampton",Southampton,Hampshire,Middlesex,1.0,Hampshire,Middlesex,draw,3,960,892
804195,2015,1,2015-05-17,"Trent Bridge, Nottingham",Nottingham,Nottinghamshire,Somerset,1.0,Somerset,Nottinghamshire,Somerset,4,813,731
804197,2015,1,2015-05-17,"Edgbaston, Birmingham",Birmingham,Warwickshire,Durham,1.0,Warwickshire,Durham,Warwickshire,4,1025,937
804201,2015,1,2015-05-24,"County Ground, Hove",Brighton,Sussex,Warwickshire,1.0,Warwickshire,Sussex,Sussex,4,761,665
804205,2015,1,2015-05-31,"The Rose Bowl, Southampton",Southampton,Hampshire,Worcestershire,1.0,Hampshire,Worcestershire,draw,3,870,792
804207,2015,1,2015-05-31,"Lord's, London",London,Middlesex,Warwickshire,1.0,Warwickshire,Middlesex,draw,4,941,856
804209,2015,1,2015-06-01,"Trent Bridge, Nottingham",Nottingham,Nottinghamshire,Sussex,1.0,Nottinghamshire,Sussex,Nottinghamshire,4,837,768
804211,2015,1,2015-06-07,"Riverside Ground, Chester-le-Street",Chester-le-Street,Durham,Somerset,1.0,Durham,Somerset,Durham,4,886,831
804213,2015,1,2015-06-07,"County Ground, Hove",Brighton,Sussex,Hampshire,1.0,Sussex,Hampshire,Hampshire,4,1035,966
804215,2015,1,2015-06-07,"Headingley, Leeds",Leeds,Yorkshire,Middlesex,1.0,Middlesex,Yorkshire,Yorkshire,4,885,834
804217,2015,1,2015-06-14,"County Ground, Taunton",Taunton,Somerset,Nottinghamshire,1.0,Nottinghamshire,Somerset,Somerset,4,1202,1139
804219,2015,1,2015-06-14,"County Ground, New Road, Worcester",Worcester,Worcestershire,Warwickshire,1.0,Worcestershire,Warwickshire,Warwickshire,3,663,620
804221,2015,1,2015-06-15,Arundel Castle Cricket Club Ground,Arundel,Sussex,Durham,1.0,Durham,Sussex,Durham,4,1250,1185
804223,2015,1,2015-06-21,"The Rose Bowl, Southampton",Southampton,Hampshire,Somerset,1.0,Somerset,Hampshire,Somerset,4,819,769
804225,2015,1,2015-06-21,Uxbridge Cricket Club Ground,Uxbridge,Middlesex,Worcestershire,1.0,Middlesex,Worcestershire,draw,4,1095,1031
804227,2015,1,2015-06-22,"Headingley, Leeds",Leeds,Yorkshire,Nottinghamshire,1.0,Nottinghamshire,Yorkshire,Yorkshire,3,852,770
804229,2015,1,2015-06-28,"Riverside Ground, Chester-le-Street",Chester-le-Street,Durham,Yorkshire,1.0,Yorkshire,Durham,Yorkshire,3,1067,1029
804231,2015,1,2015-06-28,"Lord's, London",London,Middlesex,Hampshire,1.0,Hampshire,Middlesex,Middlesex,4,810,768
804233,2015,1,2015-06-28,"Edgbaston, Birmingham",Birmingham,Warwickshire,Sussex,1.0,Sussex,Warwickshire,draw,2,1213,1161
804235,2015,1,2015-06-29,"Trent Bridge, Nottingham",Nottingham,Nottinghamshire,Worcestershire,1.0,Nottinghamshire,Worcestershire,Nottinghamshire,4,1099,1040
804237,2015,1,2015-07-05,"Trent Bridge, Nottingham",Nottingham,Nottinghamshire,Middlesex,1.0,Middlesex,Nottinghamshire,draw,3,955,897
804239,2015,1,2015-07-05,"County Ground, Taunton",Taunton,Somerset,Sussex,1.0,Sussex,Somerset,draw,4,1180,1130
804241,2015,1,2015-07-05,"Edgbaston, Birmingham",Birmingham,Warwickshire,Yorkshire,1.0,Yorkshire,Warwickshire,Yorkshire,4,830,766
804243,2015,1,2015-07-06,"County Ground, New Road, Worcester",Worcester,Worcestershire,Hampshire,1.0,Worcestershire,Hampshire,Worcestershire,3,923,853
804245,2015,1,2015-07-11,"Merchant Taylors' School Ground, Northwood",Northwood,Middlesex,Somerset,1.0,Middlesex,Somerset,draw,4,759,713
804247,2015,1,2015-07-12,"Riverside Ground, Chester-le-Street",Chester-le-Street,Durham,Warwickshire,1.0,Durham,Warwickshire,Warwickshire,4,925,848
804249,2015,1,2015-07-18,"Edgbaston, Birmingham",Birmingham,Warwickshire,Somerset,1.0,Somerset,Warwickshire,Warwickshire,4,874,831
804251,2015,1,2015-07-19,"The Rose Bowl, Southampton",Southampton,Hampshire,Durham,1.0,Durham,Hampshire,draw,4,1097,1044
804253,2015,1,2015-07-19,"Cricket Field Road Ground, Horsham",Horsham,Sussex,Nottinghamshire,1.0,Nottinghamshire,Sussex,Nottinghamshire,3,1037,997
804255,2015,1,2015-07-19,"North Marine Road Ground, Scarborough",Scarborough,Yorkshire,Worcestershire,1.0,Yorkshire,Worcestershire,Yorkshire,4,1173,1097
804257,2015,1,2015-08-07,"The Rose Bowl, Southampton",Southampton,Hampshire,Warwickshire,1.0,Hampshire,Warwickshire,Hampshire,4,920,871
804259,2015,1,2015-08-07,"Lord's, London",London,Middlesex,Sussex,1.0,Middlesex,Sussex,Middlesex,4,1110,1074
804261,2015,1,2015-08-07,"County Ground, New Road, Worcester",Worcester,Worcestershire,Nottinghamshire,1.0,Worcestershire,Nottinghamshire,Nottinghamshire,4,1125,1078
804263,2015,1,2015-08-07,"North Marine Road Ground, Scarborough",Scarborough,Yorkshire,Durham,1.0,Yorkshire,Durham,Yorkshire,4,1021,956
804265,2015,1,2015-08-21,"Riverside Ground, Chester-le-Street",Chester-le-Street,Durham,Middlesex,1.0,Middlesex,Durham,Middlesex,4,881,850
804267,2015,1,2015-08-21,"Trent Bridge, Nottingham",Nottingham,Nottinghamshire,Warwickshire,1.0,Nottinghamshire,Warwickshire,Nottinghamshire,3,1077,1029
804269,2015,1,2015-08-21,"County Ground, Taunton",Taunton,Somerset,Worcestershire,1.0,Somerset,Worcestershire,draw,2,737,701
804271,2015,1,2015-08-21,"County Ground, Hove",Brighton,Sussex,Yorkshire,1.0,Yorkshire,Sussex,draw,2,987,928
804273,2015,1,2015-09-01,"Riverside Ground, Chester-le-Street",Chester-le-Street,Durham,Hampshire,1.0,Durham,Hampshire,Hampshire,4,830,768
804275,2015,1,2015-09-01,"Edgbaston, Birmingham",Birmingham,Warwickshire,Middlesex,1.0,Middlesex,Warwickshire,draw,3,634,597
804277,2015,1,2015-09-01,"County Ground, New Road, Worcester",Worcester,Worcestershire,Sussex,1.0,Worcestershire,Sussex,Sussex,3,957,913
804279,2015,1,2015-09-01,"Headingley, Leeds",Leeds,Yorkshire,Somerset,1.0,Somerset,Yorkshire,Yorkshire,3,656,626
804281,2015,1,2015-09-09,"Lord's, London",London,Middlesex,Yorkshire,1.0,Middlesex,Yorkshire,Middlesex,4,1112,1058
804283,2015,1,2015-09-09,"Trent Bridge, Nottingham",Nottingham,Nottinghamshire,Durham,1.0,Nottinghamshire,Durham,Nottinghamshire,4,1120,1055
804285,2015,1,2015-09-09,"County Ground, Taunton",Taunton,Somerset,Hampshire,1.0,Hampshire,Somerset,draw,3,1281,1179
804287,2015,1,2015-09-14,"Riverside Ground, Chester-le-Street",Chester-le-Street,Durham,Worcestershire,1.0,Worcestershire,Durham,Durham,4,1135,1085
804289,2015,1,2015-09-14,"The Rose Bowl, Southampton",Southampton,Hampshire,Yorkshire,1.0,Hampshire,Yorkshire,Yorkshire,4,802,745
804291,2015,1,2015-09-14,"County Ground, Hove",Brighton,Sussex,Somerset,1.0,Sussex,Somerset,draw,2,847,822
804293,2015,1,2015-09-14,"Edgbaston, Birmingham",Birmingham,Warwickshire,Nottinghamshire,1.0,Nottinghamshire,Warwickshire,draw,2,552,505
804295,2015,1,2015-09-22,"Trent Bridge, Nottingham",Nottingham,Nottinghamshire,Hampshire,1.0,Nottinghamshire,Hampshire,Hampshire,4,1051,1002
804297,2015,1,2015-09-22,"County Ground, Taunton",Taunton,Somerset,Warwickshire,1.0,Somerset,Warwickshire,Somerset,4,1079,1028
804299,2015,1,2015-09-22,"County Ground, New Road, Worcester",Worcester,Worcestershire,Middlesex,1.0,Middlesex,Worcestershire,Worcestershire,3,734,669
804301,2015,1,2015-09-22,"Headingley, Leeds",Leeds,Yorkshire,Sussex,1.0,Yorkshire,Sussex,Yorkshire,4,1012,955
804303,2015,2,2015-04-12,"Grace Road, Leicester",Leicester,Leicestershire,Glamorgan,1.0,Glamorgan,Leicestershire,draw,4,1316,1171
804305,2015,2,2015-04-12,"County Ground, Northampton",Northampton,Northamptonshire,Gloucestershire,1.0,Northamptonshire,Gloucestershire,draw,4,1312,1231
804307,2015,2,2015-04-19,"County Ground, Derby",Derby,Derbyshire,Lancashire,1.0,Lancashire,Derbyshire,Lancashire,4,1026,943
804309,2015,2,2015-04-19,"County Ground, Chelmsford",Chelmsford,Essex,Kent,1.0,Kent,Essex,Essex,4,713,657
804311,2015,2,2015-04-19,"Sophia Gardens, Cardiff",Cardiff,Glamorgan,Surrey,1.0,Surrey,Glamorgan,draw,4,1305,1225
804313,2015,2,2015-04-26,"County Ground, Bristol",Bristol,Gloucestershire,Derbyshire,1.0,Gloucestershire,Derbyshire,Derbyshire,4,1373,1252
804315,2015,2,2015-04-26,"Old Trafford, Manchester",Manchester,Lancashire,Kent,1.0,Lancashire,Kent,Lancashire,4,1098,1028
804317,2015,2,2015-04-26,"Grace Road, Leicester",Leicester,Leicestershire,Northamptonshire,1.0,Northamptonshire,Leicestershire,Northamptonshire,4,1268,1153
804319,2015,2,2015-04-26,"Kennington Oval, London",London,Surrey,Essex,1.0,Surrey,Essex,draw,3,1045,994
804321,2015,2,2015-05-03,"County Ground, Chelmsford",Chelmsford,Essex,Gloucestershire,1.0,Essex,Gloucestershire,Gloucestershire,4,717,676
804323,2015,2,2015-05-03,"Sophia Gardens, Cardiff",Cardiff,Glamorgan,Derbyshire,1.0,Derbyshire,Glamorgan,draw,3,517,460
804325,2015,2,2015-05-03,"St Lawrence Ground, Canterbury",Canterbury,Kent,Leicestershire,1.0,Leicestershire,Kent,draw,4,1123,1059
804327,2015,2,2015-05-03,"County Ground, Northampton",Northampton,Northamptonshire,Lancashire,1.0,Northamptonshire,Lancashire,draw,3,1212,1107
804329,2015,2,2015-05-10,"County Ground, Derby",Derby,Derbyshire,Northamptonshire,1.0,Derbyshire,Northamptonshire,draw,4,1464,1349
804331,2015,2,2015-05-10,"St Lawrence Ground, Canterbury",Canterbury,Kent,Glamorgan,1.0,Kent,Glamorgan,draw,4,1274,1177
804333,2015,2,2015-05-10,"Old Trafford, Manchester",Manchester,Lancashire,Gloucestershire,1.0,Gloucestershire,Lancashire,Gloucestershire,4,1235,1161
804337,2015,2,2015-05-17,"Grace Road, Leicester",Leicester,Leicestershire,Lancashire,1.0,Lancashire,Leicestershire,Lancashire,4,898,760
804339,2015,2,2015-05-18,"Sophia Gardens, Cardiff",Cardiff,Glamorgan,Essex,1.0,Glamorgan,Essex,Glamorgan,4,1079,1002
804341,2015,2,2015-05-18,"County Ground, Bristol",Bristol,Gloucestershire,Kent,1.0,Gloucestershire,Kent,Kent,4,953,907
804343,2015,2,2015-05-18,"County Ground, Northampton",Northampton,Northamptonshire,Surrey,1.0,Northamptonshire,Surrey,draw,2,808,764
804349,2015,2,2015-05-31,"County Ground, Derby",Derby,Derbyshire,Gloucestershire,1.0,Gloucestershire,Derbyshire,draw,4,644,587
804351,2015,2,2015-05-31,"County Ground, Chelmsford",Chelmsford,Essex,Leicestershire,1.0,Essex,Leicestershire,Leicestershire,4,885,824
804353,2015,2,2015-05-31,"Sophia Gardens, Cardiff",Cardiff,Glamorgan,Northamptonshire,1.0,Glamorgan,Northamptonshire,Glamorgan,4,854,798
804355,2015,2,2015-05-31,"Kennington Oval, London",London,Surrey,Lancashire,1.0,Surrey,Lancashire,draw,3,1063,983
804357,2015,2,2015-06-07,"County Ground, Bristol",Bristol,Gloucestershire,Lancashire,1.0,Lancashire,Gloucestershire,Lancashire,4,965,898
804359,2015,2,2015-06-07,"St Lawrence Ground, Canterbury",Canterbury,Kent,Derbyshire,1.0,Kent,Derbyshire,Derbyshire,4,635,602
804361,2015,2,2015-06-07,"Grace Road, Leicester",Leicester,Leicestershire,Surrey,1.0,Surrey,Leicestershire,Surrey,4,912,815
804363,2015,2,2015-06-07,"County Ground, Northampton",Northampton,Northamptonshire,Essex,1.0,Essex,Northamptonshire,draw,4,1341,1229
804365,2015,2,2015-06-14,"County Ground, Chelmsford",Chelmsford,Essex,Derbyshire,1.0,Derbyshire,Essex,Essex,3,915,856
804367,2015,2,2015-06-14,"Old Trafford, Manchester",Manchester,Lancashire,Leicestershire,1.0,Leicestershire,Lancashire,Lancashire,3,809,753
804369,2015,2,2015-06-15,"Woodbridge Road, Guildford",Guildford,Surrey,Glamorgan,1.0,Surrey,Glamorgan,Glamorgan,4,1367,1281
804371,2015,2,2015-06-20,"County Ground, Northampton",Northampton,Northamptonshire,Kent,1.0,Kent,Northamptonshire,Northamptonshire,4,583,517
804373,2015,2,2015-06-21,"County Ground, Derby",Derby,Derbyshire,Surrey,1.0,Surrey,Derbyshire,Surrey,4,886,774
804375,2015,2,2015-06-21,"County Ground, Bristol",Bristol,Gloucestershire,Essex,1.0,Essex,Gloucestershire,Essex,4,868,802
804377,2015,2,2015-06-22,"Sophia Gardens, Cardiff",Cardiff,Glamorgan,Leicestershire,1.0,Glamorgan,Leicestershire,Glamorgan,4,1015,956
804379,2015,2,2015-06-27,"Kennington Oval, London",London,Surrey,Gloucestershire,1.0,Surrey,Gloucestershire,Surrey,3,716,677
804381,2015,2,2015-06-29,"Old Trafford, Manchester",Manchester,Lancashire,Northamptonshire,1.0,Northamptonshire,Lancashire,draw,4,1235,1158
804383,2015,2,2015-07-05,"Grace Road, Leicester",Leicester,Leicestershire,Kent,1.0,Leicestershire,Kent,Kent,4,566,498
804385,2015,2,2015-07-06,"Queen's Park, Chesterfield",Chesterfield,Derbyshire,Glamorgan,1.0,Glamorgan,Derbyshire,draw,3,943,858
804387,2015,2,2015-07-06,"Old Trafford, Manchester",Manchester,Lancashire,Essex,1.0,Lancashire,Essex,draw,3,773,707
804389,2015,2,2015-07-08,"College Ground, Cheltenham",Cheltenham,Gloucestershire,Northamptonshire,1.0,Northamptonshire,Gloucestershire,Gloucestershire,4,816,759
804391,2015,2,2015-07-12,"County Ground, Chelmsford",Chelmsford,Essex,Glamorgan,1.0,Essex,Glamorgan,Essex,4,998,962
804393,2015,2,2015-07-13,"Kennington Oval, London",London,Surrey,Kent,1.0,Kent,Surrey,Surrey,4,874,817
804395,2015,2,2015-07-15,"College Ground, Cheltenham",Cheltenham,Gloucestershire,Leicestershire,1.0,Gloucestershire,Leicestershire,Gloucestershire,4,923,868
804397,2015,2,2015-07-18,"County Ground, Northampton",Northampton,Northamptonshire,Derbyshire,1.0,Derbyshire,Northamptonshire,Derbyshire,4,865,762
804401,2015,2,2015-07-19,"Nevill Ground, Tunbridge Wells",Tunbridge Wells,Kent,Essex,1.0,Essex,Kent,Kent,3,1059,1012
804403,2015,2,2015-08-04,"St Lawrence Ground, Canterbury",Canterbury,Kent,Northamptonshire,1.0,Kent,Northamptonshire,Northamptonshire,3,773,728
804405,2015,2,2015-08-06,"St Helen's, Swansea",Swansea,Glamorgan,Gloucestershire,1.0,Glamorgan,Gloucestershire,Gloucestershire,4,1047,952
804409,2015,2,2015-08-07,"Grace Road, Leicester",Leicester,Leicestershire,Derbyshire,1.0,Derbyshire,Leicestershire,Leicestershire,4,1173,1059
804411,2015,2,2015-08-21,"County Ground, Derby",Derby,Derbyshire,Kent,1.0,Derbyshire,Kent,draw,4,877,825
804413,2015,2,2015-08-21,"County Ground, Bristol",Bristol,Gloucestershire,Surrey,1.0,Gloucestershire,Surrey,draw,2,582,548
804415,2015,2,2015-08-21,"Old Trafford, Manchester",Manchester,Lancashire,Glamorgan,1.0,Lancashire,Glamorgan,draw,3,834,798
804417,2015,2,2015-08-21,"County Ground, Northampton",Northampton,Northamptonshire,Leicestershire,1.0,Northamptonshire,Leicestershire,draw,4,889,839
804419,2015,2,2015-09-01,"County Ground, Chelmsford",Chelmsford,Essex,Northamptonshire,1.0,Essex,Northamptonshire,draw,4,943,888
804423,2015,2,2015-09-01,"Grace Road, Leicester",Leicester,Leicestershire,Gloucestershire,1.0,Leicestershire,Gloucestershire,draw,4,1051,940
804425,2015,2,2015-09-01,"Kennington Oval, London",London,Surrey,Derbyshire,1.0,Derbyshire,Surrey,Surrey,3,1022,975
804427,2015,2,2015-09-09,"County Ground, Derby",Derby,Derbyshire,Essex,1.0,Essex,Derbyshire,Essex,3,740,669
804429,2015,2,2015-09-09,"Sophia Gardens, Cardiff",Cardiff,Glamorgan,Kent,1.0,Kent,Glamorgan,Kent,4,1204,1140
804431,2015,2,2015-09-14,"St Lawrence Ground, Canterbury",Canterbury,Kent,Gloucestershire,1.0,Kent,Gloucestershire,draw,1,67,62
804433,2015,2,2015-09-14,"Old Trafford, Manchester",Manchester,Lancashire,Surrey,1.0,Surrey,Lancashire,draw,4,1230,1165
804435,2015,2,2015-09-14,"Grace Road, Leicester",Leicester,Leicestershire,Essex,1.0,Leicestershire,Essex,Essex,4,649,607
804437,2015,2,2015-09-14,"County Ground, Northampton",Northampton,Northamptonshire,Glamorgan,1.0,Glamorgan,Northamptonshire,draw,3,610,552
804439,2015,2,2015-09-22,"County Ground, Derby",Derby,Derbyshire,Leicestershire,1.0,Leicestershire,Derbyshire,draw,4,1375,1289
804441,2015,2,2015-09-22,"County Ground, Chelmsford",Chelmsford,Essex,Lancashire,1.0,Essex,Lancashire,draw,3,842,816
804443,2015,2,2015-09-22,"County Ground, Bristol",Bristol,Gloucestershire,Glamorgan,1.0,Glamorgan,Gloucestershire,draw,3,1356,1251
804445,2015,2,2015-09-22,"Kennington Oval, London",London,Surrey,Northamptonshire,1.0,Surrey,Northamptonshire,draw,4,1159,1086
946803,2016,1,2016-04-10,"Riverside Ground, Chester-le-Street",Chester-le-Street,Durham,Somerset,1.0,Durham,Somerset,draw,3,658,614
946805,2016,1,2016-04-10,"Trent Bridge, Nottingham",Nottingham,Nottinghamshire,Surrey,1.0,Nottinghamshire,Surrey,Nottinghamshire,4,1232,1134
946807,2016,1,2016-04-10,"The Rose Bowl, Southampton",Southampton,Hampshire,Warwickshire,1.0,Hampshire,Warwickshire,draw,3,747,701
946809,2016,1,2016-04-17,"Headingley, Leeds",Leeds,Yorkshire,Hampshire,1.0,Yorkshire,Hampshire,draw,3,1229,1148
946811,2016,1,2016-04-17,"Old Trafford, Manchester",Manchester,Lancashire,Nottinghamshire,1.0,Nottinghamshire,Lancashire,Lancashire,4,837,770
946813,2016,1,2016-04-17,"Lord's, London",London,Middlesex,Warwickshire,1.0,Middlesex,Warwickshire,draw,3,1224,1182
946815,2016,1,2016-04-24,"Riverside Ground, Chester-le-Street",Chester-le-Street,Durham,Middlesex,1.0,Middlesex,Durham,draw,2,694,650
946817,2016,1,2016-04-24,"Kennington Oval, London",London,Surrey,Somerset,1.0,Surrey,Somerset,draw,4,1119,1040
946819,2016,1,2016-04-24,"Edgbaston, Birmingham",Birmingham,Warwickshire,Yorkshire,1.0,Yorkshire,Warwickshire,draw,3,895,842
946821,2016,1,2016-05-01,"Kennington Oval, London",London,Surrey,Durham,1.0,Surrey,Durham,draw,3,1308,1236
946823,2016,1,2016-05-01,"County Ground, Taunton",Taunton,Somerset,Lancashire,1.0,Lancashire,Somerset,draw,3,1035,1007
946825,2016,1,2016-05-01,"The Rose Bowl, Southampton",Southampton,Hampshire,Middlesex,1.0,Hampshire,Middlesex,draw,4,1042,951
946827,2016,1,2016-05-01,"Trent Bridge, Nottingham",Nottingham,Nottinghamshire,Yorkshire,1.0,Nottinghamshire,Yorkshire,draw,4,1156,1084
946829,2016,1,2016-05-08,"Old Trafford, Manchester",Manchester,Lancashire,Hampshire,1.0,Hampshire,Lancashire,Lancashire,3,818,736
946831,2016,1,2016-05-08,"Lord's, London",London,Middlesex,Nottinghamshire,1.0,Nottinghamshire,Middlesex,draw,2,557,541
946833,2016,1,2016-05-08,"Edgbaston, Birmingham",Birmingham,Warwickshire,Somerset,1.0,Somerset,Warwickshire,draw,4,629,591
946835,2016,1,2016-05-08,"Headingley, Leeds",Leeds,Yorkshire,Surrey,1.0,Surrey,Yorkshire,Yorkshire,3,1094,1040
946837,2016,1,2016-05-15,"Riverside Ground, Chester-le-Street",Chester-le-Street,Durham,Lancashire,1.0,Durham,Lancashire,Durham,4,1227,1155
946839,2016,1,2016-05-15,"Kennington Oval, London",London,Surrey,Middlesex,1.0,Middlesex,Surrey,draw,3,735,713
946841,2016,1,2016-05-15,"Trent Bridge, Nottingham",Nottingham,Nottinghamshire,Warwickshire,1.0,Warwickshire,Nottinghamshire,Warwickshire,4,1165,1108
946843,2016,1,2016-05-15,"County Ground, Taunton",Taunton,Somerset,Yorkshire,1.0,Somerset,Yorkshire,draw,3,1014,954
946845,2016,1,2016-05-22,"Edgbaston, Birmingham",Birmingham,Warwickshire,Durham,1.0,Warwickshire,Durham,Durham,4,855,780
946847,2016,1,2016-05-22,"The Rose Bowl, Southampton",Southampton,Hampshire,Nottinghamshire,1.0,Hampshire,Nottinghamshire,Hampshire,4,917,835
946849,2016,1,2016-05-22,"Lord's, London",London,Middlesex,Somerset,1.0,Somerset,Middlesex,draw,3,1001,960
946851,2016,1,2016-05-22,"Old Trafford, Manchester",Manchester,Lancashire,Surrey,1.0,Surrey,Lancashire,Lancashire,3,692,646
946853,2016,1,2016-05-28,"Trent Bridge, Nottingham",Nottingham,Nottinghamshire,Durham,1.0,Nottinghamshire,Durham,draw,3,1270,1199
946855,2016,1,2016-05-28,"County Ground, Taunton",Taunton,Somerset,Surrey,1.0,Surrey,Somerset,Somerset,4,805,746
946857,2016,1,2016-05-29,"Merchant Taylors' School Ground, Northwood",Northwood,Middlesex,Hampshire,1.0,Middlesex,Hampshire,Middlesex,3,818,754
946859,2016,1,2016-05-29,"Headingley, Leeds",Leeds,Yorkshire,Lancashire,1.0,Yorkshire,Lancashire,Yorkshire,4,913,864
946861,2016,1,2016-06-19,"Kennington Oval, London",London,Surrey,Nottinghamshire,1.0,Surrey,Nottinghamshire,Surrey,4,906,849
946863,2016,1,2016-06-20,"Old Trafford, Manchester",Manchester,Lancashire,Warwickshire,1.0,Lancashire,Warwickshire,draw,4,1032,967
946865,2016,1,2016-06-20,"Riverside Ground, Chester-le-Street",Chester-le-Street,Durham,Yorkshire,1.0,Durham,Yorkshire,draw,4,1240,1184
946867,2016,1,2016-06-26,"Lord's, London",London,Middlesex,Lancashire,1.0,Lancashire,Middlesex,draw,2,932,898
946869,2016,1,2016-06-26,"Edgbaston, Birmingham",Birmingham,Warwickshire,Nottinghamshire,1.0,Nottinghamshire,Warwickshire,draw,3,544,511
946871,2016,1,2016-06-26,"The Rose Bowl, Southampton",Southampton,Hampshire,Somerset,1.0,Hampshire,Somerset,draw,3,866,812
946873,2016,1,2016-07-02,"Woodbridge Road, Guildford",Guildford,Surrey,Warwickshire,1.0,Surrey,Warwickshire,Warwickshire,4,904,859
946875,2016,1,2016-07-03,"Riverside Ground, Chester-le-Street",Chester-le-Street,Durham,Hampshire,1.0,Hampshire,Durham,draw,3,1067,1016
946877,2016,1,2016-07-03,"Trent Bridge, Nottingham",Nottingham,Nottinghamshire,Lancashire,1.0,Lancashire,Nottinghamshire,draw,3,1054,967
946879,2016,1,2016-07-03,"North Marine Road Ground, Scarborough",Scarborough,Yorkshire,Middlesex,1.0,Yorkshire,Middlesex,Middlesex,3,1150,1074
946881,2016,1,2016-07-10,"Edgbaston, Birmingham",Birmingham,Warwickshire,Hampshire,1.0,Hampshire,Warwickshire,draw,2,929,874
946883,2016,1,2016-07-10,"County Ground, Taunton",Taunton,Somerset,Middlesex,1.0,Somerset,Middlesex,Middlesex,4,1365,1243
946885,2016,1,2016-07-11,"Kennington Oval, London",London,Surrey,Yorkshire,1.0,Surrey,Yorkshire,draw,3,780,740
946887,2016,1,2016-07-16,"Trafalgar Road Ground, Southport",Southport,Lancashire,Durham,1.0,Lancashire,Durham,Durham,4,1075,1001
946889,2016,1,2016-07-17,"Trent Bridge, Nottingham",Nottingham,Nottinghamshire,Somerset,1.0,Nottinghamshire,Somerset,Somerset,4,1073,1005
946891,2016,1,2016-07-17,"The Rose Bowl, Southampton",Southampton,Hampshire,Surrey,1.0,Surrey,Hampshire,Surrey,3,1261,1176
946893,2016,1,2016-08-04,"County Ground, Taunton",Taunton,Somerset,Durham,1.0,Somerset,Durham,Somerset,4,689,672
946895,2016,1,2016-08-04,"The Rose Bowl, Southampton",Southampton,Hampshire,Lancashire,1.0,Hampshire,Lancashire,draw,3,1037,964
946897,2016,1,2016-08-04,"Lord's, London",London,Middlesex,Surrey,1.0,Surrey,Middlesex,draw,4,1252,1207
946899,2016,1,2016-08-04,"Headingley, Leeds",Leeds,Yorkshire,Warwickshire,1.0,Yorkshire,Warwickshire,Yorkshire,4,766,709
946901,2016,1,2016-08-13,"Lord's, London",London,Middlesex,Durham,1.0,Durham,Middlesex,Middlesex,3,992,964
946903,2016,1,2016-08-13,"Trent Bridge, Nottingham",Nottingham,Nottinghamshire,Hampshire,1.0,Hampshire,Nottinghamshire,Hampshire,4,1248,1168
946905,2016,1,2016-08-13,"Edgbaston, Birmingham",Birmingham,Warwickshire,Surrey,1.0,Surrey,Warwickshire,Surrey,4,1058,998
946907,2016,1,2016-08-13,"Old Trafford, Manchester",Manchester,Lancashire,Yorkshire,1.0,Lancashire,Yorkshire,draw,4,1274,1214
946909,2016,1,2016-08-23,"County Ground, Taunton",Taunton,Somerset,Hampshire,1.0,Hampshire,Somerset,draw,3,1179,1127
946911,2016,1,2016-08-23,"Kennington Oval, London",London,Surrey,Lancashire,1.0,Lancashire,Surrey,Surrey,4,1036,982
946913,2016,1,2016-08-23,"North Marine Road Ground, Scarborough",Scarborough,Yorkshire,Nottinghamshire,1.0,Yorkshire,Nottinghamshire,Yorkshire,4,785,748
946915,2016,1,2016-08-23,"Riverside Ground, Chester-le-Street",Chester-le-Street,Durham,Warwickshire,1.0,Durham,Warwickshire,draw,3,783,734
946917,2016,1,2016-08-31,"Edgbaston, Birmingham",Birmingham,Warwickshire,Middlesex,1.0,Middlesex,Warwickshire,draw,4,801,759
946919,2016,1,2016-08-31,"Riverside Ground, Chester-le-Street",Chester-le-Street,Durham,Nottinghamshire,1.0,Durham,Nottinghamshire,draw,4,959,884
946921,2016,1,2016-08-31,"Old Trafford, Manchester",Manchester,Lancashire,Somerset,1.0,Somerset,Lancashire,draw,2,975,941
946923,2016,1,2016-08-31,"The Rose Bowl, Southampton",Southampton,Hampshire,Yorkshire,1.0,Yorkshire,Hampshire,draw,4,825,771
946925,2016,1,2016-09-06,"Headingley, Leeds",Leeds,Yorkshire,Durham,1.0,Yorkshire,Durham,Yorkshire,4,1142,1067
946927,2016,1,2016-09-06,"Kennington Oval, London",London,Surrey,Hampshire,1.0,Surrey,Hampshire,draw,3,1159,1102
946929,2016,1,2016-09-06,"Trent Bridge, Nottingham",Nottingham,Nottinghamshire,Middlesex,1.0,Nottinghamshire,Middlesex,Middlesex,4,963,910
946931,2016,1,2016-09-06,"County Ground, Taunton",Taunton,Somerset,Warwickshire,1.0,Somerset,Warwickshire,Somerset,4,581,536
946933,2016,1,2016-09-12,"Old Trafford, Manchester",Manchester,Lancashire,Middlesex,1.0,Middlesex,Lancashire,draw,4,906,872
946935,2016,1,2016-09-12,"Headingley, Leeds",Leeds,Yorkshire,Somerset,1.0,Yorkshire,Somerset,Somerset,4,865,821
946937,2016,1,2016-09-12,"Riverside Ground, Chester-le-Street",Chester-le-Street,Durham,Surrey,1.0,Durham,Surrey,Durham,4,1273,1204
946941,2016,1,2016-09-20,"Edgbaston, Birmingham",Birmingham,Warwickshire,Lancashire,1.0,Warwickshire,Lancashire,Warwickshire,4,759,711
946943,2016,1,2016-09-20,"County Ground, Taunton",Taunton,Somerset,Nottinghamshire,1.0,Somerset,Nottinghamshire,Somerset,4,1031,994
946945,2016,1,2016-09-20,"Lord's, London",London,Middlesex,Yorkshire,1.0,Middlesex,Yorkshire,Middlesex,4,1197,1151
946947,2016,2,2016-04-10,"County Ground, Chelmsford",Chelmsford,Essex,Gloucestershire,1.0,Gloucestershire,Essex,Essex,4,956,889
946953,2016,2,2016-04-17,"County Ground, Bristol",Bristol,Gloucestershire,Derbyshire,1.0,Derbyshire,Gloucestershire,draw,3,1267,1206
946955,2016,2,2016-04-17,"County Ground, Hove",Brighton,Sussex,Essex,1.0,Sussex,Essex,draw,4,1234,1147
946957,2016,2,2016-04-17,"Sophia Gardens, Cardiff",Cardiff,Glamorgan,Leicestershire,1.0,Glamorgan,Leicestershire,Leicestershire,4,1081,1024
946959,2016,2,2016-04-24,"County Ground, Derby",Derby,Derbyshire,Glamorgan,1.0,Glamorgan,Derbyshire,draw,3,809,758
946961,2016,2,2016-04-24,"Grace Road, Leicester",Leicester,Leicestershire,Kent,1.0,Kent,Leicestershire,draw,3,750,700
946963,2016,2,2016-04-24,"County Ground, Chelmsford",Chelmsford,Essex,Northamptonshire,1.0,Essex,Northamptonshire,Essex,3,790,712
946965,2016,2,2016-04-24,"County Ground, Bristol",Bristol,Gloucestershire,Worcestershire,1.0,Gloucestershire,Worcestershire,draw,4,1383,1307
946967,2016,2,2016-05-01,"County Ground, Northampton",Northampton,Northamptonshire,Derbyshire,1.0,Derbyshire,Northamptonshire,draw,3,1023,939
946969,2016,2,2016-05-01,"County Ground, New Road, Worcester",Worcester,Worcestershire,Essex,1.0,Essex,Worcestershire,draw,3,957,918
946971,2016,2,2016-05-01,"St Lawrence Ground, Canterbury",Canterbury,Kent,Glamorgan,1.0,Glamorgan,Kent,Kent,4,1352,1239
946973,2016,2,2016-05-01,"County Ground, Hove",Brighton,Sussex,Leicestershire,1.0,Sussex,Leicestershire,draw,3,1013,919
946975,2016,2,2016-05-08,"St Lawrence Ground, Canterbury",Canterbury,Kent,Gloucestershire,1.0,Gloucestershire,Kent,draw,3,1026,982
946977,2016,2,2016-05-08,"Grace Road, Leicester",Leicester,Leicestershire,Northamptonshire,1.0,Leicestershire,Northamptonshire,draw,4,645,568
946979,2016,2,2016-05-08,"County Ground, Derby",Derby,Derbyshire,Sussex,1.0,Derbyshire,Sussex,draw,3,751,710
946981,2016,2,2016-05-08,"Sophia Gardens, Cardiff",Cardiff,Glamorgan,Worcestershire,1.0,Worcestershire,Glamorgan,draw,2,498,467
946983,2016,2,2016-05-15,"County Ground, Chelmsford",Chelmsford,Essex,Derbyshire,1.0,Essex,Derbyshire,draw,3,1079,1021
946987,2016,2,2016-05-15,"County Ground, Northampton",Northampton,Northamptonshire,Kent,1.0,Kent,Northamptonshire,draw,3,1025,976
946989,2016,2,2016-05-15,"County Ground, New Road, Worcester",Worcester,Worcestershire,Sussex,1.0,Worcestershire,Sussex,draw,3,1180,1122
946991,2016,2,2016-05-22,"Sophia Gardens, Cardiff",Cardiff,Glamorgan,Essex,1.0,Glamorgan,Essex,draw,4,1119,1051
946993,2016,2,2016-05-22,"County Ground, Derby",Derby,Derbyshire,Kent,1.0,Derbyshire,Kent,Kent,4,1174,1095
946995,2016,2,2016-05-22,"County Ground, Bristol",Bristol,Gloucestershire,Northamptonshire,1.0,Northamptonshire,Gloucestershire,draw,3,993,919
946997,2016,2,2016-05-22,"Grace Road, Leicester",Leicester,Leicestershire,Worcestershire,1.0,Leicestershire,Worcestershire,Worcestershire,4,721,671
946999,2016,2,2016-05-28,"County Ground, Hove",Brighton,Sussex,Derbyshire,1.0,Derbyshire,Sussex,Sussex,4,915,859
947001,2016,2,2016-05-28,"County Ground, Northampton",Northampton,Northamptonshire,Essex,1.0,Northamptonshire,Essex,draw,3,1159,1111
947003,2016,2,2016-05-29,"County Ground, New Road, Worcester",Worcester,Worcestershire,Gloucestershire,1.0,Worcestershire,Gloucestershire,Gloucestershire,4,1362,1291
947005,2016,2,2016-05-29,"St Lawrence Ground, Canterbury",Canterbury,Kent,Leicestershire,1.0,Leicestershire,Kent,draw,2,458,425
947007,2016,2,2016-06-19,"Sophia Gardens, Cardiff",Cardiff,Glamorgan,Kent,1.0,Glamorgan,Kent,draw,3,912,854
947009,2016,2,2016-06-19,"County Ground, Chelmsford",Chelmsford,Essex,Leicestershire,1.0,Essex,Leicestershire,Leicestershire,4,803,752
947011,2016,2,2016-06-20,"County Ground, Derby",Derby,Derbyshire,Worcestershire,1.0,Derbyshire,Worcestershire,draw,3,925,864
947013,2016,2,2016-06-22,Arundel Castle Cricket Club Ground,Arundel,Sussex,Northamptonshire,1.0,Sussex,Northamptonshire,draw,3,801,757
947015,2016,2,2016-06-26,"St Lawrence Ground, Canterbury",Canterbury,Kent,Derbyshire,1.0,Kent,Derbyshire,draw,3,1191,1142
947017,2016,2,2016-06-27,"Grace Road, Leicester",Leicester,Leicestershire,Gloucestershire,1.0,Leicestershire,Gloucestershire,draw,2,737,695
947019,2016,2,2016-07-02,"County Ground, Hove",Brighton,Sussex,Glamorgan,1.0,Glamorgan,Sussex,draw,3,1194,1103
947021,2016,2,2016-07-03,"County Ground, Chelmsford",Chelmsford,Essex,Kent,1.0,Kent,Essex,Essex,4,1155,1082
947023,2016,2,2016-07-03,"County Ground, New Road, Worcester",Worcester,Worcestershire,Leicestershire,1.0,Leicestershire,Worcestershire,Worcestershire,4,1432,1335
947027,2016,2,2016-07-10,"County Ground, Northampton",Northampton,Northamptonshire,Worcestershire,1.0,Worcestershire,Northamptonshire,Worcestershire,4,891,853
947031,2016,2,2016-07-17,"Penrhyn Avenue, Rhos-on-Sea, Colwyn Bay",Colwyn Bay,Glamorgan,Derbyshire,1.0,Glamorgan,Derbyshire,Glamorgan,4,1431,1366
947033,2016,2,2016-07-17,"Nevill Ground, Tunbridge Wells",Tunbridge Wells,Kent,Sussex,1.0,Kent,Sussex,draw,3,1163,1091
947035,2016,2,2016-07-20,"College Ground, Cheltenham",Cheltenham,Gloucestershire,Leicestershire,1.0,Gloucestershire,Leicestershire,Leicestershire,4,797,697
947037,2016,2,2016-08-03,"St Lawrence Ground, Canterbury",Canterbury,Kent,Worcestershire,1.0,Worcestershire,Kent,Kent,4,927,876
947041,2016,2,2016-08-04,"Grace Road, Leicester",Leicester,Leicestershire,Derbyshire,1.0,Leicestershire,Derbyshire,draw,4,1140,1077
947045,2016,2,2016-08-13,"County Ground, Derby",Derby,Derbyshire,Essex,1.0,Essex,Derbyshire,Essex,3,998,944
947047,2016,2,2016-08-13,"County Ground, New Road, Worcester",Worcester,Worcestershire,Glamorgan,1.0,Worcestershire,Glamorgan,Glamorgan,4,1114,1045
947049,2016,2,2016-08-13,"County Ground, Hove",Brighton,Sussex,Gloucestershire,1.0,Gloucestershire,Sussex,Sussex,3,1052,936
947051,2016,2,2016-08-13,"County Ground, Northampton",Northampton,Northamptonshire,Leicestershire,1.0,Leicestershire,Northamptonshire,draw,4,1326,1242
947053,2016,2,2016-08-23,"Grace Road, Leicester",Leicester,Leicestershire,Essex,1.0,Leicestershire,Essex,Essex,3,836,763
947055,2016,2,2016-08-23,"County Ground, Bristol",Bristol,Gloucestershire,Kent,1.0,Gloucestershire,Kent,Kent,3,997,939
947057,2016,2,2016-08-23,"County Ground, New Road, Worcester",Worcester,Worcestershire,Northamptonshire,1.0,Northamptonshire,Worcestershire,Worcestershire,4,1206,1154
947059,2016,2,2016-08-23,"Sophia Gardens, Cardiff",Cardiff,Glamorgan,Sussex,1.0,Glamorgan,Sussex,Sussex,4,1034,970
947061,2016,2,2016-08-31,"County Ground, Northampton",Northampton,Northamptonshire,Glamorgan,1.0,Northamptonshire,Glamorgan,Northamptonshire,4,830,797
947063,2016,2,2016-08-31,"County Ground, Derby",Derby,Derbyshire,Gloucestershire,1.0,Derbyshire,Gloucestershire,draw,4,943,909
947065,2016,2,2016-08-31,"County Ground, Hove",Brighton,Sussex,Kent,1.0,Sussex,Kent,Kent,3,865,784
947067,2016,2,2016-08-31,"County Ground, Chelmsford",Chelmsford,Essex,Worcestershire,1.0,Worcestershire,Essex,Essex,3,1041,991
947069,2016,2,2016-09-06,"Sophia Gardens, Cardiff",Cardiff,Glamorgan,Gloucestershire,1.0,Glamorgan,Gloucestershire,Gloucestershire,4,907,858
947071,2016,2,2016-09-06,"Kent County Cricket Ground, Beckenham",Beckenham,Kent,Northamptonshire,1.0,Kent,Northamptonshire,Northamptonshire,4,829,780
947073,2016,2,2016-09-06,"Grace Road, Leicester",Leicester,Leicestershire,Sussex,1.0,Leicestershire,Sussex,Sussex,3,567,516
947075,2016,2,2016-09-12,"County Ground, Chelmsford",Chelmsford,Essex,Glamorgan,1.0,Glamorgan,Essex,Glamorgan,4,1153,1088
947077,2016,2,2016-09-12,"County Ground, Northampton",Northampton,Northamptonshire,Gloucestershire,1.0,Northamptonshire,Gloucestershire,Northamptonshire,4,1290,1223
947079,2016,2,2016-09-12,"County Ground, Derby",Derby,Derbyshire,Leicestershire,1.0,Derbyshire,Leicestershire,draw,4,1141,1068
947081,2016,2,2016-09-12,"County Ground, Hove",Brighton,Sussex,Worcestershire,1.0,Worcestershire,Sussex,Worcestershire,4,989,902
947085,2016,2,2016-09-20,"St Lawrence Ground, Canterbury",Canterbury,Kent,Essex,1.0,Kent,Essex,draw,3,1021,974
947089,2016,2,2016-09-20,"County Ground, Bristol",Bristol,Gloucestershire,Sussex,1.0,Gloucestershire,Sussex,draw,3,1001,907
