player_id,season,player,teams,seasons,innings,matches,runs,balls,average,high_score,high_score_not_out,high_score_disp,hundreds,fifties,strike_rate,fours,sixes,bdry_runs,bdry_pct,bdry_freq,rotate,role,role_share,median_bat_pos,pct_pos_1_2,pct_pos_3_5,pct_pos_6_7,pct_pos_8_11,share_team_runs,share_team_runs_home,share_team_runs_away,home_away_gap,pct_runs_at_home_ground,mean_pct_match_runs,median_pct_match_runs,sd_pct_match_runs,max_pct_match_runs,mean_pct_match_bat_runs,median_pct_match_bat_runs,median_pct_match_runs_home,median_pct_match_runs_away,n_top_scorer,n_top3,top_scorer_rate,top3_rate,innings_home,innings_away,runs_home,runs_away,pctl_share_team_runs,pctl_median_pct_match_runs,pctl_top_scorer_rate,pctl_top3_rate,composite_pctl
d4f9dbd4,2022,CA Pujara,Sussex,2022,13,8,1094,1820,109.4,231,False,231,5,0,60.11,135,7,582,53.199,7.802,30.513,Middle order,100.0,4.0,0.0,100.0,0.0,0.0,24.662,23.475,25.513,-2.038,39.762,11.912,12.774,7.003,19.596,12.728,13.629,12.784,12.764,6,7,46.154,53.846,4.0,9.0,435.0,659.0,99.9,100.0,99.9,91.1,97.7
331ea488,2018,UT Khawaja,Glamorgan,2018,6,3,289,398,48.167,125,False,125,2,0,72.613,42,3,186,64.36,11.307,29.178,Middle order,100.0,4.0,0.0,100.0,0.0,0.0,24.701,31.057,20.67,10.387,48.789,9.342,11.868,4.806,12.358,9.915,12.5,12.358,7.834,3,4,50.0,66.667,2.0,4.0,141.0,148.0,99.9,99.9,100.0,98.1,99.5
d4f9dbd4,2014,CA Pujara,Derbyshire,2014,6,3,219,310,54.75,100,True,100*,1,1,70.645,34,1,142,64.84,11.29,28.0,Middle order,100.0,4.0,0.0,100.0,0.0,0.0,14.807,16.036,13.814,2.222,48.402,7.987,11.509,6.178,11.597,8.76,12.589,11.597,6.181,0,2,0.0,33.333,2.0,4.0,106.0,113.0,90.3,99.9,19.9,56.0,66.5
c995d726,2022,CA Ingram,Glamorgan,2022,9,5,596,1000,66.222,178,False,178,3,1,59.6,86,1,350,58.725,8.7,26.944,Middle order,100.0,3.0,0.0,100.0,0.0,0.0,19.251,19.201,19.322,-0.12,58.893,10.411,11.241,3.466,14.027,10.947,12.005,12.664,10.07,3,4,33.333,44.444,6.0,3.0,351.0,245.0,98.7,99.8,97.6,77.9,93.5
6843a783,2022,Shan Masood,Derbyshire,2022,13,8,1074,1410,82.615,239,False,239,3,4,76.17,130,1,526,48.976,9.291,42.846,Opener,100.0,1.0,100.0,0.0,0.0,0.0,23.719,26.854,20.655,6.199,55.959,11.976,11.16,7.104,22.032,12.593,11.701,13.064,9.332,5,10,38.462,76.923,6.0,7.0,601.0,473.0,99.8,99.7,99.2,99.8,99.6
7081848a,2014,GH Roderick,Gloucestershire,2014,6,3,278,382,46.333,98,False,98,0,3,72.775,37,0,148,53.237,9.686,37.681,Middle order,66.667,3.0,0.0,66.667,33.333,0.0,14.93,20.719,11.482,9.237,51.799,8.432,11.081,6.408,13.091,8.913,11.737,13.091,6.103,1,3,16.667,50.0,2.0,4.0,144.0,134.0,90.5,99.7,77.3,86.5,88.5
bb351c23,2014,MM Ali,Worcestershire,2014,11,7,676,1035,61.455,162,False,162,1,6,65.314,78,15,402,59.467,8.986,29.087,Middle order,100.0,3.0,0.0,100.0,0.0,0.0,20.095,15.234,29.27,-14.036,49.556,10.991,10.781,4.215,17.57,11.613,11.367,8.587,14.286,3,9,27.273,81.818,7.0,4.0,335.0,341.0,99.3,99.6,94.1,100.0,98.2
b970a03f,2015,M Klinger,Gloucestershire,2015,11,6,468,967,46.8,103,False,103,2,2,48.397,62,3,266,56.838,6.722,22.395,Middle order,100.0,3.0,0.0,100.0,0.0,0.0,19.379,19.637,18.593,1.044,76.282,9.334,10.714,5.602,14.922,10.076,11.51,10.714,8.477,2,6,18.182,54.545,8.0,3.0,357.0,111.0,98.8,99.5,81.9,91.7,93.0
a343262c,2024,JE Root,Yorkshire,2024,8,5,442,616,55.25,156,False,156,2,2,71.753,44,2,188,42.534,7.468,44.561,Middle order,100.0,4.0,0.0,100.0,0.0,0.0,17.765,28.38,10.994,17.386,62.217,9.056,10.505,4.661,14.029,9.575,11.544,13.238,4.585,1,4,12.5,50.0,2.0,6.0,275.0,167.0,97.3,99.5,64.0,86.5,86.8
aa710a58,2026,EN Gay,Durham,2026,9,6,552,800,78.857,159,True,159*,3,1,69.0,79,1,322,58.333,10.0,31.944,Middle order,88.889,3.0,11.111,88.889,0.0,0.0,17.18,28.632,10.498,18.134,61.413,8.567,10.454,6.796,15.86,9.217,10.913,14.993,5.065,2,6,22.222,66.667,4.0,5.0,339.0,213.0,96.0,99.4,88.7,98.1,95.6
c995d726,2024,CA Ingram,Glamorgan,2024,18,11,1351,2102,90.067,257,True,257*,5,6,64.272,182,11,794,58.771,9.182,29.178,Middle order,94.444,5.0,0.0,94.444,5.556,0.0,25.065,27.319,22.354,4.965,59.511,12.189,10.351,4.648,21.966,12.778,11.241,12.544,10.107,5,14,27.778,77.778,9.0,9.0,804.0,547.0,100.0,99.3,94.6,99.9,98.4
fa433be6,2019,M Labuschagne,Glamorgan,2019,13,7,845,1106,70.417,182,False,182,3,4,76.401,119,7,518,61.302,11.392,33.367,Middle order,100.0,3.0,0.0,100.0,0.0,0.0,21.349,22.003,21.058,0.945,31.716,10.604,10.293,4.77,17.516,11.338,10.83,10.426,10.293,4,10,30.769,76.923,4.0,9.0,268.0,577.0,99.7,99.3,96.7,99.8,98.9
ab01e323,2025,SA Zaib,Northamptonshire,2025,23,14,1425,2084,64.773,196,True,196*,6,7,68.378,166,15,754,52.912,8.685,35.26,All-rounder / keeper,69.565,6.0,0.0,30.435,69.565,0.0,19.794,17.994,21.729,-3.735,47.088,9.001,10.158,4.726,16.276,9.59,10.59,7.971,10.791,9,16,39.13,69.565,12.0,11.0,671.0,754.0,99.2,99.2,99.5,98.9,99.2
5bfdc77a,2017,James Bracey,Gloucestershire,2017,6,4,370,665,74.0,156,False,156,1,2,55.639,47,3,206,55.676,7.519,26.667,Middle order,100.0,3.5,0.0,100.0,0.0,0.0,19.546,13.41,28.553,-15.143,40.811,8.909,10.112,4.84,13.065,9.52,11.0,7.168,10.65,2,4,33.333,66.667,4.0,2.0,151.0,219.0,99.1,99.1,97.6,98.1,98.5
a1b69936,2026,DG Bedingham,Durham,2026,16,11,1029,1355,73.5,147,False,147,5,3,75.941,127,14,592,57.532,10.406,35.997,Middle order,100.0,4.0,0.0,100.0,0.0,0.0,18.454,18.67,18.259,0.41,48.008,9.58,10.11,3.551,15.742,10.372,10.655,8.351,10.575,6,10,37.5,62.5,8.0,8.0,494.0,535.0,98.2,99.1,98.8,96.7,98.2
1957c6b7,2017,LWP Wells,Sussex,2017,18,10,1182,1817,73.875,258,False,258,4,4,65.052,165,14,744,62.944,9.851,26.74,Opener,66.667,2.0,66.667,33.333,0.0,0.0,20.355,24.208,15.768,8.44,64.636,10.625,10.057,5.904,22.261,11.43,11.066,11.723,9.874,6,11,33.333,61.111,8.0,10.0,764.0,418.0,99.5,99.0,97.6,95.8,98.0
e824e6ee,2017,TWM Latham,Durham,2017,7,4,382,722,63.667,124,False,124,2,1,52.909,44,2,188,49.215,6.371,28.698,Opener,100.0,2.0,100.0,0.0,0.0,0.0,17.884,16.015,23.619,-7.604,67.539,11.008,10.053,6.45,19.106,11.854,10.956,6.959,19.106,2,4,28.571,57.143,6.0,1.0,258.0,124.0,97.5,98.9,95.2,93.7,96.3
f05fe9b1,2024,JA Simpson,Sussex,2024,20,14,1197,2067,74.812,205,True,205*,5,4,57.91,133,13,610,50.961,7.063,30.557,All-rounder / keeper,90.0,6.0,0.0,5.0,90.0,5.0,16.895,16.698,17.12,-0.422,52.632,8.428,9.802,5.848,18.336,8.89,10.21,10.476,9.685,5,11,25.0,55.0,10.0,10.0,630.0,567.0,95.6,98.9,92.1,92.1,94.7
fa433be6,2024,M Labuschagne,Glamorgan,2024,8,4,468,715,58.5,119,False,119,2,2,65.455,66,1,270,57.692,9.371,30.556,Middle order,75.0,3.0,25.0,75.0,0.0,0.0,18.104,23.243,13.278,9.964,62.179,9.011,9.794,3.367,12.061,9.704,10.548,11.452,6.571,3,5,37.5,62.5,4.0,4.0,291.0,177.0,97.8,98.8,98.8,96.7,98.0
70b8fd28,2024,A Lyth,Yorkshire,2024,22,14,1215,1897,57.857,147,False,147,5,5,64.048,177,8,756,62.222,9.752,26.811,Opener,100.0,1.0,100.0,0.0,0.0,0.0,16.729,19.184,14.242,4.942,57.695,9.105,9.498,4.961,15.683,9.61,10.016,12.238,8.403,6,14,27.273,63.636,10.0,12.0,701.0,514.0,95.3,98.7,94.1,97.3,96.4
6b71e6cf,2015,KC Sangakkara,Surrey,2015,15,9,804,1245,53.6,149,False,149,5,1,64.578,100,5,430,53.483,8.434,32.807,Middle order,100.0,3.0,0.0,100.0,0.0,0.0,16.099,13.902,18.161,-4.259,41.791,8.471,9.491,5.187,14.483,9.023,10.129,9.091,12.031,4,8,26.667,53.333,8.0,7.0,336.0,468.0,93.9,98.7,93.8,90.7,94.3
e94bc520,2021,OJ Pope,Surrey,2021,13,9,861,1121,78.273,274,False,274,3,0,76.806,108,5,462,53.659,10.08,39.583,Middle order,100.0,4.0,0.0,100.0,0.0,0.0,21.291,26.858,10.388,16.471,83.508,10.442,9.474,7.001,19.656,11.194,9.89,15.764,6.749,2,8,15.385,61.538,7.0,6.0,719.0,142.0,99.7,98.6,73.3,96.1,91.9
ba9258a7,2021,TB Abell,Somerset,2021,10,6,512,1034,56.889,132,True,132*,1,3,49.516,70,0,280,54.688,6.77,24.066,Middle order,100.0,3.0,0.0,100.0,0.0,0.0,18.286,13.357,25.984,-12.627,44.531,13.58,9.473,13.339,40.367,14.815,10.058,9.075,9.639,3,6,30.0,60.0,6.0,4.0,228.0,284.0,98.0,98.5,96.2,95.4,97.0
b9c7596f,2019,Hassan Azad,Leicestershire,2019,22,12,1056,2465,55.579,137,False,137,3,8,42.84,117,1,474,44.886,4.787,24.798,Opener,72.727,1.0,72.727,27.273,0.0,0.0,19.509,21.91,17.294,4.616,53.883,12.757,9.43,11.827,47.222,13.596,10.06,13.533,8.18,8,14,36.364,63.636,11.0,11.0,569.0,487.0,99.0,98.5,98.5,97.3,98.3
29e8a62e,2021,RJ Burns,Surrey,2021,14,9,617,1220,47.462,104,True,104*,1,7,50.574,83,2,344,55.754,6.967,24.053,Opener,100.0,1.0,100.0,0.0,0.0,0.0,17.196,17.07,17.361,-0.291,56.078,10.347,9.146,8.195,26.699,11.21,9.715,8.486,9.146,4,9,28.571,64.286,6.0,8.0,346.0,271.0,96.1,98.4,95.2,97.6,96.8
be768595,2017,MJ Cosgrove,Leicestershire,2017,18,9,809,1210,44.944,128,False,128,1,6,66.86,120,3,498,61.557,10.165,28.611,Middle order,100.0,4.0,0.0,100.0,0.0,0.0,20.165,28.457,14.507,13.95,57.231,10.21,9.046,4.992,20.915,11.1,9.451,12.791,7.991,7,12,38.889,66.667,8.0,10.0,463.0,346.0,99.4,98.4,99.4,98.1,98.8
b970a03f,2016,M Klinger,Gloucestershire,2016,10,6,531,1018,75.857,140,False,140,3,1,52.161,59,8,284,53.484,6.582,25.973,Middle order,100.0,4.0,0.0,100.0,0.0,0.0,18.361,18.672,18.114,0.558,45.009,8.87,8.994,4.496,14.099,9.722,9.927,9.912,8.076,3,5,30.0,50.0,5.0,5.0,239.0,292.0,98.0,98.3,96.2,86.5,94.8
10435ca2,2017,CDJ Dent,Gloucestershire,2017,24,13,894,1916,42.571,135,True,135*,2,7,46.66,111,4,468,52.349,6.002,23.654,Opener,100.0,2.0,100.0,0.0,0.0,0.0,15.096,18.016,10.168,7.848,74.944,7.224,8.889,5.529,17.794,7.696,9.333,9.39,3.484,5,12,20.833,50.0,13.0,11.0,670.0,224.0,91.3,98.2,86.6,86.5,90.6
6755cd5c,2014,CB Cooke,Glamorgan,2014,17,10,753,1386,47.062,171,False,171,1,6,54.329,82,1,334,44.356,5.988,32.157,Middle order,94.118,5.0,0.0,94.118,5.882,0.0,15.487,17.306,13.863,3.443,52.722,7.747,8.863,5.494,17.772,8.241,9.367,9.204,4.441,3,8,17.647,47.059,8.0,9.0,397.0,356.0,92.2,98.2,80.7,82.3,88.4
6e6fb538,2026,JL du Plooy,Middlesex,2026,19,10,831,1276,48.882,182,False,182,2,5,65.125,91,2,376,45.247,7.288,38.462,Middle order,100.0,4.0,0.0,100.0,0.0,0.0,16.18,14.88,17.88,-3.0,52.106,8.909,8.83,6.421,20.776,9.625,9.559,5.837,11.258,5,9,26.316,47.368,11.0,8.0,433.0,398.0,94.1,98.1,93.4,82.8,92.1
0d61d8f0,2023,JD Libby,Worcestershire,2023,23,12,1153,1851,57.65,198,False,198,4,5,62.291,136,4,568,49.263,7.563,34.191,Opener,95.652,2.0,95.652,4.348,0.0,0.0,19.108,15.994,21.59,-5.596,37.121,9.065,8.81,4.74,18.6,9.624,9.296,8.333,10.977,8,14,34.783,60.87,13.0,10.0,428.0,725.0,98.6,98.0,98.2,95.6,97.6
a48fc79d,2016,EC Joyce,Sussex,2016,16,10,934,1722,62.267,250,False,250,3,5,54.239,118,5,502,53.747,7.143,27.017,Opener,100.0,2.0,100.0,0.0,0.0,0.0,18.543,16.667,21.418,-4.751,54.39,10.118,8.808,8.791,33.289,10.831,9.303,8.808,6.722,6,10,37.5,62.5,10.0,6.0,508.0,426.0,98.4,98.0,98.8,96.7,98.0
7e4c8ba3,2015,SA Northeast,Kent,2015,25,13,930,1627,42.273,88,True,88*,0,8,57.16,117,4,492,52.903,7.437,29.084,Middle order,100.0,4.0,0.0,100.0,0.0,0.0,15.268,11.451,18.018,-6.567,31.398,8.298,8.804,4.629,17.953,8.896,9.438,4.06,8.864,6,13,24.0,52.0,9.0,16.0,292.0,638.0,91.9,97.9,91.2,89.2,92.6
ba377b40,2021,GL van Buuren,Gloucestershire,2021,9,6,354,506,50.571,110,True,110*,1,4,69.96,50,4,224,63.277,10.672,28.761,Middle order,55.556,5.0,0.0,55.556,33.333,11.111,15.86,22.827,7.293,15.534,79.379,6.988,8.712,5.197,11.926,7.629,9.529,11.418,0.729,3,5,33.333,55.556,5.0,4.0,281.0,73.0,93.3,97.8,97.6,92.6,95.3
eaa76d3c,2025,C Green,Gloucestershire,2025,9,5,467,768,66.714,128,False,128,3,1,60.807,45,5,210,44.968,6.51,35.794,Middle order,77.778,5.0,0.0,77.778,22.222,0.0,15.217,18.577,13.387,5.19,43.041,7.054,8.699,6.166,14.391,7.54,9.289,7.565,8.699,3,5,33.333,55.556,4.0,5.0,201.0,266.0,91.6,97.8,97.6,92.6,94.9
18c78b11,2017,RE Levi,Northamptonshire,2017,17,9,696,737,46.4,115,False,115,2,3,94.437,98,12,464,66.667,14.925,37.002,Middle order,58.824,4.0,0.0,58.824,41.176,0.0,17.335,19.85,15.425,4.425,49.425,8.687,8.665,4.953,18.657,9.281,9.176,8.74,6.949,4,12,23.529,70.588,7.0,10.0,344.0,352.0,96.5,97.7,90.4,99.1,95.9
0164b064,2023,MG Neser,Glamorgan,2023,7,6,487,739,81.167,176,True,176*,2,2,65.9,65,4,284,58.316,9.337,30.299,Lower order,85.714,8.0,0.0,0.0,14.286,85.714,19.203,27.226,14.268,12.958,54.004,8.596,8.661,7.679,20.609,9.105,9.404,12.722,8.007,2,4,28.571,57.143,3.0,4.0,263.0,224.0,98.7,97.6,95.2,93.7,96.3
86e0f3f0,2016,WL Madsen,Derbyshire,2016,24,14,1187,2317,59.35,163,False,163,5,3,51.23,155,1,626,52.738,6.733,25.96,Middle order,100.0,4.0,0.0,100.0,0.0,0.0,16.664,17.105,16.274,0.831,48.189,7.689,8.635,5.523,15.074,8.154,9.102,11.784,6.918,7,14,29.167,58.333,12.0,12.0,572.0,615.0,95.1,97.6,95.6,94.6,95.7
9e85455c,2025,MS Harris,Lancashire,2025,19,10,1027,1779,60.412,167,False,167,3,5,57.729,136,4,568,55.307,7.87,28.005,Middle order,100.0,4.0,0.0,100.0,0.0,0.0,19.64,19.459,19.84,-0.381,51.801,9.461,8.602,5.325,17.227,10.229,9.127,8.651,8.135,7,14,36.842,73.684,10.0,9.0,532.0,495.0,99.1,97.5,98.6,99.6,98.7
881a9bdd,2014,S Chanderpaul,Derbyshire,2014,12,7,496,961,49.6,92,False,92,0,6,51.613,56,3,242,48.79,6.139,28.16,Middle order,100.0,4.0,0.0,100.0,0.0,0.0,17.175,14.111,20.368,-6.256,41.935,7.036,8.515,4.479,12.893,7.537,9.255,5.374,10.823,3,7,25.0,58.333,6.0,6.0,208.0,288.0,95.9,97.4,92.1,94.6,95.0
d34a2268,2017,MDE Holden,Northamptonshire,2017,14,8,623,1247,44.5,153,False,153,2,2,49.96,77,1,314,50.401,6.255,26.433,Middle order,57.143,4.0,28.571,57.143,14.286,0.0,16.322,10.069,21.605,-11.536,28.25,7.231,8.505,3.865,11.429,7.769,9.2,4.658,9.993,4,8,28.571,57.143,7.0,7.0,176.0,447.0,94.5,97.4,95.2,93.7,95.2
a15618fe,2014,JM Vince,Hampshire,2014,28,16,1525,1984,61.0,240,False,240,4,7,76.865,225,4,924,60.59,11.542,34.245,Middle order,100.0,4.0,0.0,100.0,0.0,0.0,17.945,18.094,17.784,0.309,52.525,10.422,8.493,9.477,31.864,11.214,9.082,8.679,8.307,7,17,25.0,60.714,15.0,13.0,801.0,724.0,97.6,97.3,92.1,95.6,95.6
f3982af9,2024,DP Hughes,Sussex,2024,6,4,340,473,56.667,144,False,144,1,2,71.882,50,4,224,65.882,11.416,27.685,Opener,100.0,1.5,100.0,0.0,0.0,0.0,17.838,20.674,13.985,6.689,66.765,9.053,8.429,2.487,12.468,9.436,8.788,10.871,7.236,2,4,33.333,66.667,2.0,4.0,227.0,113.0,97.4,97.2,97.6,98.1,97.6
d4f9dbd4,2024,CA Pujara,Sussex,2024,9,6,501,1054,62.625,129,False,129,2,1,47.533,56,0,224,44.711,5.313,27.756,Middle order,100.0,4.0,0.0,100.0,0.0,0.0,15.691,17.7,14.774,2.926,35.329,8.26,8.427,4.005,13.549,8.765,9.112,8.427,7.88,3,6,33.333,66.667,4.0,5.0,177.0,324.0,92.9,97.2,97.6,98.1,96.5
806c4e58,2025,CP Jewell,Derbyshire,2025,22,12,1005,1466,47.857,232,False,232,1,8,68.554,126,4,528,52.537,8.868,35.704,Opener,100.0,2.0,100.0,0.0,0.0,0.0,15.248,17.913,13.009,4.903,53.632,7.296,8.398,5.566,20.0,7.725,8.708,8.713,6.986,3,11,13.636,50.0,10.0,12.0,539.0,466.0,91.8,97.0,68.0,86.5,85.8
c5f1d2a1,2014,BT Slater,Derbyshire,2014,14,7,646,1452,46.143,119,False,119,2,3,44.49,83,0,332,51.393,5.716,22.936,Opener,100.0,1.0,100.0,0.0,0.0,0.0,17.612,19.824,14.02,5.804,69.659,9.674,8.398,6.906,24.398,10.587,8.902,8.816,8.398,3,9,21.429,64.286,8.0,6.0,450.0,196.0,97.0,97.1,87.7,97.6,94.8
ad9c32a2,2023,DJ Malan,Yorkshire,2023,13,7,542,750,41.692,132,False,132,2,1,72.267,73,5,322,59.41,10.4,32.738,Middle order,92.308,4.0,0.0,92.308,0.0,7.692,13.858,13.018,15.244,-2.225,58.487,7.055,8.385,3.045,11.275,7.516,8.795,6.169,8.466,3,6,23.077,46.154,7.0,6.0,317.0,225.0,86.4,97.0,90.0,81.2,88.6
9e85455c,2021,MS Harris,Leicestershire,2021,11,7,629,1134,62.9,185,False,185,3,1,55.467,81,1,330,52.464,7.231,28.422,Middle order,100.0,3.0,0.0,100.0,0.0,0.0,20.509,29.911,11.955,17.956,69.475,9.856,8.379,6.712,18.306,10.716,9.006,18.294,4.726,2,7,18.182,63.636,4.0,7.0,437.0,192.0,99.5,96.9,81.9,97.3,93.9
7cc15633,2014,JHK Adams,Hampshire,2014,29,16,1215,2537,43.393,231,False,231,1,8,47.891,163,7,694,57.119,6.701,22.011,Opener,100.0,2.0,100.0,0.0,0.0,0.0,14.252,14.728,13.731,0.997,53.992,8.332,8.346,5.837,24.062,8.843,8.763,7.298,9.394,5,15,17.241,51.724,16.0,13.0,656.0,559.0,88.2,96.8,79.3,88.8,88.3
86e0f3f0,2015,WL Madsen,Derbyshire,2015,26,13,1015,1823,48.333,172,True,172*,2,6,55.677,127,1,514,50.64,7.021,29.558,Middle order,100.0,4.0,0.0,100.0,0.0,0.0,15.681,14.555,16.964,-2.409,49.458,7.892,8.317,5.15,16.539,8.598,8.718,5.405,10.279,5,14,19.231,53.846,14.0,12.0,502.0,513.0,92.7,96.8,84.2,91.1,91.2
4ec07775,2015,RN ten Doeschate,Essex,2015,19,12,832,1281,55.467,88,False,88,0,7,64.949,90,8,408,49.038,7.65,35.841,All-rounder / keeper,84.211,6.0,0.0,15.789,84.211,0.0,14.802,13.158,16.126,-2.968,39.663,7.305,8.29,3.518,11.892,7.817,8.968,8.701,8.054,4,13,21.053,68.421,8.0,11.0,330.0,502.0,90.2,96.7,87.1,98.6,93.2
8305580c,2014,MA Carberry,Hampshire,2014,21,12,847,1644,42.35,125,False,125,3,3,51.521,119,12,548,64.699,7.968,19.762,Opener,100.0,1.0,100.0,0.0,0.0,0.0,14.026,11.589,16.87,-5.281,44.51,7.369,8.284,4.039,13.27,7.888,9.046,6.683,9.976,4,11,19.048,52.381,12.0,9.0,377.0,470.0,87.3,96.6,83.8,89.6,89.3
1066a976,2017,AL Hughes,Derbyshire,2017,17,10,713,1394,47.533,142,False,142,2,2,51.148,97,2,400,56.101,7.102,24.17,Middle order,88.235,5.0,0.0,88.235,11.765,0.0,15.663,16.429,15.269,1.16,35.624,8.335,8.283,5.021,18.644,8.989,9.215,8.845,7.005,5,8,29.412,47.059,6.0,11.0,254.0,459.0,92.6,96.6,95.8,82.3,91.8
4bb5dc96,2014,WA Tavare,Gloucestershire,2014,24,14,934,2011,40.609,139,False,139,4,3,46.445,132,4,552,59.101,6.763,20.373,Opener,54.167,2.0,54.167,41.667,0.0,4.167,14.443,16.738,12.063,4.675,58.994,7.162,8.264,4.692,14.493,7.66,8.928,10.883,7.221,4,11,16.667,45.833,12.0,12.0,551.0,383.0,88.9,96.5,77.3,80.5,85.8
07c8a2f4,2021,LA Procter,Northamptonshire,2021,8,4,228,552,28.5,76,False,76,0,2,41.304,28,1,118,51.754,5.254,21.033,Middle order,100.0,3.0,0.0,100.0,0.0,0.0,15.312,20.838,6.701,14.137,82.895,8.106,8.239,5.618,14.742,8.509,8.703,10.881,5.331,2,4,25.0,50.0,4.0,4.0,189.0,39.0,92.0,96.4,92.1,86.5,91.8
f41598c1,2016,AN Cook,Essex,2016,11,7,643,1309,91.857,142,False,142,3,2,49.121,88,1,358,55.677,6.799,23.361,Opener,100.0,2.0,100.0,0.0,0.0,0.0,17.597,15.293,20.707,-5.414,49.922,9.178,8.228,6.499,19.854,9.791,9.129,7.284,10.373,3,7,27.273,63.636,6.0,5.0,321.0,322.0,96.9,96.4,94.1,97.3,96.2
75cbed9b,2021,SS Eskinazi,Middlesex,2021,10,5,360,1030,45.0,102,False,102,1,2,34.951,46,0,184,51.111,4.466,17.886,Middle order,70.0,3.5,20.0,70.0,10.0,0.0,16.327,16.803,15.948,0.855,45.556,7.764,8.215,4.442,12.329,8.302,8.678,8.95,8.179,4,7,40.0,70.0,4.0,6.0,164.0,196.0,94.5,96.3,99.6,99.0,97.4
a5544576,2015,D Murphy,Northamptonshire,2015,8,5,324,531,54.0,135,True,135*,1,1,61.017,42,2,180,55.556,8.286,29.569,Opener,50.0,4.0,50.0,0.0,37.5,12.5,15.042,17.124,13.895,3.229,40.432,7.296,8.211,3.92,11.734,7.838,8.701,8.86,5.433,1,4,12.5,50.0,3.0,5.0,131.0,193.0,91.0,96.2,64.0,86.5,84.4
10435ca2,2019,CDJ Dent,Gloucestershire,2019,24,14,1087,2204,47.261,176,False,176,4,4,49.319,142,3,586,53.91,6.579,24.332,Opener,100.0,2.0,100.0,0.0,0.0,0.0,17.738,14.232,22.255,-8.024,45.17,8.346,8.164,4.276,16.948,9.053,8.722,7.862,8.17,5,15,20.833,62.5,14.0,10.0,491.0,596.0,97.2,96.2,86.6,96.7,94.2
be768595,2016,MJ Cosgrove,Leicestershire,2016,25,15,1242,2009,51.75,146,False,146,5,5,61.822,176,5,734,59.098,9.009,27.79,Middle order,100.0,4.0,0.0,100.0,0.0,0.0,17.707,14.971,19.635,-4.665,34.944,9.541,8.156,6.894,25.983,10.348,9.326,7.327,8.452,5,16,20.0,64.0,12.0,13.0,434.0,808.0,97.2,96.1,85.3,97.5,94.0
35f9a295,2023,LJ Hill,Leicestershire,2023,24,14,880,1621,40.0,162,True,162*,2,5,54.287,107,5,458,52.045,6.909,27.966,Middle order,100.0,3.0,0.0,100.0,0.0,0.0,13.582,15.502,11.967,3.534,52.159,7.655,8.139,5.84,22.979,8.233,8.716,9.011,8.139,5,11,20.833,45.833,10.0,14.0,459.0,421.0,84.8,96.0,86.6,80.5,87.0
fe0c5457,2022,H Hameed,Nottinghamshire,2022,24,14,1235,1979,58.81,196,False,196,4,7,62.405,186,3,762,61.7,9.55,26.425,Opener,100.0,2.0,100.0,0.0,0.0,0.0,15.831,16.039,15.609,0.429,52.389,8.652,8.112,4.582,16.54,9.276,8.594,8.502,5.534,8,12,33.333,50.0,13.0,11.0,647.0,588.0,93.1,96.0,97.6,86.5,93.3
18fac429,2019,SR Patel,Glamorgan,2019,6,3,187,282,31.167,66,False,66,0,2,66.312,25,2,112,59.893,9.574,29.412,All-rounder / keeper,66.667,6.0,0.0,33.333,66.667,0.0,13.077,16.189,3.438,12.75,93.583,6.217,8.085,4.2,9.158,6.686,8.426,8.622,1.407,0,4,0.0,66.667,4.0,2.0,175.0,12.0,81.5,95.9,19.9,98.1,73.8
f05fe9b1,2022,JA Simpson,Middlesex,2022,19,14,1039,1891,64.938,132,False,132,3,6,54.944,132,11,594,57.17,7.562,25.458,All-rounder / keeper,100.0,6.0,0.0,0.0,100.0,0.0,16.985,12.94,21.056,-8.116,38.21,7.879,8.083,4.724,17.627,8.423,8.64,5.746,11.932,5,11,26.316,57.895,10.0,9.0,397.0,642.0,95.8,95.8,93.4,94.4,94.8
cd882d22,2016,WRS Gidman,Kent,2016,7,5,362,691,120.667,99,True,99*,0,5,52.388,41,1,170,46.961,6.078,29.584,All-rounder / keeper,71.429,7.0,0.0,0.0,71.429,28.571,13.801,12.861,15.258,-2.397,56.63,7.921,8.082,2.234,11.445,8.485,8.562,8.082,8.631,1,4,14.286,57.143,5.0,2.0,205.0,157.0,86.0,95.8,70.0,93.7,86.4
1b6fef02,2016,P Mustard,Gloucestershire,2016,10,6,447,940,55.875,107,True,107*,1,3,47.553,60,0,240,53.691,6.383,23.523,All-rounder / keeper,100.0,6.0,0.0,0.0,100.0,0.0,15.756,13.689,16.934,-3.245,31.544,7.136,8.076,3.633,11.347,7.675,8.814,7.052,8.076,2,6,20.0,60.0,4.0,6.0,141.0,306.0,93.0,95.7,85.3,95.4,92.4
e734d090,2023,CN Ackermann,Leicestershire,2023,22,12,987,1735,49.35,146,False,146,3,5,56.888,141,2,576,58.359,8.242,25.817,Middle order,95.455,4.0,0.0,95.455,4.545,0.0,16.046,17.889,14.578,3.311,49.443,7.98,8.049,5.653,16.958,8.533,8.636,12.005,7.465,5,12,22.727,54.545,9.0,13.0,488.0,499.0,93.7,95.6,89.4,91.7,92.6
bdadf7da,2015,JL Denly,Kent,2015,26,14,892,1674,40.545,161,True,161*,2,5,53.286,128,8,560,62.78,8.124,21.586,Opener,65.385,2.0,65.385,34.615,0.0,0.0,14.485,14.864,14.205,0.659,43.61,7.675,8.038,4.474,14.286,8.245,8.813,8.042,8.038,8,12,30.769,46.154,10.0,16.0,389.0,503.0,89.1,95.6,96.7,81.2,90.6
9ffd1ac1,2019,T Bavuma,Northamptonshire,2019,13,7,524,803,40.308,134,False,134,2,1,65.255,66,5,294,56.107,8.842,31.421,Middle order,100.0,4.0,0.0,100.0,0.0,0.0,14.483,11.951,17.18,-5.23,42.557,8.579,8.031,5.497,19.276,9.002,8.421,8.031,7.373,4,6,30.769,46.154,6.0,7.0,223.0,301.0,89.1,95.5,96.7,81.2,90.6
c9c0fe50,2023,AZ Lees,Durham,2023,21,14,1347,1826,70.895,195,False,195,5,5,73.768,169,8,724,53.749,9.693,37.78,Opener,100.0,1.0,100.0,0.0,0.0,0.0,18.146,16.072,20.273,-4.2,44.84,9.162,7.959,5.887,21.506,9.789,8.484,5.608,8.772,6,14,28.571,66.667,11.0,10.0,604.0,743.0,97.8,95.5,95.2,98.1,96.6
be768595,2015,MJ Cosgrove,Leicestershire,2015,26,14,1049,1669,41.96,156,False,156,4,4,62.852,146,6,620,59.104,9.107,28.279,Middle order,100.0,4.0,0.0,100.0,0.0,0.0,16.129,13.227,19.055,-5.828,41.182,7.426,7.95,4.603,14.484,8.058,9.169,6.991,10.618,8,13,30.769,50.0,13.0,13.0,432.0,617.0,93.9,95.4,96.7,86.5,93.1
c5f1d2a1,2018,BT Slater,Derbyshire,2018,13,7,545,1125,41.923,99,False,99,0,5,48.444,76,0,304,55.78,6.756,22.974,Opener,100.0,1.0,100.0,0.0,0.0,0.0,15.616,14.304,18.268,-3.964,61.284,7.801,7.912,3.132,11.963,8.638,8.569,7.041,7.962,3,8,23.077,61.538,8.0,5.0,334.0,211.0,92.5,95.3,90.0,96.1,93.5
06c2de82,2021,L Gregory,Somerset,2021,7,5,290,428,58.0,107,False,107,1,2,67.757,39,4,180,62.069,10.047,28.571,Lower order,100.0,8.0,0.0,0.0,0.0,100.0,15.152,15.591,14.822,0.769,44.138,8.327,7.886,5.751,17.431,9.054,8.304,5.714,7.886,1,3,14.286,42.857,3.0,4.0,128.0,162.0,91.5,95.3,70.0,74.8,82.9
72918338,2015,AHT Donald,Glamorgan,2015,10,5,288,435,32.0,98,False,98,0,2,66.207,35,3,158,54.861,8.736,32.746,Middle order,80.0,4.0,0.0,80.0,20.0,0.0,11.65,2.689,17.409,-14.72,9.028,5.601,7.869,4.203,9.808,6.019,8.42,1.105,8.116,3,3,30.0,30.0,4.0,6.0,26.0,262.0,73.4,95.2,96.2,48.5,78.3
7671203a,2022,M Montgomery,Nottinghamshire,2022,8,4,369,762,46.125,178,False,178,1,1,48.425,47,0,188,50.949,6.168,25.315,Middle order,100.0,3.0,0.0,100.0,0.0,0.0,16.555,19.942,11.111,8.831,74.255,8.591,7.857,6.375,16.938,9.147,8.559,13.092,4.091,3,4,37.5,50.0,4.0,4.0,274.0,95.0,95.0,95.1,98.8,86.5,93.8
ada15e88,2015,PSP Handscomb,Gloucestershire,2015,11,6,401,706,44.556,76,False,76,0,4,56.799,47,1,194,48.379,6.799,31.459,Middle order,100.0,4.0,0.0,100.0,0.0,0.0,12.881,9.044,15.164,-6.12,26.185,6.494,7.85,3.032,9.205,6.979,8.3,5.011,8.344,2,5,18.182,45.455,4.0,7.0,105.0,296.0,80.6,95.1,81.9,79.8,84.4
e798611a,2021,HM Amla,Surrey,2021,20,13,994,2248,58.471,215,True,215*,3,2,44.217,106,1,430,43.26,4.76,26.343,Middle order,100.0,3.0,0.0,100.0,0.0,0.0,17.92,22.941,9.361,13.579,80.684,9.33,7.8,7.837,25.872,10.031,8.092,11.693,3.85,7,12,35.0,60.0,10.0,10.0,802.0,192.0,97.6,95.0,98.3,95.4,96.6
e824e6ee,2018,TWM Latham,Durham,2018,8,4,366,825,45.75,147,False,147,1,2,44.364,46,0,184,50.273,5.576,23.363,Opener,100.0,1.0,100.0,0.0,0.0,0.0,17.802,15.276,20.17,-4.893,41.53,8.467,7.789,5.831,16.175,9.25,8.81,7.789,9.145,1,5,12.5,62.5,4.0,4.0,152.0,214.0,97.4,94.9,64.0,96.7,88.2
05f96194,2022,MA Jones,Durham,2022,18,10,878,1584,51.647,206,False,206,2,5,55.429,119,6,512,58.314,7.891,25.086,Opener,94.444,1.0,94.444,5.556,0.0,0.0,17.487,17.379,17.691,-0.312,65.262,9.17,7.775,7.319,22.986,10.024,8.384,7.775,7.8,7,9,38.889,50.0,11.0,7.0,573.0,305.0,96.7,94.9,99.4,86.5,94.4
25a42048,2016,T Westley,Essex,2016,19,14,1132,1999,59.579,254,False,254,3,7,56.628,172,1,694,61.307,8.654,23.987,Middle order,100.0,3.0,0.0,100.0,0.0,0.0,16.181,17.484,14.871,2.613,54.152,8.054,7.742,6.45,24.4,8.567,8.253,8.101,7.214,5,11,26.316,57.895,9.0,10.0,613.0,519.0,94.1,94.8,93.4,94.4,94.2
1e0d4dcb,2023,FJ Bean,Yorkshire,2023,21,13,983,1604,46.81,135,False,135,3,2,61.284,142,4,592,60.224,9.102,26.818,Opener,95.238,2.0,95.238,4.762,0.0,0.0,14.615,13.066,17.218,-4.152,56.053,7.763,7.738,4.517,17.067,8.268,8.14,7.738,6.745,4,10,19.048,47.619,12.0,9.0,551.0,432.0,89.7,94.7,83.8,83.4,87.9
86e0f3f0,2022,WL Madsen,Derbyshire,2022,24,14,1273,2244,60.619,176,False,176,3,10,56.729,150,2,612,48.075,6.774,31.597,Middle order,100.0,4.0,0.0,100.0,0.0,0.0,16.19,17.93,14.484,3.446,54.831,7.996,7.688,3.745,14.498,8.441,8.294,7.848,7.225,5,15,20.833,62.5,11.0,13.0,698.0,575.0,94.3,94.7,86.6,96.7,93.1
86e0f3f0,2024,WL Madsen,Derbyshire,2024,23,13,1005,1809,50.25,138,False,138,3,5,55.556,122,7,530,52.736,7.131,28.274,Middle order,100.0,4.0,0.0,100.0,0.0,0.0,18.151,13.35,21.656,-8.306,31.045,8.592,7.684,5.661,19.737,9.05,8.475,6.341,10.879,7,16,30.435,69.565,11.0,12.0,312.0,693.0,97.9,94.6,96.4,98.9,96.9
86e0f3f0,2025,WL Madsen,Derbyshire,2025,22,13,1158,1648,57.9,198,False,198,4,5,70.267,152,7,650,56.131,9.648,34.117,Middle order,100.0,4.0,0.0,100.0,0.0,0.0,16.092,20.37,13.178,7.193,51.295,7.64,7.667,5.43,16.967,8.055,8.217,10.424,4.36,4,9,18.182,40.909,9.0,13.0,594.0,564.0,93.8,94.5,81.9,71.8,85.5
bab08c8b,2017,NJ Selman,Glamorgan,2017,26,13,872,1774,36.333,142,True,142*,4,3,49.154,105,3,438,50.229,6.088,26.05,Opener,92.308,1.0,92.308,7.692,0.0,0.0,13.681,13.772,13.54,0.231,61.009,6.47,7.644,4.111,11.893,6.848,8.111,7.644,5.895,6,10,23.077,38.462,14.0,12.0,532.0,340.0,85.4,94.5,90.0,67.7,84.4
52d884b9,2025,BG Compton,Kent,2025,25,13,1386,2812,60.261,221,False,221,5,3,49.289,161,3,662,47.763,5.832,27.341,Opener,96.0,2.0,96.0,0.0,0.0,4.0,19.423,23.22,15.413,7.806,61.4,9.64,7.639,6.418,24.127,10.255,8.499,9.512,6.794,6,13,24.0,52.0,13.0,12.0,851.0,535.0,98.9,94.4,91.2,89.2,93.4
0605de92,2015,HD Rutherford,Derbyshire,2015,6,3,273,584,45.5,108,False,108,1,2,46.747,37,3,166,60.806,6.849,19.669,Opener,66.667,1.0,66.667,33.333,0.0,0.0,21.032,24.393,14.319,10.074,77.289,10.0,7.562,4.569,15.27,11.192,8.656,11.416,7.168,2,4,33.333,66.667,4.0,2.0,211.0,62.0,99.6,94.3,97.6,98.1,97.4
c1a89821,2021,NRT Gubbins,Hampshire/Middlesex,2021,18,10,681,1265,42.562,137,True,137*,2,4,53.834,82,4,352,51.689,6.798,27.905,Middle order,100.0,3.0,0.0,100.0,0.0,0.0,16.425,10.937,20.835,-9.898,29.662,7.814,7.558,4.412,14.552,8.355,7.996,6.353,8.202,4,10,22.222,55.556,8.0,10.0,202.0,479.0,94.8,94.3,88.7,92.6,92.6
0d61d8f0,2016,JD Libby,Northamptonshire,2016,6,4,251,573,50.2,102,False,102,1,1,43.805,26,1,110,43.825,4.712,25.824,Opener,100.0,1.0,100.0,0.0,0.0,0.0,16.756,18.905,12.83,6.075,72.908,6.947,7.517,3.023,9.971,7.588,8.199,8.937,4.958,0,4,0.0,66.667,2.0,4.0,183.0,68.0,95.5,94.2,19.9,98.1,76.9
8d14b938,2014,RK Oliver,Worcestershire,2014,14,7,558,671,39.857,179,False,179,1,4,83.159,90,1,366,65.591,13.562,33.103,Opener,100.0,2.0,100.0,0.0,0.0,0.0,14.445,18.37,6.697,11.672,84.409,7.283,7.407,7.01,20.811,7.659,7.777,8.231,0.779,3,6,21.429,42.857,8.0,6.0,471.0,87.0,88.9,94.1,87.7,74.8,86.4
42537f07,2015,JA Rudolph,Glamorgan,2015,24,13,882,1972,40.091,111,False,111,1,7,44.726,116,0,464,52.608,5.882,22.522,Opener,100.0,1.0,100.0,0.0,0.0,0.0,13.129,16.006,11.136,4.87,49.887,6.411,7.389,3.175,10.192,6.919,7.845,8.04,6.342,6,13,25.0,54.167,11.0,13.0,440.0,442.0,81.9,94.1,92.1,91.3,89.9
9e1b7792,2022,EJ Byrom,Glamorgan,2022,13,8,588,1050,49.0,176,False,176,2,2,56.0,84,4,360,61.224,8.381,23.701,Opener,100.0,2.0,100.0,0.0,0.0,0.0,13.187,19.155,7.248,11.906,72.449,6.768,7.377,5.452,14.027,7.092,7.664,10.99,3.715,2,7,15.385,53.846,7.0,6.0,426.0,162.0,82.4,94.0,73.3,91.1,85.2
b47cd52c,2019,TC Lace,Derbyshire/Middlesex,2019,17,9,802,1593,50.125,143,False,143,3,4,50.345,109,1,442,55.112,6.905,24.275,Middle order,100.0,4.0,0.0,100.0,0.0,0.0,15.929,12.324,20.326,-8.002,42.519,8.409,7.364,4.461,14.977,8.903,7.977,5.159,12.883,4,8,23.529,47.059,10.0,7.0,341.0,461.0,93.4,93.9,90.4,82.3,90.0
8af86756,2018,BC Brown,Sussex,2018,22,13,792,1365,39.6,99,False,99,0,7,58.022,103,0,412,52.02,7.546,30.111,All-rounder / keeper,100.0,6.0,0.0,0.0,100.0,0.0,13.949,13.215,14.618,-1.403,45.202,6.914,7.363,2.855,11.974,7.459,8.346,7.176,7.363,3,12,13.636,54.545,9.0,13.0,358.0,434.0,86.9,93.9,68.0,91.7,85.1
5f26f677,2022,BM Duckett,Nottinghamshire,2022,14,10,1012,1330,72.286,241,False,241,3,5,76.09,145,1,586,57.905,10.977,35.98,Middle order,100.0,3.0,0.0,100.0,0.0,0.0,18.772,19.053,18.53,0.523,46.937,9.427,7.341,6.935,20.338,10.071,7.905,8.214,6.467,6,8,42.857,57.143,8.0,6.0,475.0,537.0,98.5,93.8,99.8,93.7,96.4
4531f249,2023,RK Patel,Leicestershire,2023,25,14,1075,1805,44.792,179,False,179,4,3,59.557,145,18,688,64.0,9.03,23.569,Opener,100.0,1.0,100.0,0.0,0.0,0.0,16.045,14.218,17.491,-3.273,39.163,7.665,7.313,5.81,20.96,8.179,7.99,6.667,7.313,5,11,20.0,44.0,10.0,15.0,421.0,654.0,93.7,93.7,85.3,77.4,87.5
7f048519,2015,DJ Willey,Northamptonshire,2015,9,5,407,433,50.875,104,True,104*,2,2,93.995,48,15,282,69.287,14.55,33.784,Lower order,88.889,8.0,0.0,0.0,11.111,88.889,14.142,15.69,13.242,2.448,40.786,6.182,7.309,5.464,12.652,6.685,7.932,6.326,7.309,3,5,33.333,55.556,3.0,6.0,166.0,241.0,87.9,93.7,97.6,92.6,93.0
087210b1,2019,DJ Vilas,Lancashire,2019,15,11,970,1299,88.182,266,False,266,2,7,74.673,133,6,568,58.557,10.701,34.655,All-rounder / keeper,100.0,6.0,0.0,0.0,100.0,0.0,20.12,18.91,21.862,-2.952,55.464,9.745,7.304,8.218,28.298,10.315,7.539,12.67,6.178,6,10,40.0,66.667,9.0,6.0,538.0,432.0,99.3,93.6,99.6,98.1,97.6
0605de92,2021,HD Rutherford,Glamorgan,2021,7,4,260,480,37.143,71,False,71,0,2,54.167,38,0,152,58.462,7.917,24.434,Opener,100.0,1.0,100.0,0.0,0.0,0.0,14.349,16.2,13.239,2.961,42.308,7.249,7.294,4.055,11.826,7.707,7.858,7.294,7.204,1,5,14.286,71.429,4.0,3.0,110.0,150.0,88.5,93.5,70.0,99.3,87.8
9679838c,2026,BL D'Oliveira,Worcestershire,2026,21,12,734,1587,38.632,103,True,103*,1,6,46.251,83,5,362,49.319,5.545,24.817,Middle order,76.19,5.0,0.0,76.19,23.81,0.0,14.094,13.385,14.727,-1.342,44.823,6.899,7.274,3.201,10.112,7.328,7.663,7.358,7.274,5,10,23.81,47.619,10.0,11.0,329.0,405.0,87.7,93.5,90.8,83.4,88.8
83e74e91,2016,TC Fell,Worcestershire,2016,14,7,491,897,35.071,85,False,85,0,4,54.738,76,1,310,63.136,8.584,22.073,Middle order,100.0,3.0,0.0,100.0,0.0,0.0,12.648,12.773,12.531,0.242,48.88,6.596,7.271,2.529,9.203,7.012,7.626,7.271,7.857,1,7,7.143,50.0,6.0,8.0,240.0,251.0,79.6,93.4,46.9,86.5,76.6
c5f1d2a1,2017,BT Slater,Derbyshire,2017,11,6,411,707,41.1,74,True,74*,0,2,58.133,66,0,264,64.234,9.335,22.933,Opener,100.0,1.0,100.0,0.0,0.0,0.0,13.489,8.933,16.723,-7.79,27.494,7.269,7.249,2.845,11.323,7.883,7.957,7.016,8.293,1,6,9.091,54.545,5.0,6.0,113.0,298.0,84.2,93.3,52.5,91.7,80.4
8108e2d2,2014,DKH Mitchell,Worcestershire,2014,27,16,1334,2763,58.0,172,True,172*,5,4,48.281,163,3,670,50.225,6.008,25.568,Opener,100.0,1.0,100.0,0.0,0.0,0.0,17.298,8.692,28.161,-19.469,28.036,9.811,7.217,9.103,28.261,10.354,7.77,2.86,11.549,8,14,29.63,51.852,14.0,13.0,374.0,960.0,96.3,93.3,96.0,88.9,93.6
e3434f95,2015,AM Ali,Leicestershire,2015,12,7,412,1064,37.455,80,False,80,0,3,38.722,49,5,226,54.854,5.075,18.416,Middle order,50.0,5.5,0.0,50.0,50.0,0.0,13.129,12.899,13.398,-0.498,52.913,6.088,7.2,2.847,8.776,6.618,7.68,6.3,7.2,2,7,16.667,58.333,7.0,5.0,218.0,194.0,81.9,93.2,77.3,94.6,86.8
6843a783,2023,Shan Masood,Yorkshire,2023,13,7,720,929,60.0,192,False,192,2,3,77.503,85,2,352,48.889,9.365,43.705,Middle order,84.615,3.0,15.385,84.615,0.0,0.0,17.51,12.226,23.542,-11.315,37.222,9.217,7.178,4.943,16.354,9.739,7.652,6.927,10.744,4,8,30.769,61.538,6.0,7.0,268.0,452.0,96.8,93.1,96.7,96.1,95.7
0ecb4de6,2025,Rehan Ahmed,Leicestershire,2025,16,10,760,1004,50.667,136,False,136,5,1,75.697,105,8,468,61.579,11.255,32.772,Middle order,68.75,3.0,25.0,68.75,6.25,0.0,14.579,14.492,14.65,-0.158,44.868,7.55,7.094,5.465,14.929,8.005,7.471,7.094,8.587,3,9,18.75,56.25,6.0,10.0,341.0,419.0,89.5,93.1,83.0,93.1,89.7
aa710a58,2024,EN Gay,Northamptonshire,2024,17,10,919,1340,57.438,261,False,261,2,4,68.582,119,2,488,53.101,9.03,35.357,Opener,100.0,2.0,100.0,0.0,0.0,0.0,17.184,18.342,16.17,2.172,49.837,8.574,7.065,6.661,23.62,9.051,7.57,6.167,7.846,6,10,35.294,58.824,8.0,9.0,458.0,461.0,96.0,93.0,98.4,95.0,95.6
60f4c586,2023,OG Robinson,Durham,2023,18,13,931,1050,58.188,167,True,167*,3,5,88.667,119,16,572,61.439,12.857,39.235,Middle order,83.333,5.0,0.0,83.333,16.667,0.0,13.45,10.55,16.791,-6.241,41.998,6.609,7.054,4.021,12.709,7.07,7.663,6.032,8.158,4,8,22.222,44.444,10.0,8.0,391.0,540.0,84.0,92.9,88.7,77.9,85.9
7b1e20ea,2015,ZS Ansari,Surrey,2015,17,11,703,1811,43.938,106,False,106,1,4,38.818,75,1,306,43.528,4.197,22.882,Opener,88.235,2.0,88.235,5.882,5.882,0.0,12.038,13.16,10.678,2.483,59.886,6.166,7.018,3.292,10.372,6.61,7.853,8.858,4.827,2,6,11.765,35.294,10.0,7.0,421.0,282.0,76.0,92.9,60.7,61.2,72.7
2eca67f5,2016,JM Clarke,Worcestershire,2016,25,14,1012,1644,42.167,135,False,135,4,4,61.557,139,1,562,55.534,8.516,29.92,Middle order,100.0,4.0,0.0,100.0,0.0,0.0,13.752,13.79,13.718,0.072,47.134,7.378,7.014,6.854,26.707,7.853,7.534,8.053,6.944,5,10,20.0,40.0,10.0,15.0,477.0,535.0,85.6,92.8,85.3,70.3,83.5
05de1a5a,2014,GC Wilson,Surrey,2014,17,12,731,1253,56.231,160,True,160*,1,5,58.34,96,5,414,56.635,8.061,27.517,All-rounder / keeper,64.706,7.0,0.0,29.412,64.706,5.882,12.424,16.827,8.109,8.718,67.031,5.949,7.007,4.233,13.548,6.367,7.454,8.902,4.209,3,8,17.647,47.059,10.0,7.0,490.0,241.0,78.4,92.7,80.7,82.3,83.5
5f26f677,2015,BM Duckett,Northamptonshire,2015,19,11,851,1174,47.278,154,False,154,4,2,72.487,118,4,496,58.284,10.392,33.745,Opener,84.211,2.0,84.211,0.0,10.526,5.263,17.456,11.381,21.448,-10.067,25.852,8.19,6.999,7.048,18.758,8.875,7.432,3.279,8.903,5,8,26.316,42.105,8.0,11.0,220.0,631.0,96.6,92.7,93.4,73.4,89.0
5bfdc77a,2021,James Bracey,Gloucestershire,2021,21,11,715,1434,37.632,118,False,118,1,6,49.861,90,2,372,52.028,6.416,25.559,Middle order,90.476,3.0,9.524,90.476,0.0,0.0,15.493,9.987,25.663,-15.677,41.818,7.681,6.998,6.539,21.706,8.172,7.6,3.775,10.871,5,11,23.81,52.381,13.0,8.0,299.0,416.0,92.2,92.6,90.8,89.6,91.3
c995d726,2025,CA Ingram,Glamorgan,2025,21,12,1076,1966,56.632,133,True,133*,3,7,54.73,117,7,510,47.398,6.307,30.727,Middle order,90.476,5.0,0.0,90.476,9.524,0.0,15.976,17.023,15.27,1.753,42.937,8.153,6.991,4.164,14.87,8.675,7.402,10.06,6.512,4,15,19.048,71.429,9.0,12.0,462.0,614.0,93.5,92.6,83.8,99.3,92.3
f4dfcbb4,2019,S van Zyl,Sussex,2019,20,12,820,1627,48.235,173,False,173,2,4,50.4,110,0,440,53.659,6.761,25.049,Middle order,100.0,4.0,0.0,100.0,0.0,0.0,14.542,12.902,15.459,-2.557,31.829,8.139,6.971,5.964,18.969,8.837,7.555,7.15,6.539,4,11,20.0,55.0,7.0,13.0,261.0,559.0,89.3,92.5,85.3,92.1,89.8
7f3f108f,2016,CF Hughes,Derbyshire,2016,19,11,806,1525,53.733,137,True,137*,3,4,52.852,114,7,498,61.787,7.934,21.937,Opener,68.421,2.0,68.421,31.579,0.0,0.0,14.168,5.116,17.964,-12.848,10.67,6.539,6.969,6.202,18.39,6.931,7.268,1.217,9.085,4,9,21.053,47.368,6.0,13.0,86.0,720.0,87.9,92.4,87.1,82.8,87.6
c4450a69,2018,SP Crook,Northamptonshire,2018,9,5,351,570,39.0,92,False,92,0,3,61.579,45,0,180,51.282,7.895,32.571,All-rounder / keeper,77.778,7.0,0.0,0.0,77.778,22.222,14.012,8.744,16.539,-7.795,20.228,7.121,6.953,2.868,10.473,7.617,7.337,4.445,9.29,1,4,11.111,44.444,3.0,6.0,71.0,280.0,87.2,92.4,58.7,77.9,79.1
ba377b40,2023,GL van Buuren,Gloucestershire,2023,14,8,461,718,51.222,110,True,110*,1,3,64.206,59,2,248,53.796,8.496,32.42,Middle order,71.429,5.0,0.0,71.429,28.571,0.0,11.73,13.78,10.432,3.347,45.553,5.811,6.946,4.33,12.753,6.21,7.559,6.675,7.218,3,6,21.429,42.857,6.0,8.0,210.0,251.0,73.8,92.3,87.7,74.8,82.2
efe3fcc5,2024,R Vasconcelos,Northamptonshire,2024,15,9,708,1088,54.462,182,False,182,2,2,65.074,94,3,394,55.65,8.915,31.685,Opener,93.333,1.0,93.333,6.667,0.0,0.0,16.198,22.725,10.965,11.76,62.429,7.903,6.937,5.265,18.571,8.4,7.472,9.722,6.937,3,8,20.0,53.333,7.0,8.0,442.0,266.0,94.4,92.2,85.3,90.7,90.6
b26b1e3d,2015,BA Godleman,Derbyshire,2015,26,13,987,1911,44.864,108,False,108,3,6,51.648,125,1,506,51.266,6.593,26.947,Opener,100.0,2.0,100.0,0.0,0.0,0.0,16.749,20.742,12.705,8.037,62.31,8.315,6.919,6.159,24.287,9.012,7.588,7.797,5.714,9,12,34.615,46.154,14.0,12.0,615.0,372.0,95.4,92.2,98.2,81.2,91.8
d1c36f5c,2014,JJ Roy,Surrey,2014,18,12,908,999,60.533,121,True,121*,3,4,90.891,117,16,564,62.115,13.313,39.723,All-rounder / keeper,100.0,6.0,0.0,0.0,100.0,0.0,14.733,16.93,12.765,4.165,54.295,7.243,6.917,3.235,13.555,7.751,7.487,7.526,5.926,5,9,27.778,50.0,10.0,8.0,493.0,415.0,89.9,92.1,94.6,86.5,90.8
70b8fd28,2023,A Lyth,Yorkshire,2023,22,13,1019,1586,48.524,174,False,174,3,5,64.25,154,4,640,62.807,9.962,26.541,Opener,100.0,1.0,100.0,0.0,0.0,0.0,14.599,15.272,13.572,1.699,63.199,9.001,6.89,6.862,24.888,9.611,7.202,5.684,8.424,6,10,27.273,45.455,12.0,10.0,644.0,375.0,89.5,92.0,94.1,79.8,88.9
399b0b94,2019,CT Bancroft,Durham,2019,17,9,726,1607,45.375,158,False,158,2,3,45.177,78,2,324,44.628,4.978,26.326,Middle order,52.941,3.0,47.059,52.941,0.0,0.0,17.245,7.727,25.801,-18.074,21.212,8.176,6.861,5.566,15.958,8.954,7.407,4.022,13.807,6,10,35.294,58.824,9.0,8.0,154.0,572.0,96.2,92.0,98.4,95.0,95.4
6e6fb538,2023,JL du Plooy,Derbyshire,2023,21,14,1236,1860,82.4,238,True,238*,4,4,66.452,143,8,620,50.162,8.118,36.044,Middle order,95.238,5.0,0.0,95.238,4.762,0.0,18.567,18.76,18.41,0.351,45.307,8.43,6.852,6.415,22.495,8.881,7.26,8.346,5.357,8,15,38.095,71.429,10.0,11.0,560.0,676.0,98.5,91.8,99.1,99.3,97.2
07c8a2f4,2024,LA Procter,Northamptonshire,2024,22,14,923,2122,48.579,116,True,116*,1,7,43.497,100,4,424,45.937,4.901,24.727,Middle order,86.364,3.0,13.636,86.364,0.0,0.0,14.766,14.592,14.979,-0.386,54.496,6.536,6.852,4.144,13.052,6.918,7.168,6.633,7.072,4,13,18.182,59.091,12.0,10.0,503.0,420.0,90.0,91.9,81.9,95.2,89.8
3d284ca3,2019,PD Salt,Sussex,2019,19,10,603,777,33.5,122,False,122,2,3,77.606,76,7,346,57.38,10.682,37.032,Opener,100.0,1.0,100.0,0.0,0.0,0.0,13.253,12.585,13.619,-1.034,33.665,5.808,6.85,4.006,10.598,6.302,7.299,4.917,6.85,5,10,26.316,52.632,8.0,11.0,203.0,400.0,82.9,91.8,93.4,90.0,89.5
c88bc84a,2021,Miles Hammond,Gloucestershire,2021,16,8,547,1172,36.467,94,False,94,0,4,46.672,68,5,302,55.21,6.229,22.293,Opener,87.5,2.0,87.5,12.5,0.0,0.0,16.677,16.21,17.237,-1.027,53.016,8.022,6.827,4.49,13.813,8.723,7.638,7.817,6.827,4,9,25.0,56.25,8.0,8.0,290.0,257.0,95.2,91.7,92.1,93.1,93.0
1786a21b,2018,BJ Curran,Northamptonshire,2018,9,5,251,467,31.375,83,True,83*,0,2,53.747,34,0,136,54.183,7.281,26.559,Opener,100.0,1.0,100.0,0.0,0.0,0.0,16.141,22.71,9.235,13.475,72.112,8.142,6.813,5.902,17.423,8.83,7.443,12.118,4.19,2,5,22.222,55.556,4.0,5.0,181.0,70.0,94.0,91.6,88.7,92.6,91.7
86e0f3f0,2018,WL Madsen,Derbyshire,2018,21,11,750,1215,35.714,144,False,144,2,4,61.728,95,1,386,51.467,7.901,32.529,Middle order,100.0,3.0,0.0,100.0,0.0,0.0,14.384,15.3,13.043,2.257,63.2,6.726,6.813,4.242,14.028,7.368,7.443,9.292,4.24,5,8,23.81,38.095,12.0,9.0,474.0,276.0,88.6,91.6,90.8,66.8,84.4
ab01e323,2026,SA Zaib,Northamptonshire,2026,18,11,696,922,43.5,142,False,142,2,5,75.488,86,5,374,53.736,9.87,38.748,Middle order,83.333,5.0,0.0,83.333,16.667,0.0,13.434,13.95,12.779,1.171,58.046,6.538,6.804,5.351,17.471,7.073,7.494,7.089,5.639,3,9,16.667,50.0,9.0,9.0,404.0,292.0,83.8,91.5,77.3,86.5,84.8
6755cd5c,2017,CB Cooke,Glamorgan,2017,21,11,695,1308,43.438,113,True,113*,1,4,53.135,96,8,432,62.158,7.951,21.844,All-rounder / keeper,80.952,6.0,0.0,4.762,80.952,14.286,13.059,13.316,12.61,0.706,64.892,6.485,6.802,3.298,11.698,6.808,7.107,7.87,4.159,2,10,9.524,47.619,12.0,9.0,451.0,244.0,81.3,91.4,54.0,83.4,77.5
ac3c3cab,2022,TAR Scriven,Leicestershire,2022,6,3,178,332,29.667,65,False,65,0,2,53.614,23,1,98,55.056,7.229,25.974,All-rounder / keeper,100.0,7.0,0.0,0.0,100.0,0.0,11.543,10.698,12.691,-1.993,53.371,5.332,6.792,3.94,8.333,5.816,7.268,4.602,6.792,1,3,16.667,50.0,4.0,2.0,95.0,83.0,72.6,91.4,77.3,86.5,82.0
730d120f,2019,AG Wakely,Northamptonshire,2019,14,9,517,1054,39.769,102,False,102,1,2,49.051,70,2,292,56.48,6.831,22.912,Middle order,100.0,3.0,0.0,100.0,0.0,0.0,11.763,18.676,6.701,11.975,67.118,6.459,6.748,4.799,13.91,6.889,6.971,9.855,1.856,2,7,14.286,50.0,6.0,8.0,347.0,170.0,74.1,91.3,70.0,86.5,80.5
1f28c0f2,2017,RI Newton,Northamptonshire,2017,24,13,894,1598,37.25,108,False,108,1,10,55.945,116,2,476,53.244,7.384,28.243,Opener,100.0,2.0,100.0,0.0,0.0,0.0,14.487,13.103,15.62,-2.517,40.716,7.248,6.716,5.271,20.302,7.837,7.2,5.348,7.256,4,11,16.667,45.833,11.0,13.0,364.0,530.0,89.2,91.2,77.3,80.5,84.6
ada15e88,2024,PSP Handscomb,Leicestershire,2024,14,10,894,1576,74.5,139,True,139*,3,6,56.726,113,1,458,51.23,7.234,29.822,Middle order,100.0,5.0,0.0,100.0,0.0,0.0,17.322,18.341,16.738,1.604,38.591,8.744,6.713,4.355,15.812,9.225,7.129,8.633,6.713,7,10,50.0,71.429,5.0,9.0,345.0,549.0,96.4,91.2,100.0,99.3,96.7
ede05b97,2018,HG Kuhn,Kent,2018,21,11,588,1079,30.947,69,True,69*,0,4,54.495,85,2,352,59.864,8.063,23.79,Middle order,100.0,3.0,0.0,100.0,0.0,0.0,13.157,12.114,14.555,-2.441,52.721,7.376,6.702,4.646,17.143,7.94,7.44,5.736,8.333,4,10,19.048,47.619,12.0,9.0,310.0,278.0,82.2,91.1,83.8,83.4,85.1
95a15317,2025,CG Benjamin,Kent,2025,10,5,371,894,41.222,94,True,94*,0,3,41.499,42,0,168,45.283,4.698,23.826,All-rounder / keeper,80.0,6.5,0.0,20.0,80.0,0.0,13.466,26.031,11.407,14.624,27.224,6.557,6.693,4.563,11.144,7.006,7.188,10.779,5.129,2,4,20.0,40.0,2.0,8.0,101.0,270.0,84.1,91.0,85.3,70.3,82.7
cad40f5e,2023,BA Carse,Durham,2023,8,6,407,505,67.833,108,True,108*,1,3,80.594,43,11,238,58.477,10.693,37.472,Lower order,75.0,8.0,0.0,0.0,25.0,75.0,13.617,13.498,13.718,-0.22,45.7,6.977,6.686,3.799,12.04,7.462,7.14,6.145,7.227,1,5,12.5,62.5,4.0,4.0,186.0,221.0,85.1,91.0,64.0,96.7,84.2
c9c0fe50,2022,AZ Lees,Durham,2022,13,7,651,1412,59.182,182,True,182*,2,2,46.105,70,3,298,45.776,5.17,26.363,Opener,100.0,1.0,100.0,0.0,0.0,0.0,16.701,13.476,19.043,-5.568,33.948,9.055,6.68,6.115,21.744,9.573,7.273,6.68,8.449,2,6,15.385,46.154,6.0,7.0,221.0,430.0,95.3,90.9,73.3,81.2,85.2
4167f30b,2021,IG Holland,Hampshire,2021,16,10,671,1321,44.733,146,True,146*,2,4,50.795,93,1,378,56.334,7.116,23.879,Opener,100.0,2.0,100.0,0.0,0.0,0.0,15.844,22.789,8.77,14.019,72.578,8.9,6.659,8.049,23.907,9.643,7.295,11.55,4.022,5,9,31.25,56.25,7.0,9.0,487.0,184.0,93.2,90.8,96.9,93.1,93.5
9679838c,2023,BL D'Oliveira,Worcestershire,2023,21,12,661,1251,36.722,103,False,103,1,4,52.838,80,2,332,50.227,6.555,28.144,All-rounder / keeper,80.952,6.0,0.0,19.048,80.952,0.0,12.155,11.019,12.909,-1.89,36.157,5.482,6.656,3.983,10.925,5.858,7.212,5.078,6.903,5,12,23.81,57.143,11.0,10.0,239.0,422.0,76.9,90.8,90.8,93.7,88.0
42a5c1c7,2024,JH Wharton,Yorkshire,2024,14,9,833,1209,64.077,285,False,285,2,2,68.9,100,23,538,64.586,10.174,27.164,Middle order,85.714,3.0,0.0,85.714,14.286,0.0,17.325,19.136,15.576,3.56,54.262,10.504,6.654,10.397,30.191,11.01,7.045,6.919,5.977,2,8,14.286,57.143,6.0,8.0,452.0,381.0,96.4,90.7,70.0,93.7,87.7
abb83e27,2024,JM Bairstow,Yorkshire,2024,7,5,321,385,45.857,160,False,160,1,2,83.377,36,5,174,54.206,10.649,42.733,Middle order,71.429,5.0,0.0,71.429,28.571,0.0,11.593,16.8,2.567,14.233,91.9,6.169,6.651,4.68,12.569,6.442,6.96,8.263,1.682,0,3,0.0,42.857,4.0,3.0,295.0,26.0,73.0,90.6,19.9,74.8,64.6
be768595,2019,MJ Cosgrove,Leicestershire,2019,19,11,587,1217,34.529,107,True,107*,1,5,48.233,84,1,342,58.262,6.984,21.643,Middle order,100.0,4.0,0.0,100.0,0.0,0.0,12.621,10.645,14.702,-4.057,43.271,8.528,6.632,9.618,36.111,9.037,7.248,6.744,6.632,1,9,5.263,47.368,10.0,9.0,254.0,333.0,79.3,90.6,42.3,82.8,73.8
35f9a295,2022,LJ Hill,Leicestershire,2022,13,7,503,818,38.692,104,False,104,1,4,61.491,69,0,276,54.871,8.435,30.307,Middle order,100.0,4.0,0.0,100.0,0.0,0.0,12.55,14.868,9.491,5.378,67.396,6.393,6.628,3.335,10.12,6.814,7.093,7.841,6.628,3,7,23.077,53.846,8.0,5.0,339.0,164.0,79.0,90.5,90.0,91.1,87.6
542fd5a6,2021,IA Cockbain,Gloucestershire,2021,11,6,302,675,30.2,117,False,117,1,2,44.741,33,4,156,51.656,5.481,22.884,Middle order,81.818,5.0,0.0,81.818,18.182,0.0,13.034,18.154,11.038,7.116,39.073,5.29,6.611,3.838,9.398,5.784,7.012,4.852,6.611,2,4,18.182,36.364,3.0,8.0,118.0,184.0,81.1,90.4,81.9,62.9,79.1
50c6bc2b,2019,LS Livingstone,Lancashire,2019,12,9,456,748,41.455,84,False,84,0,5,60.963,67,4,292,64.035,9.492,24.225,Middle order,100.0,4.5,0.0,100.0,0.0,0.0,13.333,15.398,8.793,6.604,79.386,8.112,6.61,8.015,25.481,8.736,7.292,8.976,3.677,3,6,25.0,50.0,8.0,4.0,362.0,94.0,83.2,90.4,92.1,86.5,88.1
7bcde3fe,2015,AM Rossington,Northamptonshire,2015,23,13,738,1025,33.545,116,False,116,1,7,72.0,111,7,486,65.854,11.512,27.784,All-rounder / keeper,95.652,6.0,0.0,4.348,95.652,0.0,10.969,12.76,9.7,3.06,48.238,5.675,6.601,4.076,12.295,6.139,7.349,6.889,2.287,2,10,8.696,43.478,9.0,14.0,356.0,382.0,68.1,90.2,51.3,76.1,71.4
c834c290,2021,JL Smith,Surrey,2021,17,12,656,1228,43.733,138,False,138,3,1,53.42,85,7,382,58.232,7.492,24.12,All-rounder / keeper,52.941,6.0,5.882,41.176,52.941,0.0,13.083,13.77,12.092,1.678,62.195,6.208,6.601,4.929,13.225,6.714,6.904,8.552,4.753,2,4,11.765,23.529,7.0,10.0,408.0,248.0,81.5,90.3,60.7,36.6,67.3
ad212f96,2019,RF Higgins,Gloucestershire,2019,21,14,958,1250,59.875,199,False,199,4,3,76.64,124,9,550,57.411,10.64,36.526,All-rounder / keeper,80.952,7.0,0.0,14.286,80.952,4.762,16.444,12.182,22.34,-10.158,43.006,6.607,6.6,5.034,15.682,7.135,7.226,4.395,8.521,4,11,19.048,52.381,13.0,8.0,412.0,546.0,94.9,90.2,83.8,89.6,89.6
7d5af2ea,2021,KC Brathwaite,Gloucestershire,2021,11,6,295,680,26.818,60,False,60,0,1,43.382,30,0,120,40.678,4.412,26.923,Opener,100.0,1.0,100.0,0.0,0.0,0.0,12.17,6.154,14.374,-8.22,13.559,5.899,6.587,2.306,8.207,6.295,6.921,3.298,7.38,1,6,9.091,54.545,3.0,8.0,40.0,255.0,77.1,90.1,52.5,91.7,77.8
4ae1755b,2024,HC Brook,Yorkshire,2024,7,5,388,409,77.6,126,True,126*,2,2,94.866,49,8,244,62.887,13.936,40.909,Middle order,100.0,5.0,0.0,100.0,0.0,0.0,16.194,23.601,8.34,15.26,75.0,8.302,6.583,6.08,15.528,8.673,6.748,13.18,3.477,1,4,14.286,57.143,3.0,4.0,291.0,97.0,94.3,90.0,70.0,93.7,87.0
ae01eb1e,2016,HR Hosein,Derbyshire,2016,6,3,256,544,128.0,83,True,83*,0,3,47.059,30,0,120,46.875,5.515,26.459,All-rounder / keeper,50.0,7.0,16.667,0.0,50.0,33.333,13.417,16.987,7.433,9.554,79.297,7.545,6.575,4.408,12.358,7.968,6.821,9.466,3.704,2,4,33.333,66.667,4.0,2.0,203.0,53.0,83.7,90.0,97.6,98.1,92.4
c16d4035,2018,SW Billings,Kent,2018,10,5,258,435,28.667,56,False,56,0,1,59.31,34,0,136,52.713,7.816,30.424,All-rounder / keeper,60.0,6.0,0.0,40.0,60.0,0.0,13.272,12.73,14.245,-1.514,61.628,7.347,6.553,1.912,9.92,7.993,7.154,6.553,6.925,0,8,0.0,80.0,6.0,4.0,159.0,99.0,83.1,89.9,19.9,99.9,73.2
8cbcff3b,2025,JM De Caires,Middlesex,2025,8,6,346,578,43.25,87,False,87,0,4,59.862,54,0,216,62.428,9.343,24.809,Opener,100.0,2.0,100.0,0.0,0.0,0.0,11.666,6.009,14.258,-8.249,16.185,6.292,6.549,3.019,9.781,6.69,6.812,3.55,7.454,2,6,25.0,75.0,2.0,6.0,56.0,290.0,73.4,89.8,92.1,99.7,88.8
35f9a295,2025,LJ Hill,Leicestershire,2025,21,14,917,1660,45.85,151,False,151,2,6,55.241,109,2,448,48.855,6.687,30.278,Middle order,100.0,4.0,0.0,100.0,0.0,0.0,12.994,12.384,13.616,-1.231,48.092,6.933,6.545,4.594,16.033,7.467,6.791,5.507,7.583,3,9,14.286,42.857,10.0,11.0,441.0,476.0,81.0,89.8,70.0,74.8,78.9
7e4c8ba3,2014,SA Northeast,Kent,2014,22,13,819,1552,39.0,128,False,128,4,3,52.771,102,3,426,52.015,6.765,27.16,Middle order,63.636,4.0,31.818,63.636,4.545,0.0,14.419,12.246,16.136,-3.89,37.485,7.073,6.544,5.494,17.024,7.439,6.964,6.097,7.323,6,9,27.273,40.909,10.0,12.0,307.0,512.0,88.7,89.7,94.1,71.8,86.1
b26b1e3d,2016,BA Godleman,Derbyshire,2016,22,12,907,1682,41.227,204,False,204,3,2,53.924,121,6,520,57.332,7.551,24.887,Opener,95.455,2.0,95.455,4.545,0.0,0.0,14.39,14.071,14.679,-0.608,46.527,7.38,6.536,6.192,22.054,7.851,6.94,4.838,8.149,3,12,13.636,54.545,11.0,11.0,422.0,485.0,88.7,89.7,68.0,91.7,84.5
9789e56e,2017,LM Reece,Derbyshire,2017,17,9,656,1205,41.0,168,False,168,2,4,54.44,86,0,344,52.439,7.137,27.882,Opener,88.235,2.0,88.235,11.765,0.0,0.0,14.017,17.08,11.93,5.15,49.39,8.559,6.534,6.465,22.458,9.164,6.821,9.829,6.534,5,8,29.412,47.059,7.0,10.0,324.0,332.0,87.3,89.6,95.8,82.3,88.8
9e707e02,2023,KS Carlson,Glamorgan,2023,23,14,1068,1545,46.435,192,False,192,4,5,69.126,127,11,574,53.745,8.932,35.11,Middle order,95.652,5.0,0.0,95.652,4.348,0.0,14.604,15.023,14.268,0.755,45.787,6.685,6.524,5.169,14.903,7.15,6.957,8.293,4.754,4,8,17.391,34.783,12.0,11.0,489.0,579.0,89.6,89.5,79.8,59.8,79.7
29e8a62e,2014,RJ Burns,Surrey,2014,23,13,890,1822,46.842,199,False,199,2,4,48.847,121,1,490,55.056,6.696,23.529,Opener,100.0,1.0,100.0,0.0,0.0,0.0,13.889,9.886,17.399,-7.513,33.258,6.693,6.524,4.165,15.997,7.164,7.242,4.919,7.888,6,12,26.087,52.174,12.0,11.0,296.0,594.0,86.7,89.5,93.0,89.4,89.6
9789e56e,2023,LM Reece,Derbyshire,2023,19,11,1048,1801,87.333,201,True,201*,4,5,58.19,111,7,486,46.374,6.552,33.393,Opener,68.421,2.0,68.421,0.0,31.579,0.0,18.555,19.458,17.686,1.773,51.431,9.959,6.5,9.841,27.69,10.613,6.961,6.096,7.794,8,12,42.105,63.158,11.0,8.0,539.0,509.0,98.4,89.4,99.7,97.2,96.2
91ffa6c6,2014,JD Ryder,Essex,2014,16,11,573,786,38.2,133,False,133,2,2,72.901,75,12,372,64.921,11.069,28.755,Middle order,81.25,4.0,6.25,81.25,12.5,0.0,13.821,20.37,8.615,11.756,65.271,6.185,6.484,4.964,15.584,6.523,6.718,8.298,2.089,2,9,12.5,56.25,6.0,10.0,374.0,199.0,86.3,89.3,64.0,93.1,83.2
d34a2268,2026,MDE Holden,Middlesex,2026,21,11,782,1564,39.1,182,False,182,1,4,50.0,101,2,416,53.197,6.586,25.051,Middle order,100.0,3.0,0.0,100.0,0.0,0.0,13.794,12.234,15.44,-3.207,45.524,6.719,6.471,3.944,14.726,7.223,7.009,5.301,6.471,4,10,19.048,47.619,11.0,10.0,356.0,426.0,85.9,89.2,83.8,83.4,85.6
1f28c0f2,2016,RI Newton,Northamptonshire,2016,17,9,789,1460,56.357,202,True,202*,3,2,54.041,109,2,448,56.781,7.603,25.278,Opener,100.0,2.0,100.0,0.0,0.0,0.0,16.899,23.269,8.893,14.376,76.679,7.889,6.471,6.092,16.893,8.352,6.751,12.41,2.951,5,10,29.412,58.824,10.0,7.0,605.0,184.0,95.7,89.2,95.8,95.0,93.9
c88bc84a,2026,Miles Hammond,Gloucestershire,2026,23,12,830,1765,37.727,145,False,145,3,4,47.025,92,8,416,50.12,5.666,24.865,Middle order,95.652,4.0,0.0,95.652,4.348,0.0,14.435,11.97,16.985,-5.015,42.169,7.24,6.46,5.109,14.647,7.771,6.875,4.568,9.4,5,8,21.739,34.783,12.0,11.0,350.0,480.0,88.8,89.1,88.2,59.8,81.5
71440756,2026,P Coughlin,Lancashire,2026,8,5,296,391,42.286,100,True,100*,1,1,75.703,34,7,178,60.135,10.486,33.714,Lower order,100.0,8.0,0.0,0.0,0.0,100.0,14.446,15.783,13.604,2.179,42.23,5.974,6.445,3.639,10.389,6.513,6.852,7.225,4.124,1,3,12.5,37.5,3.0,5.0,125.0,171.0,89.0,89.1,64.0,65.3,76.8
6f049d41,2016,CD Nash,Sussex,2016,23,14,1221,2308,55.5,144,False,144,3,9,52.903,184,0,736,60.278,7.972,22.834,Opener,100.0,1.0,100.0,0.0,0.0,0.0,17.65,18.484,16.567,1.917,59.132,8.927,6.435,5.539,18.956,9.641,7.164,6.689,6.435,6,16,26.087,69.565,14.0,9.0,722.0,499.0,97.0,89.0,93.0,98.9,94.5
bca21d18,2014,DI Stevens,Kent,2014,25,15,857,1189,37.261,105,False,105,1,4,72.077,118,17,574,66.978,11.354,26.85,All-rounder / keeper,100.0,6.0,0.0,0.0,100.0,0.0,13.126,19.085,8.539,10.546,63.244,6.169,6.43,3.642,14.048,6.564,6.848,7.692,4.9,4,15,16.0,60.0,11.0,14.0,542.0,315.0,81.7,88.9,75.0,95.4,85.2
c9c0fe50,2018,AZ Lees,Durham,2018,9,5,209,435,23.222,69,False,69,0,1,48.046,31,0,124,59.33,7.126,21.04,Opener,100.0,2.0,100.0,0.0,0.0,0.0,13.625,11.206,15.682,-4.476,37.799,6.97,6.429,3.18,12.321,7.404,6.716,6.452,5.804,1,5,11.111,55.556,4.0,5.0,79.0,130.0,85.2,88.9,58.7,92.6,81.4
ad962377,2014,WR Smith,Hampshire,2014,27,16,1187,2442,51.609,151,True,151*,2,6,48.608,144,1,582,49.031,5.938,26.339,Middle order,70.37,3.0,29.63,70.37,0.0,0.0,14.331,14.253,14.419,-0.166,53.159,7.682,6.423,4.352,18.839,8.192,6.822,5.097,8.28,4,14,14.815,51.852,15.0,12.0,631.0,556.0,88.4,88.8,71.6,88.9,84.4
e734d090,2019,CN Ackermann,Leicestershire,2019,21,12,624,1414,39.0,70,True,70*,0,7,44.13,85,0,340,54.487,6.011,21.369,Middle order,90.476,5.0,0.0,90.476,9.524,0.0,11.995,13.998,10.298,3.7,53.526,6.095,6.419,3.921,12.477,6.521,6.928,7.259,4.054,5,10,23.81,47.619,10.0,11.0,334.0,290.0,75.6,88.7,90.8,83.4,84.6
6755cd5c,2016,CB Cooke,Glamorgan,2016,11,6,387,679,43.0,63,False,63,0,3,56.996,56,0,224,57.881,8.247,26.164,Middle order,100.0,4.0,0.0,100.0,0.0,0.0,12.922,14.863,9.754,5.109,71.318,6.74,6.414,2.463,10.903,7.192,6.814,6.414,5.644,2,8,18.182,72.727,7.0,4.0,276.0,111.0,80.8,88.7,81.9,99.5,87.7
aa710a58,2021,EN Gay,Northamptonshire,2021,8,4,200,449,25.0,50,False,50,0,1,44.543,30,0,120,60.0,6.682,19.093,Opener,100.0,2.0,100.0,0.0,0.0,0.0,13.432,12.9,14.261,-1.361,58.5,7.7,6.405,3.838,13.176,8.143,6.844,6.405,8.995,1,5,12.5,62.5,4.0,4.0,117.0,83.0,83.8,88.6,64.0,96.7,83.3
86e0f3f0,2019,WL Madsen,Derbyshire,2019,20,11,683,1149,35.947,204,True,204*,1,2,59.443,99,1,402,58.858,8.703,26.787,Middle order,100.0,3.0,0.0,100.0,0.0,0.0,11.951,11.48,12.394,-0.914,46.559,6.118,6.398,5.817,21.283,6.445,7.037,6.398,4.327,2,9,10.0,45.0,10.0,10.0,318.0,365.0,75.3,88.5,55.6,78.9,74.6
ab474682,2019,SJ Croft,Lancashire,2019,10,8,368,710,40.889,78,False,78,0,2,51.831,47,2,200,54.348,6.901,25.416,All-rounder / keeper,80.0,7.0,0.0,0.0,80.0,20.0,12.149,9.174,21.536,-12.362,57.337,5.175,6.396,3.354,8.574,5.592,6.789,3.308,6.77,1,7,10.0,70.0,7.0,3.0,211.0,157.0,76.7,88.5,55.6,99.0,79.9
72918338,2017,AHT Donald,Glamorgan,2017,20,11,487,756,25.632,66,True,66*,0,4,64.418,61,3,262,53.799,8.466,32.514,Middle order,85.0,5.0,0.0,85.0,15.0,0.0,9.634,10.325,8.639,1.686,63.244,4.909,6.386,3.599,8.499,5.204,6.661,6.678,5.259,5,8,25.0,40.0,11.0,9.0,308.0,179.0,57.1,88.4,92.1,70.3,77.0
8479a24a,2025,KK Jennings,Lancashire,2025,26,14,1054,1961,42.16,112,False,112,2,5,53.748,143,5,602,57.116,7.547,24.931,Opener,100.0,2.0,100.0,0.0,0.0,0.0,13.805,10.219,17.263,-7.044,36.338,7.005,6.382,4.563,15.258,7.506,6.808,3.654,8.075,4,13,15.385,50.0,12.0,14.0,383.0,671.0,86.2,88.3,73.3,86.5,83.6
86e0f3f0,2023,WL Madsen,Derbyshire,2023,17,11,779,1132,45.824,143,False,143,1,7,68.816,113,5,482,61.874,10.424,29.29,Middle order,100.0,4.0,0.0,100.0,0.0,0.0,14.357,9.762,18.106,-8.344,30.552,6.473,6.371,4.944,13.707,6.825,6.667,5.601,8.504,3,9,17.647,52.941,8.0,9.0,238.0,541.0,88.5,88.3,80.7,90.4,87.0
932d3cc9,2023,FJ Hudson-Prentice,Sussex,2023,22,14,879,1204,48.833,73,False,73,0,9,73.007,114,11,522,59.386,10.382,33.086,All-rounder / keeper,72.727,7.0,0.0,0.0,72.727,27.273,12.644,11.937,13.664,-1.727,55.745,5.993,6.343,3.522,14.216,6.356,6.804,6.605,6.081,4,12,18.182,54.545,12.0,10.0,490.0,389.0,79.4,88.2,81.9,91.7,85.3
75cbed9b,2018,SS Eskinazi,Middlesex,2018,19,10,594,1066,33.0,97,False,97,0,4,55.722,82,1,334,56.229,7.786,26.45,Middle order,94.737,3.0,0.0,94.737,5.263,0.0,13.801,15.818,11.981,3.837,54.377,9.357,6.341,11.167,40.517,10.059,6.619,8.032,4.274,4,8,21.053,42.105,9.0,10.0,323.0,271.0,86.1,88.1,87.1,73.4,83.7
5f26f677,2017,BM Duckett,Northamptonshire,2017,17,10,708,917,41.647,193,False,193,3,2,77.208,108,0,432,61.017,11.778,34.116,Opener,88.235,2.0,88.235,5.882,5.882,0.0,15.509,17.863,12.64,5.223,63.277,6.95,6.332,5.394,19.54,7.405,6.708,6.884,6.332,3,9,17.647,52.941,10.0,7.0,448.0,260.0,92.3,88.1,80.7,90.4,87.9
d4f9dbd4,2023,CA Pujara,Sussex,2023,12,8,649,1059,54.083,151,False,151,3,2,61.284,87,5,378,58.243,8.687,28.025,Middle order,100.0,4.0,0.0,100.0,0.0,0.0,16.343,10.688,23.035,-12.347,35.439,8.368,6.318,6.519,18.325,9.001,6.601,3.706,11.527,3,6,25.0,50.0,7.0,5.0,230.0,419.0,94.7,88.0,92.1,86.5,90.3
6e6fb538,2025,JL du Plooy,Middlesex,2025,21,13,1009,1684,56.056,263,True,263*,3,5,59.917,98,5,422,41.824,6.116,37.128,Middle order,100.0,4.0,0.0,100.0,0.0,0.0,15.044,20.269,10.478,9.791,62.834,7.443,6.296,5.663,21.898,7.883,6.565,10.08,5.951,3,8,14.286,38.095,9.0,12.0,634.0,375.0,91.2,87.9,70.0,66.8,79.0
0a7c6649,2023,HRC Came,Derbyshire,2023,18,11,695,1585,43.438,141,True,141*,2,4,43.849,87,0,348,50.072,5.489,23.164,Opener,100.0,1.0,100.0,0.0,0.0,0.0,12.102,16.426,8.073,8.353,65.468,6.423,6.295,5.503,17.181,6.847,6.824,6.401,4.274,1,8,5.556,44.444,10.0,8.0,455.0,240.0,76.3,87.9,43.1,77.9,71.3
4ec07775,2016,RN ten Doeschate,Essex,2016,17,13,888,1179,63.429,145,False,145,3,4,75.318,93,7,414,46.622,8.482,43.93,All-rounder / keeper,94.118,7.0,0.0,0.0,94.118,5.882,13.436,12.664,14.309,-1.645,50.0,6.568,6.256,3.992,12.511,6.991,6.66,7.347,6.134,2,9,11.765,52.941,9.0,8.0,444.0,444.0,83.9,87.8,60.7,90.4,80.7
efe3fcc5,2019,R Vasconcelos,Northamptonshire,2019,16,9,719,1320,51.357,184,False,184,2,3,54.47,102,2,420,58.414,7.879,24.589,Opener,100.0,1.0,100.0,0.0,0.0,0.0,14.908,10.944,18.585,-7.642,35.327,8.509,6.255,5.538,20.71,9.03,6.559,5.446,11.043,5,6,31.25,37.5,8.0,8.0,254.0,465.0,90.4,87.7,96.9,65.3,85.1
0c7f11be,2018,DL Lloyd,Glamorgan,2018,14,7,391,626,30.077,119,False,119,1,1,62.46,60,2,252,64.45,9.904,24.645,Middle order,57.143,5.0,0.0,57.143,42.857,0.0,13.501,12.626,14.428,-1.802,48.082,6.286,6.25,2.244,10.418,6.736,6.554,6.517,4.6,3,6,21.429,42.857,8.0,6.0,188.0,203.0,84.5,87.7,87.7,74.8,83.7
5bfdc77a,2026,James Bracey,Gloucestershire,2026,23,12,982,1613,46.762,148,True,148*,5,3,60.88,114,7,498,50.713,7.502,32.44,Middle order,78.261,5.0,0.0,78.261,21.739,0.0,17.078,20.52,13.517,7.002,61.1,8.302,6.24,6.984,22.165,8.975,6.741,9.462,3.786,5,10,21.739,43.478,12.0,11.0,600.0,382.0,95.8,87.5,88.2,76.1,86.9
e142c599,2022,Anuj Dal,Derbyshire,2022,19,13,957,1836,73.615,146,True,146*,3,5,52.124,97,0,388,40.543,5.283,32.72,All-rounder / keeper,89.474,7.0,0.0,0.0,89.474,10.526,14.676,10.478,18.416,-7.938,33.647,6.723,6.24,5.709,19.693,7.093,6.446,2.537,10.278,4,10,21.053,52.632,8.0,11.0,322.0,635.0,89.7,87.6,87.1,90.0,88.6
c3281d7e,2014,PM Borrington,Derbyshire,2014,13,7,281,746,25.545,86,True,86*,0,1,37.668,34,0,136,48.399,4.558,20.365,Opener,100.0,2.0,100.0,0.0,0.0,0.0,9.877,10.025,9.69,0.335,56.584,5.88,6.229,4.193,12.209,6.258,6.74,7.363,1.967,1,6,7.692,46.154,7.0,6.0,159.0,122.0,58.5,87.5,48.2,81.2,68.8
6f4775f7,2019,PJ Horton,Leicestershire,2019,22,12,656,1208,31.238,100,True,100*,1,3,54.305,96,0,384,58.537,7.947,24.46,Opener,100.0,2.0,100.0,0.0,0.0,0.0,12.119,9.434,14.595,-5.161,37.348,5.311,6.216,3.011,9.016,5.764,6.795,4.515,7.015,2,11,9.091,50.0,11.0,11.0,245.0,411.0,76.5,87.4,52.5,86.5,75.7
81efec30,2014,NLJ Browne,Essex,2014,13,8,575,1240,57.5,132,True,132*,3,1,46.371,83,0,332,57.739,6.694,21.003,Opener,100.0,2.0,100.0,0.0,0.0,0.0,17.408,16.892,17.757,-0.866,39.13,7.728,6.215,6.685,19.948,8.301,6.643,6.727,5.703,2,8,15.385,61.538,5.0,8.0,225.0,350.0,96.6,87.3,73.3,96.1,88.3
fa433be6,2023,M Labuschagne,Glamorgan,2023,8,5,502,863,71.714,170,True,170*,2,2,58.169,65,6,296,58.964,8.227,26.01,Middle order,100.0,3.0,0.0,100.0,0.0,0.0,19.39,9.595,22.789,-13.194,12.749,9.168,6.213,7.219,21.076,9.871,6.462,4.357,10.358,2,5,25.0,62.5,3.0,5.0,64.0,438.0,98.9,87.3,92.1,96.7,93.7
e68dd455,2014,JS Foster,Essex,2014,18,13,758,1276,44.588,132,False,132,2,4,59.404,102,5,438,57.784,8.386,27.374,Middle order,50.0,5.5,0.0,50.0,38.889,11.111,15.338,15.642,15.067,0.576,48.021,7.429,6.212,6.44,22.411,7.927,6.612,6.569,4.251,4,11,22.222,61.111,7.0,11.0,364.0,394.0,92.0,87.2,88.7,95.8,90.9
d510d457,2019,EJH Eckersley,Durham,2019,22,13,720,1599,40.0,118,False,118,1,4,45.028,72,1,294,40.833,4.565,27.916,All-rounder / keeper,86.364,7.0,0.0,0.0,86.364,13.636,13.252,12.826,13.705,-0.879,49.861,6.135,6.212,3.128,11.62,6.698,6.736,6.212,5.107,2,12,9.091,54.545,11.0,11.0,359.0,361.0,82.9,87.1,52.5,91.7,78.6
7081848a,2017,GH Roderick,Gloucestershire,2017,12,8,400,722,36.364,96,False,96,0,4,55.402,48,2,204,51.0,6.925,29.167,Middle order,83.333,4.0,8.333,83.333,0.0,8.333,11.905,14.027,8.6,5.428,71.75,4.934,6.21,3.853,8.974,5.266,6.739,8.224,2.484,3,5,25.0,41.667,7.0,5.0,287.0,113.0,75.1,87.1,92.1,72.8,81.8
4bb5dc96,2015,WA Tavare,Gloucestershire,2015,26,14,708,1475,29.5,66,False,66,0,5,48.0,98,0,392,55.367,6.644,22.948,Opener,100.0,1.0,100.0,0.0,0.0,0.0,10.841,4.886,16.904,-12.017,22.74,5.237,6.204,4.018,12.413,5.65,6.813,1.152,7.622,5,15,19.231,57.692,12.0,14.0,161.0,547.0,67.2,87.0,84.2,94.2,83.1
76cb1a7f,2019,SD Robson,Middlesex,2019,22,12,711,1431,32.318,107,False,107,1,4,49.686,102,0,408,57.384,7.128,22.799,Opener,100.0,1.0,100.0,0.0,0.0,0.0,12.825,16.65,8.401,8.248,69.62,7.363,6.196,5.486,17.375,7.783,6.713,7.089,2.812,3,9,13.636,40.909,13.0,9.0,495.0,216.0,80.4,86.9,68.0,71.8,76.8
95a15317,2026,CG Benjamin,Kent,2026,22,13,852,1333,44.842,123,False,123,2,4,63.916,96,6,420,49.296,7.652,35.093,All-rounder / keeper,95.455,6.0,0.0,0.0,95.455,4.545,13.599,13.723,13.494,0.229,46.244,6.169,6.196,4.412,15.579,6.644,6.799,4.705,6.196,4,11,18.182,50.0,9.0,13.0,394.0,458.0,85.0,86.9,81.9,86.5,85.1
7b1e20ea,2014,ZS Ansari,Surrey,2014,22,13,782,2114,52.133,112,False,112,2,4,36.991,90,0,360,46.036,4.257,20.85,Opener,72.727,2.0,72.727,22.727,4.545,0.0,12.228,8.588,15.407,-6.819,32.737,6.092,6.189,4.781,15.076,6.516,6.77,2.192,7.878,3,13,13.636,59.091,11.0,11.0,256.0,526.0,77.7,86.8,68.0,95.2,81.9
7e4c8ba3,2026,SA Northeast,Kent,2026,24,13,814,1575,35.391,141,False,141,2,3,51.683,101,0,404,49.631,6.413,27.815,Middle order,100.0,3.0,0.0,100.0,0.0,0.0,12.222,16.932,7.69,9.242,67.936,6.043,6.188,5.132,15.794,6.562,6.647,6.777,1.384,4,8,16.667,33.333,11.0,13.0,553.0,261.0,77.6,86.8,77.3,56.0,74.4
ce470ca0,2015,AJ Robson,Leicestershire,2015,30,15,906,1649,31.241,120,False,120,1,7,54.942,138,2,564,62.252,8.49,22.664,Opener,100.0,2.0,100.0,0.0,0.0,0.0,13.151,15.106,10.985,4.121,60.375,6.429,6.18,5.332,21.582,7.032,6.64,8.057,2.587,5,16,16.667,53.333,16.0,14.0,547.0,359.0,82.1,86.7,77.3,90.7,84.2
eddf25bd,2018,CAJ Meschede,Glamorgan,2018,6,3,133,272,26.6,55,False,55,0,2,48.897,18,1,78,58.647,6.985,21.739,All-rounder / keeper,66.667,7.0,0.0,0.0,66.667,33.333,10.497,10.497,,,100.0,4.994,6.179,2.161,6.303,5.402,6.789,6.179,,1,2,16.667,33.333,6.0,,133.0,,64.1,86.6,77.3,56.0,71.0
e087956b,2026,BA Stokes,Durham,2026,8,6,369,463,52.714,95,False,95,0,3,79.698,52,4,232,62.873,12.095,33.661,Middle order,62.5,5.0,0.0,62.5,37.5,0.0,14.488,17.744,13.026,4.718,37.94,6.671,6.177,4.28,14.548,7.18,6.843,6.294,5.593,1,5,12.5,62.5,2.0,6.0,140.0,229.0,89.3,86.6,64.0,96.7,84.1
ad212f96,2024,RF Higgins,Middlesex,2024,18,12,1133,1654,70.812,221,False,221,5,2,68.501,131,18,632,55.781,9.008,33.289,Middle order,94.444,5.0,0.0,94.444,5.556,0.0,18.444,18.832,17.976,0.856,55.781,8.226,6.16,6.331,18.025,8.747,6.651,7.144,6.16,5,11,27.778,61.111,9.0,9.0,632.0,501.0,98.2,86.5,94.6,95.8,93.8
1957c6b7,2025,LWP Wells,Lancashire,2025,25,14,1074,1957,42.96,152,False,152,3,4,54.88,124,16,592,55.121,7.154,26.527,Opener,60.0,1.0,60.0,4.0,36.0,0.0,14.235,18.343,10.368,7.975,62.477,7.034,6.159,4.14,16.241,7.538,6.747,9.051,5.049,5,13,20.0,52.0,11.0,14.0,671.0,403.0,88.1,86.4,85.3,89.2,87.2
1786a21b,2019,BJ Curran,Northamptonshire,2019,9,5,220,475,27.5,40,False,40,0,0,46.316,27,0,108,49.091,5.684,25.0,Opener,100.0,1.0,100.0,0.0,0.0,0.0,9.35,7.562,13.147,-5.585,55.0,5.045,6.145,1.87,6.727,5.374,6.579,3.289,6.519,1,4,11.111,44.444,6.0,3.0,121.0,99.0,55.2,86.4,58.7,77.9,69.6
05f96194,2026,MA Jones,Lancashire,2026,15,8,411,789,27.4,72,False,72,0,3,52.091,51,2,216,52.555,6.717,26.495,Middle order,66.667,5.0,26.667,66.667,6.667,0.0,11.851,7.892,13.634,-5.742,20.681,5.965,6.139,3.808,13.822,6.556,6.713,4.431,6.503,2,8,13.333,53.333,5.0,10.0,85.0,326.0,74.7,86.3,67.0,90.7,79.7
9e707e02,2024,KS Carlson,Glamorgan,2024,25,14,923,1523,40.13,148,False,148,1,8,60.604,108,6,468,50.704,7.485,32.292,Middle order,100.0,4.0,0.0,100.0,0.0,0.0,12.388,13.434,11.388,2.046,52.979,6.249,6.136,4.638,15.829,6.552,6.537,7.251,6.126,3,13,12.0,52.0,11.0,14.0,489.0,434.0,78.2,86.2,61.6,89.2,78.8
0a7c6649,2022,HRC Came,Derbyshire,2022,9,5,300,809,33.333,78,False,78,0,3,37.083,29,2,128,42.667,3.832,22.108,All-rounder / keeper,55.556,6.0,44.444,0.0,55.556,0.0,11.304,11.782,10.511,1.272,65.0,5.838,6.134,2.94,9.14,6.229,6.402,7.764,5.366,0,3,0.0,33.333,5.0,4.0,195.0,105.0,70.3,86.2,19.9,56.0,58.1
a4a2a0c0,2019,JTA Burnham,Durham,2019,23,13,598,1237,27.182,86,False,86,0,4,48.343,79,5,346,57.86,6.791,21.856,Middle order,95.652,5.0,0.0,95.652,4.348,0.0,10.337,10.897,9.812,1.084,51.003,5.317,6.107,3.107,10.805,5.785,6.612,6.436,4.798,4,11,17.391,47.826,11.0,12.0,305.0,293.0,62.5,86.1,79.8,83.8,78.0
bdadcca1,2023,TJ Haines,Sussex,2023,20,11,662,948,33.1,91,False,91,0,6,69.831,106,3,442,66.767,11.498,26.222,Opener,100.0,2.0,100.0,0.0,0.0,0.0,10.37,12.41,5.71,6.7,83.233,5.008,6.099,2.313,7.602,5.284,6.315,6.305,2.535,2,8,10.0,40.0,13.0,7.0,551.0,111.0,62.9,86.0,55.6,70.3,68.7
b26b1e3d,2017,BA Godleman,Derbyshire,2017,16,9,629,1175,41.933,156,True,156*,2,2,53.532,64,0,256,40.7,5.447,33.573,Opener,50.0,2.5,50.0,43.75,6.25,0.0,15.263,19.135,11.96,7.175,57.711,6.586,6.073,4.953,14.894,7.073,6.913,7.574,4.0,3,7,18.75,43.75,7.0,9.0,363.0,266.0,91.8,86.0,83.0,76.8,84.4
f05fe9b1,2019,JA Simpson,Middlesex,2019,20,12,693,1404,40.765,167,True,167*,2,3,49.359,97,2,400,57.72,7.051,22.452,All-rounder / keeper,90.0,7.0,0.0,0.0,90.0,10.0,13.583,8.673,19.787,-11.114,35.642,5.847,6.065,4.629,15.523,6.24,6.489,2.373,9.163,3,9,15.0,45.0,12.0,8.0,247.0,446.0,84.9,85.9,72.1,78.9,80.4
035cb925,2015,AG Prince,Lancashire,2015,19,13,931,1484,51.722,153,False,153,3,5,62.736,116,3,482,51.772,8.019,32.894,Middle order,100.0,4.0,0.0,100.0,0.0,0.0,14.882,13.158,16.861,-3.703,47.261,6.972,6.057,4.283,12.855,7.584,6.25,4.777,8.779,6,10,31.579,52.632,10.0,9.0,440.0,491.0,90.4,85.8,97.1,90.0,90.8
a63dfe8a,2026,JJG Sales,Northamptonshire,2026,17,11,704,1300,54.154,164,False,164,2,3,54.154,87,5,378,53.693,7.077,26.987,All-rounder / keeper,100.0,6.0,0.0,0.0,100.0,0.0,14.242,18.595,8.981,9.614,71.449,6.623,6.038,4.515,14.869,7.101,6.584,7.448,5.205,3,7,17.647,41.176,8.0,9.0,503.0,201.0,88.1,85.7,80.7,72.2,81.7
961b8ff1,2024,TP Alsop,Sussex,2024,20,14,799,1874,44.389,86,False,86,0,8,42.636,86,5,374,46.809,4.856,23.836,Middle order,100.0,3.0,0.0,100.0,0.0,0.0,11.277,10.84,11.775,-0.935,51.189,6.308,6.038,4.619,17.153,6.691,6.273,6.061,6.016,3,7,15.0,35.0,10.0,10.0,409.0,390.0,69.9,85.8,72.1,60.4,72.0
dd6e32da,2026,JB Cracknell,Middlesex,2026,11,7,473,794,52.556,97,False,97,0,3,59.572,59,1,242,51.163,7.557,31.471,All-rounder / keeper,100.0,7.0,0.0,0.0,100.0,0.0,13.883,16.044,11.405,4.639,61.734,6.468,6.017,2.749,11.073,6.92,6.289,7.44,4.318,2,8,18.182,72.727,6.0,5.0,292.0,181.0,86.6,85.6,81.9,99.5,88.4
7bcde3fe,2019,AM Rossington,Northamptonshire,2019,17,11,687,1127,42.938,82,False,82,0,7,60.958,79,13,394,57.351,8.163,28.309,All-rounder / keeper,100.0,6.0,0.0,0.0,100.0,0.0,12.164,14.197,9.469,4.728,66.521,6.139,6.012,3.804,14.972,6.515,6.21,7.222,5.036,2,10,11.765,58.824,10.0,7.0,457.0,230.0,77.0,85.6,60.7,95.0,79.6
c9c0fe50,2019,AZ Lees,Durham,2019,25,14,899,1941,37.458,181,False,181,3,3,46.316,100,6,436,48.498,5.461,25.232,Opener,100.0,2.0,100.0,0.0,0.0,0.0,14.682,17.363,12.425,4.939,54.06,7.314,5.99,6.142,17.176,7.978,6.502,5.81,6.171,4,11,16.0,44.0,11.0,14.0,486.0,413.0,89.8,85.5,75.0,77.4,81.9
1ab18b25,2022,AGH Orr,Sussex,2022,23,12,1047,1900,47.591,198,False,198,3,3,55.105,125,21,626,59.79,7.684,24.002,Opener,100.0,1.0,100.0,0.0,0.0,0.0,14.751,18.36,7.912,10.448,81.471,7.161,5.973,4.843,18.067,7.635,6.417,10.32,3.775,5,13,21.739,56.522,13.0,10.0,853.0,194.0,90.0,85.4,88.2,93.3,89.2
dc670143,2018,NJ Dexter,Leicestershire,2018,16,10,439,897,31.357,70,True,70*,0,2,48.941,62,2,260,59.226,7.135,21.489,Middle order,56.25,5.0,0.0,56.25,43.75,0.0,11.498,12.002,10.924,1.078,55.581,5.281,5.95,3.235,9.598,5.732,6.475,7.437,5.157,1,8,6.25,50.0,7.0,9.0,244.0,195.0,72.1,85.4,45.1,86.5,72.3
a63dfe8a,2024,JJG Sales,Northamptonshire,2024,8,6,364,601,60.667,135,False,135,2,0,60.566,38,2,164,45.055,6.656,35.651,Middle order,62.5,4.0,0.0,62.5,37.5,0.0,13.783,15.99,7.303,8.687,86.538,6.262,5.922,5.058,12.993,6.524,6.167,9.446,2.639,1,5,12.5,62.5,5.0,3.0,315.0,49.0,85.8,85.3,64.0,96.7,83.0
0df43caf,2025,JP Phillips,Gloucestershire,2025,13,7,533,1038,44.417,136,False,136,1,3,51.349,70,0,280,52.533,6.744,26.136,Opener,76.923,2.0,76.923,23.077,0.0,0.0,13.19,14.207,11.996,2.211,58.161,7.003,5.912,4.735,16.019,7.354,6.294,5.955,5.912,2,6,15.385,46.154,7.0,6.0,310.0,223.0,82.5,85.2,73.3,81.2,80.6
b61a3e1a,2016,LRPL Taylor,Sussex,2016,11,7,478,779,47.8,142,True,142*,1,4,61.361,58,2,244,51.046,7.702,32.545,Middle order,100.0,4.0,0.0,100.0,0.0,0.0,12.157,8.642,16.562,-7.92,39.54,6.23,5.902,6.158,18.057,6.681,6.286,4.328,6.186,2,5,18.182,45.455,6.0,5.0,189.0,289.0,76.9,85.2,81.9,79.8,81.0
0ecb4de6,2023,Rehan Ahmed,Leicestershire,2023,16,9,529,700,35.267,90,False,90,0,4,75.571,75,2,312,58.979,11.0,34.831,All-rounder / keeper,87.5,7.0,0.0,6.25,87.5,6.25,12.036,13.422,11.373,2.05,36.106,6.072,5.901,3.518,12.963,6.538,6.189,6.834,4.544,2,7,12.5,43.75,4.0,12.0,191.0,338.0,75.9,85.1,64.0,76.8,75.4
b26b1e3d,2019,BA Godleman,Derbyshire,2019,22,12,969,1585,44.045,227,False,227,4,2,61.136,128,3,530,54.696,8.265,30.193,Opener,100.0,2.0,100.0,0.0,0.0,0.0,15.023,12.525,17.997,-5.472,45.304,7.931,5.9,5.671,19.303,8.433,6.17,5.9,7.581,2,11,9.091,50.0,12.0,10.0,439.0,530.0,91.0,85.0,52.5,86.5,78.8
42a5c1c7,2023,JH Wharton,Yorkshire,2023,10,6,349,591,38.778,89,False,89,0,4,59.052,49,4,220,63.037,8.968,23.978,Middle order,100.0,4.0,0.0,100.0,0.0,0.0,9.881,11.982,6.216,5.766,77.077,5.289,5.897,3.548,9.625,5.584,6.197,7.074,2.276,1,4,10.0,40.0,6.0,4.0,269.0,80.0,58.6,85.0,55.6,70.3,67.4
399b0b94,2026,CT Bancroft,Gloucestershire,2026,22,11,615,1345,29.286,83,False,83,0,6,45.725,70,2,292,47.48,5.353,25.373,Opener,95.455,1.0,95.455,4.545,0.0,0.0,11.372,10.67,12.198,-1.528,50.732,5.666,5.888,3.555,11.38,6.107,6.537,5.048,6.065,4,8,18.182,36.364,12.0,10.0,312.0,303.0,71.3,84.9,81.9,62.9,75.2
1b77f62b,2022,MD Stoneman,Middlesex,2022,24,14,1025,1935,48.81,128,False,128,3,4,52.972,130,3,538,52.488,6.873,27.026,Opener,100.0,2.0,100.0,0.0,0.0,0.0,14.689,15.919,13.587,2.332,51.22,7.708,5.869,5.297,17.031,8.184,6.169,5.251,8.049,5,14,20.833,58.333,13.0,11.0,525.0,500.0,89.8,84.8,86.6,94.6,88.9
d1c36f5c,2015,JJ Roy,Surrey,2015,13,9,599,638,49.917,143,False,143,2,2,93.887,71,13,362,60.434,13.166,42.78,All-rounder / keeper,69.231,6.0,7.692,23.077,69.231,0.0,13.047,12.986,13.104,-0.117,47.913,6.863,5.854,5.66,17.327,7.314,6.18,2.403,6.277,3,5,23.077,38.462,7.0,6.0,287.0,312.0,81.2,84.8,90.0,67.7,80.9
eddf25bd,2017,CAJ Meschede,Glamorgan,2017,8,5,290,429,36.25,87,False,87,0,1,67.599,38,4,176,60.69,9.79,29.457,Lower order,75.0,8.0,0.0,0.0,25.0,75.0,14.781,14.602,15.28,-0.678,72.759,6.47,5.853,4.84,13.403,6.822,6.076,7.845,5.552,2,5,25.0,62.5,5.0,3.0,211.0,79.0,90.1,84.7,92.1,96.7,90.9
d26e0405,2025,MK Andersson,Derbyshire,2025,17,12,745,1077,49.667,107,False,107,3,3,69.174,96,10,444,59.597,9.842,30.999,All-rounder / keeper,70.588,6.0,0.0,11.765,70.588,17.647,12.296,10.445,13.404,-2.959,31.812,5.233,5.847,3.427,9.781,5.538,6.098,2.672,6.563,5,9,29.412,52.941,6.0,11.0,237.0,508.0,77.9,84.6,95.8,90.4,87.2
5f26f677,2016,BM Duckett,Northamptonshire,2016,21,12,1042,1298,52.1,208,False,208,3,5,80.277,150,5,630,60.461,11.941,36.045,Opener,100.0,2.0,100.0,0.0,0.0,0.0,18.436,21.061,15.352,5.709,61.708,9.363,5.84,10.676,31.928,9.894,6.261,5.84,4.998,6,11,28.571,52.381,10.0,11.0,643.0,399.0,98.1,84.6,95.2,89.6,91.9
c96f6ac5,2022,PWA Mulder,Leicestershire,2022,15,8,689,1076,49.214,235,True,235*,2,2,64.033,95,5,410,59.507,9.294,28.586,Middle order,66.667,5.0,0.0,66.667,33.333,0.0,15.684,14.922,16.531,-1.608,50.073,6.722,5.838,5.221,15.026,7.201,6.353,5.838,5.077,2,6,13.333,40.0,8.0,7.0,345.0,344.0,92.8,84.5,67.0,70.3,78.6
72918338,2016,AHT Donald,Glamorgan,2016,24,13,885,1138,38.478,234,False,234,1,5,77.768,122,16,584,65.989,12.127,30.1,Middle order,87.5,5.0,0.0,87.5,12.5,0.0,13.346,16.347,9.906,6.441,65.424,6.072,5.835,3.938,16.352,6.454,6.22,6.725,5.555,4,11,16.667,45.833,13.0,11.0,579.0,306.0,83.3,84.4,77.3,80.5,81.4
58c481c6,2014,JJ Cobb,Leicestershire,2014,24,12,717,1382,34.143,137,False,137,1,6,51.881,106,6,460,64.156,8.104,20.236,Middle order,79.167,5.0,0.0,79.167,20.833,0.0,12.153,14.931,8.35,6.581,70.99,5.663,5.832,3.367,12.036,5.967,6.116,6.316,2.117,4,9,16.667,37.5,14.0,10.0,509.0,208.0,76.8,84.4,77.3,65.3,76.0
29e95537,2024,AM Rahane,Leicestershire,2024,6,3,202,389,33.667,102,False,102,1,0,51.928,30,1,126,62.376,7.969,21.229,Middle order,100.0,4.0,0.0,100.0,0.0,0.0,12.37,13.029,12.217,0.812,19.802,6.526,5.831,5.467,12.308,6.869,6.07,5.831,6.874,0,3,0.0,50.0,2.0,4.0,40.0,162.0,78.1,84.3,19.9,86.5,67.2
ed12fcd7,2022,BWM Mike,Leicestershire,2022,14,7,415,670,31.923,99,True,99*,0,4,61.94,49,8,244,58.795,8.507,27.896,Lower order,71.429,8.0,0.0,0.0,28.571,71.429,11.512,8.684,16.377,-7.693,47.711,5.533,5.826,4.667,13.998,5.955,6.063,3.555,6.888,2,5,14.286,35.714,8.0,6.0,198.0,217.0,72.2,84.2,70.0,61.8,72.0
7f3f108f,2015,CF Hughes,Derbyshire,2015,24,12,738,1583,32.087,104,False,104,2,4,46.62,91,4,388,52.575,6.001,23.522,Middle order,83.333,3.0,16.667,83.333,0.0,0.0,13.677,11.933,16.481,-4.549,53.794,6.475,5.817,4.21,14.803,6.967,6.295,5.135,9.883,5,10,20.833,41.667,14.0,10.0,397.0,341.0,85.4,84.2,86.6,72.8,82.3
7d5e0b78,2014,J Allenby,Glamorgan,2014,25,14,799,1256,31.96,100,False,100,1,3,63.615,112,11,514,64.33,9.793,25.154,All-rounder / keeper,72.0,6.0,0.0,28.0,72.0,0.0,12.185,12.664,11.789,0.875,47.059,6.086,5.817,2.623,12.095,6.486,6.195,5.976,5.659,4,11,16.0,44.0,12.0,13.0,376.0,423.0,77.3,84.1,75.0,77.4,78.4
bdadcca1,2024,TJ Haines,Sussex,2024,20,14,819,1190,40.95,133,False,133,3,2,68.824,117,1,474,57.875,9.916,32.183,Opener,100.0,2.0,100.0,0.0,0.0,0.0,11.56,12.139,10.9,1.239,55.922,6.381,5.798,3.815,14.384,6.744,6.031,5.363,6.504,2,6,10.0,30.0,10.0,10.0,458.0,361.0,72.6,84.0,55.6,48.5,65.2
40e4cf47,2025,MF Hurst,Lancashire,2025,24,14,748,1317,37.4,106,False,106,1,5,56.796,75,12,372,49.733,6.606,30.569,Middle order,83.333,5.0,0.0,83.333,16.667,0.0,10.062,11.154,9.004,2.149,54.545,5.086,5.782,3.105,9.781,5.444,6.035,5.45,6.114,1,9,4.167,37.5,11.0,13.0,408.0,340.0,60.1,84.0,40.1,65.3,62.4
e94d2d50,2026,NA McSweeney,Northamptonshire,2026,18,11,754,1381,44.353,117,False,117,4,2,54.598,80,4,344,45.623,6.083,31.611,Middle order,100.0,4.0,0.0,100.0,0.0,0.0,13.157,14.883,11.393,3.489,57.162,6.656,5.778,3.772,13.711,7.185,6.331,6.662,5.778,0,7,0.0,38.889,9.0,9.0,431.0,323.0,82.1,83.9,19.9,68.5,63.6
9e1b7792,2025,EJ Byrom,Glamorgan,2025,6,3,175,382,29.167,48,False,48,0,0,45.812,26,1,110,62.857,7.068,18.31,Opener,100.0,2.0,100.0,0.0,0.0,0.0,10.429,9.015,10.991,-1.976,24.571,5.363,5.771,0.754,5.824,5.774,6.022,4.493,5.798,0,1,0.0,16.667,2.0,4.0,43.0,132.0,63.5,83.8,19.9,27.3,48.6
ed8faea2,2023,TGR Clark,Sussex,2023,22,12,645,1405,30.714,96,False,96,0,6,45.907,89,1,362,56.124,6.406,21.521,Opener,77.273,1.0,77.273,22.727,0.0,0.0,10.023,8.841,11.914,-3.074,54.264,5.575,5.76,4.212,16.223,5.914,6.013,4.823,6.239,5,9,22.727,40.909,12.0,10.0,350.0,295.0,60.0,83.8,89.4,71.8,76.2
2baad3bd,2022,LW James,Nottinghamshire,2022,19,13,890,1634,52.353,164,True,164*,3,5,54.468,111,3,462,51.91,6.977,28.158,Middle order,94.737,5.0,0.0,94.737,5.263,0.0,12.797,16.708,9.459,7.249,60.112,6.571,5.753,4.958,14.855,7.025,6.023,7.905,3.565,1,8,5.263,42.105,9.0,10.0,535.0,355.0,80.3,83.7,42.3,73.4,69.9
5574750c,2017,JC Archer,Sussex,2017,16,10,549,651,49.909,81,True,81*,0,5,84.332,64,15,346,63.024,12.135,35.49,Lower order,100.0,9.0,0.0,0.0,0.0,100.0,10.886,9.296,13.085,-3.789,49.545,5.183,5.752,3.582,10.794,5.535,6.218,5.464,6.712,2,7,12.5,43.75,8.0,8.0,272.0,277.0,67.8,83.7,64.0,76.8,73.1
2344bdd1,2018,SR Dickson,Kent,2018,21,11,541,1034,25.762,133,False,133,2,1,52.321,70,3,298,55.083,7.06,25.286,Opener,100.0,2.0,100.0,0.0,0.0,0.0,12.106,10.707,13.979,-3.272,50.647,6.067,5.747,4.211,13.651,6.516,6.042,2.634,6.106,3,9,14.286,42.857,12.0,9.0,274.0,267.0,76.4,83.6,70.0,74.8,76.2
f1eb3c73,2019,DMW Rawlins,Sussex,2019,10,6,328,566,36.444,100,False,100,1,2,57.951,42,8,216,65.854,8.834,21.705,Middle order,50.0,5.5,0.0,50.0,30.0,20.0,14.984,17.617,12.842,4.775,52.744,7.882,5.726,6.443,19.398,8.602,6.335,6.667,4.644,3,5,30.0,50.0,5.0,5.0,173.0,155.0,90.7,83.5,96.2,86.5,89.2
715941c3,2018,MGK Burgess,Sussex,2018,17,11,536,733,33.5,101,True,101*,1,2,73.124,69,2,288,53.731,9.686,37.462,Middle order,47.059,7.0,0.0,47.059,41.176,11.765,11.89,11.43,12.301,-0.871,45.336,5.38,5.714,2.816,9.231,5.728,5.97,3.952,6.015,2,8,11.765,47.059,7.0,10.0,243.0,293.0,75.0,83.4,60.7,82.3,75.4
bdadcca1,2018,TJ Haines,Sussex,2018,8,5,284,454,35.5,124,False,124,1,1,62.555,46,0,184,64.789,10.132,24.51,Opener,50.0,2.0,50.0,50.0,0.0,0.0,13.753,14.09,12.935,1.155,72.535,6.7,5.714,3.189,11.923,7.113,5.97,7.175,5.401,1,3,12.5,37.5,4.0,4.0,206.0,78.0,85.7,83.4,64.0,65.3,74.6
7bcde3fe,2018,AM Rossington,Northamptonshire,2018,17,10,366,614,22.875,58,False,58,0,3,59.609,53,1,218,59.563,8.795,26.429,All-rounder / keeper,88.235,6.0,0.0,11.765,88.235,0.0,10.517,11.288,9.971,1.318,44.536,5.878,5.712,4.585,14.145,6.421,6.102,5.712,5.996,3,7,17.647,41.176,7.0,10.0,163.0,203.0,64.2,83.3,80.7,72.2,75.1
c88bc84a,2018,Miles Hammond,Gloucestershire,2018,16,8,476,1124,34.0,123,True,123*,2,2,42.349,69,1,282,59.244,6.228,18.406,Opener,100.0,1.5,100.0,0.0,0.0,0.0,13.959,16.007,8.741,7.266,82.353,6.68,5.712,4.948,16.222,7.146,6.226,8.523,5.128,2,7,12.5,43.75,10.0,6.0,392.0,84.0,86.9,83.3,64.0,76.8,77.8
29e8a62e,2015,RJ Burns,Surrey,2015,18,11,718,1320,44.875,110,True,110*,1,4,54.394,104,0,416,57.939,7.879,24.836,Opener,94.444,1.0,94.444,5.556,0.0,0.0,12.013,15.11,8.783,6.326,64.206,6.54,5.702,3.272,11.477,6.974,6.38,8.906,4.208,1,8,5.556,44.444,10.0,8.0,461.0,257.0,75.7,83.2,43.1,77.9,70.0
0bec3a6c,2018,BAC Howell,Gloucestershire,2018,22,12,541,903,25.762,67,False,67,0,4,59.911,82,1,334,61.738,9.192,25.244,Middle order,54.545,4.0,45.455,54.545,0.0,0.0,11.254,7.059,18.603,-11.544,39.926,6.54,5.695,3.898,12.812,7.066,5.971,3.789,10.259,6,11,27.273,50.0,11.0,11.0,216.0,325.0,69.9,83.1,94.1,86.5,83.4
104e88a4,2026,AJ Hose,Worcestershire,2026,20,11,497,1015,26.158,75,False,75,0,5,48.966,69,2,288,57.948,6.995,22.14,Middle order,100.0,4.0,0.0,100.0,0.0,0.0,9.924,12.848,8.017,4.831,51.107,4.698,5.69,3.492,8.408,4.968,6.054,7.552,2.771,1,9,5.0,45.0,8.0,12.0,254.0,243.0,59.0,83.1,41.5,78.9,65.6
70542bef,2016,HJH Marshall,Gloucestershire,2016,22,13,936,1718,42.545,135,False,135,4,4,54.482,123,3,510,54.487,7.334,26.759,Middle order,86.364,5.0,0.0,86.364,13.636,0.0,13.997,16.272,11.945,4.327,55.128,6.727,5.683,5.265,17.653,7.178,5.97,7.387,3.231,5,10,22.727,45.455,10.0,12.0,516.0,420.0,87.1,83.0,89.4,79.8,84.8
03df7a25,2021,DA Douthwaite,Glamorgan,2021,7,4,209,466,29.857,96,False,96,0,2,44.85,28,0,112,53.589,6.009,22.146,All-rounder / keeper,100.0,7.0,0.0,0.0,100.0,0.0,11.534,7.953,13.68,-5.728,25.837,5.718,5.65,3.598,9.959,6.03,5.949,4.341,7.095,2,2,28.571,28.571,4.0,3.0,54.0,155.0,72.5,82.9,95.2,45.6,74.1
f54dbda7,2018,WMH Rhodes,Warwickshire,2018,23,14,972,1829,44.182,137,False,137,4,4,53.144,126,3,522,53.704,7.053,26.471,Opener,100.0,1.0,100.0,0.0,0.0,0.0,14.2,17.726,11.335,6.391,55.967,8.375,5.634,7.001,27.022,8.934,5.993,5.677,5.316,3,7,13.043,30.435,12.0,11.0,544.0,428.0,88.0,82.9,66.3,49.4,71.6
07c8a2f4,2025,LA Procter,Northamptonshire,2025,19,12,787,1518,41.421,150,False,150,2,6,51.845,102,1,414,52.605,6.785,26.36,Opener,94.737,2.0,94.737,0.0,0.0,5.263,12.778,12.317,13.279,-0.962,50.191,6.126,5.632,4.421,14.866,6.563,6.09,5.644,4.914,2,10,10.526,52.632,10.0,9.0,395.0,392.0,80.2,82.8,57.3,90.0,77.6
15e375e1,2014,A Harinath,Surrey,2014,7,4,208,533,34.667,63,False,63,0,2,39.024,19,2,88,42.308,3.94,23.438,Opener,42.857,3.0,42.857,28.571,28.571,0.0,11.562,7.285,15.901,-8.617,31.731,6.577,5.627,4.539,12.883,7.009,6.099,3.582,9.572,2,3,28.571,42.857,4.0,3.0,66.0,142.0,72.7,82.7,95.2,74.8,81.4
8479a24a,2019,KK Jennings,Lancashire,2019,18,12,584,1402,34.353,97,False,97,0,6,41.655,77,0,308,52.74,5.492,20.83,Opener,100.0,1.0,100.0,0.0,0.0,0.0,11.71,12.579,10.541,2.037,61.644,5.774,5.624,4.019,11.717,6.127,5.826,5.871,4.665,2,8,11.111,44.444,10.0,8.0,360.0,224.0,73.5,82.7,58.7,77.9,73.2
8fc65c2b,2014,SM Davies,Surrey,2014,18,12,781,1175,43.389,174,False,174,2,4,66.468,109,0,436,55.826,9.277,32.364,Middle order,94.444,5.0,0.0,94.444,5.556,0.0,12.672,8.997,15.964,-6.967,33.547,6.58,5.622,5.039,15.543,7.065,6.084,3.996,8.931,3,6,16.667,33.333,10.0,8.0,262.0,519.0,79.8,82.6,77.3,56.0,73.9
10435ca2,2015,CDJ Dent,Gloucestershire,2015,28,15,1062,2081,44.25,268,False,268,3,6,51.033,136,4,568,53.484,6.728,25.451,Opener,100.0,2.0,100.0,0.0,0.0,0.0,15.158,11.645,19.252,-7.608,41.337,6.677,5.59,5.777,19.764,7.207,6.133,2.548,10.121,7,13,25.0,46.429,14.0,14.0,439.0,623.0,91.6,82.5,92.1,81.8,87.0
5bfdc77a,2024,James Bracey,Gloucestershire,2024,21,13,1089,1550,60.5,207,True,207*,4,3,70.258,138,12,624,57.3,9.677,33.214,Middle order,85.714,5.0,0.0,85.714,14.286,0.0,16.418,21.854,10.67,11.184,68.411,6.897,5.583,4.863,16.56,7.34,5.933,9.874,5.563,2,8,9.524,38.095,11.0,10.0,745.0,344.0,94.7,82.5,54.0,66.8,74.5
f4dfcbb4,2018,S van Zyl,Sussex,2018,9,5,237,508,26.333,45,False,45,0,0,46.654,36,0,144,60.759,7.087,19.703,Middle order,100.0,3.0,0.0,100.0,0.0,0.0,10.089,11.836,8.997,2.84,45.148,5.299,5.582,2.006,7.344,5.681,5.972,6.382,5.582,0,3,0.0,33.333,4.0,5.0,107.0,130.0,60.5,82.4,19.9,56.0,54.7
5899dceb,2017,CT Steel,Durham,2017,24,13,899,2040,40.864,224,False,224,2,4,44.069,110,4,464,51.613,5.588,22.586,Middle order,62.5,3.0,33.333,62.5,4.167,0.0,13.234,13.608,12.954,0.654,44.049,7.261,5.578,8.89,34.515,7.764,5.818,6.822,4.259,2,9,8.333,37.5,11.0,13.0,396.0,503.0,82.7,82.3,50.0,65.3,70.1
9c643d7b,2023,JM Coles,Sussex,2023,20,12,849,1333,42.45,180,False,180,3,3,63.691,104,8,464,54.653,8.402,31.532,Middle order,80.0,4.5,0.0,80.0,20.0,0.0,13.463,18.37,7.813,10.557,73.027,6.167,5.576,4.366,12.484,6.557,5.915,10.283,3.954,3,7,15.0,35.0,9.0,11.0,620.0,229.0,84.0,82.2,72.1,60.4,74.7
76dc16d4,2025,JLB Davies,Middlesex,2025,13,7,355,725,29.583,59,False,59,0,2,48.966,50,6,236,66.479,7.724,17.788,All-rounder / keeper,76.923,7.0,0.0,0.0,76.923,23.077,9.697,8.79,10.939,-2.148,52.394,4.974,5.576,2.273,7.297,5.266,5.804,4.571,5.576,2,6,15.385,46.154,7.0,6.0,186.0,169.0,57.4,82.3,73.3,81.2,73.6
3c77ca9d,2014,WJ Durston,Derbyshire,2014,18,10,525,715,37.5,74,True,74*,0,5,73.427,81,3,342,65.143,11.748,29.002,Middle order,66.667,5.0,0.0,66.667,27.778,5.556,11.29,11.353,11.206,0.146,57.714,5.654,5.566,3.842,10.066,6.161,5.933,7.997,2.875,2,7,11.111,38.889,9.0,9.0,303.0,222.0,70.0,82.1,58.7,68.5,69.8
0a7c6649,2025,HRC Came,Derbyshire,2025,23,13,843,1759,38.318,103,False,103,1,7,47.925,100,5,430,51.008,5.969,24.97,Middle order,95.652,3.0,4.348,95.652,0.0,0.0,11.565,13.593,10.14,3.452,48.517,5.831,5.561,4.262,13.788,6.131,5.854,6.117,2.999,4,11,17.391,47.826,10.0,13.0,409.0,434.0,72.8,82.1,79.8,83.8,79.6
bdadf7da,2018,JL Denly,Kent,2018,20,11,626,1148,31.3,119,False,119,2,2,54.53,85,2,352,56.23,7.578,25.825,Middle order,100.0,4.0,0.0,100.0,0.0,0.0,14.312,15.358,12.837,2.52,62.78,6.456,5.556,4.613,14.674,6.947,6.065,5.866,4.132,3,8,15.0,40.0,12.0,8.0,393.0,233.0,88.3,82.0,72.1,70.3,78.2
8108e2d2,2017,DKH Mitchell,Worcestershire,2017,23,12,907,1566,43.19,142,False,142,5,2,57.918,115,4,484,53.363,7.599,29.233,Opener,100.0,1.0,100.0,0.0,0.0,0.0,14.945,14.714,15.324,-0.611,61.191,6.968,5.548,6.201,17.234,7.44,5.969,6.565,0.979,6,10,26.087,43.478,14.0,9.0,555.0,352.0,90.6,81.9,93.0,76.1,85.4
4531f249,2025,RK Patel,Leicestershire,2025,19,12,658,1185,38.706,114,False,114,2,4,55.527,91,7,406,61.702,8.27,23.183,Opener,94.737,1.0,94.737,0.0,0.0,5.263,11.31,15.108,7.754,7.355,64.59,6.553,5.547,6.904,23.95,7.036,5.917,6.141,1.793,5,9,26.316,47.368,9.0,10.0,425.0,233.0,70.4,81.9,93.4,82.8,82.1
e734d090,2021,CN Ackermann,Leicestershire,2021,12,8,477,1123,43.364,126,True,126*,1,3,42.476,63,1,258,54.088,5.699,20.68,Middle order,100.0,4.0,0.0,100.0,0.0,0.0,13.265,13.516,12.961,0.556,55.765,6.194,5.535,4.127,13.048,6.643,5.914,5.535,5.218,1,6,8.333,50.0,6.0,6.0,266.0,211.0,83.0,81.8,50.0,86.5,75.3
a510bdd3,2022,EG Barnard,Worcestershire,2022,18,14,895,1550,59.667,163,True,163*,3,5,57.742,117,3,486,54.302,7.742,28.601,All-rounder / keeper,100.0,6.0,0.0,0.0,100.0,0.0,15.123,13.112,16.975,-3.863,41.564,6.595,5.526,4.9,17.151,6.982,5.836,4.164,8.051,4,10,22.222,55.556,9.0,9.0,372.0,523.0,91.4,81.7,88.7,92.6,88.6
7081848a,2022,GH Roderick,Worcestershire,2022,9,7,447,1098,74.5,172,True,172*,2,1,40.71,50,1,206,46.085,4.645,23.018,All-rounder / keeper,77.778,7.0,0.0,11.111,77.778,11.111,16.836,14.178,20.084,-5.906,46.309,7.898,5.514,8.002,22.812,8.362,5.889,5.882,3.478,3,5,33.333,55.556,6.0,3.0,207.0,240.0,95.6,81.7,97.6,92.6,91.9
86e0f3f0,2014,WL Madsen,Derbyshire,2014,29,16,1046,2168,38.741,111,True,111*,1,8,48.247,134,1,542,51.816,6.227,24.791,Middle order,100.0,3.0,0.0,100.0,0.0,0.0,14.949,15.031,14.867,0.165,50.382,7.284,5.512,5.04,20.875,7.842,6.105,7.163,4.905,6,14,20.69,48.276,13.0,16.0,527.0,519.0,90.6,81.6,86.4,84.2,85.7
8af86756,2016,BC Brown,Sussex,2016,21,14,848,1207,53.0,159,True,159*,3,4,70.257,108,4,456,53.774,9.279,35.799,All-rounder / keeper,80.952,6.0,0.0,9.524,80.952,9.524,12.541,12.747,12.284,0.462,56.368,6.259,5.509,4.497,13.317,6.821,5.934,5.507,5.735,3,8,14.286,38.095,12.0,9.0,478.0,370.0,78.9,81.5,70.0,66.8,74.3
9e707e02,2025,KS Carlson,Glamorgan,2025,23,14,1020,1740,46.364,113,False,113,3,5,58.621,110,9,494,48.431,6.839,32.449,Middle order,100.0,4.0,0.0,100.0,0.0,0.0,13.524,14.485,12.683,1.801,50.0,8.923,5.502,8.886,34.058,9.501,5.931,5.516,5.487,4,10,17.391,43.478,11.0,12.0,510.0,510.0,84.6,81.5,79.8,76.1,80.5
75cbed9b,2025,SS Eskinazi,Leicestershire/Middlesex,2025,12,7,491,1040,44.636,155,False,155,1,2,47.212,61,2,256,52.138,6.058,24.053,Opener,66.667,2.0,66.667,16.667,16.667,0.0,12.996,8.325,17.896,-9.571,32.79,6.563,5.487,3.725,14.121,6.92,5.726,4.26,8.044,1,6,8.333,50.0,6.0,6.0,161.0,330.0,81.1,81.4,50.0,86.5,74.8
399b0b94,2025,CT Bancroft,Gloucestershire,2025,17,10,796,1683,46.824,176,False,176,2,5,47.296,85,2,352,44.221,5.169,27.82,Opener,100.0,1.0,100.0,0.0,0.0,0.0,13.194,16.652,8.696,7.956,71.357,6.53,5.485,5.134,16.631,6.949,5.942,6.064,3.745,4,9,23.529,52.941,10.0,7.0,568.0,228.0,82.5,81.3,90.4,90.4,86.2
fd8a9b23,2017,GH Rhodes,Worcestershire,2017,15,8,379,919,29.154,52,False,52,0,2,41.24,48,0,192,50.66,5.223,21.47,Middle order,80.0,5.0,13.333,80.0,6.667,0.0,8.755,8.633,9.042,-0.409,69.129,4.3,5.476,1.988,5.9,4.585,5.846,5.524,5.427,0,6,0.0,40.0,10.0,5.0,262.0,117.0,50.5,81.3,19.9,70.3,55.5
c88bc84a,2024,Miles Hammond,Gloucestershire,2024,21,13,868,1407,41.333,121,False,121,2,4,61.692,108,13,510,58.756,8.6,27.838,Middle order,100.0,4.0,0.0,100.0,0.0,0.0,13.086,12.614,13.586,-0.972,49.539,6.142,5.462,3.675,11.667,6.518,5.599,5.462,6.326,4,11,19.048,52.381,11.0,10.0,430.0,438.0,81.6,81.2,83.8,89.6,84.1
4fd09cfc,2017,G Clark,Durham,2017,21,12,769,1235,36.619,109,False,109,1,6,62.267,101,10,464,60.338,8.988,27.135,Middle order,100.0,4.0,0.0,100.0,0.0,0.0,12.574,14.689,11.357,3.332,42.653,5.704,5.453,4.215,11.996,6.12,5.829,8.591,3.51,5,10,23.81,47.619,8.0,13.0,328.0,441.0,79.1,81.1,90.8,83.4,83.6
5bfdc77a,2025,James Bracey,Gloucestershire,2025,24,14,1010,1752,50.5,151,True,151*,3,3,57.648,120,10,540,53.465,7.42,28.977,All-rounder / keeper,70.833,6.0,0.0,29.167,70.833,0.0,12.658,11.637,13.52,-1.882,42.079,6.23,5.451,4.382,13.691,6.682,5.805,4.517,5.907,3,10,12.5,41.667,11.0,13.0,425.0,585.0,79.6,81.1,64.0,72.8,74.4
8479a24a,2026,KK Jennings,Lancashire,2026,21,11,614,1391,32.316,78,True,78*,0,6,44.141,73,2,304,49.511,5.392,23.556,Opener,100.0,2.0,100.0,0.0,0.0,0.0,16.33,18.403,14.987,3.416,44.3,7.626,5.45,5.163,16.742,8.409,5.926,8.409,4.84,8,14,38.095,66.667,9.0,12.0,272.0,342.0,94.6,81.0,99.1,98.1,93.2
2eca67f5,2017,JM Clarke,Worcestershire,2017,23,12,854,1169,44.947,142,False,142,2,3,73.054,123,2,504,59.016,10.693,33.525,Middle order,95.652,4.0,0.0,95.652,4.348,0.0,14.072,15.695,11.406,4.288,69.321,6.865,5.436,4.126,17.131,7.349,5.792,5.589,4.762,4,11,17.391,47.826,14.0,9.0,592.0,262.0,87.6,80.9,79.8,83.8,83.0
10435ca2,2018,CDJ Dent,Gloucestershire,2018,26,13,750,1647,32.609,214,True,214*,1,3,45.537,96,2,396,52.8,5.95,22.853,Opener,100.0,1.5,100.0,0.0,0.0,0.0,13.886,15.64,10.325,5.314,75.467,7.112,5.431,6.638,27.5,7.638,6.177,6.437,4.818,7,12,26.923,46.154,14.0,12.0,566.0,184.0,86.6,80.9,93.9,81.2,85.6
7bcde3fe,2021,AM Rossington,Northamptonshire,2021,8,4,191,315,23.875,94,False,94,0,1,60.635,28,2,124,64.921,9.524,23.509,All-rounder / keeper,87.5,6.0,0.0,0.0,87.5,12.5,12.827,6.725,22.337,-15.611,31.937,6.209,5.431,4.425,12.254,6.686,5.741,3.251,9.167,1,4,12.5,50.0,4.0,4.0,61.0,130.0,80.4,80.8,64.0,86.5,77.9
84826f48,2016,NJ O'Brien,Leicestershire,2016,14,9,432,861,39.273,93,False,93,0,2,50.174,41,3,182,42.13,5.11,30.6,All-rounder / keeper,92.857,6.0,0.0,7.143,92.857,0.0,9.933,10.274,9.67,0.604,45.139,5.575,5.429,2.668,10.078,6.061,5.985,5.37,5.429,3,6,21.429,42.857,7.0,7.0,195.0,237.0,59.1,80.8,87.7,74.8,75.6
450f6fa6,2019,GG Wagg,Glamorgan,2019,13,8,370,595,37.0,100,False,100,1,1,62.185,41,8,212,57.297,8.235,28.938,Lower order,69.231,8.0,0.0,0.0,30.769,69.231,8.828,6.259,11.277,-5.018,34.595,4.222,5.422,2.999,8.503,4.486,5.742,0.982,5.809,1,5,7.692,38.462,6.0,7.0,128.0,242.0,51.3,80.7,48.2,67.7,62.0
3644da6d,2026,BJ Dawkins,Kent,2026,11,6,387,823,35.182,180,False,180,1,3,47.023,54,2,228,58.915,6.804,20.73,Opener,90.909,1.0,90.909,9.091,0.0,0.0,11.978,13.694,9.577,4.117,66.667,6.223,5.415,6.505,18.557,6.707,5.883,4.703,6.128,2,5,18.182,45.455,6.0,5.0,258.0,129.0,75.5,80.6,81.9,79.8,79.4
18c78b11,2018,RE Levi,Northamptonshire,2018,20,11,492,741,25.895,75,False,75,0,2,66.397,72,5,318,64.634,10.391,26.205,Middle order,85.0,5.0,0.0,85.0,15.0,0.0,11.455,14.347,9.685,4.662,47.561,5.901,5.408,2.947,10.064,6.41,6.133,6.605,3.238,2,9,10.0,45.0,7.0,13.0,234.0,258.0,71.9,80.6,55.6,78.9,71.8
42537f07,2014,JA Rudolph,Glamorgan,2014,25,14,835,1673,33.4,139,False,139,2,5,49.91,111,2,456,54.611,6.754,24.295,Opener,88.0,2.0,88.0,12.0,0.0,0.0,12.734,12.361,13.043,-0.682,43.952,6.065,5.407,4.326,13.273,6.465,5.865,4.634,8.229,5,12,20.0,48.0,12.0,13.0,367.0,468.0,80.2,80.5,85.3,84.1,82.5
7db8d00b,2014,WD Bragg,Glamorgan,2014,25,14,772,1884,32.167,93,False,93,0,5,40.977,102,1,414,53.627,5.467,20.101,Opener,56.0,2.0,56.0,40.0,4.0,0.0,11.774,11.991,11.594,0.396,46.114,6.42,5.389,5.691,17.332,6.874,5.783,5.366,5.413,4,12,16.0,48.0,12.0,13.0,356.0,416.0,74.2,80.4,75.0,84.1,78.4
214f6461,2023,GCH Hill,Yorkshire,2023,21,13,694,1057,36.526,101,False,101,1,7,65.658,94,10,436,62.824,9.839,27.072,Middle order,66.667,5.0,0.0,66.667,28.571,4.762,10.143,10.505,9.562,0.943,63.833,4.885,5.383,3.234,10.379,5.214,5.825,5.381,5.716,2,9,9.524,42.857,12.0,9.0,443.0,251.0,61.1,80.4,54.0,74.8,67.6
749a1b3a,2014,BP Nash,Kent,2014,23,14,695,1174,31.591,95,True,95*,0,4,59.199,91,5,394,56.691,8.177,27.922,Middle order,100.0,4.0,0.0,100.0,0.0,0.0,11.518,11.258,11.683,-0.425,37.986,6.229,5.369,5.019,20.697,6.621,5.637,4.453,5.403,3,10,13.043,43.478,9.0,14.0,264.0,431.0,72.4,80.3,66.3,76.1,73.8
8f938a32,2016,DJ Bell-Drummond,Kent,2016,19,12,747,1364,53.357,124,False,124,1,6,54.765,101,1,410,54.886,7.478,26.704,Opener,100.0,1.0,100.0,0.0,0.0,0.0,13.207,11.316,15.171,-3.856,43.641,6.814,5.363,5.68,17.067,7.297,5.687,3.671,6.837,6,9,31.579,47.368,10.0,9.0,326.0,421.0,82.6,80.2,97.1,82.8,85.7
51e1ed69,2022,SG Borthwick,Durham,2022,24,14,764,1451,34.727,96,False,96,0,7,52.653,98,2,404,52.88,6.892,26.647,Middle order,100.0,4.0,0.0,100.0,0.0,0.0,10.966,11.585,10.243,1.342,56.937,5.356,5.359,3.348,10.54,5.75,5.833,7.419,3.98,4,8,16.667,33.333,12.0,12.0,435.0,329.0,68.0,80.2,77.3,56.0,70.4
6755cd5c,2022,CB Cooke,Glamorgan,2022,21,13,840,1409,56.0,191,True,191*,2,5,59.617,90,8,408,48.571,6.955,32.952,All-rounder / keeper,90.476,6.0,0.0,0.0,90.476,9.524,12.25,10.492,14.102,-3.61,43.929,5.99,5.357,4.966,17.204,6.318,6.023,5.357,5.587,4,9,19.048,42.857,12.0,9.0,369.0,471.0,77.8,80.1,83.8,74.8,79.1
10435ca2,2016,CDJ Dent,Gloucestershire,2016,25,14,1125,2210,51.136,180,False,180,3,6,50.905,148,6,628,55.822,6.968,24.173,Opener,100.0,2.0,100.0,0.0,0.0,0.0,15.642,20.498,11.813,8.685,57.778,7.809,5.353,6.55,22.388,8.343,5.653,11.786,4.166,4,13,16.0,52.0,10.0,15.0,650.0,475.0,92.6,80.0,75.0,89.2,84.2
05de1a5a,2015,GC Wilson,Surrey,2015,17,11,643,1051,53.583,74,True,74*,0,5,61.18,75,2,312,48.523,7.326,33.984,All-rounder / keeper,94.118,7.0,0.0,0.0,94.118,5.882,10.635,12.042,9.598,2.444,48.056,5.735,5.349,2.167,9.158,6.163,5.709,5.349,5.76,1,9,5.882,52.941,7.0,10.0,309.0,334.0,64.9,80.0,44.1,90.4,69.8
8fc65c2b,2021,SM Davies,Somerset,2021,13,8,444,808,37.0,87,False,87,0,3,54.95,60,2,252,56.757,7.673,25.737,All-rounder / keeper,46.154,6.0,38.462,0.0,46.154,15.385,11.812,15.637,6.6,9.037,76.351,5.841,5.347,3.759,11.045,6.172,5.688,8.818,3.704,1,5,7.692,38.462,7.0,6.0,339.0,105.0,74.5,79.9,48.2,67.7,67.6
7e4c8ba3,2017,SA Northeast,Kent,2017,18,10,879,1302,54.938,173,True,173*,3,4,67.512,118,6,508,57.793,9.524,31.494,Middle order,100.0,4.0,0.0,100.0,0.0,0.0,16.188,13.742,18.713,-4.971,43.117,8.014,5.335,6.511,18.323,8.596,5.643,4.474,6.197,6,9,33.333,50.0,9.0,9.0,379.0,500.0,94.2,79.8,97.6,86.5,89.5
b47cd52c,2018,TC Lace,Derbyshire,2018,6,3,136,388,22.667,39,False,39,0,0,35.052,22,0,88,64.706,5.67,13.115,Opener,66.667,1.0,66.667,33.333,0.0,0.0,11.157,7.733,16.886,-9.153,43.382,5.721,5.333,2.569,8.462,6.335,5.921,4.35,8.462,0,4,0.0,66.667,4.0,2.0,59.0,77.0,69.0,79.8,19.9,98.1,66.7
bcb01d8c,2015,RWT Key,Kent,2015,19,10,629,1259,33.105,158,False,158,1,3,49.96,79,1,322,51.192,6.354,26.039,Middle order,63.158,3.0,36.842,63.158,0.0,0.0,13.996,8.682,17.77,-9.088,25.755,6.659,5.332,5.782,20.93,7.117,5.917,4.77,5.332,2,9,10.526,47.368,7.0,12.0,162.0,467.0,87.1,79.7,57.3,82.8,76.7
13bee186,2017,SC Cook,Durham,2017,12,6,346,565,31.455,89,True,89*,0,2,61.239,43,0,172,49.711,7.611,33.333,Opener,100.0,1.0,100.0,0.0,0.0,0.0,10.076,14.61,7.933,6.677,46.532,5.0,5.331,2.805,9.213,5.362,5.761,7.279,4.599,1,4,8.333,33.333,4.0,8.0,161.0,185.0,60.3,79.6,50.0,56.0,61.5
dd6e32da,2025,JB Cracknell,Middlesex,2025,8,7,349,573,49.857,112,False,112,1,2,60.908,36,6,180,51.576,7.33,31.827,All-rounder / keeper,62.5,7.0,0.0,0.0,62.5,37.5,9.994,11.561,8.734,2.827,51.576,4.409,5.329,3.017,8.372,4.693,5.674,5.858,2.457,1,3,12.5,37.5,3.0,5.0,180.0,169.0,59.6,79.6,64.0,65.3,67.1
26db69e6,2023,OJ Carter,Sussex,2023,23,14,779,1646,38.95,80,False,80,0,7,47.327,98,4,416,53.402,6.197,23.51,All-rounder / keeper,69.565,6.0,0.0,30.435,69.565,0.0,10.69,9.64,12.329,-2.689,54.942,5.158,5.326,3.124,9.973,5.48,5.632,4.792,7.16,4,8,17.391,34.783,13.0,10.0,428.0,351.0,65.6,79.5,79.8,59.8,71.2
76cb1a7f,2024,SD Robson,Middlesex,2024,16,11,872,1389,58.133,162,False,162,4,4,62.779,112,2,460,52.752,8.207,32.314,Opener,100.0,1.0,100.0,0.0,0.0,0.0,15.956,17.417,13.677,3.741,66.514,8.567,5.311,7.132,22.721,9.085,5.767,8.452,5.311,6,11,37.5,68.75,9.0,7.0,580.0,292.0,93.5,79.4,98.8,98.7,92.6
35f9a295,2017,LJ Hill,Leicestershire,2017,16,8,431,950,33.154,85,True,85*,0,2,45.368,47,0,188,43.619,4.947,26.91,All-rounder / keeper,93.75,7.0,0.0,0.0,93.75,6.25,11.292,8.932,13.61,-4.678,39.211,5.566,5.301,2.385,10.391,5.983,5.742,4.629,6.41,2,5,12.5,31.25,8.0,8.0,169.0,262.0,70.1,79.4,64.0,51.1,66.2
9b4935c8,2019,CJ Ferguson,Worcestershire,2019,15,8,404,926,26.933,127,False,127,1,2,43.629,59,0,236,58.416,6.371,19.377,Middle order,100.0,3.0,0.0,100.0,0.0,0.0,13.467,21.529,6.897,14.633,71.782,5.403,5.301,5.228,15.766,5.839,5.814,7.515,2.902,3,6,20.0,40.0,7.0,8.0,290.0,114.0,84.2,79.3,85.3,70.3,79.8
7081848a,2023,GH Roderick,Worcestershire,2023,24,13,696,1448,30.261,123,False,123,1,3,48.066,87,0,348,50.0,6.008,25.569,Opener,58.333,1.0,58.333,12.5,29.167,0.0,11.002,15.681,7.227,8.455,63.649,5.987,5.293,4.11,15.406,6.357,5.732,6.902,3.845,2,11,8.333,45.833,13.0,11.0,443.0,253.0,68.4,79.2,50.0,80.5,69.5
67b9536c,2018,SR Hain,Warwickshire,2018,17,12,566,1154,35.375,90,False,90,0,6,49.047,75,0,300,53.004,6.499,24.652,Middle order,76.471,5.0,0.0,76.471,23.529,0.0,10.31,5.254,15.941,-10.687,26.855,5.353,5.291,4.228,12.285,5.772,5.568,1.472,10.345,1,10,5.882,58.824,10.0,7.0,152.0,414.0,62.3,79.2,44.1,95.0,70.2
84826f48,2015,NJ O'Brien,Leicestershire,2015,20,11,599,872,33.278,95,False,95,0,6,68.693,82,2,340,56.761,9.633,32.868,All-rounder / keeper,85.0,6.0,10.0,5.0,85.0,0.0,12.018,12.032,11.996,0.036,62.771,5.151,5.284,4.167,12.532,5.639,5.811,5.284,5.424,3,9,15.0,45.0,12.0,8.0,376.0,223.0,75.7,79.0,72.1,78.9,76.4
e824e6ee,2016,TWM Latham,Kent,2016,9,6,374,773,46.75,90,False,90,0,4,48.383,55,0,220,58.824,7.115,21.448,Opener,100.0,2.0,100.0,0.0,0.0,0.0,13.857,16.878,6.799,10.08,85.294,5.601,5.284,3.437,9.763,5.95,5.551,8.08,2.858,1,5,11.111,55.556,6.0,3.0,319.0,55.0,86.4,79.1,58.7,92.6,79.2
c5cc48bc,2018,MJJ Critchley,Derbyshire,2018,20,11,620,954,31.0,105,False,105,1,3,64.99,80,2,332,53.548,8.595,33.028,All-rounder / keeper,90.0,6.0,0.0,10.0,90.0,0.0,12.702,13.924,11.106,2.818,62.097,5.917,5.271,3.785,13.62,6.454,6.01,6.412,4.476,3,10,15.0,50.0,11.0,9.0,385.0,235.0,79.8,78.9,72.1,86.5,79.3
a1b69936,2023,DG Bedingham,Durham,2023,19,13,1019,1322,56.611,156,False,156,5,1,77.08,107,17,530,52.012,9.38,40.818,Middle order,100.0,4.0,0.0,100.0,0.0,0.0,14.026,15.084,12.925,2.159,54.858,7.021,5.271,6.43,20.181,7.547,5.67,2.646,5.486,4,6,21.053,31.579,10.0,9.0,559.0,460.0,87.4,79.0,87.1,51.8,76.3
c995d726,2015,CA Ingram,Glamorgan,2015,26,15,924,1554,40.174,105,True,105*,2,4,59.459,144,6,612,66.234,9.653,22.222,Middle order,100.0,4.0,0.0,100.0,0.0,0.0,12.621,13.94,11.695,2.245,45.563,5.656,5.269,2.397,10.382,6.094,5.639,5.283,4.586,4,11,15.385,42.308,11.0,15.0,421.0,503.0,79.4,78.8,73.3,73.7,76.3
a15618fe,2021,JM Vince,Hampshire,2021,12,9,489,730,40.75,231,False,231,1,2,66.986,78,3,330,67.485,11.096,24.499,Middle order,83.333,5.0,0.0,83.333,16.667,0.0,13.817,7.347,23.68,-16.334,32.106,6.739,5.268,6.376,20.643,7.168,5.556,5.268,6.909,1,4,8.333,33.333,7.0,5.0,157.0,332.0,86.2,78.8,50.0,56.0,67.8
730d120f,2015,AG Wakely,Northamptonshire,2015,26,15,853,1766,35.542,123,False,123,2,4,48.301,128,3,530,62.134,7.418,19.755,Middle order,92.308,3.0,3.846,92.308,0.0,3.846,11.422,10.51,12.409,-1.899,47.831,5.949,5.263,4.138,14.061,6.434,5.613,5.337,5.263,2,11,7.692,42.308,14.0,12.0,408.0,445.0,71.7,78.6,48.2,73.7,68.0
bca21d18,2016,DI Stevens,Kent,2016,16,13,782,1060,48.875,140,False,140,2,5,73.774,94,17,478,61.125,10.472,32.034,All-rounder / keeper,62.5,6.0,0.0,31.25,62.5,6.25,12.9,13.773,11.695,2.078,61.893,5.937,5.263,4.63,15.083,6.317,5.499,5.308,2.929,2,11,12.5,68.75,9.0,7.0,484.0,298.0,80.7,78.6,64.0,98.7,80.5
dc670143,2016,NJ Dexter,Leicestershire,2016,25,15,875,1792,36.458,136,False,136,3,3,48.828,115,2,472,53.943,6.529,24.06,Middle order,96.0,3.0,0.0,96.0,4.0,0.0,12.475,20.007,7.169,12.838,66.286,7.025,5.263,5.882,18.453,7.617,5.767,10.758,3.135,6,9,24.0,36.0,12.0,13.0,580.0,295.0,78.6,78.6,91.2,62.2,77.6
ad9c32a2,2018,DJ Malan,Middlesex,2018,19,10,491,948,27.278,119,False,119,1,3,51.793,63,1,258,52.546,6.751,26.357,Middle order,100.0,4.0,0.0,100.0,0.0,0.0,11.408,9.403,13.218,-3.816,39.104,5.313,5.261,4.126,11.924,5.716,5.57,3.625,7.323,4,5,21.053,26.316,9.0,10.0,192.0,299.0,71.5,78.5,87.1,41.5,69.6
1b77f62b,2021,MD Stoneman,Surrey,2021,15,10,473,992,31.533,119,False,119,1,3,47.681,74,0,296,62.579,7.46,19.281,Opener,100.0,2.0,100.0,0.0,0.0,0.0,11.647,10.6,13.325,-2.725,56.025,6.355,5.259,5.737,15.949,6.774,5.508,2.447,8.07,3,5,20.0,33.333,7.0,8.0,265.0,208.0,73.3,78.4,85.3,56.0,73.2
d26e0405,2026,MK Andersson,Derbyshire,2026,20,12,800,1185,44.444,228,False,228,3,2,67.511,91,4,388,48.5,8.017,37.798,Middle order,65.0,5.0,0.0,65.0,30.0,5.0,15.043,18.865,8.989,9.876,76.875,6.896,5.258,5.806,18.225,7.373,5.51,9.68,3.962,4,10,20.0,50.0,11.0,9.0,615.0,185.0,91.1,78.4,85.3,86.5,85.3
a386e91b,2017,PD Collingwood,Durham,2017,22,13,1039,1742,51.95,177,False,177,3,5,59.644,118,4,496,47.738,7.003,33.519,Middle order,90.909,5.0,0.0,90.909,9.091,0.0,15.752,15.112,16.199,-1.086,39.461,7.312,5.253,5.54,17.704,7.836,5.729,5.008,6.195,5,12,22.727,54.545,9.0,13.0,410.0,629.0,92.9,78.3,89.4,91.7,88.1
324a6ee1,2019,OB Cox,Worcestershire,2019,21,12,519,1056,27.316,100,True,100*,1,3,49.148,57,2,240,46.243,5.587,27.984,All-rounder / keeper,85.714,7.0,0.0,0.0,85.714,14.286,10.817,8.565,13.463,-4.898,42.775,4.696,5.253,3.419,9.609,5.1,5.756,3.375,7.798,2,8,9.524,38.095,12.0,9.0,222.0,297.0,66.8,78.2,54.0,66.8,66.4
00cada13,2025,JDM Evison,Kent,2025,18,10,511,1033,31.938,77,True,77*,0,3,49.468,73,3,310,60.665,7.357,21.003,All-rounder / keeper,77.778,6.0,0.0,22.222,77.778,0.0,9.861,9.355,10.536,-1.181,54.207,4.709,5.252,2.529,8.194,5.051,5.688,4.455,5.926,2,5,11.111,27.778,10.0,8.0,277.0,234.0,58.4,78.2,58.7,43.8,59.8
bdc0670a,2026,LBK Hollman,Middlesex,2026,6,3,173,330,28.833,54,False,54,0,1,52.424,31,0,124,71.676,9.394,16.388,Opener,100.0,1.5,100.0,0.0,0.0,0.0,11.248,13.632,6.754,6.878,79.191,6.237,5.25,3.724,10.354,6.795,5.76,7.802,3.106,1,1,16.667,16.667,4.0,2.0,137.0,36.0,69.7,78.1,77.3,27.3,63.1
82585454,2025,Ekansh Singh,Kent,2025,9,5,256,480,28.444,71,False,71,0,2,53.333,34,2,148,57.812,7.5,24.324,Middle order,77.778,4.0,0.0,77.778,22.222,0.0,9.793,9.793,,,100.0,4.496,5.249,2.334,6.427,4.807,5.491,5.249,,1,3,11.111,33.333,9.0,,256.0,,58.1,78.0,58.7,56.0,62.7
a77472dc,2025,G Stewart,Kent,2025,17,9,675,782,51.923,182,False,182,2,3,86.317,69,24,420,62.222,11.893,37.01,Lower order,88.235,8.0,0.0,0.0,11.765,88.235,15.131,11.244,17.288,-6.045,26.519,6.117,5.248,4.7,16.458,6.534,5.534,4.076,6.596,3,10,17.647,58.824,7.0,10.0,179.0,496.0,91.4,78.0,80.7,95.0,86.3
03df7a25,2024,DA Douthwaite,Glamorgan,2024,10,6,266,549,26.6,50,False,50,0,1,48.452,39,0,156,58.647,7.104,21.569,All-rounder / keeper,70.0,7.0,0.0,0.0,70.0,30.0,8.673,5.401,10.631,-5.23,23.308,4.367,5.244,2.284,6.369,4.63,5.46,2.993,5.625,0,3,0.0,30.0,3.0,7.0,62.0,204.0,49.6,77.9,19.9,48.5,49.0
7bcde3fe,2016,AM Rossington,Northamptonshire,2016,16,11,556,717,46.333,138,True,138*,1,3,77.545,67,15,358,64.388,11.437,31.181,All-rounder / keeper,68.75,6.0,0.0,31.25,68.75,0.0,11.165,8.345,15.019,-6.674,43.165,5.621,5.237,4.887,17.228,6.035,5.658,2.392,5.426,4,7,25.0,43.75,9.0,7.0,240.0,316.0,69.1,77.9,92.1,76.8,79.0
7ee2ce62,2014,VS Solanki,Surrey,2014,16,10,567,951,37.8,143,False,143,1,5,59.621,80,3,338,59.612,8.728,26.382,Middle order,93.75,3.0,6.25,93.75,0.0,0.0,10.279,7.522,12.609,-5.087,33.51,5.023,5.231,3.407,11.495,5.341,5.591,2.899,7.038,0,6,0.0,37.5,9.0,7.0,190.0,377.0,62.1,77.8,19.9,65.3,56.3
8f938a32,2014,DJ Bell-Drummond,Kent,2014,26,15,915,2320,38.125,153,False,153,2,6,39.44,117,0,468,51.148,5.043,20.291,Opener,73.077,1.0,73.077,26.923,0.0,0.0,13.927,17.529,11.114,6.415,55.191,6.356,5.229,4.955,15.302,6.779,5.594,6.278,4.484,6,14,23.077,53.846,12.0,14.0,505.0,410.0,86.8,77.7,90.0,91.1,86.4
d34a2268,2024,MDE Holden,Middlesex,2024,21,14,981,2034,49.05,211,True,211*,2,5,48.23,106,3,442,45.056,5.359,28.0,Middle order,100.0,3.0,0.0,100.0,0.0,0.0,13.868,11.328,16.707,-5.378,43.119,6.914,5.207,4.351,19.095,7.37,5.516,5.227,4.494,1,8,4.762,38.095,11.0,10.0,423.0,558.0,86.5,77.7,40.9,66.8,68.0
324a6ee1,2025,OB Cox,Leicestershire,2025,16,11,550,869,36.667,93,False,93,0,4,63.291,71,3,302,54.909,8.516,31.195,All-rounder / keeper,100.0,7.0,0.0,0.0,100.0,0.0,10.429,9.95,11.053,-1.103,54.0,5.948,5.206,5.576,19.538,6.466,5.795,4.853,5.329,1,6,6.25,37.5,9.0,7.0,297.0,253.0,63.4,77.5,45.1,65.3,62.8
6755cd5c,2023,CB Cooke,Glamorgan,2023,21,14,733,1234,45.812,134,True,134*,2,2,59.4,93,3,390,53.206,7.78,30.141,All-rounder / keeper,90.476,7.0,0.0,0.0,90.476,9.524,10.699,5.787,14.868,-9.081,24.829,4.733,5.206,3.765,11.744,5.098,5.606,2.083,6.427,3,9,14.286,42.857,11.0,10.0,182.0,551.0,65.7,77.6,70.0,74.8,72.0
d34a2268,2022,MDE Holden,Middlesex,2022,21,14,749,1348,39.421,91,False,91,0,6,55.564,93,5,402,53.672,7.27,27.76,Middle order,90.476,5.0,0.0,90.476,9.524,0.0,11.314,8.56,13.893,-5.333,36.582,4.9,5.204,3.617,10.133,5.225,5.53,2.334,5.995,2,9,9.524,42.857,11.0,10.0,274.0,475.0,70.5,77.5,54.0,74.8,69.2
7db8d00b,2016,WD Bragg,Glamorgan,2016,25,13,922,1878,38.417,161,True,161*,2,6,49.095,107,0,428,46.421,5.698,27.894,Middle order,100.0,3.0,0.0,100.0,0.0,0.0,13.724,12.818,14.736,-1.918,49.241,6.743,5.193,5.101,17.182,7.187,5.621,5.416,5.0,4,8,16.0,32.0,13.0,12.0,454.0,468.0,85.6,77.4,75.0,52.6,72.6
c5f1d2a1,2015,BT Slater,Derbyshire,2015,26,13,652,1679,25.077,94,False,94,0,5,38.833,92,1,374,57.362,5.539,17.528,Opener,100.0,1.0,100.0,0.0,0.0,0.0,10.704,13.576,7.563,6.014,66.258,4.99,5.192,3.709,12.766,5.462,5.943,5.541,3.248,1,11,3.846,42.308,14.0,12.0,432.0,220.0,65.9,77.3,39.8,73.7,64.2
1a45b864,2021,AG Salter,Glamorgan,2021,6,3,155,461,25.833,90,False,90,0,1,33.623,23,0,92,59.355,4.989,14.384,Lower order,100.0,8.0,0.0,0.0,0.0,100.0,13.596,9.278,19.957,-10.678,40.645,5.971,5.19,3.253,9.544,6.35,5.639,4.185,9.544,1,3,16.667,50.0,4.0,2.0,63.0,92.0,85.0,77.3,77.3,86.5,81.5
0ecb4de6,2024,Rehan Ahmed,Leicestershire,2024,13,8,432,551,33.231,85,False,85,0,4,78.403,52,9,262,60.648,11.071,34.694,All-rounder / keeper,69.231,6.0,0.0,30.769,69.231,0.0,10.768,15.063,8.184,6.879,52.546,5.846,5.181,3.19,11.224,6.144,5.511,9.392,4.348,1,6,7.692,46.154,5.0,8.0,227.0,205.0,66.4,77.2,48.2,81.2,68.2
bab08c8b,2018,NJ Selman,Glamorgan,2018,17,9,332,735,19.529,42,False,42,0,0,45.17,46,0,184,55.422,6.259,21.48,Opener,100.0,1.0,100.0,0.0,0.0,0.0,9.612,7.851,12.308,-4.457,49.398,4.789,5.179,2.336,9.052,5.115,5.431,3.856,5.937,3,7,17.647,41.176,10.0,7.0,164.0,168.0,56.8,77.1,80.7,72.2,71.7
254db476,2014,APR Gidman,Gloucestershire,2014,27,15,975,1594,39.0,146,False,146,3,3,61.167,134,4,560,57.436,8.657,28.503,Middle order,96.296,4.0,3.704,96.296,0.0,0.0,13.283,10.946,15.948,-5.001,43.897,6.7,5.163,5.959,19.13,7.092,5.318,5.163,4.803,4,10,14.815,37.037,14.0,13.0,428.0,547.0,83.1,77.1,71.6,64.1,74.0
8fc65c2b,2015,SM Davies,Surrey,2015,13,9,601,1019,54.636,200,True,200*,1,2,58.979,61,1,250,41.597,6.084,36.677,Middle order,76.923,5.0,15.385,76.923,0.0,7.692,12.497,11.152,13.363,-2.211,34.942,6.205,5.154,4.559,16.935,6.629,5.759,4.952,5.154,3,4,23.077,30.769,5.0,8.0,210.0,391.0,78.8,77.0,90.0,50.1,74.0
fd96de7c,2025,JJ Bohannon,Lancashire,2025,26,14,874,1613,36.417,155,False,155,2,2,54.185,103,8,460,52.632,6.882,27.563,Middle order,100.0,3.0,0.0,100.0,0.0,0.0,11.447,15.395,7.641,7.754,66.018,5.889,5.148,4.063,14.884,6.294,5.595,6.646,4.142,4,10,15.385,38.462,12.0,14.0,577.0,297.0,71.7,76.9,73.3,67.7,72.4
922e1b19,2025,Z Crawley,Kent,2025,8,4,219,375,31.286,68,False,68,0,3,58.4,29,1,122,55.708,8.0,28.116,Opener,100.0,1.5,100.0,0.0,0.0,0.0,10.657,10.752,10.558,0.194,51.598,5.147,5.146,0.841,6.136,5.52,5.559,4.798,5.496,1,4,12.5,50.0,4.0,4.0,113.0,106.0,65.1,76.9,64.0,86.5,73.1
e22d3b5c,2019,RI Keogh,Northamptonshire,2019,20,12,697,1372,34.85,150,False,150,2,2,50.802,95,1,386,55.38,6.997,24.373,Middle order,100.0,5.0,0.0,100.0,0.0,0.0,11.206,8.698,13.895,-5.197,40.172,5.527,5.146,4.068,14.96,5.842,5.389,4.774,5.187,3,5,15.0,25.0,10.0,10.0,280.0,417.0,69.4,76.8,72.1,39.2,64.4
fd770945,2015,BT Foakes,Surrey,2015,16,10,617,1052,51.417,140,True,140*,2,2,58.65,79,4,340,55.105,7.89,28.586,Middle order,68.75,4.5,6.25,68.75,25.0,0.0,11.589,10.826,12.664,-1.838,54.619,7.534,5.14,7.11,24.055,8.067,5.6,4.48,5.14,3,7,18.75,43.75,9.0,7.0,337.0,280.0,73.0,76.7,83.0,76.8,77.4
922e1b19,2026,Z Crawley,Kent,2026,21,11,563,919,28.15,89,False,89,0,4,61.262,89,2,368,65.364,9.902,23.551,Opener,100.0,2.0,100.0,0.0,0.0,0.0,10.277,10.717,9.882,0.835,49.378,5.477,5.135,3.986,13.681,5.942,5.413,5.135,4.725,3,10,14.286,47.619,10.0,11.0,278.0,285.0,62.0,76.7,70.0,83.4,73.0
ac7fa28f,2018,IJL Trott,Warwickshire,2018,23,14,935,1650,46.75,170,True,170*,2,6,56.667,113,0,452,48.342,6.848,31.425,Middle order,100.0,4.0,0.0,100.0,0.0,0.0,13.66,12.252,14.804,-2.552,40.214,6.535,5.119,5.591,19.7,7.048,5.489,2.5,6.034,6,11,26.087,47.826,12.0,11.0,376.0,559.0,85.2,76.6,93.0,83.8,84.6
730d120f,2016,AG Wakely,Northamptonshire,2016,18,11,579,1203,38.6,104,False,104,1,3,48.13,71,6,320,55.268,6.401,23.002,Middle order,100.0,3.0,0.0,100.0,0.0,0.0,10.869,12.903,8.684,4.219,61.485,5.307,5.116,2.719,9.535,5.659,5.81,5.663,4.217,3,7,16.667,38.889,8.0,10.0,356.0,223.0,67.5,76.5,77.3,68.5,72.4
eafe8a94,2025,BI Kellaway,Glamorgan,2025,19,11,813,1286,54.2,181,True,181*,2,4,63.219,89,6,392,48.216,7.387,35.348,All-rounder / keeper,100.0,6.0,0.0,0.0,100.0,0.0,12.715,16.261,10.234,6.027,52.645,6.859,5.109,5.445,19.317,7.321,5.331,9.117,3.921,5,6,26.316,31.579,8.0,11.0,428.0,385.0,80.0,76.5,93.4,51.8,75.4
9e85455c,2023,MS Harris,Gloucestershire,2023,9,5,457,870,57.125,148,False,148,2,2,52.529,60,0,240,52.516,6.897,26.79,Opener,100.0,1.0,100.0,0.0,0.0,0.0,18.028,22.477,15.311,7.165,47.265,7.982,5.097,6.642,16.587,8.51,5.66,9.195,4.06,3,5,33.333,55.556,4.0,5.0,216.0,241.0,97.7,76.4,97.6,92.6,91.1
730d120f,2018,AG Wakely,Northamptonshire,2018,20,11,517,941,27.211,106,False,106,1,3,54.942,65,6,296,57.253,7.545,25.402,Middle order,100.0,4.0,0.0,100.0,0.0,0.0,12.357,5.263,16.404,-11.141,15.474,5.858,5.094,4.598,14.936,6.329,5.655,2.418,6.485,4,8,20.0,40.0,7.0,13.0,80.0,437.0,78.0,76.3,85.3,70.3,77.5
305c31f2,2025,BBA Geddes,Middlesex,2025,22,14,776,1449,36.952,137,False,137,1,6,53.554,81,8,372,47.938,6.142,29.706,All-rounder / keeper,100.0,6.0,0.0,0.0,100.0,0.0,10.7,8.522,12.937,-4.415,40.335,5.508,5.089,3.496,14.559,5.86,5.349,3.862,5.484,4,7,18.182,31.818,10.0,12.0,313.0,463.0,65.8,76.3,81.9,52.2,69.0
cd882d22,2014,WRS Gidman,Gloucestershire,2014,18,11,711,1330,50.786,125,False,125,2,2,53.459,93,2,384,54.008,7.143,26.478,All-rounder / keeper,94.444,6.0,0.0,0.0,94.444,5.556,13.665,13.091,15.026,-1.935,67.37,5.992,5.073,3.749,14.199,6.317,5.276,5.225,4.946,2,9,11.111,50.0,13.0,5.0,479.0,232.0,85.3,76.2,58.7,86.5,76.7
749a1b3a,2015,BP Nash,Kent,2015,8,4,229,458,28.625,49,False,49,0,0,50.0,36,0,144,62.882,7.86,20.142,Middle order,100.0,4.0,0.0,100.0,0.0,0.0,10.178,12.163,7.805,4.358,65.066,5.058,5.059,1.338,6.233,5.396,5.396,6.217,3.899,0,3,0.0,37.5,4.0,4.0,149.0,80.0,61.3,76.1,19.9,65.3,55.6
ce470ca0,2014,AJ Robson,Leicestershire,2014,28,14,895,1646,31.964,115,False,115,1,7,54.374,133,0,532,59.441,8.08,23.992,Opener,85.714,2.0,85.714,10.714,3.571,0.0,13.244,9.342,18.95,-9.608,41.899,6.518,5.059,4.92,13.854,6.884,5.407,4.15,11.146,6,13,21.429,46.429,16.0,12.0,375.0,520.0,82.8,76.1,87.7,81.8,82.1
ffdba4e2,2024,BG Charlesworth,Gloucestershire,2024,17,11,723,1399,48.2,210,False,210,2,2,51.68,76,18,412,56.985,6.719,23.831,Opener,82.353,2.0,82.353,0.0,17.647,0.0,12.024,13.566,10.511,3.055,55.878,5.236,5.056,4.645,16.8,5.563,5.3,3.589,5.417,1,7,5.882,41.176,8.0,9.0,404.0,319.0,75.9,76.0,44.1,72.2,67.0
fd8a9b23,2016,GH Rhodes,Worcestershire,2016,10,5,258,544,32.25,59,False,59,0,2,47.426,37,0,148,57.364,6.801,21.696,Middle order,60.0,5.0,20.0,60.0,0.0,20.0,9.893,1.983,12.282,-10.298,4.651,5.269,5.051,3.458,9.606,5.567,5.275,0.995,6.355,2,4,20.0,40.0,2.0,8.0,12.0,246.0,58.7,75.9,85.3,70.3,72.6
86e0f3f0,2017,WL Madsen,Derbyshire,2017,17,10,554,1006,32.588,121,False,121,1,4,55.07,87,2,360,64.982,8.847,21.156,Middle order,94.118,4.0,0.0,94.118,5.882,0.0,12.17,7.503,14.571,-7.068,20.939,5.908,5.038,3.878,11.513,6.314,5.421,3.844,7.398,2,6,11.765,35.294,6.0,11.0,116.0,438.0,77.1,75.9,60.7,61.2,68.7
6755cd5c,2019,CB Cooke,Glamorgan,2019,8,5,346,451,57.667,96,False,96,0,2,76.718,54,3,234,67.63,12.639,28.426,All-rounder / keeper,100.0,7.0,0.0,0.0,100.0,0.0,15.378,15.385,15.359,0.026,73.41,6.5,5.036,4.207,12.858,6.953,5.389,5.036,4.909,3,5,37.5,62.5,5.0,3.0,254.0,92.0,92.1,75.8,98.8,96.7,90.8
ad8cb396,2019,RP Jones,Lancashire,2019,17,12,600,1447,40.0,122,False,122,1,4,41.465,84,0,336,56.0,5.805,19.369,Middle order,82.353,5.0,0.0,82.353,17.647,0.0,12.072,11.67,12.612,-0.942,55.333,5.852,5.03,4.027,13.212,6.195,5.403,6.578,3.879,2,6,11.765,35.294,9.0,8.0,332.0,268.0,76.1,75.7,60.7,61.2,68.4
bca21d18,2017,DI Stevens,Kent,2017,16,9,456,635,35.077,71,True,71*,0,4,71.811,68,5,302,66.228,11.496,27.402,All-rounder / keeper,81.25,6.5,0.0,0.0,81.25,18.75,10.033,7.688,11.677,-3.988,31.579,4.989,5.025,3.173,11.507,5.304,5.388,4.84,5.025,1,7,6.25,43.75,7.0,9.0,144.0,312.0,60.1,75.7,45.1,76.8,64.4
c88bc84a,2023,Miles Hammond,Gloucestershire,2023,23,13,812,1201,36.909,92,False,92,0,8,67.61,103,16,508,62.562,9.908,28.096,Middle order,100.0,4.0,0.0,100.0,0.0,0.0,12.666,11.086,14.173,-3.086,42.734,6.293,5.023,3.5,13.677,6.759,5.341,4.502,6.25,5,9,21.739,39.13,11.0,12.0,347.0,465.0,79.7,75.6,88.2,68.9,78.1
9e707e02,2017,KS Carlson,Glamorgan,2017,13,7,443,776,34.077,191,False,191,1,1,57.088,61,4,268,60.497,8.376,24.613,Middle order,61.538,5.0,0.0,61.538,38.462,0.0,13.173,17.056,5.551,11.505,85.779,6.048,5.017,6.568,20.436,6.36,5.208,5.274,1.778,1,5,7.692,38.462,8.0,5.0,380.0,63.0,82.3,75.5,48.2,67.7,68.4
0d61d8f0,2026,JD Libby,Worcestershire,2026,22,12,579,1075,27.571,107,True,107*,1,4,53.86,65,0,260,44.905,6.047,31.584,Opener,100.0,2.0,100.0,0.0,0.0,0.0,10.548,10.13,10.887,-0.757,43.005,5.767,5.009,4.037,12.584,6.112,5.418,5.168,4.38,2,6,9.091,27.273,10.0,12.0,249.0,330.0,64.4,75.5,52.5,42.9,58.8
4229fd20,2014,MG Pardoe,Worcestershire,2014,13,9,284,650,23.667,52,False,52,0,1,43.692,39,2,168,59.155,6.308,19.048,Opener,100.0,2.0,100.0,0.0,0.0,0.0,7.379,9.086,5.972,3.114,55.634,4.399,4.983,2.691,9.231,4.628,5.309,5.491,2.969,0,3,0.0,23.077,6.0,7.0,158.0,126.0,39.6,75.4,19.9,35.7,42.7
d12cead8,2023,Zain-ul-Hassan,Glamorgan,2023,16,9,453,1098,30.2,69,False,69,0,2,41.257,69,1,282,62.252,6.375,16.634,Opener,93.75,1.0,93.75,6.25,0.0,0.0,8.827,8.727,8.895,-0.168,39.956,4.497,4.979,2.164,7.5,4.794,5.409,4.632,4.979,0,7,0.0,43.75,7.0,9.0,181.0,272.0,51.2,75.3,19.9,76.8,55.8
2eca67f5,2022,JM Clarke,Nottinghamshire,2022,22,14,682,1176,35.895,95,False,95,0,5,57.993,91,4,388,56.891,8.078,27.197,Middle order,100.0,4.0,0.0,100.0,0.0,0.0,8.95,10.137,7.727,2.41,57.478,4.554,4.963,3.432,9.245,4.858,5.258,5.969,1.997,2,9,9.091,40.909,12.0,10.0,392.0,290.0,52.2,75.3,52.5,71.8,63.0
dfc3f02d,2026,OJ Price,Gloucestershire,2026,19,10,502,1351,27.889,77,False,77,0,3,37.158,67,0,268,53.386,4.959,18.224,Middle order,100.0,3.0,0.0,100.0,0.0,0.0,10.863,12.038,8.839,3.199,70.12,5.411,4.955,2.652,9.881,5.825,5.338,5.916,4.295,3,11,15.789,57.895,12.0,7.0,352.0,150.0,67.4,75.1,74.3,94.4,77.8
84826f48,2014,NJ O'Brien,Leicestershire,2014,27,14,852,1508,35.5,133,False,133,1,5,56.499,112,3,466,54.695,7.626,27.71,All-rounder / keeper,96.296,6.0,0.0,3.704,96.296,0.0,13.074,16.274,8.673,7.6,72.066,5.51,4.955,4.07,15.311,5.803,5.243,6.295,4.554,7,12,25.926,44.444,15.0,12.0,614.0,238.0,81.4,75.2,92.9,77.9,81.9
c1a89821,2018,NRT Gubbins,Middlesex,2018,14,7,376,769,26.857,107,False,107,1,0,48.895,58,1,238,63.298,7.672,19.437,Opener,100.0,2.0,100.0,0.0,0.0,0.0,11.346,10.335,12.619,-2.284,50.798,5.66,4.953,2.637,10.388,6.099,5.615,5.494,3.666,0,4,0.0,28.571,8.0,6.0,191.0,185.0,70.9,75.1,19.9,45.6,52.9
2ca9cf48,2022,JJ Bushnell,Durham,2022,7,4,216,485,43.2,66,False,66,0,1,44.536,27,1,114,52.778,5.773,22.319,All-rounder / keeper,57.143,6.0,0.0,42.857,57.143,0.0,11.221,8.797,15.278,-6.481,49.074,4.949,4.944,0.846,5.978,5.304,5.365,4.515,5.383,0,4,0.0,57.143,3.0,4.0,106.0,110.0,69.5,75.0,19.9,93.7,64.5
324a6ee1,2017,OB Cox,Worcestershire,2017,19,12,624,946,34.667,124,False,124,1,3,65.962,89,6,392,62.821,10.042,27.262,All-rounder / keeper,63.158,6.0,0.0,21.053,63.158,15.789,11.475,10.094,13.775,-3.68,54.968,5.381,4.939,3.778,12.9,5.729,5.299,3.185,5.0,2,7,10.526,36.842,12.0,7.0,343.0,281.0,72.0,74.9,57.3,63.7,67.0
bca21d18,2015,DI Stevens,Kent,2015,20,12,542,799,27.1,76,False,76,0,5,67.835,83,9,386,71.218,11.514,22.065,All-rounder / keeper,90.0,6.0,0.0,10.0,90.0,0.0,10.987,9.529,12.547,-3.018,44.834,5.22,4.939,3.673,12.062,5.661,5.399,5.076,4.803,2,9,10.0,45.0,9.0,11.0,243.0,299.0,68.2,75.0,55.6,78.9,69.4
22176fe7,2017,MJ Richardson,Durham,2017,14,8,447,844,34.385,82,False,82,0,4,52.962,51,0,204,45.638,6.043,30.643,All-rounder / keeper,78.571,6.0,14.286,7.143,78.571,0.0,10.722,4.447,17.178,-12.731,21.029,5.7,4.938,4.317,12.635,6.107,5.369,1.952,9.076,1,6,7.143,42.857,7.0,7.0,94.0,353.0,65.9,74.8,46.9,74.8,65.6
72898514,2023,WT Root,Glamorgan,2023,23,14,884,1462,52.0,117,True,117*,1,6,60.465,132,5,558,63.122,9.371,24.604,All-rounder / keeper,82.609,6.0,0.0,17.391,82.609,0.0,12.088,12.934,11.41,1.524,47.624,6.027,4.935,4.204,14.653,6.421,5.329,4.174,5.533,5,10,21.739,43.478,12.0,11.0,421.0,463.0,76.3,74.8,88.2,76.1,78.8
8f938a32,2026,DJ Bell-Drummond,Kent,2026,24,13,739,1385,33.591,129,False,129,1,3,53.357,103,3,430,58.187,7.653,24.159,Middle order,87.5,5.0,0.0,87.5,12.5,0.0,11.096,11.574,10.636,0.937,51.15,5.537,4.933,2.968,11.575,5.984,5.299,4.972,4.096,3,12,12.5,50.0,11.0,13.0,378.0,361.0,68.8,74.7,64.0,86.5,73.5
2223b920,2021,KHD Barker,Hampshire,2021,7,6,234,407,39.0,84,False,84,0,2,57.494,29,4,140,59.829,8.108,25.134,Lower order,100.0,8.0,0.0,0.0,0.0,100.0,11.343,8.129,14.726,-6.598,36.752,6.205,4.932,5.556,15.356,6.691,5.464,6.997,2.868,2,3,28.571,42.857,4.0,3.0,86.0,148.0,70.8,74.6,95.2,74.8,78.8
92aeac25,2017,AD Hales,Nottinghamshire,2017,8,6,424,513,53.0,218,False,218,1,1,82.651,68,3,290,68.396,13.84,30.317,Middle order,100.0,5.0,0.0,100.0,0.0,0.0,15.821,10.798,26.882,-16.084,46.934,7.863,4.919,7.979,22.827,8.673,5.219,4.919,11.936,1,4,12.5,50.0,6.0,2.0,199.0,225.0,93.1,74.6,64.0,86.5,79.6
8d4a60b4,2015,JC Mickleburgh,Essex,2015,16,9,366,776,22.875,61,False,61,0,2,47.165,56,0,224,61.202,7.216,19.722,Opener,87.5,2.0,87.5,12.5,0.0,0.0,8.883,14.972,5.626,9.346,58.743,4.768,4.916,3.413,10.181,5.092,5.198,7.344,2.966,2,6,12.5,37.5,7.0,9.0,215.0,151.0,51.6,74.5,64.0,65.3,63.8
4b685e2d,2015,DW Lawrence,Essex,2015,12,7,409,695,37.182,161,False,161,1,1,58.849,53,2,224,54.768,7.914,28.906,Middle order,58.333,3.0,41.667,58.333,0.0,0.0,12.841,5.112,18.11,-12.998,16.137,6.613,4.912,5.198,15.407,7.096,5.289,1.823,9.114,2,6,16.667,50.0,6.0,6.0,66.0,343.0,80.5,74.4,77.3,86.5,79.7
ada15e88,2022,PSP Handscomb,Middlesex,2022,8,5,220,429,31.429,79,False,79,0,1,51.282,22,0,88,40.0,5.128,32.432,Middle order,100.0,4.0,0.0,100.0,0.0,0.0,9.553,10.896,7.989,2.907,61.364,3.851,4.912,2.368,5.842,4.101,5.232,4.912,2.921,2,4,25.0,50.0,5.0,3.0,135.0,85.0,56.4,74.4,92.1,86.5,77.4
8159d5fc,2025,BD Guest,Derbyshire,2025,22,13,651,1380,36.167,91,False,91,0,5,47.174,79,2,328,50.384,5.87,24.865,Middle order,90.909,5.0,0.0,90.909,9.091,0.0,9.047,8.539,9.393,-0.853,38.249,4.466,4.912,3.329,10.208,4.697,5.171,3.553,5.396,3,7,13.636,31.818,9.0,13.0,249.0,402.0,53.0,74.4,68.0,52.2,61.9
8cbcff3b,2024,JM De Caires,Middlesex,2024,10,7,324,544,32.4,80,False,80,0,3,59.559,46,2,196,60.494,8.824,25.806,All-rounder / keeper,70.0,7.0,0.0,0.0,70.0,30.0,10.279,10.187,10.357,-0.17,45.37,5.207,4.905,3.981,12.308,5.623,5.289,6.196,4.597,1,4,10.0,40.0,4.0,6.0,147.0,177.0,62.1,74.2,55.6,70.3,65.6
03df7a25,2019,DA Douthwaite,Glamorgan,2019,7,4,203,343,29.0,63,False,63,0,1,59.184,29,0,116,57.143,8.455,27.707,All-rounder / keeper,100.0,7.0,0.0,0.0,100.0,0.0,9.598,6.853,10.227,-3.374,13.3,4.567,4.903,1.822,6.166,4.914,5.241,2.296,5.907,0,1,0.0,14.286,1.0,6.0,27.0,176.0,56.7,74.2,19.9,23.0,43.4
33155d1b,2018,IR Bell,Warwickshire,2018,23,14,1027,1838,54.053,204,False,204,5,2,55.876,140,3,578,56.28,7.78,26.49,Middle order,100.0,3.0,0.0,100.0,0.0,0.0,15.004,16.096,14.115,1.981,48.101,7.189,4.898,7.321,21.009,7.763,5.374,7.393,2.385,4,9,17.391,39.13,12.0,11.0,494.0,533.0,90.8,74.1,79.8,68.9,78.4
25f7b7d6,2021,T Banton,Somerset,2021,8,4,189,292,27.0,51,True,51*,0,1,64.726,25,3,118,62.434,9.589,26.894,Opener,75.0,1.0,75.0,0.0,12.5,12.5,8.734,8.553,9.409,-0.856,77.249,4.58,4.893,3.25,8.219,4.839,5.12,5.076,4.71,0,1,0.0,12.5,6.0,2.0,146.0,43.0,50.4,74.0,19.9,20.5,41.2
324a6ee1,2016,OB Cox,Worcestershire,2016,22,14,752,1135,37.6,75,False,75,0,6,66.256,108,10,492,65.426,10.396,25.565,All-rounder / keeper,90.909,7.0,0.0,0.0,90.909,9.091,10.962,6.661,14.853,-8.192,28.856,5.214,4.868,3.732,12.639,5.543,5.151,2.525,6.371,4,11,18.182,50.0,9.0,13.0,217.0,535.0,67.9,74.0,81.9,86.5,77.6
51e1ed69,2023,SG Borthwick,Durham,2023,19,13,667,1055,44.467,134,True,134*,2,4,63.223,91,2,376,56.372,8.815,30.249,Middle order,100.0,3.0,0.0,100.0,0.0,0.0,9.726,9.739,9.71,0.03,54.873,5.659,4.868,5.125,19.591,6.059,5.393,4.868,5.352,2,7,10.526,36.842,11.0,8.0,366.0,301.0,57.7,73.9,57.3,63.7,63.2
fa433be6,2022,M Labuschagne,Glamorgan,2022,10,5,377,588,41.889,130,False,130,1,2,64.116,50,4,224,59.416,9.184,28.652,Middle order,100.0,3.0,0.0,100.0,0.0,0.0,14.567,7.227,18.119,-10.892,16.18,6.479,4.867,4.988,15.205,6.869,5.126,3.903,4.867,4,5,40.0,50.0,4.0,6.0,61.0,316.0,89.4,73.8,99.6,86.5,87.3
c5cc48bc,2017,MJJ Critchley,Derbyshire,2017,8,5,266,413,38.0,102,False,102,1,1,64.407,41,0,164,61.654,9.927,27.419,All-rounder / keeper,62.5,6.0,0.0,37.5,62.5,0.0,10.831,18.826,6.838,11.989,57.895,6.192,4.863,4.226,11.13,6.599,5.286,10.65,2.989,1,3,12.5,37.5,3.0,5.0,154.0,112.0,67.0,73.8,64.0,65.3,67.5
0c7f11be,2021,DL Lloyd,Glamorgan,2021,7,4,221,351,31.571,121,False,121,1,1,62.963,25,1,106,47.964,7.407,35.385,Opener,100.0,2.0,100.0,0.0,0.0,0.0,12.196,13.255,11.562,1.693,40.724,5.025,4.859,5.266,10.381,5.345,5.05,5.19,4.859,0,3,0.0,42.857,4.0,3.0,90.0,131.0,77.3,73.7,19.9,74.8,61.4
03ae720f,2014,MW Goodwin,Glamorgan,2014,12,6,238,505,19.833,50,False,50,0,1,47.129,29,0,116,48.739,5.743,25.63,Middle order,100.0,4.0,0.0,100.0,0.0,0.0,9.022,7.51,10.503,-2.993,41.176,4.657,4.854,2.633,7.663,5.065,5.141,4.041,5.668,1,4,8.333,33.333,6.0,6.0,98.0,140.0,52.8,73.6,50.0,56.0,58.1
cabf72cc,2016,MA Wallace,Glamorgan,2016,20,11,509,826,29.941,78,False,78,0,4,61.622,69,1,282,55.403,8.475,30.026,Opener,50.0,5.0,50.0,0.0,0.0,50.0,9.6,7.933,12.955,-5.021,55.206,4.353,4.851,2.575,9.28,4.623,5.128,4.851,4.513,2,9,10.0,45.0,13.0,7.0,281.0,228.0,56.8,73.6,55.6,78.9,66.2
a1b69936,2022,DG Bedingham,Durham,2022,17,11,664,959,47.429,191,False,191,2,2,69.239,78,6,348,52.41,8.759,36.114,Middle order,88.235,5.0,0.0,88.235,11.765,0.0,12.139,11.32,13.613,-2.293,59.94,5.731,4.851,4.917,17.008,6.145,5.548,3.856,6.965,1,6,5.882,35.294,11.0,6.0,398.0,266.0,76.6,73.5,44.1,61.2,63.8
c995d726,2017,CA Ingram,Glamorgan,2017,20,11,672,1394,37.333,155,True,155*,2,1,48.207,89,5,386,57.44,6.743,22.0,Middle order,95.0,4.0,0.0,95.0,5.0,0.0,13.161,11.898,15.01,-3.111,53.72,5.993,4.85,4.515,15.545,6.368,5.059,4.788,8.863,4,8,20.0,40.0,11.0,9.0,361.0,311.0,82.3,73.4,85.3,70.3,77.8
6755cd5c,2021,CB Cooke,Glamorgan,2021,7,4,272,449,54.4,205,True,205*,1,0,60.579,25,1,106,38.971,5.791,39.243,All-rounder / keeper,100.0,6.0,0.0,0.0,100.0,0.0,15.011,8.689,18.8,-10.11,21.691,6.306,4.844,6.551,14.706,6.615,5.161,4.844,7.768,2,2,28.571,28.571,4.0,3.0,59.0,213.0,90.8,73.4,95.2,45.6,76.2
81efec30,2015,NLJ Browne,Essex,2015,27,15,1014,1914,40.56,151,True,151*,4,3,52.978,148,2,604,59.566,7.837,23.243,Opener,100.0,1.0,100.0,0.0,0.0,0.0,13.948,10.057,17.293,-7.237,33.333,7.751,4.839,6.916,23.883,8.283,5.237,4.03,5.7,4,10,14.815,37.037,13.0,14.0,338.0,676.0,86.8,73.3,71.6,64.1,73.9
cd143bca,2019,J Leach,Worcestershire,2019,19,11,404,664,26.933,54,True,54*,0,2,60.843,66,1,270,66.832,10.09,22.446,Lower order,94.737,9.0,0.0,0.0,5.263,94.737,9.709,8.134,12.099,-3.965,50.495,4.859,4.837,2.909,9.744,5.273,5.225,4.73,5.933,1,9,5.263,47.368,11.0,8.0,204.0,200.0,57.5,73.2,42.3,82.8,64.0
8f938a32,2015,DJ Bell-Drummond,Kent,2015,26,14,701,1266,26.962,123,False,123,2,2,55.371,105,0,420,59.914,8.294,24.203,Opener,100.0,1.0,100.0,0.0,0.0,0.0,11.384,15.934,8.02,7.914,59.486,7.397,4.834,7.728,32.836,7.938,5.175,8.691,4.261,3,12,11.538,46.154,10.0,16.0,417.0,284.0,71.4,73.2,59.9,81.2,71.4
86f84b37,2025,AM Tribe,Glamorgan,2025,19,11,731,1177,45.688,206,False,206,2,3,62.107,109,3,454,62.107,9.516,26.009,Opener,94.737,2.0,94.737,0.0,0.0,5.263,12.311,6.575,18.652,-12.078,28.044,6.221,4.833,5.625,20.517,6.587,5.155,3.132,9.677,4,7,21.053,36.842,11.0,8.0,205.0,526.0,77.9,73.1,87.1,63.7,75.4
86e0f3f0,2026,WL Madsen,Derbyshire,2026,18,10,516,857,32.25,119,False,119,1,2,60.21,65,1,266,51.55,7.701,31.606,Middle order,94.444,4.0,0.0,94.444,5.556,0.0,11.903,10.968,13.353,-2.385,56.008,6.267,4.828,4.739,15.045,6.709,5.181,5.336,3.883,3,11,16.667,61.111,10.0,8.0,289.0,227.0,75.1,73.0,77.3,95.8,80.3
b5781ac3,2019,L Trevaskis,Durham,2019,17,10,392,1049,24.5,64,False,64,0,2,37.369,39,1,162,41.327,3.813,22.795,All-rounder / keeper,94.118,6.0,0.0,0.0,94.118,5.882,8.962,9.337,8.636,0.7,48.469,4.426,4.805,1.866,6.53,4.797,5.194,5.128,4.482,2,6,11.765,35.294,8.0,9.0,190.0,202.0,52.5,73.0,60.7,61.2,61.8
104e88a4,2023,AJ Hose,Worcestershire,2023,19,11,566,899,31.444,85,False,85,0,3,62.959,84,3,354,62.544,9.677,26.108,Middle order,100.0,5.0,0.0,100.0,0.0,0.0,11.309,12.337,10.121,2.216,58.481,5.479,4.804,3.826,11.831,5.877,5.184,4.804,4.575,2,10,10.526,52.632,12.0,7.0,331.0,235.0,70.3,72.9,57.3,90.0,72.6
10b79140,2025,TS Muyeye,Kent,2025,20,11,664,1003,36.889,125,True,125*,1,4,66.201,76,9,358,53.916,8.475,33.333,Middle order,95.0,4.0,0.0,95.0,0.0,5.0,11.333,13.331,9.371,3.96,58.283,5.728,4.803,3.714,14.433,6.13,5.18,4.782,4.922,5,9,25.0,45.0,10.0,10.0,387.0,277.0,70.6,72.8,92.1,78.9,78.6
495d42a5,2017,R Ashwin,Worcestershire,2017,6,4,214,289,42.8,82,False,82,0,1,74.048,22,2,100,46.729,8.304,43.019,All-rounder / keeper,100.0,6.0,0.0,0.0,100.0,0.0,11.499,12.052,7.819,4.233,91.121,4.922,4.801,2.572,8.063,5.258,5.073,5.679,2.021,1,1,16.667,16.667,5.0,1.0,195.0,19.0,72.2,72.8,77.3,27.3,62.4
cca50cd6,2017,LJ Wright,Sussex,2017,17,10,603,831,37.688,118,False,118,1,3,72.563,87,7,390,64.677,11.312,28.901,Middle order,64.706,5.0,0.0,64.706,35.294,0.0,11.42,14.496,8.174,6.322,65.174,5.755,4.799,4.55,13.689,6.184,5.263,7.559,4.467,2,9,11.765,52.941,7.0,10.0,393.0,210.0,71.6,72.7,60.7,90.4,73.8
0c7f11be,2024,DL Lloyd,Derbyshire,2024,23,13,540,820,23.478,73,False,73,0,4,65.854,80,4,344,63.704,10.244,26.63,Middle order,60.87,3.0,39.13,60.87,0.0,0.0,9.753,10.484,9.219,1.265,45.37,4.829,4.796,3.978,13.722,5.081,5.102,4.813,3.37,3,6,13.043,26.087,11.0,12.0,245.0,295.0,57.8,72.6,66.3,41.2,59.5
26db69e6,2022,OJ Carter,Sussex,2022,15,9,629,1158,41.933,185,False,185,1,5,54.318,73,8,340,54.054,6.995,26.834,Middle order,66.667,5.0,0.0,66.667,33.333,0.0,13.686,10.26,17.267,-7.008,38.315,5.788,4.795,6.145,21.119,6.167,5.198,5.284,1.762,2,7,13.333,46.667,7.0,8.0,241.0,388.0,85.5,72.6,67.0,81.9,76.8
f6c84b9f,2016,SJ Thakor,Derbyshire,2016,13,9,606,878,67.333,130,False,130,2,2,69.021,74,3,314,51.815,8.77,36.454,All-rounder / keeper,100.0,6.0,0.0,0.0,100.0,0.0,15.019,22.651,13.198,9.453,29.043,6.287,4.794,4.99,13.989,6.688,5.07,8.359,3.704,5,8,38.462,61.538,3.0,10.0,176.0,430.0,90.9,72.5,99.2,96.1,89.7
730d120f,2017,AG Wakely,Northamptonshire,2017,22,12,593,1114,31.211,112,False,112,1,2,53.232,62,4,272,45.868,5.925,30.63,Middle order,90.909,3.0,0.0,90.909,4.545,4.545,10.137,12.743,7.78,4.963,59.696,5.453,4.791,3.695,10.942,5.856,5.251,8.201,3.999,3,7,13.636,31.818,11.0,11.0,354.0,239.0,61.0,72.4,68.0,52.2,63.4
7e4c8ba3,2016,SA Northeast,Kent,2016,22,15,1337,1985,83.562,191,False,191,5,3,67.355,156,7,666,49.813,8.212,36.828,Middle order,95.455,4.0,0.0,95.455,4.545,0.0,18.515,24.192,11.963,12.229,70.007,8.293,4.78,8.136,22.919,8.77,5.02,9.87,4.78,5,10,22.727,45.455,11.0,11.0,936.0,401.0,98.3,72.4,89.4,79.8,85.0
0e0d43b4,2022,SJ Mullaney,Nottinghamshire,2022,21,14,993,1411,52.263,192,False,192,3,4,70.376,101,26,560,56.395,9.001,33.723,All-rounder / keeper,95.238,6.0,0.0,4.762,95.238,0.0,13.242,12.493,13.989,-1.495,47.13,6.901,4.779,6.09,18.497,7.344,5.267,4.782,4.708,3,10,14.286,47.619,11.0,10.0,468.0,525.0,82.7,72.3,70.0,83.4,77.1
71440756,2017,P Coughlin,Durham,2017,10,7,325,497,40.625,73,False,73,0,3,65.392,33,3,150,46.154,7.243,37.961,All-rounder / keeper,60.0,7.0,0.0,0.0,60.0,40.0,9.675,7.093,11.576,-4.484,31.077,4.401,4.777,2.674,7.593,4.721,5.065,3.041,5.513,2,3,20.0,30.0,4.0,6.0,101.0,224.0,57.3,72.2,85.3,48.5,65.8
ad9c32a2,2019,DJ Malan,Middlesex,2019,20,11,833,1511,43.842,199,False,199,3,2,55.129,101,1,410,49.22,6.75,30.021,Middle order,100.0,4.0,0.0,100.0,0.0,0.0,16.754,10.995,22.131,-11.136,31.693,8.241,4.775,6.772,19.01,8.765,5.158,4.696,15.857,6,10,30.0,50.0,11.0,9.0,264.0,569.0,95.5,72.2,96.2,86.5,87.6
7ca5e05d,2016,RS Bopara,Essex,2016,19,14,747,1620,41.5,99,False,99,0,6,46.111,93,2,384,51.406,5.864,23.803,Middle order,100.0,4.0,0.0,100.0,0.0,0.0,10.678,12.008,9.341,2.667,56.359,5.276,4.773,2.929,9.62,5.623,5.01,7.846,4.409,4,7,21.053,36.842,9.0,10.0,421.0,326.0,65.5,72.1,87.1,63.7,72.1
7e4c8ba3,2025,SA Northeast,Glamorgan,2025,22,13,883,1739,42.048,139,False,139,3,3,50.776,103,3,430,48.698,6.095,27.74,Middle order,100.0,3.0,0.0,100.0,0.0,0.0,12.451,12.569,12.36,0.209,43.715,6.966,4.758,4.537,15.621,7.391,5.075,4.443,4.922,3,8,13.636,36.364,10.0,12.0,386.0,497.0,78.5,72.1,68.0,62.9,70.4
1ad0b441,2018,K Noema-Barnett,Gloucestershire,2018,13,7,317,724,39.625,73,True,73*,0,2,43.785,37,3,166,52.366,5.525,22.076,Lower order,84.615,8.0,0.0,0.0,15.385,84.615,10.393,10.869,8.836,2.033,80.126,4.693,4.758,3.237,10.052,5.035,5.16,5.58,4.138,2,5,15.385,38.462,8.0,5.0,254.0,63.0,63.1,72.0,73.3,67.7,69.0
f05fe9b1,2021,JA Simpson,Middlesex,2021,15,8,362,738,25.857,95,True,95*,0,2,49.051,49,1,202,55.801,6.775,23.256,All-rounder / keeper,93.333,6.0,0.0,6.667,93.333,0.0,11.617,7.432,14.855,-7.423,27.901,5.285,4.754,3.573,10.906,5.581,5.019,3.308,6.294,2,4,13.333,26.667,7.0,8.0,101.0,261.0,73.2,71.9,67.0,42.0,63.5
0bfcc974,2014,SJ Walters,Glamorgan,2014,8,4,179,347,25.571,57,True,57*,0,1,51.585,22,1,94,52.514,6.628,26.235,Middle order,87.5,5.0,0.0,87.5,12.5,0.0,10.56,7.704,12.451,-4.747,29.05,4.344,4.732,2.671,7.143,4.618,5.073,2.992,5.695,0,3,0.0,37.5,4.0,4.0,52.0,127.0,64.5,71.9,19.9,65.3,55.4
9789e56e,2022,LM Reece,Derbyshire,2022,21,12,620,1297,32.632,116,False,116,1,3,47.803,85,3,358,57.742,6.785,21.671,Opener,52.381,2.0,52.381,0.0,47.619,0.0,9.373,11.555,7.357,4.199,59.194,4.558,4.727,3.073,9.493,4.836,5.036,5.068,3.291,2,7,9.524,33.333,9.0,12.0,367.0,253.0,55.3,71.8,54.0,56.0,59.3
7795ab76,2014,BW Harmison,Kent,2014,23,14,621,1449,27.0,125,False,125,1,1,42.857,87,1,354,57.005,6.073,19.618,Middle order,100.0,5.0,0.0,100.0,0.0,0.0,10.078,7.845,11.575,-3.73,31.24,5.134,4.723,4.013,14.462,5.438,5.116,2.989,5.397,1,7,4.348,30.435,9.0,14.0,194.0,427.0,60.3,71.7,40.3,49.4,55.4
0a7c6649,2026,HRC Came,Derbyshire,2026,22,12,582,1263,27.714,105,True,105*,1,4,46.081,72,1,294,50.515,5.78,24.202,Opener,100.0,1.0,100.0,0.0,0.0,0.0,10.646,6.697,16.59,-9.893,37.801,5.381,4.722,4.082,14.617,5.742,5.097,3.997,4.915,4,8,18.182,36.364,12.0,10.0,220.0,362.0,65.0,71.7,81.9,62.9,70.4
9c643d7b,2024,JM Coles,Sussex,2024,20,14,707,1164,39.278,132,True,132*,1,3,60.739,84,11,402,56.86,8.162,28.531,Middle order,90.0,5.0,0.0,90.0,10.0,0.0,9.979,10.681,9.179,1.502,57.001,5.81,4.721,4.599,18.082,6.159,5.003,3.704,5.739,2,9,10.0,45.0,10.0,10.0,403.0,304.0,59.3,71.6,55.6,78.9,66.4
8108e2d2,2016,DKH Mitchell,Worcestershire,2016,25,14,778,1507,32.417,107,True,107*,2,4,51.626,89,0,356,45.758,5.906,29.76,Opener,100.0,1.0,100.0,0.0,0.0,0.0,10.572,14.455,7.128,7.327,64.267,5.16,4.713,4.215,17.413,5.463,4.944,4.952,4.327,2,9,8.0,36.0,10.0,15.0,500.0,278.0,64.5,71.5,49.0,62.2,61.8
6042bf26,2018,NJ Rimmington,Durham,2018,13,7,255,405,21.25,61,False,61,0,1,62.963,34,2,148,58.039,8.889,28.997,Lower order,100.0,9.0,0.0,0.0,0.0,100.0,7.741,8.88,5.159,3.721,79.608,4.043,4.712,2.962,8.216,4.387,4.847,4.947,2.478,1,5,7.692,38.462,10.0,3.0,203.0,52.0,42.7,71.4,48.2,67.7,57.5
f4dfcbb4,2017,S van Zyl,Sussex,2017,18,11,699,1440,38.833,149,False,149,1,3,48.542,96,1,390,55.794,6.736,23.008,Middle order,100.0,4.0,0.0,100.0,0.0,0.0,12.242,13.021,11.537,1.484,50.501,5.838,4.712,3.736,12.856,6.267,5.08,4.692,5.318,1,8,5.556,44.444,7.0,11.0,353.0,346.0,77.7,71.5,43.1,77.9,67.6
6e6fb538,2022,JL du Plooy,Derbyshire,2022,23,14,845,1564,42.25,134,False,134,2,5,54.028,99,4,420,49.704,6.586,29.09,Middle order,91.304,5.0,0.0,91.304,8.696,0.0,11.246,7.901,14.232,-6.331,33.136,5.53,4.71,5.22,21.369,5.853,4.94,3.519,6.137,4,6,17.391,26.087,10.0,13.0,280.0,565.0,69.7,71.3,79.8,41.2,65.5
fe4ebca0,2022,JA Haynes,Worcestershire,2022,19,13,811,1602,47.706,133,False,133,3,1,50.624,116,1,470,57.953,7.303,22.963,Middle order,100.0,4.0,0.0,100.0,0.0,0.0,13.138,15.253,11.569,3.684,49.445,6.209,4.708,4.514,14.19,6.586,5.164,7.123,3.554,3,9,15.789,47.368,8.0,11.0,401.0,410.0,82.0,71.3,74.3,82.8,77.6
05de1a5a,2018,GC Wilson,Derbyshire,2018,12,7,287,597,26.091,66,False,66,0,2,48.074,31,2,136,47.387,5.528,26.773,All-rounder / keeper,58.333,6.0,0.0,33.333,58.333,8.333,9.478,9.232,9.661,-0.429,41.463,4.647,4.703,3.39,10.127,5.024,5.005,6.074,4.579,2,6,16.667,50.0,5.0,7.0,119.0,168.0,56.0,71.2,77.3,86.5,72.8
bdc0670a,2025,LBK Hollman,Middlesex,2025,13,8,459,887,38.25,103,False,103,1,3,51.747,61,1,250,54.466,6.99,25.333,Middle order,76.923,3.0,0.0,76.923,7.692,15.385,12.076,14.966,9.153,5.813,62.309,5.811,4.699,3.647,12.023,6.169,5.065,7.283,4.452,3,6,23.077,46.154,6.0,7.0,286.0,173.0,76.2,71.1,90.0,81.2,79.6
29ede60b,2015,AL Davies,Lancashire,2015,16,11,631,1071,39.438,99,False,99,0,6,58.917,80,10,380,60.222,8.403,25.586,All-rounder / keeper,81.25,6.0,0.0,12.5,81.25,6.25,11.517,12.895,9.992,2.903,58.796,5.781,4.696,3.744,12.573,6.256,4.996,4.806,4.041,0,7,0.0,43.75,8.0,8.0,371.0,260.0,72.3,71.1,19.9,76.8,60.0
7795ab76,2015,BW Harmison,Kent,2015,8,5,228,496,28.5,123,False,123,1,1,45.968,32,0,128,56.14,6.452,21.552,Middle order,100.0,5.0,0.0,100.0,0.0,0.0,11.16,12.599,9.758,2.841,55.702,4.821,4.691,4.445,11.615,5.11,5.018,6.066,4.691,1,3,12.5,37.5,3.0,5.0,127.0,101.0,69.0,71.0,64.0,65.3,67.3
d34a2268,2025,MDE Holden,Middlesex,2025,19,11,898,1660,47.263,184,False,184,3,3,54.096,110,6,476,53.007,6.988,27.332,Middle order,68.421,3.0,31.579,68.421,0.0,0.0,14.797,21.321,9.208,12.114,66.481,7.319,4.689,5.901,19.643,7.815,4.926,10.785,3.797,5,11,26.316,57.895,9.0,10.0,597.0,301.0,90.2,70.9,93.4,94.4,87.2
5899dceb,2018,CT Steel,Durham,2018,20,11,594,1555,29.7,160,False,160,1,4,38.199,66,0,264,44.444,4.244,22.163,Opener,95.0,1.0,95.0,0.0,0.0,5.0,12.646,16.747,8.755,7.992,64.478,6.564,4.682,7.141,26.429,6.987,5.048,7.624,3.53,5,8,25.0,40.0,10.0,10.0,383.0,211.0,79.5,70.9,92.1,70.3,78.2
8159d5fc,2024,BD Guest,Derbyshire,2024,23,13,638,1367,30.381,95,False,95,0,5,46.672,83,1,338,52.978,6.145,23.383,Middle order,100.0,3.0,0.0,100.0,0.0,0.0,11.522,8.472,13.75,-5.278,31.034,4.939,4.676,3.416,12.439,5.22,4.974,2.945,6.391,2,10,8.696,43.478,11.0,12.0,198.0,440.0,72.4,70.8,51.3,76.1,67.6
d34a2268,2018,MDE Holden,Middlesex,2018,22,12,614,1146,32.316,119,True,119*,1,3,53.578,81,1,330,53.746,7.155,26.692,Opener,40.909,4.0,40.909,18.182,40.909,0.0,12.127,12.795,11.518,1.277,50.326,5.439,4.675,4.24,12.511,5.925,5.065,6.483,2.34,4,10,18.182,45.455,11.0,11.0,309.0,305.0,76.5,70.7,81.9,79.8,77.2
1db6e336,2026,BS McKinney,Durham,2026,18,11,916,1252,53.882,244,False,244,3,2,73.163,123,16,588,64.192,11.102,29.47,Opener,100.0,2.0,100.0,0.0,0.0,0.0,15.528,10.483,21.812,-11.329,37.445,8.576,4.675,8.296,24.772,9.252,5.157,2.85,12.302,4,6,22.222,33.333,10.0,8.0,343.0,573.0,92.4,70.7,88.7,56.0,77.0
7671203a,2026,M Montgomery,Derbyshire,2026,22,12,603,1254,30.15,86,False,86,0,4,48.086,83,1,338,56.053,6.699,22.65,Middle order,100.0,3.0,0.0,100.0,0.0,0.0,11.03,12.329,9.074,3.255,67.164,6.956,4.672,7.352,28.099,7.445,4.985,4.932,4.413,3,9,13.636,40.909,12.0,10.0,405.0,198.0,68.4,70.6,68.0,71.8,69.7
10b79140,2026,TS Muyeye,Kent,2026,20,11,689,1017,36.263,109,True,109*,2,2,67.748,99,3,414,60.087,10.029,30.055,Middle order,95.0,4.0,0.0,95.0,5.0,0.0,12.58,8.446,16.297,-7.851,31.785,5.988,4.664,4.939,16.851,6.491,5.01,4.664,5.317,4,9,20.0,45.0,9.0,11.0,219.0,470.0,79.2,70.5,85.3,78.9,78.5
6e6fb538,2024,JL du Plooy,Middlesex,2024,21,14,955,1523,50.263,196,True,196*,2,5,62.705,104,8,464,48.586,7.354,34.798,Middle order,100.0,4.0,0.0,100.0,0.0,0.0,13.5,14.649,12.216,2.434,57.277,7.115,4.663,5.973,18.373,7.552,5.051,9.091,2.828,5,11,23.81,52.381,11.0,10.0,547.0,408.0,84.4,70.5,90.8,89.6,83.8
c88bc84a,2025,Miles Hammond,Gloucestershire,2025,25,14,927,1570,38.625,97,False,97,0,8,59.045,118,8,520,56.095,8.025,28.186,Middle order,100.0,4.0,0.0,100.0,0.0,0.0,11.392,8.294,14.121,-5.827,34.088,5.643,4.662,3.161,10.363,6.006,5.049,4.348,7.496,3,12,12.0,48.0,12.0,13.0,316.0,611.0,71.5,70.4,61.6,84.1,71.9
7081848a,2018,GH Roderick,Gloucestershire,2018,20,11,452,1006,23.789,67,False,67,0,4,44.93,51,2,216,47.788,5.268,24.764,Middle order,95.0,5.0,0.0,95.0,5.0,0.0,10.065,9.106,12.171,-3.065,62.168,5.402,4.659,5.088,17.701,5.863,5.074,4.33,5.156,1,9,5.0,45.0,11.0,9.0,281.0,171.0,60.2,70.3,41.5,78.9,62.7
6f4775f7,2015,PJ Horton,Lancashire,2015,16,10,606,1123,40.4,168,False,168,1,5,53.963,83,1,338,55.776,7.48,25.794,Opener,100.0,1.0,100.0,0.0,0.0,0.0,11.827,18.2,5.65,12.55,75.743,5.678,4.653,4.89,14.332,6.181,5.02,6.675,1.036,2,6,12.5,37.5,8.0,8.0,459.0,147.0,74.6,70.3,64.0,65.3,68.6
8e510697,2014,DJ Redfern,Leicestershire,2014,16,8,403,638,26.867,64,False,64,0,4,63.166,67,1,274,67.99,10.658,22.632,Middle order,93.75,4.0,0.0,93.75,6.25,0.0,10.744,12.814,8.592,4.222,60.794,4.699,4.649,3.317,9.168,5.008,4.886,6.912,3.188,3,5,18.75,31.25,8.0,8.0,245.0,158.0,66.2,70.2,83.0,51.1,67.6
1066a976,2016,AL Hughes,Derbyshire,2016,7,4,283,592,40.429,140,False,140,1,1,47.804,36,1,150,53.004,6.25,23.964,Middle order,85.714,3.0,0.0,85.714,14.286,0.0,13.975,14.131,13.26,0.871,83.039,6.963,4.647,5.36,14.952,7.303,4.944,5.083,4.211,1,3,14.286,42.857,6.0,1.0,235.0,48.0,87.0,70.1,70.0,74.8,75.5
078ffbf2,2023,WS Davis,Leicestershire,2023,6,4,151,207,30.2,58,False,58,0,1,72.947,21,3,102,67.55,11.594,26.776,Lower order,83.333,10.0,0.0,16.667,0.0,83.333,12.884,12.922,12.855,0.067,43.046,5.138,4.644,3.868,9.573,5.515,4.931,4.644,5.632,1,2,16.667,33.333,2.0,4.0,65.0,86.0,80.6,70.1,77.3,56.0,71.0
e56b84e7,2014,SC Moore,Derbyshire,2014,16,9,474,1032,31.6,128,False,128,1,3,45.93,67,2,280,59.072,6.686,20.145,Opener,100.0,1.0,100.0,0.0,0.0,0.0,13.799,18.256,10.941,7.315,51.688,6.456,4.643,5.646,16.34,6.916,5.025,8.968,3.553,3,5,18.75,31.25,6.0,10.0,245.0,229.0,86.0,70.0,83.0,51.1,72.5
e734d090,2026,CN Ackermann,Durham,2026,8,5,203,456,29.0,65,True,65*,0,1,44.518,21,1,90,44.335,4.825,26.037,All-rounder / keeper,100.0,6.0,0.0,0.0,100.0,0.0,8.731,10.328,2.361,7.968,94.581,3.748,4.64,2.64,7.075,4.084,5.082,4.771,1.412,0,3,0.0,37.5,6.0,2.0,192.0,11.0,50.3,69.9,19.9,65.3,51.4
91ffa6c6,2015,JD Ryder,Essex,2015,24,14,806,1200,42.421,124,False,124,2,3,67.167,97,13,466,57.816,9.167,31.193,Middle order,79.167,5.0,0.0,79.167,20.833,0.0,11.928,12.407,11.455,0.952,51.737,5.933,4.634,5.032,18.29,6.302,4.925,5.683,4.263,3,10,12.5,41.667,13.0,11.0,417.0,389.0,75.3,69.9,64.0,72.8,70.5
9789e56e,2026,LM Reece,Derbyshire,2026,16,9,595,1134,39.667,114,False,114,1,4,52.469,61,9,298,50.084,6.173,27.914,All-rounder / keeper,50.0,6.0,43.75,0.0,50.0,6.25,12.929,12.38,13.785,-1.406,58.319,6.127,4.632,3.449,13.142,6.549,4.925,7.196,3.921,3,7,18.75,43.75,8.0,8.0,347.0,248.0,80.9,69.8,83.0,76.8,77.6
818c9e0d,2015,KR Brown,Lancashire,2015,13,9,653,1413,50.231,132,False,132,1,5,46.214,95,1,386,59.112,6.794,20.273,Opener,100.0,2.0,100.0,0.0,0.0,0.0,15.675,20.103,10.065,10.038,71.669,7.551,4.632,5.863,15.827,8.063,4.779,11.867,3.931,4,7,30.769,53.846,7.0,6.0,468.0,185.0,92.7,69.7,96.7,91.1,87.6
15e375e1,2015,A Harinath,Surrey,2015,11,7,447,753,40.636,120,False,120,2,1,59.363,59,0,236,52.796,7.835,30.403,Opener,72.727,2.0,72.727,27.273,0.0,0.0,12.528,13.771,8.859,4.912,82.103,6.114,4.628,5.654,16.386,6.571,5.297,3.279,5.664,2,6,18.182,54.545,8.0,3.0,367.0,80.0,78.8,69.7,81.9,91.7,80.5
7ca5e05d,2014,RS Bopara,Essex,2014,14,10,657,1451,50.538,162,False,162,2,1,45.279,70,7,322,49.011,5.307,24.381,Middle order,100.0,3.0,0.0,100.0,0.0,0.0,16.044,13.744,17.882,-4.138,38.052,7.141,4.625,5.438,15.155,7.648,5.01,4.602,6.196,5,6,35.714,42.857,5.0,9.0,250.0,407.0,93.6,69.6,98.5,74.8,84.1
72898514,2024,WT Root,Glamorgan,2024,21,11,528,980,26.4,67,False,67,0,2,53.878,68,0,272,51.515,6.939,28.07,Opener,90.476,2.0,90.476,9.524,0.0,0.0,8.62,7.26,9.446,-2.186,31.818,4.235,4.622,1.941,7.734,4.436,4.858,4.592,4.622,3,8,14.286,38.095,7.0,14.0,168.0,360.0,49.0,69.5,70.0,66.8,63.8
18c78b11,2015,RE Levi,Northamptonshire,2015,18,11,663,1070,44.2,168,False,168,1,5,61.963,94,3,394,59.427,9.065,27.646,Middle order,66.667,5.0,27.778,66.667,5.556,0.0,12.42,15.045,9.395,5.65,64.857,5.945,4.615,4.367,16.48,6.477,4.922,6.274,3.312,5,7,27.778,38.889,10.0,8.0,430.0,233.0,78.3,69.5,94.6,68.5,77.7
aed5be04,2016,JMR Taylor,Gloucestershire,2016,22,13,816,1140,40.8,107,True,107*,2,4,71.579,105,18,528,64.706,10.789,28.319,All-rounder / keeper,54.545,7.0,0.0,0.0,54.545,45.455,12.203,10.028,14.164,-4.135,38.971,5.863,4.614,3.513,11.82,6.321,4.899,4.205,8.08,5,11,22.727,50.0,10.0,12.0,318.0,498.0,77.5,69.4,89.4,86.5,80.7
f05fe9b1,2018,JA Simpson,Middlesex,2018,13,7,277,575,21.308,39,False,39,0,0,48.174,46,0,184,66.426,8.0,17.58,All-rounder / keeper,76.923,7.0,0.0,0.0,76.923,23.077,9.585,11.005,8.78,2.224,41.516,6.065,4.607,4.865,16.379,6.535,4.913,7.509,3.972,1,5,7.692,38.462,5.0,8.0,115.0,162.0,56.6,69.3,48.2,67.7,60.4
bd93fea4,2015,PM Siddle,Lancashire,2015,6,4,204,380,34.0,89,False,89,0,1,53.684,21,0,84,41.176,5.526,33.426,Lower order,83.333,8.0,0.0,16.667,0.0,83.333,9.761,6.299,13.035,-6.736,31.373,4.404,4.591,2.579,7.343,4.774,4.944,2.652,6.157,0,3,0.0,50.0,3.0,3.0,64.0,140.0,57.9,69.3,19.9,86.5,58.4
463ebce3,2024,MJ Lamb,Derbyshire,2024,8,4,345,540,49.286,207,False,207,1,1,63.889,47,2,200,57.971,9.074,29.532,Middle order,100.0,5.0,0.0,100.0,0.0,0.0,15.604,8.18,21.492,-13.312,23.188,6.99,4.586,7.072,17.349,7.469,4.947,3.229,10.751,1,1,12.5,12.5,4.0,4.0,80.0,265.0,92.4,69.2,64.0,20.5,61.5
9e1b7792,2023,EJ Byrom,Glamorgan,2023,15,8,475,955,36.538,101,False,101,1,4,49.738,68,5,302,63.579,7.644,19.615,Opener,100.0,2.0,100.0,0.0,0.0,0.0,11.737,15.213,6.81,8.403,76.0,5.385,4.579,4.05,12.01,5.691,4.976,7.544,4.537,2,6,13.333,40.0,10.0,5.0,361.0,114.0,73.8,69.1,67.0,70.3,70.0
44afbf2d,2022,NJ Maddinson,Durham,2022,11,6,339,571,33.9,90,False,90,0,2,59.37,38,4,176,51.917,7.356,30.813,Middle order,100.0,4.0,0.0,100.0,0.0,0.0,12.73,10.331,16.014,-5.683,46.903,6.259,4.577,3.987,11.568,6.829,4.824,4.341,4.801,1,6,9.091,54.545,5.0,6.0,159.0,180.0,80.1,69.1,52.5,91.7,73.4
dc36a6a5,2014,AN Kervezee,Worcestershire,2014,26,15,829,1430,33.16,110,False,110,2,5,57.972,109,4,460,55.489,7.902,28.018,Middle order,100.0,5.0,0.0,100.0,0.0,0.0,10.844,13.572,7.331,6.241,70.446,5.545,4.565,4.572,14.096,5.87,4.895,7.671,1.286,3,11,11.538,42.308,14.0,12.0,584.0,245.0,67.3,69.0,59.9,73.7,67.5
bdadf7da,2017,JL Denly,Kent,2017,18,10,959,1584,56.412,227,False,227,3,4,60.543,121,14,568,59.228,8.523,26.984,Middle order,100.0,3.0,0.0,100.0,0.0,0.0,17.661,21.864,13.323,8.54,62.878,8.603,4.564,7.398,18.138,9.05,4.874,16.048,2.328,5,8,27.778,44.444,9.0,9.0,603.0,356.0,97.1,69.0,94.6,77.9,84.6
1a45b864,2017,AG Salter,Glamorgan,2017,19,11,619,1416,41.267,88,False,88,0,5,43.715,82,8,376,60.743,6.356,18.326,All-rounder / keeper,52.632,7.0,0.0,21.053,52.632,26.316,12.199,13.243,10.674,2.568,64.459,5.717,4.562,4.175,14.405,5.996,4.848,4.999,4.562,3,6,15.789,31.579,11.0,8.0,399.0,220.0,77.5,68.9,74.3,51.8,68.1
dfc3f02d,2023,OJ Price,Gloucestershire,2023,20,11,763,1551,42.389,132,False,132,3,2,49.194,104,1,422,55.308,6.77,23.582,Middle order,65.0,4.0,0.0,65.0,35.0,0.0,14.036,20.213,8.627,11.586,67.235,6.493,4.558,4.435,14.777,6.966,4.847,9.67,2.691,4,9,20.0,45.0,9.0,11.0,513.0,250.0,87.5,68.8,85.3,78.9,80.1
e22d3b5c,2024,RI Keogh,Northamptonshire,2024,16,10,439,832,29.267,102,False,102,1,2,52.764,57,0,228,51.936,6.851,27.226,Middle order,50.0,5.5,0.0,50.0,50.0,0.0,9.894,8.195,11.615,-3.42,41.686,5.278,4.552,3.491,12.033,5.592,4.817,2.634,6.281,3,5,18.75,31.25,8.0,8.0,183.0,256.0,58.7,68.8,83.0,51.1,65.4
07c8a2f4,2018,LA Procter,Northamptonshire,2018,20,10,442,912,23.263,70,False,70,0,3,48.465,59,1,242,54.751,6.579,23.474,Opener,80.0,2.0,80.0,20.0,0.0,0.0,10.697,9.75,11.321,-1.571,36.199,5.138,4.541,3.483,11.182,5.518,5.04,4.004,5.47,3,7,15.0,35.0,8.0,12.0,160.0,282.0,65.7,68.7,72.1,60.4,66.7
1957c6b7,2016,LWP Wells,Sussex,2016,20,13,859,1962,45.211,181,False,181,4,1,43.782,101,3,422,49.127,5.301,23.52,Middle order,100.0,3.0,0.0,100.0,0.0,0.0,13.384,15.619,10.857,4.763,61.932,6.671,4.541,5.008,15.446,7.215,5.005,4.541,4.648,2,8,10.0,40.0,11.0,9.0,532.0,327.0,83.7,68.6,55.6,70.3,69.6
ce470ca0,2016,AJ Robson,Leicestershire,2016,26,15,656,1541,26.24,84,False,84,0,8,42.57,82,1,334,50.915,5.386,22.085,Opener,100.0,2.0,100.0,0.0,0.0,0.0,9.202,7.934,10.071,-2.137,35.061,4.989,4.539,5.093,16.189,5.445,4.869,3.175,5.692,3,13,11.538,50.0,12.0,14.0,230.0,426.0,53.9,68.6,59.9,86.5,67.2
4167f30b,2025,IG Holland,Leicestershire,2025,18,12,492,1094,28.941,90,False,90,0,4,44.973,57,3,246,50.0,5.484,23.791,All-rounder / keeper,50.0,4.5,5.556,44.444,50.0,0.0,8.112,7.787,8.368,-0.58,42.276,4.309,4.537,2.447,9.082,4.637,4.849,4.029,4.927,1,6,5.556,33.333,8.0,10.0,208.0,284.0,44.6,68.5,43.1,56.0,53.0
556302a7,2014,SM Ervine,Hampshire,2014,23,16,856,1383,45.053,121,False,121,2,4,61.894,110,10,500,58.411,8.677,28.187,All-rounder / keeper,91.304,7.0,0.0,4.348,91.304,4.348,11.843,12.146,11.484,0.662,55.607,5.891,4.536,4.42,14.531,6.24,4.8,4.208,4.614,3,10,13.043,43.478,13.0,10.0,476.0,380.0,74.6,68.4,66.3,76.1,71.4
ed8faea2,2022,TGR Clark,Sussex,2022,24,13,765,1620,33.261,138,False,138,2,4,47.222,96,3,402,52.549,6.111,23.866,Middle order,70.833,4.0,20.833,70.833,8.333,0.0,10.2,9.157,11.369,-2.211,47.451,5.194,4.536,4.105,13.897,5.584,4.857,4.49,5.485,2,9,8.333,37.5,11.0,13.0,363.0,402.0,61.5,68.4,50.0,65.3,61.3
6f4775f7,2017,PJ Horton,Leicestershire,2017,13,7,296,650,22.769,71,False,71,0,1,45.538,40,0,160,54.054,6.154,22.295,Opener,100.0,1.0,100.0,0.0,0.0,0.0,9.779,12.336,6.27,6.066,72.973,4.325,4.534,2.7,8.422,4.716,4.927,6.002,2.823,2,4,15.385,30.769,7.0,6.0,216.0,80.0,58.0,68.3,73.3,50.1,62.4
450f6fa6,2014,GG Wagg,Glamorgan,2014,18,10,487,722,37.462,116,True,116*,1,4,67.452,61,8,292,59.959,9.557,29.862,Lower order,88.889,8.0,0.0,0.0,11.111,88.889,10.016,12.569,8.249,4.32,51.335,5.297,4.532,3.862,11.848,5.652,4.783,6.328,3.034,2,6,11.111,33.333,9.0,9.0,250.0,237.0,59.8,68.2,58.7,56.0,60.7
72918338,2024,AHT Donald,Derbyshire,2024,21,12,502,652,25.1,97,False,97,0,3,76.994,73,2,304,60.558,11.503,34.315,All-rounder / keeper,100.0,6.0,0.0,0.0,100.0,0.0,9.921,7.274,12.192,-4.918,33.865,4.203,4.532,2.863,10.146,4.454,4.803,2.253,5.02,0,7,0.0,33.333,11.0,10.0,170.0,332.0,58.9,68.2,19.9,56.0,50.8
efe3fcc5,2026,R Vasconcelos,Northamptonshire,2026,20,12,874,1460,43.7,187,False,187,5,0,59.863,114,8,504,57.666,8.356,27.653,Opener,100.0,1.0,100.0,0.0,0.0,0.0,14.29,12.431,15.963,-3.532,41.19,7.223,4.528,5.183,14.969,7.815,4.955,3.629,7.977,3,8,15.0,40.0,9.0,11.0,360.0,514.0,88.3,68.1,72.1,70.3,74.7
9789e56e,2019,LM Reece,Derbyshire,2019,22,12,751,1357,34.136,184,False,184,2,1,55.343,114,1,462,61.518,8.475,23.269,Opener,100.0,1.0,100.0,0.0,0.0,0.0,11.643,14.979,7.674,7.305,69.907,6.119,4.525,4.999,18.989,6.539,4.704,6.602,4.2,3,7,13.636,31.818,12.0,10.0,525.0,226.0,73.2,68.0,68.0,52.2,65.4
90f47cf2,2019,MH Wessels,Worcestershire,2019,22,12,584,739,29.2,118,False,118,1,3,79.026,82,7,370,63.356,12.043,32.923,Middle order,54.545,5.0,18.182,54.545,27.273,0.0,11.967,13.388,10.245,3.143,61.301,5.537,4.516,4.266,12.5,6.021,4.983,5.157,3.952,5,8,22.727,36.364,13.0,9.0,358.0,226.0,75.4,68.0,89.4,62.9,73.9
e2caec46,2024,GA Bartlett,Northamptonshire,2024,16,10,491,851,40.917,126,True,126*,1,3,57.697,65,6,296,60.285,8.343,25.0,Middle order,93.75,5.0,0.0,93.75,6.25,0.0,10.885,5.866,15.446,-9.581,25.662,4.912,4.512,4.039,13.923,5.171,4.742,2.854,5.303,2,4,12.5,25.0,7.0,9.0,126.0,365.0,67.7,67.9,64.0,39.2,59.7
c2b6764d,2019,GFB Scott,Middlesex,2019,9,5,180,355,22.5,55,False,55,0,1,50.704,15,1,66,36.667,4.507,33.628,All-rounder / keeper,77.778,6.0,0.0,22.222,77.778,0.0,7.702,8.641,4.423,4.218,87.222,4.105,4.509,1.443,5.441,4.346,4.871,4.806,1.833,0,2,0.0,22.222,8.0,1.0,157.0,23.0,42.3,67.8,19.9,34.6,41.2
944533a5,2024,KK Nair,Northamptonshire,2024,11,7,487,702,48.7,202,True,202*,1,3,69.373,57,5,258,52.977,8.832,35.781,Middle order,100.0,4.0,0.0,100.0,0.0,0.0,12.468,15.963,8.053,7.91,71.458,6.503,4.502,6.341,20.612,6.857,4.849,4.411,4.502,1,5,9.091,45.455,6.0,5.0,348.0,139.0,78.6,67.8,52.5,79.8,69.7
e94915e6,2015,SM Curran,Surrey,2015,6,5,203,300,50.75,61,True,61*,0,1,67.667,35,2,152,74.877,12.333,19.392,Lower order,66.667,8.0,0.0,16.667,16.667,66.667,8.483,9.758,7.014,2.744,61.576,4.52,4.501,2.573,8.419,4.794,4.718,4.501,5.388,0,2,0.0,33.333,3.0,3.0,125.0,78.0,47.8,67.7,19.9,56.0,47.8
fe5b4367,2017,ZJ Chappell,Leicestershire,2017,9,5,249,421,31.125,66,False,66,0,1,59.145,35,1,146,58.635,8.551,26.753,Lower order,100.0,9.0,0.0,0.0,0.0,100.0,10.878,8.108,18.269,-10.161,54.217,4.825,4.478,3.263,9.127,5.257,4.847,3.619,9.127,1,5,11.111,55.556,7.0,2.0,135.0,114.0,67.6,67.6,58.7,92.6,71.6
542fd5a6,2014,IA Cockbain,Gloucestershire,2014,14,8,428,1288,32.923,151,True,151*,1,2,33.23,53,0,212,49.533,4.115,17.49,Middle order,71.429,5.0,0.0,71.429,28.571,0.0,10.104,12.443,7.591,4.852,63.785,4.836,4.472,3.746,12.138,5.106,4.657,5.49,4.426,1,6,7.143,42.857,8.0,6.0,273.0,155.0,60.6,67.6,46.9,74.8,62.5
808f425a,2015,JP Faulkner,Lancashire,2015,8,6,289,429,36.125,121,False,121,1,2,67.366,31,1,130,44.983,7.459,40.05,All-rounder / keeper,100.0,7.0,0.0,0.0,100.0,0.0,10.256,8.329,14.002,-5.673,53.633,5.228,4.451,4.572,11.383,5.619,4.671,4.425,6.365,1,2,12.5,25.0,5.0,3.0,155.0,134.0,61.7,67.5,64.0,39.2,58.1
961b8ff1,2023,TP Alsop,Sussex,2023,23,14,820,1750,39.048,182,True,182*,2,4,46.857,91,1,370,45.122,5.257,27.141,Middle order,100.0,3.0,0.0,100.0,0.0,0.0,11.493,8.694,16.104,-7.41,47.073,5.739,4.445,4.655,18.291,6.091,4.763,3.445,4.6,4,8,17.391,34.783,13.0,10.0,386.0,434.0,72.1,67.4,79.8,59.8,69.8
4fd09cfc,2023,G Clark,Durham,2023,15,13,818,1304,58.429,128,False,128,3,3,62.73,88,10,412,50.367,7.515,33.665,All-rounder / keeper,93.333,6.0,0.0,0.0,93.333,6.667,12.904,15.847,9.511,6.336,65.77,5.859,4.444,4.057,15.395,6.263,4.924,5.533,3.948,2,6,13.333,40.0,8.0,7.0,538.0,280.0,80.8,67.4,67.0,70.3,71.4
79650e45,2019,CR Hemphrey,Glamorgan,2019,15,8,433,937,30.929,75,False,75,0,4,46.211,64,2,268,61.894,7.044,18.944,Opener,100.0,2.0,100.0,0.0,0.0,0.0,9.947,10.291,9.745,0.547,38.337,4.796,4.434,2.805,8.866,5.064,4.718,4.337,4.531,3,7,20.0,46.667,6.0,9.0,166.0,267.0,59.1,67.2,85.3,81.9,73.4
9679838c,2022,BL D'Oliveira,Worcestershire,2022,18,13,768,1702,59.077,169,True,169*,3,2,45.123,86,6,380,49.479,5.405,24.099,Middle order,88.889,5.0,0.0,88.889,11.111,0.0,12.709,15.015,10.817,4.198,53.255,6.189,4.434,5.13,17.827,6.621,4.746,6.014,4.433,3,10,16.667,55.556,8.0,10.0,409.0,359.0,79.9,67.3,77.3,92.6,79.3
76cb1a7f,2022,SD Robson,Middlesex,2022,22,13,708,1411,37.263,149,False,149,3,2,50.177,96,1,390,55.085,6.875,24.201,Opener,100.0,1.0,100.0,0.0,0.0,0.0,11.204,13.983,9.212,4.771,52.119,5.064,4.434,3.5,10.597,5.386,4.584,4.861,2.561,4,6,18.182,27.273,11.0,11.0,369.0,339.0,69.3,67.3,81.9,42.9,65.4
f1ba9ed7,2019,JAR Harris,Middlesex,2019,16,9,435,1055,33.462,80,False,80,0,3,41.232,56,1,230,52.874,5.403,20.541,All-rounder / keeper,50.0,7.0,0.0,6.25,50.0,43.75,11.581,10.682,12.63,-1.947,49.655,5.261,4.433,3.419,12.939,5.601,4.682,3.377,6.083,3,7,18.75,43.75,9.0,7.0,216.0,219.0,72.9,67.1,83.0,76.8,75.0
10435ca2,2021,CDJ Dent,Gloucestershire,2021,23,12,560,1037,26.667,91,True,91*,0,5,54.002,73,3,310,55.357,7.329,26.015,Opener,82.609,2.0,82.609,17.391,0.0,0.0,11.73,15.504,9.158,6.346,53.571,5.069,4.43,4.077,15.253,5.485,4.762,4.98,3.461,5,10,21.739,43.478,9.0,14.0,300.0,260.0,73.7,67.0,88.2,76.1,76.2
443b47a6,2026,HG Duke,Middlesex,2026,7,4,220,353,55.0,100,True,100*,1,0,62.323,29,3,134,60.909,9.065,26.791,All-rounder / keeper,100.0,7.0,0.0,0.0,100.0,0.0,13.366,8.369,20.085,-11.717,35.909,5.323,4.429,4.814,11.907,5.768,4.794,4.429,6.216,1,3,14.286,42.857,4.0,3.0,79.0,141.0,83.5,67.0,70.0,74.8,73.8
6755cd5c,2018,CB Cooke,Glamorgan,2018,20,11,470,904,24.737,67,False,67,0,3,51.991,70,2,292,62.128,7.965,21.394,All-rounder / keeper,100.0,6.0,0.0,0.0,100.0,0.0,11.721,9.205,15.786,-6.581,48.511,5.068,4.428,3.667,10.074,5.437,4.87,3.435,7.6,4,8,20.0,40.0,12.0,8.0,228.0,242.0,73.6,66.9,85.3,70.3,74.0
71647ced,2014,AJA Wheater,Hampshire,2014,20,12,610,802,32.105,107,False,107,1,3,76.06,81,3,342,56.066,10.474,37.326,All-rounder / keeper,60.0,6.0,0.0,30.0,60.0,10.0,9.582,10.708,8.103,2.605,63.443,5.227,4.421,4.188,13.723,5.541,4.793,5.193,2.024,3,7,15.0,35.0,12.0,8.0,387.0,223.0,56.5,66.8,72.1,60.4,64.0
e22d3b5c,2015,RI Keogh,Northamptonshire,2015,29,16,850,1508,31.481,163,True,163*,2,2,56.366,116,2,476,56.0,7.825,26.906,Middle order,100.0,4.0,0.0,100.0,0.0,0.0,10.343,12.545,8.372,4.173,57.294,5.128,4.418,4.163,13.251,5.569,4.796,5.435,2.29,2,11,6.897,37.931,14.0,15.0,487.0,363.0,62.6,66.8,46.3,66.4,60.5
6e6fb538,2019,JL du Plooy,Derbyshire,2019,15,8,515,1090,39.615,118,False,118,2,2,47.248,63,4,276,53.592,6.147,23.363,Middle order,86.667,5.0,0.0,86.667,6.667,6.667,12.713,14.268,10.492,3.776,66.019,6.79,4.412,6.097,17.73,7.195,4.852,5.691,2.968,3,6,20.0,40.0,8.0,7.0,340.0,175.0,80.0,66.7,85.3,70.3,75.6
76cb1a7f,2021,SD Robson,Middlesex,2021,20,10,659,1355,34.684,165,False,165,2,1,48.635,86,0,344,52.2,6.347,24.823,Opener,100.0,1.0,100.0,0.0,0.0,0.0,16.434,25.461,8.329,17.132,73.293,8.099,4.397,7.052,19.496,8.566,4.702,17.193,3.818,4,10,20.0,50.0,10.0,10.0,483.0,176.0,94.9,66.6,85.3,86.5,83.3
0f3ee070,2016,OE Robinson,Sussex,2016,14,9,389,612,38.9,81,False,81,0,3,63.562,64,0,256,65.81,10.458,24.27,Lower order,57.143,8.0,0.0,14.286,28.571,57.143,9.469,7.787,12.596,-4.808,53.47,4.825,4.393,4.104,14.286,5.246,4.847,3.48,6.78,1,5,7.143,35.714,10.0,4.0,208.0,181.0,55.8,66.6,46.9,61.8,57.8
a4b810d0,2026,MJ Waite,Worcestershire,2026,20,12,532,1011,31.294,77,False,77,0,5,52.621,67,0,268,50.376,6.627,27.966,All-rounder / keeper,50.0,7.0,0.0,5.0,50.0,45.0,10.389,9.785,10.909,-1.124,43.609,4.806,4.392,4.382,16.273,5.177,4.655,4.311,4.392,3,7,15.0,35.0,9.0,11.0,232.0,300.0,63.0,66.5,72.1,60.4,65.5
10435ca2,2023,CDJ Dent,Gloucestershire,2023,23,13,694,1328,30.174,113,False,113,1,4,52.259,101,2,416,59.942,7.756,22.694,Opener,100.0,2.0,100.0,0.0,0.0,0.0,10.825,10.351,11.277,-0.926,46.686,5.672,4.382,3.972,12.481,6.068,4.864,4.133,6.49,4,8,17.391,34.783,11.0,12.0,324.0,370.0,66.9,66.4,79.8,59.8,68.2
2e929b99,2015,GO Jones,Gloucestershire,2015,15,9,400,750,26.667,88,False,88,0,3,53.333,51,1,210,52.5,6.933,27.221,All-rounder / keeper,100.0,6.0,0.0,0.0,100.0,0.0,10.441,11.429,9.328,2.1,58.0,4.599,4.378,3.493,10.57,4.906,4.738,5.757,2.789,1,6,6.667,40.0,8.0,7.0,232.0,168.0,63.7,66.4,45.9,70.3,61.6
ae01eb1e,2018,HR Hosein,Derbyshire,2018,12,6,267,610,24.273,58,False,58,0,2,43.77,29,0,116,43.446,4.754,25.99,All-rounder / keeper,58.333,6.5,16.667,25.0,58.333,0.0,9.691,9.643,9.781,-0.138,64.794,4.836,4.376,3.501,9.231,5.257,4.824,4.376,5.059,0,4,0.0,33.333,8.0,4.0,173.0,94.0,57.4,66.3,19.9,56.0,49.9
6b16f8ba,2018,HZ Finch,Sussex,2018,22,13,611,1174,27.773,103,False,103,1,4,52.044,89,3,374,61.211,7.836,21.904,Middle order,100.0,4.0,0.0,100.0,0.0,0.0,10.761,9.708,11.721,-2.013,43.044,5.095,4.372,4.562,15.344,5.467,4.727,4.878,3.27,5,6,22.727,27.273,9.0,13.0,263.0,348.0,66.4,66.2,89.4,42.9,66.2
70542bef,2014,HJH Marshall,Gloucestershire,2014,25,15,776,1590,35.273,118,False,118,2,3,48.805,82,4,352,45.361,5.409,28.191,Middle order,100.0,5.0,0.0,100.0,0.0,0.0,11.355,14.649,7.559,7.09,69.072,5.06,4.364,4.183,14.727,5.398,4.541,7.698,3.49,4,8,16.0,32.0,13.0,12.0,536.0,240.0,71.1,66.2,75.0,52.6,66.2
0c7f11be,2019,DL Lloyd,Glamorgan,2019,18,10,473,936,27.824,66,False,66,0,2,50.534,71,3,302,63.848,7.906,19.838,Middle order,100.0,4.0,0.0,100.0,0.0,0.0,8.894,8.255,9.356,-1.101,38.901,4.472,4.359,2.634,8.418,4.744,4.602,2.871,5.325,2,6,11.111,33.333,7.0,11.0,184.0,289.0,51.8,66.1,58.7,56.0,58.2
ec5160d7,2025,J Broad,Northamptonshire,2025,17,11,646,961,43.067,171,False,171,2,1,67.222,76,2,316,48.916,8.117,37.373,Lower order,64.706,8.0,0.0,0.0,35.294,64.706,11.871,12.008,11.755,0.253,46.285,5.183,4.358,4.542,15.378,5.526,4.728,2.765,4.459,3,6,17.647,35.294,8.0,9.0,299.0,347.0,74.9,66.1,80.7,61.2,70.7
fd770945,2021,BT Foakes,Surrey,2021,10,8,350,830,43.75,133,False,133,1,2,42.169,43,0,172,49.143,5.181,22.618,Middle order,90.0,5.0,0.0,90.0,10.0,0.0,9.969,6.856,14.85,-7.994,42.0,4.77,4.357,4.864,14.35,5.207,4.537,2.322,6.34,1,4,10.0,40.0,4.0,6.0,147.0,203.0,59.3,66.0,55.6,70.3,62.8
10f68de1,2017,WJ Weighell,Durham,2017,7,4,162,211,40.5,58,False,58,0,2,76.777,25,2,112,69.136,12.796,27.174,Lower order,100.0,9.0,0.0,0.0,0.0,100.0,8.795,12.688,6.222,6.466,57.407,3.72,4.35,2.416,5.694,4.031,4.673,4.479,2.96,2,3,28.571,42.857,3.0,4.0,93.0,69.0,50.9,65.9,95.2,74.8,71.7
8f938a32,2018,DJ Bell-Drummond,Kent,2018,19,10,349,697,19.389,61,False,61,0,1,50.072,49,2,208,59.599,7.317,21.827,Opener,78.947,1.0,78.947,10.526,10.526,0.0,8.465,6.487,11.701,-5.214,47.564,5.28,4.35,4.134,14.943,5.754,4.667,2.49,6.174,3,4,15.789,21.053,12.0,7.0,166.0,183.0,47.6,65.9,74.3,33.0,55.2
6755cd5c,2025,CB Cooke,Glamorgan,2025,21,14,737,1481,43.353,84,False,84,0,6,49.764,82,5,358,48.575,5.874,27.188,All-rounder / keeper,90.476,7.0,0.0,0.0,90.476,9.524,10.432,12.425,8.653,3.772,56.174,4.941,4.342,3.1,11.062,5.247,4.71,6.018,3.068,3,12,14.286,57.143,10.0,11.0,414.0,323.0,63.6,65.8,70.0,93.7,73.3
9e707e02,2018,KS Carlson,Glamorgan,2018,19,10,383,699,21.278,83,False,83,0,1,54.793,63,0,252,65.796,9.013,20.597,Middle order,100.0,4.0,0.0,100.0,0.0,0.0,10.783,11.344,9.488,1.856,73.368,4.628,4.338,2.754,8.868,4.988,4.655,5.36,3.928,2,7,10.526,36.842,12.0,7.0,281.0,102.0,66.6,65.7,57.3,63.7,63.3
211de69f,2023,Azhar Ali,Worcestershire,2023,26,14,612,1395,24.48,103,True,103*,2,1,43.871,73,1,298,48.693,5.305,23.77,Middle order,92.308,3.0,7.692,92.308,0.0,0.0,9.294,9.305,9.285,0.019,43.954,4.435,4.334,3.503,12.838,4.73,4.618,3.218,5.613,3,8,11.538,30.769,14.0,12.0,269.0,343.0,54.8,65.7,59.9,50.1,57.6
0e0d43b4,2017,SJ Mullaney,Nottinghamshire,2017,15,11,620,1097,41.333,168,False,168,1,4,56.518,94,3,394,63.548,8.842,22.6,Opener,100.0,1.0,100.0,0.0,0.0,0.0,11.787,16.226,6.109,10.117,77.258,6.02,4.321,5.907,20.588,6.489,4.768,6.973,2.114,2,5,13.333,33.333,9.0,6.0,479.0,141.0,74.4,65.6,67.0,56.0,65.8
58c481c6,2019,JJ Cobb,Northamptonshire,2019,8,5,283,432,35.375,68,False,68,0,3,65.509,37,4,172,60.777,9.491,28.389,Middle order,50.0,5.0,0.0,50.0,50.0,0.0,10.31,12.625,8.759,3.866,49.117,4.828,4.317,3.118,9.174,5.072,4.619,5.019,4.317,0,4,0.0,50.0,3.0,5.0,139.0,144.0,62.3,65.5,19.9,86.5,58.6
1e0d4dcb,2024,FJ Bean,Yorkshire,2024,22,14,746,1238,33.909,173,False,173,2,2,60.258,96,14,468,62.735,8.885,24.645,Opener,95.455,2.0,95.455,4.545,0.0,0.0,10.271,13.109,7.398,5.711,64.209,5.335,4.316,5.482,18.427,5.586,4.529,4.478,4.155,4,7,18.182,31.818,10.0,12.0,479.0,267.0,61.9,65.5,81.9,52.2,65.4
56b93d46,2024,BJ Webster,Gloucestershire,2024,6,4,233,255,58.25,76,False,76,0,2,91.373,23,6,128,54.936,11.373,46.46,All-rounder / keeper,100.0,7.0,0.0,0.0,100.0,0.0,9.475,12.055,6.491,5.563,68.24,4.469,4.315,1.525,6.219,4.796,4.629,5.74,3.198,0,2,0.0,33.333,3.0,3.0,159.0,74.0,55.9,65.4,19.9,56.0,49.3
6daf5e8c,2018,RAJ Smith,Glamorgan,2018,12,6,218,293,21.8,52,True,52*,0,1,74.403,37,2,160,73.394,13.311,22.835,Lower order,100.0,9.0,0.0,0.0,0.0,100.0,9.194,10.794,6.03,4.764,77.982,4.64,4.304,3.607,10.893,4.932,4.507,5.445,2.461,2,4,16.667,33.333,8.0,4.0,170.0,48.0,53.8,65.3,77.3,56.0,63.1
e9987a94,2021,C Overton,Somerset,2021,8,6,207,347,29.571,74,False,74,0,2,59.654,28,0,112,54.106,8.069,29.781,All-rounder / keeper,62.5,7.0,0.0,0.0,62.5,37.5,9.067,8.319,9.881,-1.562,47.826,4.701,4.291,3.627,10.963,5.045,4.673,3.996,4.587,1,2,12.5,25.0,4.0,4.0,99.0,108.0,53.1,65.3,64.0,39.2,55.4
bdadcca1,2022,TJ Haines,Sussex,2022,21,12,941,1504,49.526,243,False,243,3,3,62.566,130,0,520,55.26,8.644,30.64,Opener,100.0,2.0,100.0,0.0,0.0,0.0,13.495,11.41,17.118,-5.708,53.666,6.61,4.277,7.633,23.826,7.032,4.56,2.721,4.756,4,7,19.048,33.333,12.0,9.0,505.0,436.0,84.4,65.2,83.8,56.0,72.4
bfc60227,2025,SG Budinger,Leicestershire,2025,23,14,728,824,33.091,118,False,118,1,3,88.35,102,12,480,65.934,13.835,34.93,Opener,100.0,2.0,100.0,0.0,0.0,0.0,10.107,10.536,9.665,0.872,52.885,5.08,4.276,3.162,9.284,5.451,4.596,3.48,4.858,4,11,17.391,47.826,11.0,12.0,385.0,343.0,60.6,65.1,79.8,83.8,72.3
922e1b19,2018,Z Crawley,Kent,2018,20,11,447,876,22.35,93,False,93,0,3,51.027,55,0,220,49.217,6.279,27.649,Middle order,50.0,5.0,30.0,50.0,20.0,0.0,10.219,11.176,8.871,2.306,63.982,5.362,4.274,3.815,10.882,5.842,4.666,5.97,2.622,2,6,10.0,30.0,12.0,8.0,286.0,161.0,61.6,65.1,55.6,48.5,57.7
cabf72cc,2014,MA Wallace,Glamorgan,2014,25,14,631,1227,27.435,82,False,82,0,4,51.426,69,1,282,44.691,5.705,30.164,All-rounder / keeper,72.0,7.0,0.0,16.0,72.0,12.0,9.623,11.452,8.11,3.341,53.883,4.949,4.268,2.958,10.652,5.301,4.538,4.358,4.179,3,8,12.0,32.0,12.0,13.0,340.0,291.0,57.0,65.0,61.6,52.6,59.0
9e85455c,2026,MS Harris,Lancashire,2026,21,11,665,1269,33.25,146,False,146,2,3,52.403,83,3,350,52.632,6.777,26.627,Middle order,90.476,4.0,9.524,90.476,0.0,0.0,16.675,20.726,13.64,7.086,53.233,6.592,4.262,5.875,19.235,7.149,4.538,4.262,4.407,5,8,23.81,38.095,10.0,11.0,354.0,311.0,95.1,64.9,90.8,66.8,79.4
d510d457,2016,EJH Eckersley,Leicestershire,2016,16,10,606,1234,43.286,117,False,117,3,1,49.109,70,2,292,48.185,5.835,27.022,All-rounder / keeper,87.5,7.0,0.0,6.25,87.5,6.25,13.766,17.851,11.258,6.593,49.34,5.886,4.255,5.455,19.386,6.34,4.711,5.785,4.255,3,8,18.75,50.0,7.0,9.0,299.0,307.0,85.8,64.9,83.0,86.5,80.0
6feb46a4,2026,LD McManus,Northamptonshire,2026,13,9,405,1007,45.0,104,False,104,1,1,40.218,42,7,210,51.852,4.866,20.355,Lower order,92.308,8.0,0.0,0.0,7.692,92.308,10.999,10.938,11.096,-0.158,60.494,4.775,4.25,3.449,10.226,5.129,4.638,3.851,4.454,1,6,7.692,46.154,7.0,6.0,245.0,160.0,68.2,64.8,48.2,81.2,65.6
2344bdd1,2022,SR Dickson,Durham,2022,18,10,858,1444,47.667,186,False,186,4,2,59.418,99,13,474,55.245,7.756,28.829,Opener,94.444,2.0,94.444,5.556,0.0,0.0,17.593,15.347,19.198,-3.852,36.364,7.911,4.244,7.215,19.556,8.449,4.672,5.36,4.244,3,9,16.667,50.0,7.0,11.0,312.0,546.0,96.8,64.7,77.3,86.5,81.3
25a42048,2015,T Westley,Essex,2015,19,11,667,1172,37.056,179,False,179,1,3,56.911,116,0,464,69.565,9.898,19.223,Middle order,89.474,3.0,10.526,89.474,0.0,0.0,12.311,8.492,17.06,-8.569,38.231,6.056,4.242,5.298,14.392,6.495,4.505,4.14,9.348,4,6,21.053,31.579,11.0,8.0,255.0,412.0,78.0,64.6,87.1,51.8,70.4
fd96de7c,2019,JJ Bohannon,Lancashire,2019,10,7,374,718,46.75,174,False,174,1,1,52.089,52,2,220,58.824,7.521,23.193,Middle order,70.0,4.5,0.0,70.0,10.0,20.0,11.198,17.164,5.658,11.506,73.797,5.951,4.242,7.342,21.997,6.3,4.64,5.194,2.257,2,3,20.0,30.0,5.0,5.0,276.0,98.0,69.3,64.7,85.3,48.5,67.0
6f4775f7,2016,PJ Horton,Leicestershire,2016,26,15,842,1603,35.083,117,True,117*,2,6,52.527,116,1,470,55.819,7.299,25.034,Opener,100.0,1.0,100.0,0.0,0.0,0.0,11.811,6.002,15.792,-9.79,20.665,5.623,4.234,4.358,12.621,6.089,4.521,1.235,8.753,4,9,15.385,34.615,12.0,14.0,174.0,668.0,74.4,64.5,73.3,59.4,67.9
47f7b2cf,2021,RG White,Middlesex,2021,19,10,463,1149,27.235,92,False,92,0,4,40.296,58,0,232,50.108,5.048,21.173,Middle order,68.421,5.0,0.0,68.421,26.316,5.263,11.598,11.442,11.737,-0.295,46.436,5.717,4.234,4.3,12.632,6.053,4.565,4.244,4.224,3,6,15.789,31.579,9.0,10.0,215.0,248.0,73.1,64.5,74.3,51.8,65.9
dfc3f02d,2025,OJ Price,Gloucestershire,2025,25,14,890,1837,37.083,253,True,253*,2,3,48.449,117,4,492,55.281,6.587,23.193,Middle order,100.0,3.0,0.0,100.0,0.0,0.0,10.938,10.026,11.74,-1.714,42.921,5.611,4.23,4.921,19.552,6.035,4.451,4.005,4.456,4,9,16.0,36.0,12.0,13.0,382.0,508.0,67.8,64.4,75.0,62.2,67.4
be4cefab,2017,CMW Read,Nottinghamshire,2017,17,13,605,911,40.333,124,False,124,1,3,66.411,80,7,362,59.835,9.55,29.49,All-rounder / keeper,70.588,7.0,0.0,0.0,70.588,29.412,10.023,7.09,13.804,-6.713,39.835,4.628,4.229,3.029,9.756,4.962,4.533,3.722,6.041,0,8,0.0,47.059,10.0,7.0,241.0,364.0,59.9,64.3,19.9,82.3,56.6
70542bef,2015,HJH Marshall,Gloucestershire,2015,18,12,588,1147,36.75,92,False,92,0,6,51.264,71,1,290,49.32,6.277,27.721,Middle order,100.0,5.0,0.0,100.0,0.0,0.0,11.462,12.694,10.442,2.252,50.17,4.524,4.222,4.16,12.146,4.86,4.558,4.277,1.534,5,9,27.778,50.0,7.0,11.0,295.0,293.0,71.9,64.3,94.6,86.5,79.3
3c77ca9d,2015,WJ Durston,Derbyshire,2015,21,11,451,727,28.188,85,False,85,0,2,62.036,58,2,244,54.102,8.253,31.034,Middle order,71.429,5.0,0.0,71.429,23.81,4.762,9.189,11.709,7.122,4.587,57.428,4.324,4.218,2.369,8.577,4.707,4.5,4.218,4.363,2,9,9.524,42.857,10.0,11.0,259.0,192.0,53.7,64.2,54.0,74.8,61.7
a510bdd3,2017,EG Barnard,Worcestershire,2017,18,12,563,856,40.214,75,False,75,0,5,65.771,69,6,312,55.417,8.762,32.138,Lower order,66.667,8.0,0.0,0.0,33.333,66.667,10.657,11.006,10.027,0.98,66.43,5.006,4.213,3.289,12.628,5.363,4.519,4.348,3.736,3,9,16.667,50.0,12.0,6.0,374.0,189.0,65.1,64.1,77.3,86.5,73.2
42537f07,2017,JA Rudolph,Glamorgan,2017,20,10,492,978,25.895,111,False,111,1,1,50.307,74,1,302,61.382,7.669,21.041,Opener,100.0,2.0,100.0,0.0,0.0,0.0,10.508,7.137,14.689,-7.552,37.602,5.318,4.212,3.631,15.346,5.61,4.434,3.697,5.017,2,8,10.0,40.0,10.0,10.0,185.0,307.0,64.1,64.1,55.6,70.3,63.5
39180894,2025,BC Cullen,Middlesex,2025,6,3,120,225,30.0,42,False,42,0,0,53.333,19,0,76,63.333,8.444,21.359,Lower order,66.667,8.5,0.0,0.0,33.333,66.667,6.586,2.849,8.745,-5.896,15.833,3.612,4.205,1.91,5.155,3.812,4.377,1.475,4.68,0,1,0.0,16.667,2.0,4.0,19.0,101.0,33.2,64.0,19.9,27.3,36.1
6f4775f7,2018,PJ Horton,Leicestershire,2018,16,9,405,835,27.0,88,False,88,0,3,48.503,60,0,240,59.259,7.186,21.29,Opener,100.0,2.0,100.0,0.0,0.0,0.0,11.335,5.958,16.282,-10.324,25.185,5.516,4.205,5.147,15.832,5.994,4.579,2.337,5.921,3,7,18.75,43.75,6.0,10.0,102.0,303.0,70.7,63.9,83.0,76.8,73.6
97905e64,2021,RS Patel,Surrey,2021,10,6,250,663,25.0,62,False,62,0,2,37.707,35,1,146,58.4,5.43,16.587,Opener,60.0,2.0,60.0,40.0,0.0,0.0,10.004,9.311,11.842,-2.531,67.6,4.416,4.203,1.604,6.897,4.728,4.521,3.883,4.726,0,4,0.0,40.0,6.0,4.0,169.0,81.0,59.7,63.9,19.9,70.3,53.4
aed5be04,2017,JMR Taylor,Gloucestershire,2017,20,14,665,964,39.118,143,False,143,2,2,68.983,90,3,378,56.842,9.647,32.951,All-rounder / keeper,90.0,7.0,0.0,0.0,90.0,10.0,12.372,10.872,14.373,-3.5,50.226,4.842,4.193,4.002,12.777,5.153,4.477,4.131,4.255,3,8,15.0,40.0,10.0,10.0,334.0,331.0,78.2,63.8,72.1,70.3,71.1
adaf51be,2026,EWO Middleton,Gloucestershire,2026,9,5,166,360,23.714,46,False,46,0,0,46.111,17,2,80,48.193,5.278,25.22,Lower order,55.556,8.0,22.222,0.0,22.222,55.556,6.367,6.655,5.802,0.853,69.277,3.168,4.188,1.566,4.299,3.352,4.398,4.188,2.53,0,1,0.0,11.111,6.0,3.0,115.0,51.0,31.8,63.7,19.9,18.3,33.4
ada15e88,2025,PSP Handscomb,Leicestershire,2025,17,11,601,1108,40.067,142,True,142*,2,3,54.242,62,1,254,42.263,5.686,33.206,Middle order,94.118,5.0,0.0,94.118,5.882,0.0,10.796,4.71,16.779,-12.069,21.631,5.766,4.187,5.545,16.825,6.135,4.716,1.09,8.528,2,5,11.765,29.412,8.0,9.0,130.0,471.0,66.6,63.7,60.7,47.4,59.6
cdf59953,2018,SW Poynter,Durham,2018,18,10,426,640,25.059,170,False,170,1,1,66.562,52,0,208,48.826,8.125,37.075,All-rounder / keeper,55.556,7.0,0.0,0.0,55.556,44.444,10.749,5.795,13.942,-8.147,21.127,4.652,4.185,4.254,13.866,4.949,4.404,3.076,4.274,3,5,16.667,27.778,8.0,10.0,90.0,336.0,66.3,63.6,77.3,43.8,62.8
1066a976,2019,AL Hughes,Derbyshire,2019,16,9,460,1089,30.667,109,True,109*,1,1,42.241,54,1,222,48.261,5.051,23.017,Middle order,87.5,5.0,0.0,87.5,12.5,0.0,9.204,8.274,10.163,-1.888,45.652,4.974,4.172,3.733,13.12,5.267,4.342,5.393,3.842,2,5,12.5,31.25,8.0,8.0,210.0,250.0,53.9,63.5,64.0,51.1,58.1
399b0b94,2017,CT Bancroft,Gloucestershire,2017,21,11,685,1395,40.294,206,True,206*,1,4,49.104,91,2,376,54.891,6.667,23.733,Opener,100.0,1.0,100.0,0.0,0.0,0.0,13.495,13.784,12.971,0.812,65.839,6.809,4.17,7.212,26.103,7.274,4.388,3.514,6.013,3,8,14.286,38.095,11.0,10.0,451.0,234.0,84.3,63.5,70.0,66.8,71.2
1066a976,2014,AL Hughes,Derbyshire,2014,21,13,448,1038,26.353,82,False,82,0,3,43.16,55,1,226,50.446,5.395,22.607,All-rounder / keeper,95.238,6.0,0.0,4.762,95.238,0.0,9.045,6.106,12.669,-6.563,37.277,4.171,4.156,3.14,11.007,4.495,4.348,2.039,4.666,3,6,14.286,28.571,11.0,10.0,167.0,281.0,52.9,63.4,70.0,45.6,58.0
76cb1a7f,2025,SD Robson,Middlesex,2025,17,11,497,852,29.235,133,False,133,1,3,58.333,72,0,288,57.948,8.451,26.795,Opener,100.0,1.0,100.0,0.0,0.0,0.0,8.832,6.119,12.417,-6.298,39.437,4.562,4.153,4.057,14.134,4.885,4.363,2.319,4.38,2,6,11.765,35.294,9.0,8.0,196.0,301.0,51.4,63.3,60.7,61.2,59.1
b8e5ed34,2026,DH Lategan,Worcestershire,2026,22,12,719,1264,32.682,144,False,144,1,4,56.883,105,6,456,63.421,8.782,22.81,Opener,100.0,1.0,100.0,0.0,0.0,0.0,13.099,4.557,20.026,-15.47,15.577,6.113,4.148,5.077,14.547,6.502,4.37,2.201,11.292,4,11,18.182,50.0,10.0,12.0,112.0,607.0,81.7,63.3,81.9,86.5,78.4
7081848a,2019,GH Roderick,Gloucestershire,2019,24,14,654,1322,31.143,158,False,158,1,2,49.47,73,3,310,47.401,5.749,27.608,Middle order,91.667,4.0,0.0,91.667,8.333,0.0,10.672,10.406,11.016,-0.61,54.893,5.075,4.147,5.103,19.874,5.441,4.448,4.147,4.622,2,9,8.333,37.5,14.0,10.0,359.0,295.0,65.4,63.2,50.0,65.3,61.0
a3c5e7a6,2015,JM Kettleborough,Glamorgan,2015,15,8,364,792,26.0,81,False,81,0,3,45.96,56,0,224,61.538,7.071,19.022,Opener,100.0,1.0,100.0,0.0,0.0,0.0,8.822,9.184,8.577,0.606,42.033,4.099,4.147,2.318,8.481,4.451,4.479,4.135,4.147,0,6,0.0,40.0,7.0,8.0,153.0,211.0,51.1,63.2,19.9,70.3,51.1
c4450a69,2015,SP Crook,Northamptonshire,2015,12,8,445,459,40.455,102,True,102*,1,1,96.95,59,4,260,58.427,13.725,46.717,Lower order,83.333,8.0,0.0,0.0,16.667,83.333,11.292,14.0,8.202,5.798,66.067,5.061,4.137,4.723,15.924,5.5,4.511,3.774,4.902,2,5,16.667,41.667,6.0,6.0,294.0,151.0,70.1,63.1,77.3,72.8,70.8
324a6ee1,2024,OB Cox,Leicestershire,2024,17,12,478,766,34.143,69,False,69,0,2,62.402,63,8,300,62.762,9.269,25.612,All-rounder / keeper,64.706,7.0,0.0,0.0,64.706,35.294,8.704,8.778,8.613,0.165,55.439,4.434,4.135,2.643,9.475,4.67,4.509,4.086,4.184,1,4,5.882,23.529,10.0,7.0,265.0,213.0,50.0,63.0,44.1,36.6,48.4
0605de92,2016,HD Rutherford,Derbyshire,2016,17,10,441,862,27.562,78,False,78,0,3,51.16,69,1,282,63.946,8.121,20.076,Middle order,76.471,3.0,23.529,76.471,0.0,0.0,8.443,3.093,10.982,-7.889,11.791,3.972,4.134,3.204,10.843,4.199,4.437,0.888,5.21,1,6,5.882,35.294,6.0,11.0,52.0,389.0,47.4,63.0,44.1,61.2,53.9
c16d4035,2016,SW Billings,Kent,2016,7,6,329,450,47.0,171,False,171,1,1,73.111,54,1,222,67.477,12.222,27.089,Middle order,71.429,5.0,0.0,71.429,28.571,0.0,11.869,5.393,22.838,-17.445,28.571,5.819,4.132,6.063,17.151,6.223,4.384,2.661,12.275,1,2,14.286,28.571,5.0,2.0,94.0,235.0,74.8,62.9,70.0,45.6,63.3
450f6fa6,2016,GG Wagg,Glamorgan,2016,20,11,623,1016,34.611,106,False,106,1,4,61.319,69,12,348,55.859,7.972,29.412,All-rounder / keeper,85.0,7.0,0.0,0.0,85.0,15.0,10.874,11.543,9.825,1.718,64.848,5.356,4.129,5.063,16.118,5.723,4.402,6.48,1.731,2,9,10.0,45.0,12.0,8.0,404.0,219.0,67.6,62.8,55.6,78.9,66.2
8b3e9c7c,2024,PP Shaw,Northamptonshire,2024,9,5,164,175,18.222,37,False,37,0,0,93.714,31,0,124,75.61,17.714,27.778,Opener,44.444,3.0,44.444,44.444,11.111,0.0,8.249,9.906,7.252,2.654,45.122,6.108,4.122,5.665,14.108,6.448,4.429,5.291,4.122,1,3,11.111,33.333,4.0,5.0,74.0,90.0,45.6,62.8,58.7,56.0,55.8
27c5a793,2024,DJ Lamb,Sussex,2024,11,8,375,546,37.5,134,False,134,1,1,68.681,36,9,198,52.8,8.242,35.329,Lower order,90.909,8.0,0.0,0.0,9.091,90.909,9.117,7.812,10.26,-2.447,40.0,4.254,4.111,4.097,11.986,4.512,4.329,2.218,4.318,0,4,0.0,36.364,6.0,5.0,150.0,225.0,53.5,62.7,19.9,62.9,49.8
7ca5e05d,2015,RS Bopara,Essex,2015,19,11,538,1140,29.889,99,False,99,0,4,47.193,61,5,274,50.929,5.789,24.581,Middle order,100.0,4.0,0.0,100.0,0.0,0.0,9.904,11.943,7.968,3.974,58.736,5.726,4.108,4.696,17.933,6.065,4.364,4.666,3.827,1,4,5.263,21.053,9.0,10.0,316.0,222.0,58.9,62.6,42.3,33.0,49.2
269ff06e,2023,TJ Price,Gloucestershire,2023,11,8,410,633,45.556,109,False,109,1,2,64.771,48,5,222,54.146,8.373,32.414,All-rounder / keeper,54.545,7.0,0.0,0.0,54.545,45.455,11.251,6.987,15.563,-8.576,31.22,5.426,4.103,4.68,16.391,5.806,4.477,2.816,5.715,1,5,9.091,45.455,6.0,5.0,128.0,282.0,69.8,62.6,52.5,79.8,66.2
1ab18b25,2023,AGH Orr,Sussex,2023,13,8,322,477,26.833,67,False,67,0,1,67.505,40,8,208,64.596,10.063,26.573,Opener,92.308,1.0,92.308,7.692,0.0,0.0,8.712,9.317,7.767,1.55,65.217,4.346,4.099,1.721,7.721,4.67,4.499,4.229,4.099,1,5,7.692,38.462,8.0,5.0,210.0,112.0,50.0,62.5,48.2,67.7,57.1
8159d5fc,2023,BD Guest,Derbyshire,2023,21,14,741,1360,35.286,197,False,197,2,2,54.485,98,2,404,54.521,7.353,26.746,Middle order,95.238,3.0,0.0,95.238,4.762,0.0,11.131,10.318,11.792,-1.474,41.565,5.205,4.094,5.273,17.796,5.526,4.305,4.064,4.125,3,7,14.286,33.333,10.0,11.0,308.0,433.0,68.8,62.4,70.0,56.0,64.3
bfc60227,2022,SG Budinger,Leicestershire,2022,6,3,126,151,21.0,64,False,64,0,1,83.444,20,1,86,68.254,13.907,30.769,Opener,100.0,2.0,100.0,0.0,0.0,0.0,8.171,8.559,7.645,0.913,60.317,4.396,4.092,3.422,7.96,4.912,4.378,4.548,4.092,1,1,16.667,16.667,4.0,2.0,76.0,50.0,45.0,62.4,77.3,27.3,53.0
bdc0670a,2022,LBK Hollman,Middlesex,2022,15,12,518,957,34.533,82,False,82,0,4,54.127,72,3,306,59.073,7.837,24.036,All-rounder / keeper,53.333,7.0,0.0,0.0,53.333,46.667,10.354,12.183,8.809,3.374,53.861,4.354,4.088,3.278,12.602,4.602,4.364,4.569,3.416,4,6,26.667,40.0,7.0,8.0,279.0,239.0,62.7,62.3,93.8,70.3,72.3
d0bec581,2026,AR Shetty,Lancashire,2026,12,7,199,294,16.583,37,False,37,0,0,67.687,30,1,126,63.317,10.544,27.757,All-rounder / keeper,83.333,6.0,0.0,16.667,83.333,0.0,9.149,15.683,6.981,8.702,42.714,3.603,4.087,1.985,5.66,3.948,4.444,5.646,2.539,1,5,8.333,41.667,4.0,8.0,85.0,114.0,53.5,62.2,50.0,72.8,59.6
867a45a7,2016,TAI Taylor,Derbyshire,2016,6,3,147,264,24.5,80,False,80,0,1,55.682,20,0,80,54.422,7.576,27.459,Lower order,66.667,9.0,0.0,33.333,0.0,66.667,9.28,13.652,6.713,6.938,54.422,4.469,4.078,2.177,6.814,4.764,4.31,6.814,3.296,0,0,0.0,0.0,2.0,4.0,80.0,67.0,54.6,62.1,19.9,5.8,35.6
8159d5fc,2022,BD Guest,Derbyshire,2022,24,14,923,2037,38.458,138,False,138,4,2,45.312,98,5,422,45.72,5.056,25.905,Middle order,100.0,3.0,0.0,100.0,0.0,0.0,11.739,15.155,8.388,6.767,63.922,5.612,4.078,4.782,17.468,5.96,4.298,5.568,2.314,3,9,12.5,37.5,11.0,13.0,590.0,333.0,73.9,62.2,64.0,65.3,66.4
25a42048,2014,T Westley,Essex,2014,21,13,529,1020,29.389,116,False,116,1,3,51.863,77,0,308,58.223,7.549,23.436,Opener,80.952,1.0,80.952,19.048,0.0,0.0,10.576,11.395,9.828,1.567,51.418,5.147,4.075,5.291,19.427,5.467,4.444,5.131,4.075,3,8,14.286,38.095,10.0,11.0,272.0,257.0,64.6,62.0,70.0,66.8,65.8
793977d8,2023,JA Tattersall,Yorkshire,2023,13,9,338,508,28.167,79,False,79,0,1,66.535,50,1,206,60.947,10.039,28.884,All-rounder / keeper,92.308,6.0,0.0,7.692,92.308,0.0,7.468,9.116,4.54,4.576,78.107,3.652,4.064,2.047,6.59,3.865,4.358,5.025,1.501,0,1,0.0,7.692,8.0,5.0,264.0,74.0,40.3,62.0,19.9,13.6,33.9
a63dfe8a,2021,JJG Sales,Northamptonshire,2021,6,3,112,260,28.0,53,False,53,0,1,43.077,17,0,68,60.714,6.538,18.107,Lower order,83.333,8.5,0.0,0.0,16.667,83.333,10.842,11.025,9.524,1.502,89.286,5.383,4.054,5.259,11.179,5.595,4.181,6.047,4.054,1,3,16.667,50.0,4.0,2.0,100.0,12.0,67.2,61.9,77.3,86.5,73.2
aa8d28ae,2019,D Wiese,Sussex,2019,20,14,527,836,26.35,77,False,77,0,5,63.038,75,5,330,62.619,9.569,26.058,All-rounder / keeper,80.0,7.0,0.0,0.0,80.0,20.0,9.523,11.168,8.124,3.044,53.89,4.733,4.052,4.306,15.719,5.145,4.3,4.912,2.477,3,6,15.0,30.0,10.0,10.0,284.0,243.0,56.3,61.8,72.1,48.5,59.7
d86f6c69,2014,GP Smith,Leicestershire,2014,26,13,700,1311,26.923,118,False,118,1,3,53.394,101,0,404,57.714,7.704,24.463,Opener,100.0,1.0,100.0,0.0,0.0,0.0,11.349,10.065,13.742,-3.677,57.714,5.145,4.049,4.734,14.947,5.442,4.203,4.329,1.25,4,9,15.385,34.615,16.0,10.0,404.0,296.0,70.9,61.8,73.3,59.4,66.4
b7539620,2015,AP Agathangelou,Leicestershire,2015,12,6,225,452,20.455,54,False,54,0,1,49.779,35,0,140,62.222,7.743,20.384,Middle order,58.333,5.0,0.0,58.333,41.667,0.0,9.206,5.016,13.493,-8.477,27.556,4.28,4.043,2.703,8.9,4.646,4.418,3.069,4.859,1,4,8.333,33.333,6.0,6.0,62.0,163.0,54.0,61.7,50.0,56.0,55.4
4fd09cfc,2018,G Clark,Durham,2018,22,12,460,949,20.909,64,False,64,0,2,48.472,70,0,280,60.87,7.376,20.478,Middle order,100.0,4.0,0.0,100.0,0.0,0.0,9.278,8.673,9.917,-1.244,48.043,3.933,4.042,2.222,7.89,4.246,4.312,4.021,4.042,2,6,9.091,27.273,12.0,10.0,221.0,239.0,54.6,61.6,52.5,42.9,52.9
715941c3,2017,MGK Burgess,Sussex,2017,8,5,344,500,49.143,146,False,146,1,1,68.8,44,4,200,58.14,9.6,31.858,All-rounder / keeper,100.0,7.0,0.0,0.0,100.0,0.0,10.727,14.062,4.889,9.173,83.43,5.708,4.038,4.523,12.982,6.079,4.327,6.557,2.503,0,2,0.0,25.0,4.0,4.0,287.0,57.0,66.0,61.6,19.9,39.2,46.7
81efec30,2016,NLJ Browne,Essex,2016,21,14,949,1784,52.722,255,False,255,2,4,53.195,119,4,500,52.687,6.895,27.032,Opener,100.0,1.0,100.0,0.0,0.0,0.0,13.368,13.272,13.467,-0.195,50.474,6.557,4.03,7.511,23.633,6.966,4.284,4.51,3.526,5,7,23.81,33.333,11.0,10.0,479.0,470.0,83.5,61.5,90.8,56.0,73.0
e734d090,2018,CN Ackermann,Leicestershire,2018,18,11,726,1364,42.706,196,True,196*,2,3,53.226,99,4,420,57.851,7.551,24.266,Middle order,100.0,3.0,0.0,100.0,0.0,0.0,17.204,24.397,10.517,13.881,68.32,6.979,4.023,5.67,16.894,7.533,4.358,10.285,3.206,4,7,22.222,38.889,7.0,11.0,496.0,230.0,96.2,61.4,88.7,68.5,78.7
d346d939,2019,RA Whiteley,Worcestershire,2019,15,9,374,810,26.714,88,False,88,0,3,46.173,48,6,228,60.963,6.667,19.312,Middle order,53.333,5.0,0.0,53.333,46.667,0.0,10.577,10.696,10.462,0.234,49.733,4.371,4.022,2.948,8.475,4.756,4.472,2.365,4.263,2,3,13.333,20.0,8.0,7.0,186.0,188.0,64.7,61.4,67.0,32.0,56.3
a4e2bf36,2014,MAG Boyce,Leicestershire,2014,8,4,207,428,25.875,68,False,68,0,1,48.364,35,0,140,67.633,8.178,17.048,Opener,75.0,2.0,75.0,25.0,0.0,0.0,8.394,8.178,8.629,-0.452,50.725,4.554,4.007,2.8,8.0,4.791,4.225,4.007,5.101,1,2,12.5,25.0,4.0,4.0,105.0,102.0,47.0,61.3,64.0,39.2,52.9
fe4ebca0,2019,JA Haynes,Worcestershire,2019,6,3,95,233,15.833,31,False,31,0,0,40.773,13,0,52,54.737,5.579,19.545,Middle order,66.667,3.0,33.333,66.667,0.0,0.0,7.528,8.91,4.645,4.264,80.0,3.982,4.006,1.657,5.627,4.294,4.667,4.816,2.314,0,1,0.0,16.667,4.0,2.0,76.0,19.0,40.9,61.2,19.9,27.3,37.3
ba377b40,2025,GL van Buuren,Gloucestershire,2025,24,14,738,1107,35.143,175,False,175,2,2,66.667,92,6,404,54.743,8.853,33.102,All-rounder / keeper,70.833,7.0,0.0,20.833,70.833,8.333,9.269,9.055,9.465,-0.41,46.748,4.662,4.001,3.852,12.864,4.981,4.457,3.938,4.829,2,7,8.333,29.167,12.0,12.0,345.0,393.0,54.4,61.2,50.0,47.1,53.2
b5781ac3,2024,L Trevaskis,Leicestershire,2024,10,7,299,701,42.714,82,False,82,0,3,42.653,34,1,142,47.492,4.993,23.574,Lower order,70.0,8.0,0.0,10.0,20.0,70.0,9.836,16.0,7.139,8.861,49.498,4.739,4.0,3.322,10.714,4.95,4.248,7.335,3.299,0,2,0.0,20.0,4.0,6.0,148.0,151.0,58.3,61.1,19.9,32.0,42.8
c16d4035,2014,SW Billings,Kent,2014,23,15,721,1287,34.333,92,False,92,0,7,56.022,97,3,406,56.311,7.77,26.537,All-rounder / keeper,82.609,7.0,0.0,8.696,82.609,8.696,11.754,9.742,13.39,-3.649,37.171,5.002,4.0,3.529,10.603,5.294,4.199,4.0,5.282,2,8,8.696,34.783,10.0,13.0,268.0,453.0,74.0,61.1,51.3,59.8,61.6
399b0b94,2024,CT Bancroft,Gloucestershire,2024,18,11,832,1539,48.941,184,False,184,3,2,54.061,90,2,372,44.712,5.978,31.79,Opener,100.0,1.0,100.0,0.0,0.0,0.0,13.55,11.659,15.486,-3.827,43.51,6.089,3.996,4.552,15.25,6.49,4.31,3.658,6.18,3,9,16.667,50.0,9.0,9.0,362.0,470.0,84.7,61.0,77.3,86.5,77.4
d4eef961,2021,M de Lange,Somerset,2021,7,5,212,185,30.286,75,False,75,0,2,114.595,16,13,142,66.981,15.676,44.872,Lower order,100.0,10.0,0.0,0.0,0.0,100.0,10.861,10.062,12.388,-2.326,60.849,4.568,3.996,2.425,8.013,4.804,4.157,3.996,4.689,1,3,14.286,42.857,4.0,3.0,129.0,83.0,67.4,60.9,70.0,74.8,68.3
ada15e88,2021,PSP Handscomb,Middlesex,2021,13,7,227,507,17.462,70,False,70,0,1,44.773,32,0,128,56.388,6.312,20.842,Middle order,100.0,4.0,0.0,100.0,0.0,0.0,8.547,4.208,10.782,-6.573,16.74,3.837,3.995,2.936,8.731,4.051,4.321,1.923,5.016,1,4,7.692,30.769,5.0,8.0,38.0,189.0,48.4,60.8,48.2,50.1,51.9
35f9a295,2021,LJ Hill,Leicestershire,2021,14,9,524,931,40.308,121,False,121,1,4,56.284,67,3,286,54.58,7.519,27.642,Middle order,78.571,5.0,21.429,78.571,0.0,0.0,12.423,9.299,15.156,-5.857,34.924,5.279,3.992,4.125,12.771,5.728,4.236,5.035,2.829,2,8,14.286,57.143,6.0,8.0,183.0,341.0,78.4,60.8,70.0,93.7,75.7
782c0568,2021,JC Hildreth,Somerset,2021,13,8,381,706,29.308,107,False,107,1,1,53.966,53,0,212,55.643,7.507,25.881,Middle order,100.0,4.0,0.0,100.0,0.0,0.0,10.136,9.225,11.376,-2.151,52.493,5.677,3.991,4.518,14.336,6.003,4.356,5.54,3.991,3,5,23.077,38.462,7.0,6.0,200.0,181.0,61.0,60.7,90.0,67.7,69.8
13bee186,2018,SC Cook,Glamorgan,2018,6,3,86,207,14.333,36,False,36,0,0,41.546,9,0,36,41.86,4.348,25.253,Opener,100.0,1.0,100.0,0.0,0.0,0.0,7.319,7.809,5.534,2.276,83.721,3.481,3.99,1.234,4.38,3.727,4.161,4.185,2.074,0,0,0.0,0.0,4.0,2.0,72.0,14.0,39.3,60.6,19.9,5.8,31.4
cf494ffe,2018,PR Stirling,Middlesex,2018,11,6,199,371,18.091,52,False,52,0,1,53.639,36,0,144,72.362,9.704,16.418,All-rounder / keeper,45.455,5.0,27.273,27.273,45.455,0.0,7.925,7.464,8.254,-0.79,39.196,3.692,3.984,2.772,7.679,4.0,4.289,3.412,4.557,0,2,0.0,18.182,5.0,6.0,78.0,121.0,43.7,60.6,19.9,30.1,38.6
dddc811c,2014,TD Groenewald,Derbyshire,2014,9,6,180,261,25.714,56,True,56*,0,2,68.966,22,6,124,68.889,10.728,24.034,Lower order,100.0,10.0,0.0,0.0,0.0,100.0,9.032,9.434,8.765,0.669,41.667,3.745,3.971,2.056,5.815,3.991,4.174,4.942,3.0,1,3,11.111,33.333,3.0,6.0,75.0,105.0,52.9,60.5,58.7,56.0,57.0
324a6ee1,2014,OB Cox,Worcestershire,2014,25,15,604,1031,26.261,104,False,104,1,3,58.584,82,6,364,60.265,8.535,25.451,All-rounder / keeper,92.0,7.0,0.0,0.0,92.0,8.0,7.954,9.11,6.442,2.668,64.901,4.378,3.964,3.339,11.04,4.641,4.198,5.269,2.401,2,7,8.0,28.0,14.0,11.0,392.0,212.0,43.9,60.4,49.0,44.2,49.4
450f6fa6,2015,GG Wagg,Glamorgan,2015,21,14,793,1104,37.762,200,False,200,1,4,71.83,97,26,544,68.6,11.141,25.382,All-rounder / keeper,61.905,7.0,0.0,0.0,61.905,38.095,12.492,12.41,12.562,-0.152,45.649,4.983,3.964,4.216,14.631,5.342,4.232,4.319,3.253,3,9,14.286,42.857,10.0,11.0,362.0,431.0,78.7,60.4,70.0,74.8,71.0
22176fe7,2018,MJ Richardson,Durham,2018,16,9,324,626,20.25,115,False,115,1,0,51.757,38,0,152,46.914,6.07,29.252,Middle order,56.25,5.0,0.0,56.25,43.75,0.0,9.324,7.405,10.874,-3.469,35.494,4.242,3.96,2.645,9.38,4.545,4.211,5.095,3.275,0,7,0.0,43.75,8.0,8.0,115.0,209.0,55.0,60.3,19.9,76.8,53.0
1a25a6b5,2018,JR Murphy,Glamorgan,2018,17,9,319,848,19.938,54,False,54,0,1,37.618,48,0,192,60.188,5.66,15.875,Opener,88.235,2.0,88.235,11.765,0.0,0.0,9.236,9.813,8.352,1.462,64.263,4.071,3.956,3.609,12.619,4.365,4.167,4.286,2.84,1,6,5.882,35.294,10.0,7.0,205.0,114.0,54.2,60.3,44.1,61.2,55.0
eafe8a94,2024,BI Kellaway,Glamorgan,2024,6,3,80,172,13.333,36,False,36,0,0,46.512,11,1,50,62.5,6.977,18.75,Opener,33.333,5.0,33.333,33.333,33.333,0.0,6.121,1.786,8.382,-6.596,10.0,2.904,3.952,1.875,4.022,3.107,4.181,0.739,3.987,0,2,0.0,33.333,2.0,4.0,8.0,72.0,28.9,60.2,19.9,56.0,41.2
9789e56e,2025,LM Reece,Derbyshire,2025,16,11,643,1330,64.3,211,False,211,1,4,48.346,63,5,282,43.857,5.113,28.605,All-rounder / keeper,50.0,6.0,31.25,6.25,50.0,12.5,12.199,7.571,15.564,-7.993,26.128,5.265,3.951,4.88,18.081,5.592,4.119,3.052,6.32,3,7,18.75,43.75,7.0,9.0,168.0,475.0,77.4,60.1,83.0,76.8,74.3
932d3cc9,2019,FJ Hudson-Prentice,Derbyshire,2019,12,7,342,495,34.2,99,False,99,0,2,69.091,48,4,216,63.158,10.505,28.442,Lower order,83.333,8.0,0.0,16.667,0.0,83.333,11.162,13.091,8.003,5.088,72.807,5.148,3.941,2.544,9.463,5.399,4.187,5.544,3.941,2,5,16.667,41.667,7.0,5.0,249.0,93.0,69.1,60.0,77.3,72.8,69.8
9679838c,2019,BL D'Oliveira,Worcestershire,2019,8,5,195,454,27.857,68,False,68,0,1,42.952,22,0,88,45.128,4.846,24.769,Lower order,62.5,8.0,0.0,12.5,25.0,62.5,8.64,8.397,8.77,-0.373,33.846,3.934,3.941,2.826,7.432,4.314,4.187,3.326,5.587,0,3,0.0,37.5,3.0,5.0,66.0,129.0,49.2,60.0,19.9,65.3,48.6
05f96194,2025,MA Jones,Lancashire,2025,12,8,351,523,29.25,63,False,63,0,2,67.113,35,12,212,60.399,8.987,29.202,Opener,50.0,3.5,50.0,0.0,50.0,0.0,8.779,5.242,12.135,-6.893,29.06,3.947,3.937,2.721,7.704,4.209,4.245,2.358,6.318,0,5,0.0,41.667,6.0,6.0,102.0,249.0,50.8,59.9,19.9,72.8,50.8
ba377b40,2024,GL van Buuren,Gloucestershire,2024,20,13,705,950,39.167,187,False,187,2,3,74.211,89,11,422,59.858,10.526,33.294,All-rounder / keeper,90.0,6.0,0.0,0.0,90.0,10.0,10.836,12.249,9.398,2.85,57.021,5.51,3.936,5.388,16.598,5.849,4.092,3.992,2.811,1,8,5.0,40.0,10.0,10.0,402.0,303.0,67.1,59.9,41.5,70.3,59.7
d510d457,2014,EJH Eckersley,Leicestershire,2014,28,14,589,1171,21.036,68,False,68,0,1,50.299,79,2,328,55.688,6.917,23.945,Middle order,100.0,3.0,0.0,100.0,0.0,0.0,8.716,8.022,9.73,-1.708,54.669,4.118,3.935,2.962,11.614,4.346,4.122,3.706,3.935,0,7,0.0,25.0,16.0,12.0,322.0,267.0,50.1,59.8,19.9,39.2,42.2
ffdba4e2,2026,BG Charlesworth,Gloucestershire,2026,12,6,229,556,20.818,85,False,85,0,1,41.187,28,1,118,51.528,5.216,21.063,Opener,91.667,2.0,91.667,8.333,0.0,0.0,8.324,9.198,6.715,2.483,71.616,3.759,3.932,2.615,7.745,4.078,4.423,3.932,3.472,2,5,16.667,41.667,8.0,4.0,164.0,65.0,46.3,59.7,77.3,72.8,64.0
aa8d28ae,2018,D Wiese,Sussex,2018,18,12,433,536,30.929,106,False,106,1,1,80.784,56,6,260,60.046,11.567,36.498,All-rounder / keeper,55.556,7.0,0.0,0.0,55.556,44.444,8.9,5.571,12.353,-6.782,31.871,4.192,3.913,4.083,13.947,4.563,4.218,0.923,4.95,3,7,16.667,38.889,8.0,10.0,138.0,295.0,51.9,59.7,77.3,68.5,64.4
ad212f96,2026,RF Higgins,Middlesex,2026,16,9,374,723,26.714,131,False,131,1,0,51.729,41,1,170,45.455,5.809,29.956,All-rounder / keeper,100.0,6.0,0.0,0.0,100.0,0.0,9.189,9.691,7.931,1.76,75.401,4.369,3.912,3.474,11.724,4.69,4.221,3.935,3.365,1,3,6.25,18.75,11.0,5.0,282.0,92.0,53.7,59.6,45.1,30.7,47.3
a15aaa7f,2018,TR Ambrose,Warwickshire,2018,20,14,656,1260,34.526,103,False,103,1,3,52.063,80,1,326,49.695,6.429,27.99,All-rounder / keeper,90.0,6.0,0.0,0.0,90.0,10.0,10.109,11.537,9.084,2.453,47.713,5.217,3.907,3.889,13.239,5.644,4.274,3.791,4.023,4,7,20.0,35.0,9.0,11.0,313.0,343.0,60.8,59.5,85.3,60.4,66.5
58c481c6,2016,JJ Cobb,Northamptonshire,2016,7,5,136,304,19.429,49,False,49,0,0,44.737,22,0,88,64.706,7.237,17.021,Middle order,100.0,4.0,0.0,100.0,0.0,0.0,6.844,5.985,9.4,-3.415,65.441,2.987,3.902,1.921,4.651,3.236,4.098,3.902,3.402,0,2,0.0,28.571,4.0,3.0,89.0,47.0,35.3,59.5,19.9,45.6,40.1
5ad508c9,2021,ST Evans,Leicestershire,2021,14,8,492,1218,35.143,138,False,138,3,0,40.394,62,0,248,50.407,5.09,21.107,Opener,100.0,1.5,100.0,0.0,0.0,0.0,13.054,9.705,16.713,-7.008,38.821,6.01,3.891,5.093,13.659,6.498,4.201,3.665,6.875,3,5,21.429,35.714,6.0,8.0,191.0,301.0,81.3,59.4,87.7,61.8,72.6
e22d3b5c,2025,RI Keogh,Northamptonshire,2025,18,11,473,949,29.562,125,True,125*,1,3,49.842,56,0,224,47.357,5.901,27.884,Middle order,50.0,5.0,5.556,50.0,33.333,11.111,9.417,13.011,6.441,6.57,62.579,4.377,3.887,3.78,11.241,4.736,4.302,5.78,2.221,2,5,11.111,27.778,8.0,10.0,296.0,177.0,55.5,59.3,58.7,43.8,54.3
c47a8b5c,2026,BL Walkden,Lancashire,2026,7,4,102,212,17.0,28,False,28,0,0,48.113,13,0,52,50.98,6.132,25.126,All-rounder / keeper,71.429,7.0,0.0,0.0,71.429,28.571,10.109,8.672,11.777,-3.106,46.078,4.048,3.878,1.342,5.843,4.364,4.174,3.2,4.897,1,4,14.286,57.143,4.0,3.0,47.0,55.0,60.7,59.3,70.0,93.7,70.9
f655d740,2025,CG Harrison,Northamptonshire,2025,15,10,456,764,32.571,122,False,122,1,2,59.686,58,5,262,57.456,8.246,27.675,Lower order,53.333,8.0,0.0,46.667,0.0,53.333,8.953,8.454,9.316,-0.862,39.693,3.985,3.877,2.013,8.425,4.265,4.245,3.784,3.877,0,6,0.0,40.0,6.0,9.0,181.0,275.0,52.3,59.2,19.9,70.3,50.4
305c31f2,2026,BBA Geddes,Middlesex,2026,21,11,481,801,25.316,73,True,73*,0,3,60.05,67,4,292,60.707,8.864,25.89,Middle order,61.905,5.0,38.095,61.905,0.0,0.0,8.485,7.595,9.424,-1.829,45.946,4.962,3.873,3.758,14.886,5.384,4.249,3.363,5.263,1,7,4.762,33.333,11.0,10.0,221.0,260.0,47.9,59.1,40.9,56.0,51.0
24dd1b81,2016,AO Morgan,Glamorgan,2016,13,7,373,841,37.3,103,True,103*,1,1,44.352,54,1,222,59.517,6.54,19.211,Lower order,61.538,9.0,15.385,15.385,7.692,61.538,10.588,6.465,13.592,-7.127,25.737,4.808,3.868,3.123,11.131,5.108,4.124,2.795,5.301,1,4,7.692,30.769,5.0,8.0,96.0,277.0,64.8,59.0,48.2,50.1,55.5
5bfdc77a,2019,James Bracey,Gloucestershire,2019,22,13,677,1276,33.85,152,False,152,2,2,53.056,89,0,356,52.585,6.975,27.043,Middle order,68.182,3.0,31.818,68.182,0.0,0.0,12.141,14.872,9.186,5.686,63.663,5.552,3.868,3.792,13.073,5.981,4.167,6.317,3.109,5,10,22.727,45.455,12.0,10.0,431.0,246.0,76.7,59.0,89.4,79.8,76.2
0c7f11be,2022,DL Lloyd,Glamorgan,2022,25,14,899,1295,39.087,313,True,313*,1,5,69.421,123,6,528,58.732,9.961,31.818,Opener,96.0,1.0,96.0,0.0,0.0,4.0,11.985,14.424,9.827,4.597,56.507,6.008,3.867,7.393,29.089,6.327,4.232,3.571,4.164,3,13,12.0,52.0,13.0,12.0,508.0,391.0,75.5,58.9,61.6,89.2,71.3
42537f07,2016,JA Rudolph,Glamorgan,2016,23,12,550,1335,26.19,87,False,87,0,3,41.199,80,0,320,58.182,5.993,18.327,Opener,78.261,2.0,78.261,17.391,4.348,0.0,8.778,6.44,11.052,-4.612,36.182,4.368,3.863,2.982,10.469,4.648,4.064,2.988,6.014,4,9,17.391,39.13,11.0,12.0,199.0,351.0,50.7,58.9,79.8,68.9,64.6
5f26f677,2018,BM Duckett,Northamptonshire,2018,14,7,344,429,26.462,133,False,133,1,1,80.186,55,0,220,63.953,12.821,33.155,Opener,92.857,2.0,92.857,0.0,0.0,7.143,11.043,8.519,12.644,-4.125,29.942,5.562,3.863,5.14,13.419,5.91,4.076,1.542,4.296,3,4,21.429,28.571,6.0,8.0,103.0,241.0,68.6,58.8,87.7,45.6,65.2
75cbed9b,2022,SS Eskinazi,Middlesex,2022,12,8,437,892,39.727,118,False,118,2,1,48.991,60,0,240,54.92,6.726,23.678,Middle order,100.0,3.0,0.0,100.0,0.0,0.0,10.53,11.408,10.015,1.393,40.046,5.68,3.844,5.165,15.668,6.049,4.023,3.567,4.12,2,4,16.667,33.333,4.0,8.0,175.0,262.0,64.3,58.7,77.3,56.0,64.1
f0a0204e,2024,MS Crane,Glamorgan,2024,18,11,468,966,36.0,61,False,61,0,2,48.447,60,2,252,53.846,6.418,23.894,Lower order,88.889,9.0,0.0,5.556,5.556,88.889,8.133,8.039,8.257,-0.217,55.983,3.699,3.842,2.041,7.201,3.946,4.13,3.501,3.842,1,6,5.556,33.333,10.0,8.0,262.0,206.0,44.7,58.7,43.1,56.0,50.6
6feb46a4,2025,LD McManus,Northamptonshire,2025,23,14,610,1188,29.048,95,False,95,0,4,51.347,79,5,346,56.721,7.071,23.913,All-rounder / keeper,52.174,7.0,26.087,4.348,52.174,17.391,8.473,7.509,9.51,-2.001,45.902,4.085,3.833,2.739,8.837,4.403,4.024,2.642,6.037,1,7,4.348,30.435,12.0,11.0,280.0,330.0,47.7,58.6,40.3,49.4,49.0
693af62a,2024,AH Miller,Northamptonshire,2024,8,4,162,296,20.25,42,False,42,0,0,54.73,20,2,92,56.79,7.432,25.547,Opener,75.0,1.5,75.0,0.0,0.0,25.0,8.442,10.105,6.811,3.294,59.259,4.148,3.829,1.896,6.602,4.342,4.032,5.611,2.685,1,4,12.5,50.0,4.0,4.0,96.0,66.0,47.3,58.5,64.0,86.5,64.1
3a3e7d82,2025,BW Aitchison,Derbyshire,2025,8,5,151,251,21.571,45,False,45,0,0,60.159,21,2,96,63.576,9.163,24.123,Lower order,100.0,9.5,0.0,0.0,0.0,100.0,6.292,0.391,7.892,-7.501,1.325,2.914,3.827,1.957,4.905,3.067,4.018,0.156,3.937,0,3,0.0,37.5,2.0,6.0,2.0,149.0,30.7,58.4,19.9,65.3,43.6
37b12633,2026,N Potts,Derbyshire,2026,6,4,102,225,17.0,42,False,42,0,0,45.333,16,0,64,62.745,7.111,18.182,Lower order,66.667,8.5,0.0,16.667,16.667,66.667,9.256,5.391,11.218,-5.827,19.608,3.931,3.827,2.469,6.967,4.204,4.111,2.823,5.038,0,2,0.0,33.333,3.0,3.0,20.0,82.0,54.3,58.5,19.9,56.0,47.2
b9c7596f,2022,Hassan Azad,Leicestershire,2022,21,11,579,1507,28.95,104,True,104*,1,4,38.421,66,0,264,45.596,4.38,21.86,Opener,100.0,1.0,100.0,0.0,0.0,0.0,11.001,12.5,9.768,2.732,51.295,5.074,3.826,3.748,10.76,5.533,4.296,4.93,2.974,2,9,9.524,42.857,10.0,11.0,297.0,282.0,68.3,58.3,54.0,74.8,63.8
b47cd52c,2021,TC Lace,Gloucestershire,2021,26,14,573,1312,26.045,118,False,118,1,3,43.674,74,2,308,53.752,5.793,21.44,Middle order,96.154,4.0,0.0,96.154,3.846,0.0,9.849,14.629,4.78,9.849,76.44,4.163,3.826,3.809,12.673,4.559,4.146,5.866,1.384,3,8,11.538,30.769,13.0,13.0,438.0,135.0,58.3,58.3,59.9,50.1,56.6
3d284ca3,2018,PD Salt,Sussex,2018,22,13,576,804,26.182,130,False,130,1,2,71.642,85,3,358,62.153,10.945,30.447,Opener,100.0,2.0,100.0,0.0,0.0,0.0,10.144,12.255,8.218,4.037,57.639,5.393,3.816,3.872,12.5,5.771,4.227,9.228,3.66,3,8,13.636,36.364,9.0,13.0,332.0,244.0,61.2,58.2,68.0,62.9,62.6
4a461c24,2021,LA Dawson,Hampshire,2021,12,8,323,469,32.3,152,True,152*,1,1,68.87,37,7,190,58.824,9.382,31.294,All-rounder / keeper,91.667,6.0,0.0,8.333,91.667,0.0,10.363,6.974,14.169,-7.195,35.604,4.599,3.814,4.29,13.584,4.862,4.031,4.369,3.814,0,5,0.0,41.667,6.0,6.0,115.0,208.0,62.8,58.1,19.9,72.8,53.4
fe4ebca0,2023,JA Haynes,Worcestershire,2023,22,12,573,973,30.158,134,True,134*,2,1,58.89,68,1,278,48.517,7.091,32.633,Middle order,100.0,4.0,0.0,100.0,0.0,0.0,10.645,4.77,15.41,-10.641,20.07,4.328,3.805,4.146,14.066,4.604,4.149,1.414,5.414,2,5,9.091,22.727,12.0,10.0,115.0,458.0,64.9,58.1,52.5,35.4,52.7
dc670143,2019,NJ Dexter,Leicestershire,2019,10,6,331,721,33.1,180,False,180,1,1,45.908,41,2,176,53.172,5.964,22.861,Middle order,80.0,3.0,0.0,80.0,20.0,0.0,11.367,15.248,7.415,7.833,67.674,4.858,3.8,4.88,14.184,5.252,4.04,4.217,3.383,2,3,20.0,30.0,5.0,5.0,224.0,107.0,71.2,58.0,85.3,48.5,65.8
58c481c6,2015,JJ Cobb,Northamptonshire,2015,28,16,678,1409,29.478,95,False,95,0,5,48.119,86,7,386,56.932,6.6,22.188,All-rounder / keeper,64.286,7.0,0.0,21.429,64.286,14.286,8.297,6.726,9.686,-2.961,38.053,3.852,3.799,2.135,9.426,4.168,4.135,3.754,4.046,2,9,7.143,32.143,13.0,15.0,258.0,420.0,46.0,57.9,46.9,52.7,50.9
f64eed39,2014,SL Elstone,Derbyshire,2014,9,6,199,562,22.111,63,False,63,0,1,35.409,20,0,80,40.201,3.559,21.956,Middle order,88.889,5.0,0.0,88.889,11.111,0.0,10.43,17.682,4.762,12.92,74.372,5.987,3.799,6.419,18.314,6.365,4.048,7.022,1.745,1,3,11.111,33.333,4.0,5.0,148.0,51.0,63.5,57.9,58.7,56.0,59.0
5ad508c9,2022,ST Evans,Leicestershire,2022,18,9,457,1293,28.562,77,True,77*,0,4,35.344,52,0,208,45.514,4.022,20.064,Opener,100.0,2.0,100.0,0.0,0.0,0.0,10.405,7.065,13.012,-5.947,29.759,4.831,3.796,3.378,9.658,5.228,4.056,1.398,7.226,3,7,16.667,38.889,8.0,10.0,136.0,321.0,63.3,57.8,77.3,68.5,66.7
38c276e1,2023,N McAndrew,Sussex,2023,11,6,265,412,26.5,65,False,65,0,1,64.32,41,3,182,68.679,10.68,22.554,Lower order,90.909,8.0,0.0,9.091,0.0,90.909,8.475,6.594,12.931,-6.337,54.717,4.094,3.772,2.543,8.578,4.335,3.985,2.954,6.7,0,4,0.0,36.364,7.0,4.0,145.0,120.0,47.7,57.7,19.9,62.9,47.1
9c643d7b,2022,JM Coles,Sussex,2022,8,5,179,421,25.571,59,False,59,0,2,42.518,25,4,124,69.274,6.888,14.031,All-rounder / keeper,62.5,6.5,0.0,0.0,62.5,37.5,9.431,10.804,7.455,3.349,67.598,3.417,3.772,2.288,6.392,3.681,4.089,5.082,1.453,0,2,0.0,25.0,3.0,5.0,121.0,58.0,55.6,57.7,19.9,39.2,43.1
05f96194,2023,MA Jones,Durham,2023,21,14,631,1133,33.211,121,True,121*,1,4,55.693,79,6,352,55.784,7.502,26.622,Opener,95.238,2.0,95.238,4.762,0.0,0.0,8.501,5.828,11.241,-5.414,34.707,4.181,3.768,3.149,10.237,4.491,4.003,2.749,6.295,3,7,14.286,33.333,11.0,10.0,219.0,412.0,48.0,57.6,70.0,56.0,57.9
ada15e88,2023,PSP Handscomb,Leicestershire,2023,18,10,681,1201,45.4,136,True,136*,2,4,56.703,80,1,326,47.871,6.744,31.696,Middle order,94.444,5.0,0.0,94.444,5.556,0.0,13.126,14.389,12.076,2.313,49.78,5.806,3.763,4.201,12.395,6.216,4.04,6.066,3.763,3,7,16.667,38.889,7.0,11.0,339.0,342.0,81.8,57.5,77.3,68.5,71.3
3a60e0b5,2019,WD Parnell,Worcestershire,2019,8,5,205,408,25.625,63,False,63,0,1,50.245,28,0,112,54.634,6.863,24.474,Lower order,100.0,9.0,0.0,0.0,0.0,100.0,11.775,9.979,12.46,-2.481,23.415,5.427,3.759,4.557,13.456,5.809,4.072,3.081,4.507,1,3,12.5,37.5,2.0,6.0,48.0,157.0,74.2,57.5,64.0,65.3,65.2
c41ba637,2018,HE Dearden,Leicestershire,2018,14,8,254,575,21.167,55,True,55*,0,1,44.174,42,1,174,68.504,7.478,15.038,Opener,78.571,1.0,78.571,21.429,0.0,0.0,9.01,6.748,10.761,-4.014,32.677,4.376,3.756,3.229,9.046,4.747,4.064,4.598,2.915,2,3,14.286,21.429,5.0,9.0,83.0,171.0,52.7,57.4,70.0,33.4,53.4
91ffa6c6,2016,JD Ryder,Essex,2016,10,7,234,486,26.0,51,False,51,0,2,48.148,28,1,118,50.427,5.967,25.383,All-rounder / keeper,100.0,6.0,0.0,0.0,100.0,0.0,7.145,6.006,8.477,-2.471,45.299,3.143,3.753,2.643,6.969,3.358,3.996,3.148,3.753,0,5,0.0,50.0,5.0,5.0,106.0,128.0,38.1,57.4,19.9,86.5,50.5
fec369cd,2022,E Barnes,Leicestershire,2022,17,9,260,607,17.333,46,False,46,0,0,42.834,32,2,140,53.846,5.601,20.942,Lower order,88.235,8.0,0.0,0.0,11.765,88.235,6.846,7.351,6.399,0.952,50.385,2.95,3.751,2.101,5.813,3.194,3.967,4.039,1.473,0,7,0.0,41.176,8.0,9.0,131.0,129.0,35.3,57.3,19.9,72.2,46.2
76cb1a7f,2018,SD Robson,Middlesex,2018,21,11,552,1145,27.6,134,False,134,1,2,48.21,77,0,308,55.797,6.725,22.846,Opener,95.238,1.0,95.238,0.0,4.762,0.0,11.755,16.211,8.626,7.584,56.884,5.625,3.743,4.843,18.367,6.063,4.039,6.897,2.967,4,7,19.048,33.333,9.0,12.0,314.0,238.0,74.0,57.2,83.8,56.0,67.8
1b6fef02,2017,P Mustard,Gloucestershire,2017,20,14,573,1283,28.65,72,False,72,0,3,44.661,75,1,306,53.403,5.924,22.121,All-rounder / keeper,80.0,6.0,0.0,20.0,80.0,0.0,10.66,9.766,11.854,-2.088,52.356,4.321,3.736,3.277,12.593,4.618,3.962,4.448,3.399,1,10,5.0,50.0,10.0,10.0,300.0,273.0,65.3,57.2,41.5,86.5,62.6
0bec3a6c,2019,BAC Howell,Gloucestershire,2019,15,10,369,733,24.6,76,False,76,0,2,50.341,49,0,196,53.117,6.685,25.292,Middle order,40.0,6.0,0.0,40.0,40.0,20.0,8.691,9.562,7.138,2.424,70.461,3.608,3.726,2.098,6.981,3.884,4.063,3.726,3.873,2,4,13.333,26.667,10.0,5.0,260.0,109.0,49.8,57.1,67.0,42.0,54.0
d48c0f40,2022,LA Patterson-White,Nottinghamshire,2022,17,13,379,546,23.688,54,False,54,0,2,69.414,43,10,232,61.214,9.707,29.817,Lower order,88.235,8.0,0.0,0.0,11.765,88.235,6.264,6.103,6.408,-0.305,45.91,2.918,3.725,2.043,6.419,3.153,3.947,3.8,3.128,0,3,0.0,17.647,9.0,8.0,174.0,205.0,30.3,57.0,19.9,29.5,34.2
9e707e02,2022,KS Carlson,Glamorgan,2022,22,12,491,850,23.381,91,False,91,0,3,57.765,67,2,280,57.026,8.118,27.017,Middle order,86.364,5.0,0.0,86.364,13.636,0.0,7.656,8.898,6.587,2.311,53.768,3.756,3.722,2.936,8.844,4.0,3.889,3.722,4.122,2,7,9.091,31.818,11.0,11.0,264.0,227.0,41.9,57.0,52.5,52.2,50.9
8af86756,2017,BC Brown,Sussex,2017,12,7,398,479,36.182,90,False,90,0,4,83.09,60,3,258,64.824,13.152,33.654,All-rounder / keeper,83.333,6.0,0.0,0.0,83.333,16.667,12.072,15.984,8.947,7.037,58.794,5.529,3.722,5.122,13.162,5.914,3.963,6.032,2.487,3,4,25.0,33.333,5.0,7.0,234.0,164.0,76.1,56.9,92.1,56.0,70.3
dc36a6a5,2016,AN Kervezee,Worcestershire,2016,7,4,151,313,25.167,41,False,41,0,0,48.243,15,2,72,47.682,5.431,26.689,Middle order,100.0,4.0,0.0,100.0,0.0,0.0,7.592,5.988,9.878,-3.89,46.358,3.862,3.721,1.398,5.548,4.117,3.961,2.734,4.99,1,2,14.286,28.571,3.0,4.0,70.0,81.0,41.4,56.8,70.0,45.6,53.4
eba62359,2016,ML Pettini,Leicestershire,2016,24,15,693,1485,31.5,142,True,142*,2,1,46.667,91,3,382,55.123,6.33,22.358,Middle order,87.5,5.0,0.0,87.5,12.5,0.0,10.332,5.312,14.154,-8.842,22.222,5.451,3.721,5.845,21.179,5.901,4.178,1.587,5.21,2,8,8.333,33.333,12.0,12.0,154.0,539.0,62.4,56.8,50.0,56.0,56.3
72898514,2019,WT Root,Glamorgan,2019,17,10,478,818,28.118,126,False,126,1,1,58.435,63,0,252,52.72,7.702,29.934,Middle order,100.0,5.0,0.0,100.0,0.0,0.0,9.31,11.785,7.672,4.112,50.418,4.248,3.695,2.689,9.065,4.523,3.807,4.246,3.308,1,4,5.882,23.529,6.0,11.0,241.0,237.0,54.9,56.6,44.1,36.6,48.0
49299473,2014,AJ Ball,Kent,2014,9,6,254,551,36.286,50,False,50,0,1,46.098,39,0,156,61.417,7.078,19.141,Lower order,88.889,8.0,0.0,0.0,11.111,88.889,10.342,7.218,13.491,-6.273,35.039,5.002,3.695,2.571,8.821,5.298,3.986,4.027,3.364,0,4,0.0,44.444,4.0,5.0,89.0,165.0,62.6,56.7,19.9,77.9,54.3
9789e56e,2018,LM Reece,Derbyshire,2018,11,6,349,747,34.9,157,True,157*,1,1,46.72,39,1,162,46.418,5.355,26.45,Opener,100.0,2.0,100.0,0.0,0.0,0.0,11.919,18.298,3.741,14.557,86.246,5.82,3.689,5.988,15.982,6.444,3.972,9.663,1.896,2,2,18.182,18.182,6.0,5.0,301.0,48.0,75.2,56.6,81.9,30.1,61.0
f1ba9ed7,2018,JAR Harris,Middlesex,2018,19,10,387,996,32.25,79,True,79*,0,3,38.855,49,0,196,50.646,4.92,20.169,Lower order,73.684,8.0,0.0,0.0,26.316,73.684,8.558,5.87,10.461,-4.591,28.424,4.224,3.685,3.642,10.922,4.626,3.991,2.54,4.508,2,8,10.526,42.105,8.0,11.0,110.0,277.0,48.6,56.5,57.3,73.4,59.0
97e434a6,2018,DP Sibley,Warwickshire,2018,23,14,777,1825,37.0,144,True,144*,4,1,42.575,82,0,328,42.214,4.493,25.76,Opener,100.0,2.0,100.0,0.0,0.0,0.0,11.351,9.775,12.632,-2.857,38.61,6.429,3.68,6.173,16.391,6.898,3.954,3.384,3.975,4,9,17.391,39.13,12.0,11.0,300.0,477.0,71.0,56.4,79.8,68.9,69.0
90f47cf2,2017,MH Wessels,Nottinghamshire,2017,17,13,815,1155,50.938,202,True,202*,3,2,70.563,108,14,516,63.313,10.563,28.945,All-rounder / keeper,82.353,6.0,0.0,17.647,82.353,0.0,13.502,18.123,7.546,10.577,75.583,6.896,3.676,7.524,25.062,7.394,3.995,6.383,2.255,5,8,29.412,47.059,10.0,7.0,616.0,199.0,84.6,56.4,95.8,82.3,79.8
9f812582,2024,LPJ Kimber,Leicestershire,2024,21,13,629,751,33.105,243,False,243,1,1,83.755,77,26,464,73.768,13.715,25.463,All-rounder / keeper,47.619,6.0,0.0,42.857,47.619,9.524,9.496,6.832,11.477,-4.645,30.684,4.141,3.675,4.795,18.724,4.423,3.884,2.925,3.675,1,4,4.762,19.048,10.0,11.0,193.0,436.0,56.2,56.3,40.9,31.0,46.1
bf64dc29,2022,KD Petersen,Durham,2022,11,6,287,616,31.889,78,False,78,0,2,46.591,28,1,118,41.115,4.708,28.79,Middle order,100.0,3.0,0.0,100.0,0.0,0.0,8.753,9.466,8.094,1.372,51.916,4.383,3.673,1.807,7.815,4.649,3.9,3.562,3.785,0,5,0.0,45.455,6.0,5.0,149.0,138.0,50.4,56.2,19.9,79.8,51.6
18c78b11,2016,RE Levi,Northamptonshire,2016,13,9,416,594,32.0,104,False,104,1,1,70.034,60,0,240,57.692,10.101,32.959,Middle order,92.308,5.0,0.0,92.308,7.692,0.0,10.479,14.439,6.617,7.822,68.029,4.484,3.671,3.234,10.166,4.823,3.869,6.619,2.946,2,6,15.385,46.154,6.0,7.0,283.0,133.0,63.9,56.2,73.3,81.2,68.6
a4e2bf36,2015,MAG Boyce,Leicestershire,2015,12,6,260,698,21.667,60,False,60,0,2,37.249,33,0,132,50.769,4.728,19.248,Opener,100.0,1.5,100.0,0.0,0.0,0.0,10.412,6.78,11.688,-4.909,16.923,4.682,3.669,3.221,10.837,5.048,4.011,2.982,4.709,2,5,16.667,41.667,4.0,8.0,44.0,216.0,63.3,56.1,77.3,72.8,67.4
d74ce089,2026,DJ Ahmed,Gloucestershire,2026,10,5,178,396,17.8,51,False,51,0,1,44.949,25,2,112,62.921,6.818,17.886,All-rounder / keeper,60.0,7.0,0.0,0.0,60.0,40.0,7.289,2.385,8.698,-6.313,7.303,4.069,3.661,3.007,8.98,4.356,4.013,1.189,3.991,1,3,10.0,30.0,2.0,8.0,13.0,165.0,39.0,56.0,55.6,48.5,49.8
ab474682,2015,SJ Croft,Lancashire,2015,19,13,638,1300,33.579,122,False,122,2,3,49.077,77,2,320,50.157,6.077,26.044,Middle order,94.737,5.0,0.0,94.737,5.263,0.0,10.198,10.138,10.268,-0.13,53.135,5.29,3.659,4.402,15.783,5.77,3.863,3.37,5.268,3,6,15.789,31.579,10.0,9.0,339.0,299.0,61.4,56.0,74.3,51.8,60.9
c16d4035,2017,SW Billings,Kent,2017,8,6,262,335,43.667,70,True,70*,0,1,78.209,45,1,186,70.992,13.731,26.298,Middle order,62.5,5.0,0.0,62.5,25.0,12.5,10.246,5.689,15.233,-9.545,29.008,4.518,3.652,2.749,8.456,4.844,3.864,2.148,7.246,1,3,12.5,37.5,3.0,5.0,76.0,186.0,61.6,55.9,64.0,65.3,61.7
d510d457,2018,EJH Eckersley,Leicestershire,2018,10,6,203,454,20.3,74,False,74,0,2,44.714,25,0,100,49.261,5.507,24.009,All-rounder / keeper,80.0,6.0,0.0,20.0,80.0,0.0,9.99,13.294,8.339,4.954,44.335,4.953,3.65,4.643,12.171,5.383,3.975,6.858,1.859,1,4,10.0,40.0,3.0,7.0,90.0,113.0,59.5,55.8,55.6,70.3,60.3
611926bc,2015,GR Napier,Essex,2015,17,12,363,467,22.688,73,False,73,0,2,77.73,47,9,242,66.667,11.991,29.44,Lower order,100.0,8.0,0.0,0.0,0.0,100.0,7.341,9.763,5.538,4.225,56.749,3.346,3.649,2.485,7.994,3.555,3.841,3.753,1.858,2,6,11.765,35.294,8.0,9.0,206.0,157.0,39.4,55.8,60.7,61.2,54.3
e22d3b5c,2016,RI Keogh,Northamptonshire,2016,15,10,471,891,31.4,154,False,154,1,2,52.862,64,3,274,58.174,7.52,23.908,Middle order,93.333,4.0,0.0,93.333,6.667,0.0,9.481,6.342,14.185,-7.843,40.127,4.539,3.648,3.806,12.769,4.779,3.917,2.699,6.444,1,6,6.667,40.0,10.0,5.0,189.0,282.0,56.0,55.7,45.9,70.3,57.0
c16d4035,2015,SW Billings,Kent,2015,15,9,412,638,31.692,100,True,100*,1,1,64.577,59,2,248,60.194,9.561,28.423,All-rounder / keeper,93.333,7.0,0.0,0.0,93.333,6.667,10.259,9.763,10.881,-1.118,52.913,4.848,3.647,3.519,11.442,5.182,3.957,5.254,3.552,2,5,13.333,33.333,7.0,8.0,218.0,194.0,61.8,55.6,67.0,56.0,60.1
83e74e91,2014,TC Fell,Worcestershire,2014,20,11,563,1320,29.632,133,False,133,2,1,42.652,68,1,278,49.378,5.227,22.782,Middle order,100.0,3.0,0.0,100.0,0.0,0.0,9.652,7.373,12.785,-5.412,44.227,4.945,3.636,4.869,16.429,5.232,3.857,1.654,4.555,2,7,10.0,35.0,11.0,9.0,249.0,314.0,57.2,55.6,55.6,60.4,57.2
b7a6a60b,2018,KA Bull,Glamorgan,2018,6,3,71,372,23.667,30,False,30,0,0,19.086,7,0,28,39.437,1.882,11.781,Lower order,100.0,9.5,0.0,0.0,0.0,100.0,6.043,6.941,2.767,4.175,90.141,2.844,3.632,1.569,3.861,3.03,3.913,3.747,1.037,0,0,0.0,0.0,4.0,2.0,64.0,7.0,28.6,55.5,19.9,5.8,27.4
c1a89821,2019,NRT Gubbins,Middlesex,2019,22,12,517,1187,23.5,91,False,91,0,3,43.555,74,2,308,59.574,6.403,18.812,Middle order,59.091,3.0,40.909,59.091,0.0,0.0,9.325,9.99,8.557,1.433,57.447,4.643,3.628,3.823,13.273,4.933,3.829,4.775,2.948,2,10,9.091,45.455,13.0,9.0,297.0,220.0,55.1,55.4,52.5,79.8,60.7
5bfdc77a,2023,James Bracey,Gloucestershire,2023,23,13,483,874,21.955,60,True,60*,0,3,55.263,68,0,272,56.315,7.78,26.179,Middle order,52.174,5.0,0.0,52.174,47.826,0.0,7.534,6.422,8.595,-2.173,41.615,3.807,3.628,1.968,7.669,4.068,3.858,2.904,3.846,0,5,0.0,21.739,11.0,12.0,201.0,282.0,41.0,55.4,19.9,33.8,37.5
6843a783,2024,Shan Masood,Yorkshire,2024,12,8,520,697,47.273,140,False,140,2,1,74.605,67,6,304,58.462,10.473,34.615,Middle order,100.0,3.0,0.0,100.0,0.0,0.0,13.581,6.002,17.18,-11.179,14.231,5.743,3.621,5.623,16.228,6.101,3.797,3.058,4.833,3,4,25.0,33.333,3.0,9.0,74.0,446.0,84.8,55.3,92.1,56.0,72.0
ed47cb25,2021,LP Goldsworthy,Somerset,2021,9,6,201,492,25.125,48,False,48,0,0,40.854,28,0,112,55.721,5.691,19.181,All-rounder / keeper,66.667,6.0,0.0,33.333,66.667,0.0,7.075,7.381,6.614,0.768,62.687,3.731,3.619,3.086,8.412,3.958,3.893,3.682,3.556,0,2,0.0,22.222,5.0,4.0,126.0,75.0,37.4,55.2,19.9,34.6,36.8
be768595,2018,MJ Cosgrove,Leicestershire,2018,18,11,376,741,20.889,75,False,75,0,3,50.742,49,0,196,52.128,6.613,26.012,Middle order,100.0,4.0,0.0,100.0,0.0,0.0,8.91,7.673,10.059,-2.386,41.489,3.982,3.618,2.835,8.482,4.327,3.957,3.173,4.079,2,5,11.111,27.778,7.0,11.0,156.0,220.0,51.9,55.2,58.7,43.8,52.4
4a461c24,2014,LA Dawson,Hampshire,2014,18,10,354,825,20.824,64,False,64,0,1,42.909,36,1,150,42.373,4.485,25.888,Middle order,100.0,3.0,0.0,100.0,0.0,0.0,6.91,7.607,6.183,1.424,56.215,3.792,3.617,2.556,8.981,4.047,3.833,3.258,3.617,1,5,5.556,27.778,10.0,8.0,199.0,155.0,36.1,55.1,43.1,43.8,44.5
74a274cc,2022,TG Helm,Middlesex,2022,8,7,207,334,51.75,51,False,51,0,2,61.976,17,5,98,47.343,6.587,34.936,Lower order,87.5,9.0,0.0,0.0,12.5,87.5,7.261,7.304,7.198,0.106,59.42,3.217,3.616,2.488,5.834,3.402,3.92,3.04,5.01,0,2,0.0,25.0,5.0,3.0,123.0,84.0,38.8,55.0,19.9,39.2,38.2
1957c6b7,2018,LWP Wells,Sussex,2018,22,13,494,1188,23.524,102,True,102*,1,3,41.582,63,4,276,55.87,5.64,19.447,Opener,77.273,1.0,77.273,22.727,0.0,0.0,8.7,8.343,9.027,-0.684,45.749,4.898,3.614,4.211,14.2,5.251,4.097,4.368,3.614,2,6,9.091,27.273,9.0,13.0,226.0,268.0,49.9,55.0,52.5,42.9,50.1
9fd3a210,2026,Zafar Gohar,Middlesex,2026,18,11,481,875,30.062,95,False,95,0,4,54.971,50,5,230,47.817,6.286,30.61,Lower order,100.0,8.0,0.0,0.0,0.0,100.0,9.519,6.331,13.368,-7.037,36.383,4.008,3.611,3.743,12.413,4.306,3.896,3.289,3.717,3,6,16.667,33.333,10.0,8.0,175.0,306.0,56.2,54.9,77.3,56.0,61.1
f54dbda7,2026,WMH Rhodes,Durham,2026,11,7,300,703,27.273,62,False,62,0,2,42.674,25,0,100,33.333,3.556,29.499,Middle order,100.0,3.0,0.0,100.0,0.0,0.0,8.385,8.525,8.188,0.337,59.333,4.495,3.594,2.45,9.169,4.84,4.088,3.919,3.594,0,2,0.0,18.182,6.0,5.0,178.0,122.0,46.9,54.8,19.9,30.1,37.9
07c8a2f4,2026,LA Procter,Northamptonshire,2026,19,12,626,1315,34.778,261,True,261*,1,1,47.605,81,2,336,53.674,6.312,23.539,Opener,100.0,2.0,100.0,0.0,0.0,0.0,10.672,3.073,18.081,-15.008,14.217,5.243,3.587,6.365,23.408,5.654,3.849,1.209,6.124,2,7,10.526,36.842,9.0,10.0,89.0,537.0,65.3,54.8,57.3,63.7,60.3
d510d457,2015,EJH Eckersley,Leicestershire,2015,29,15,632,1284,21.793,147,False,147,1,2,49.221,87,0,348,55.063,6.776,23.726,Middle order,79.31,3.0,20.69,79.31,0.0,0.0,9.214,11.93,6.177,5.754,68.354,4.257,3.585,3.405,11.246,4.69,3.851,5.876,2.373,4,10,13.793,34.483,16.0,13.0,432.0,200.0,54.1,54.7,68.5,59.3,59.2
dfc3f02d,2024,OJ Price,Gloucestershire,2024,21,13,616,1418,30.8,147,False,147,1,4,43.441,76,3,322,52.273,5.571,21.957,Middle order,100.0,3.0,0.0,100.0,0.0,0.0,9.287,9.944,8.592,1.352,55.032,5.508,3.577,6.007,21.577,5.835,3.71,3.577,3.616,4,5,19.048,23.81,11.0,10.0,339.0,277.0,54.7,54.6,83.8,37.1,57.6
d6663a9a,2022,EJ Pollock,Worcestershire,2022,20,13,645,793,32.25,113,False,113,2,3,81.337,89,16,452,70.078,13.241,28.052,Opener,100.0,1.0,100.0,0.0,0.0,0.0,10.586,6.26,15.063,-8.803,30.078,5.271,3.575,4.569,14.119,5.546,3.751,3.179,8.632,2,7,10.0,35.0,10.0,10.0,194.0,451.0,64.7,54.6,55.6,60.4,58.8
8af86756,2019,BC Brown,Sussex,2019,22,14,812,1315,42.737,156,False,156,3,3,61.749,100,3,418,51.478,7.833,32.508,All-rounder / keeper,90.909,6.0,0.0,9.091,90.909,0.0,13.344,11.129,14.935,-3.806,34.852,5.907,3.572,5.449,15.243,6.347,3.831,4.151,2.993,3,8,13.636,36.364,10.0,12.0,283.0,529.0,83.3,54.5,68.0,62.9,67.2
5bdcdb72,2015,TM Dilshan,Derbyshire,2015,6,3,69,115,17.25,27,True,27*,0,0,60.0,9,1,42,60.87,8.696,25.714,Middle order,100.0,4.0,0.0,100.0,0.0,0.0,5.897,8.647,5.088,3.558,33.333,3.148,3.571,1.366,4.252,3.399,3.918,3.571,2.936,0,2,0.0,33.333,2.0,4.0,23.0,46.0,27.4,54.4,19.9,56.0,39.4
01561e94,2024,N Fernandes,Middlesex,2024,12,8,354,762,29.5,103,False,103,1,1,46.457,41,2,176,49.718,5.643,24.757,All-rounder / keeper,50.0,5.5,41.667,8.333,50.0,0.0,8.461,7.594,9.654,-2.06,51.977,4.362,3.569,2.813,9.321,4.598,3.823,3.717,3.42,0,3,0.0,25.0,7.0,5.0,184.0,170.0,47.5,54.4,19.9,39.2,40.2
6feb46a4,2021,LD McManus,Hampshire,2021,12,10,305,709,30.5,91,False,91,0,2,43.018,39,1,162,53.115,5.642,21.375,All-rounder / keeper,83.333,7.0,0.0,0.0,83.333,16.667,8.166,4.061,12.182,-8.122,24.59,3.601,3.563,3.298,9.868,3.891,4.003,3.519,3.608,3,4,25.0,33.333,6.0,6.0,75.0,230.0,45.0,54.3,92.1,56.0,61.8
d4f9dbd4,2017,CA Pujara,Nottinghamshire,2017,12,8,333,716,27.75,112,False,112,1,1,46.508,41,0,164,49.249,5.726,25.037,Middle order,100.0,3.0,0.0,100.0,0.0,0.0,8.688,11.707,5.278,6.429,71.471,4.428,3.559,4.33,13.827,4.773,3.771,4.591,1.343,0,6,0.0,50.0,7.0,5.0,238.0,95.0,49.7,54.3,19.9,86.5,52.6
e68dd455,2016,JS Foster,Essex,2016,16,13,543,798,41.769,113,False,113,1,3,68.045,62,9,302,55.617,8.897,33.15,Lower order,87.5,8.0,0.0,0.0,12.5,87.5,8.42,8.1,8.801,-0.7,52.302,4.093,3.556,2.654,9.75,4.361,3.825,3.556,3.434,0,5,0.0,31.25,9.0,7.0,284.0,259.0,47.1,54.2,19.9,51.1,43.1
7e4c8ba3,2022,SA Northeast,Glamorgan,2022,24,14,1189,1762,59.45,410,True,410*,2,5,67.48,138,7,594,49.958,8.229,36.797,Middle order,100.0,4.0,0.0,100.0,0.0,0.0,15.862,11.715,19.528,-7.813,34.651,6.779,3.553,6.812,26.248,7.155,3.723,3.546,7.25,5,11,20.833,45.833,12.0,12.0,412.0,777.0,93.3,54.1,86.6,80.5,78.6
83e74e91,2017,TC Fell,Worcestershire,2017,20,10,299,622,15.737,47,False,47,0,0,48.071,45,0,180,60.201,7.235,20.624,Middle order,95.0,3.0,0.0,95.0,5.0,0.0,6.022,6.063,5.959,0.104,61.538,3.23,3.548,1.826,5.807,3.46,3.74,3.801,3.078,2,5,10.0,25.0,12.0,8.0,184.0,115.0,28.5,54.0,55.6,39.2,44.3
806c4e58,2026,CP Jewell,Derbyshire,2026,17,10,380,786,22.353,94,False,94,0,2,48.346,49,0,196,51.579,6.234,24.966,Opener,64.706,2.0,64.706,35.294,0.0,0.0,8.623,11.158,4.947,6.211,76.579,5.356,3.548,5.557,19.835,5.712,3.738,4.014,2.057,3,5,17.647,29.412,9.0,8.0,291.0,89.0,49.1,54.1,80.7,47.4,57.8
fd8a9b23,2019,GH Rhodes,Leicestershire/Worcestershire,2019,12,6,187,539,18.7,61,True,61*,0,1,34.694,28,0,112,59.893,5.195,14.677,Middle order,100.0,4.5,0.0,100.0,0.0,0.0,7.73,9.187,4.3,4.888,83.422,4.312,3.547,4.193,11.434,4.608,3.768,4.746,2.249,1,3,8.333,25.0,8.0,4.0,156.0,31.0,42.5,53.9,50.0,39.2,46.4
1179469b,2015,FK Cowdrey,Kent,2015,7,4,121,230,17.286,54,False,54,0,1,52.609,16,1,70,57.851,7.391,23.944,Middle order,85.714,5.0,0.0,85.714,14.286,0.0,7.601,9.69,4.061,5.629,80.165,3.265,3.546,2.12,5.338,3.499,3.779,4.952,1.577,0,1,0.0,14.286,4.0,3.0,97.0,24.0,41.5,53.9,19.9,23.0,34.6
1f28c0f2,2019,RI Newton,Northamptonshire,2019,19,10,396,815,23.294,105,False,105,1,1,48.589,48,1,198,50.0,6.012,25.849,Opener,94.737,2.0,94.737,0.0,5.263,0.0,7.394,4.638,10.011,-5.373,30.556,3.858,3.541,2.546,8.344,4.059,3.737,2.314,4.618,2,6,10.526,31.579,10.0,9.0,121.0,275.0,39.7,53.8,57.3,51.8,50.7
5239d782,2019,NL Buck,Northamptonshire,2019,11,8,277,361,39.571,53,False,53,0,3,76.731,44,4,200,72.202,13.296,24.601,Lower order,81.818,10.0,0.0,9.091,9.091,81.818,6.965,4.879,9.529,-4.65,38.628,3.285,3.537,3.303,10.429,3.443,3.728,0.627,3.813,0,3,0.0,27.273,6.0,5.0,107.0,170.0,36.7,53.7,19.9,42.9,38.3
47f7b2cf,2022,RG White,Middlesex,2022,9,6,263,647,29.222,81,False,81,0,2,40.649,23,3,110,41.825,4.019,24.638,Middle order,100.0,4.0,0.0,100.0,0.0,0.0,10.123,14.276,4.82,9.456,79.087,4.286,3.536,4.087,11.987,4.457,3.72,4.551,1.695,0,3,0.0,33.333,5.0,4.0,208.0,55.0,60.8,53.7,19.9,56.0,47.6
766a651d,2026,RM Edavalath,Worcestershire,2026,6,4,123,302,20.5,63,False,63,0,1,40.728,20,0,80,65.041,6.623,15.248,Middle order,100.0,3.0,0.0,100.0,0.0,0.0,8.638,8.062,9.114,-1.052,42.276,4.307,3.534,4.096,9.438,4.572,3.697,5.371,3.243,0,1,0.0,16.667,3.0,3.0,52.0,71.0,49.2,53.6,19.9,27.3,37.5
76cb1a7f,2026,SD Robson,Middlesex,2026,21,11,585,1160,27.857,162,False,162,1,2,50.431,77,0,308,52.65,6.638,25.577,Opener,100.0,1.0,100.0,0.0,0.0,0.0,10.319,8.66,12.07,-3.41,43.077,5.184,3.528,4.173,15.866,5.535,3.914,3.648,3.503,2,7,9.524,33.333,11.0,10.0,252.0,333.0,62.4,53.5,54.0,56.0,56.5
9f812582,2022,LPJ Kimber,Leicestershire,2022,19,11,503,977,26.474,104,False,104,1,3,51.484,72,5,318,63.221,7.881,20.556,Middle order,84.211,4.0,10.526,84.211,5.263,0.0,8.985,10.36,7.829,2.531,52.684,3.975,3.519,2.775,9.577,4.34,3.765,5.533,2.928,2,5,10.526,26.316,9.0,10.0,265.0,238.0,52.6,53.5,57.3,41.5,51.2
83e74e91,2019,TC Fell,Worcestershire,2019,7,4,136,331,19.429,40,False,40,0,0,41.088,23,0,92,67.647,6.949,14.286,Opener,100.0,2.0,100.0,0.0,0.0,0.0,7.843,7.602,8.077,-0.475,47.794,4.046,3.518,1.902,6.575,4.339,3.807,3.518,4.574,2,3,28.571,42.857,4.0,3.0,65.0,71.0,43.4,53.3,95.2,74.8,66.7
9e1b7792,2024,EJ Byrom,Glamorgan,2024,12,6,325,634,27.083,86,False,86,0,1,51.262,52,3,226,69.538,8.675,17.098,Opener,100.0,1.0,100.0,0.0,0.0,0.0,8.911,7.031,10.592,-3.561,37.231,5.057,3.518,3.978,13.078,5.34,3.612,3.529,3.507,1,3,8.333,25.0,6.0,6.0,121.0,204.0,52.0,53.4,50.0,39.2,48.7
e68dd455,2015,JS Foster,Essex,2015,21,14,632,1301,33.263,98,False,98,0,5,48.578,83,3,350,55.38,6.61,23.21,All-rounder / keeper,52.381,7.0,0.0,28.571,52.381,19.048,10.396,12.204,8.987,3.217,51.424,5.047,3.504,3.555,11.641,5.429,3.795,2.825,4.176,2,7,9.524,33.333,10.0,11.0,325.0,307.0,63.2,53.2,54.0,56.0,56.6
4531f249,2022,RK Patel,Leicestershire,2022,15,8,418,976,27.867,99,False,99,0,3,42.828,60,4,264,63.158,6.557,16.886,Middle order,53.333,3.0,46.667,53.333,0.0,0.0,9.815,9.071,10.647,-1.576,48.804,4.455,3.504,2.896,9.466,4.898,3.718,3.504,4.562,2,5,13.333,33.333,8.0,7.0,204.0,214.0,58.1,53.3,67.0,56.0,58.6
867a45a7,2021,TAI Taylor,Northamptonshire,2021,6,3,77,129,12.833,25,False,25,0,0,59.69,9,2,48,62.338,8.527,24.576,Lower order,100.0,8.0,0.0,0.0,0.0,100.0,7.163,7.505,6.873,0.632,48.052,3.323,3.501,0.553,3.764,3.58,3.851,3.764,3.102,0,1,0.0,16.667,2.0,4.0,37.0,40.0,38.2,53.1,19.9,27.3,34.6
efe3fcc5,2021,R Vasconcelos,Northamptonshire,2021,8,4,129,269,16.125,37,False,37,0,0,47.955,20,0,80,62.016,7.435,19.679,Opener,100.0,1.0,100.0,0.0,0.0,0.0,8.664,6.946,11.34,-4.394,48.837,3.727,3.5,2.415,6.893,4.02,3.726,3.5,3.953,0,2,0.0,25.0,4.0,4.0,63.0,66.0,49.4,53.1,19.9,39.2,40.4
961b8ff1,2021,TP Alsop,Hampshire,2021,16,10,455,1011,32.5,149,False,149,2,0,45.005,67,0,268,58.901,6.627,19.809,Middle order,100.0,3.0,0.0,100.0,0.0,0.0,10.744,12.12,9.342,2.778,56.923,5.331,3.497,4.49,15.096,5.704,3.828,5.481,2.312,2,5,12.5,31.25,7.0,9.0,259.0,196.0,66.2,53.0,64.0,51.1,58.6
ae01eb1e,2019,HR Hosein,Derbyshire,2019,21,12,550,1109,30.556,91,True,91*,0,5,49.594,61,0,244,44.364,5.5,29.198,All-rounder / keeper,90.476,6.0,0.0,4.762,90.476,4.762,9.073,8.787,9.464,-0.677,56.0,4.764,3.494,4.456,14.941,5.05,3.646,2.919,3.85,2,6,9.524,28.571,12.0,9.0,308.0,242.0,53.3,52.9,54.0,45.6,51.4
1066a976,2018,AL Hughes,Derbyshire,2018,21,11,446,953,22.3,75,False,75,0,3,46.8,67,2,280,62.78,7.24,18.778,Middle order,100.0,4.0,0.0,100.0,0.0,0.0,8.554,7.456,10.161,-2.704,51.794,4.929,3.492,4.102,11.319,5.438,3.788,2.659,3.981,3,7,14.286,33.333,12.0,9.0,231.0,215.0,48.5,52.9,70.0,56.0,56.8
8d92a2c3,2017,MA Wood,Durham,2017,6,4,163,214,40.75,72,True,72*,0,1,76.168,28,0,112,68.712,13.084,27.419,Lower order,100.0,9.0,0.0,0.0,0.0,100.0,9.988,15.136,5.355,9.781,71.779,4.515,3.484,3.784,9.938,4.932,3.772,6.831,2.199,1,2,16.667,33.333,3.0,3.0,117.0,46.0,59.5,52.8,77.3,56.0,61.4
f6c84b9f,2015,SJ Thakor,Derbyshire,2015,15,11,347,589,24.786,83,False,83,0,1,58.913,53,1,218,62.824,9.168,24.112,All-rounder / keeper,86.667,6.0,0.0,6.667,86.667,6.667,8.536,6.646,10.238,-3.593,36.888,3.23,3.482,2.563,6.677,3.54,3.913,1.493,4.348,1,6,6.667,40.0,8.0,7.0,128.0,219.0,48.3,52.7,45.9,70.3,54.3
211de69f,2022,Azhar Ali,Worcestershire,2022,16,11,656,1386,41.0,225,False,225,1,3,47.33,82,1,334,50.915,5.988,24.712,Middle order,100.0,3.0,0.0,100.0,0.0,0.0,12.182,15.896,8.38,7.515,66.006,5.885,3.478,7.364,25.14,6.248,3.82,5.18,1.649,1,5,6.25,31.25,8.0,8.0,433.0,223.0,77.2,52.7,45.1,51.1,56.5
e01aafc1,2015,AN Petersen,Lancashire,2015,17,11,434,822,27.125,115,False,115,1,1,52.798,57,0,228,52.535,6.934,26.928,Middle order,100.0,3.0,0.0,100.0,0.0,0.0,7.835,6.639,9.185,-2.546,44.931,3.968,3.477,3.253,12.086,4.312,3.634,2.74,4.327,2,4,11.765,23.529,9.0,8.0,195.0,239.0,43.3,52.6,60.7,36.6,48.3
a4b810d0,2023,MJ Waite,Worcestershire,2023,20,11,565,806,35.312,109,True,109*,1,3,70.099,69,10,336,59.469,9.801,31.499,All-rounder / keeper,75.0,7.0,0.0,0.0,75.0,25.0,11.235,9.26,12.708,-3.448,35.221,5.244,3.476,3.217,9.911,5.58,3.713,3.251,8.195,4,9,20.0,45.0,11.0,9.0,199.0,366.0,69.6,52.5,85.3,78.9,71.6
94eac556,2017,CJ McKay,Leicestershire,2017,14,8,241,370,21.909,41,True,41*,0,0,65.135,34,3,154,63.9,10.0,26.126,Lower order,92.857,10.0,0.0,0.0,7.143,92.857,7.359,6.307,8.426,-2.119,43.154,3.448,3.475,2.356,7.23,3.719,3.717,2.172,3.954,1,4,7.143,28.571,7.0,7.0,104.0,137.0,39.5,52.5,46.9,45.6,46.1
75cbed9b,2019,SS Eskinazi,Middlesex,2019,19,10,362,692,19.053,75,False,75,0,1,52.312,59,0,236,65.193,8.526,19.905,Middle order,63.158,3.0,36.842,63.158,0.0,0.0,7.57,10.284,4.012,6.272,77.072,4.073,3.474,2.965,10.741,4.294,3.715,5.159,2.46,3,7,15.789,36.842,12.0,7.0,279.0,83.0,41.3,52.4,74.3,63.7,57.9
ea27a674,2016,AJ Blake,Kent,2016,10,7,268,424,38.286,89,True,89*,0,2,63.208,33,5,162,60.448,8.962,27.461,Middle order,50.0,5.5,0.0,50.0,50.0,0.0,7.549,5.988,9.867,-3.879,47.388,3.571,3.467,2.507,7.879,3.795,3.714,2.697,3.467,1,2,10.0,20.0,5.0,5.0,127.0,141.0,41.1,52.3,55.6,32.0,45.2
0c7f11be,2015,DL Lloyd,Glamorgan,2015,17,11,492,657,41.0,92,False,92,0,3,74.886,73,3,310,63.008,11.568,31.325,Lower order,64.706,8.0,0.0,17.647,17.647,64.706,9.768,3.455,12.312,-8.857,10.163,4.555,3.466,4.044,15.082,4.957,3.757,1.661,4.91,1,4,5.882,23.529,5.0,12.0,50.0,442.0,57.9,52.3,44.1,36.6,47.7
9e707e02,2021,KS Carlson,Glamorgan,2021,7,4,138,267,19.714,69,False,69,0,1,51.685,17,0,68,49.275,6.367,28.0,Middle order,100.0,5.0,0.0,100.0,0.0,0.0,7.616,5.596,8.826,-3.23,27.536,3.459,3.463,1.237,4.95,3.647,3.66,2.836,4.083,0,2,0.0,28.571,4.0,3.0,38.0,100.0,41.6,52.2,19.9,45.6,39.8
6c79c098,2014,DA Payne,Gloucestershire,2014,8,5,156,233,26.0,54,True,54*,0,1,66.953,17,4,92,58.974,9.013,30.189,Lower order,100.0,10.0,0.0,0.0,0.0,100.0,6.486,6.918,6.331,0.587,28.205,3.051,3.456,2.156,5.521,3.243,3.685,3.456,3.14,2,3,25.0,37.5,2.0,6.0,44.0,112.0,32.5,52.1,92.1,65.3,60.5
3644da6d,2025,BJ Dawkins,Kent,2025,6,4,172,360,34.4,61,False,61,0,2,47.778,21,3,102,59.302,6.667,20.833,Opener,66.667,2.0,66.667,16.667,16.667,0.0,11.338,10.933,47.059,-36.125,95.349,4.299,3.454,3.98,9.524,4.693,3.693,5.227,1.681,0,3,0.0,50.0,5.0,1.0,164.0,8.0,70.7,52.1,19.9,86.5,57.3
0df43caf,2026,JP Phillips,Gloucestershire,2026,16,8,258,657,16.125,64,False,64,0,1,39.269,33,0,132,51.163,5.023,20.192,Opener,75.0,2.0,75.0,25.0,0.0,0.0,6.703,9.862,4.639,5.223,58.14,3.418,3.451,2.36,7.559,3.644,3.749,4.026,1.897,1,3,6.25,18.75,6.0,10.0,150.0,108.0,34.1,52.0,45.1,30.7,40.5
8d1dad51,2018,A Javid,Leicestershire,2018,6,4,127,320,21.167,58,False,58,0,1,39.688,15,0,60,47.244,4.688,21.967,Opener,50.0,3.0,50.0,16.667,33.333,0.0,8.813,9.143,7.96,1.183,74.803,5.249,3.434,5.241,12.946,5.68,3.707,3.448,3.419,1,3,16.667,50.0,4.0,2.0,95.0,32.0,51.0,51.9,77.3,86.5,66.7
a510bdd3,2019,EG Barnard,Worcestershire,2019,20,12,373,882,20.722,53,True,53*,0,1,42.29,47,1,194,52.011,5.442,21.463,Lower order,50.0,7.5,0.0,10.0,40.0,50.0,7.913,7.616,8.25,-0.635,51.206,4.487,3.428,3.742,15.385,4.881,3.547,2.648,4.871,1,5,5.0,25.0,11.0,9.0,191.0,182.0,43.6,51.9,41.5,39.2,44.0
1cfac535,2014,CP Wood,Hampshire,2014,6,4,132,167,26.4,61,False,61,0,1,79.042,19,1,82,62.121,11.976,34.014,Lower order,100.0,8.0,0.0,0.0,0.0,100.0,6.313,3.193,9.749,-6.555,26.515,3.135,3.427,1.937,5.143,3.306,3.621,1.782,4.489,0,2,0.0,33.333,3.0,3.0,35.0,97.0,31.0,51.8,19.9,56.0,39.7
ffe699c0,2016,CJ Jordan,Sussex,2016,6,4,192,354,48.0,57,True,57*,0,3,54.237,28,0,112,58.333,7.91,24.54,All-rounder / keeper,83.333,7.0,0.0,0.0,83.333,16.667,9.416,15.65,3.226,12.424,82.812,4.716,3.421,4.381,10.819,5.199,3.825,7.881,1.551,1,2,16.667,33.333,3.0,3.0,159.0,33.0,55.4,51.7,77.3,56.0,60.1
344c6d55,2024,JJ Carson,Sussex,2024,18,13,458,644,25.444,97,False,97,0,3,71.118,56,9,278,60.699,10.093,31.088,Lower order,83.333,9.0,0.0,5.556,11.111,83.333,7.066,6.814,7.307,-0.493,47.162,3.897,3.411,3.293,11.545,4.093,3.748,2.803,4.278,1,4,5.556,22.222,8.0,10.0,216.0,242.0,37.2,51.6,43.1,34.6,41.6
1ad0b441,2016,K Noema-Barnett,Gloucestershire,2016,8,5,226,410,28.25,84,False,84,0,2,55.122,29,5,146,64.602,8.293,21.277,All-rounder / keeper,100.0,7.0,0.0,0.0,100.0,0.0,8.165,9.466,5.951,3.515,73.009,3.82,3.411,1.524,6.074,4.046,3.564,4.578,3.065,0,2,0.0,25.0,4.0,4.0,165.0,61.0,44.9,51.7,19.9,39.2,38.9
f3b26fe4,2026,Kashif Ali,Worcestershire,2026,9,5,140,412,15.556,34,False,34,0,0,33.981,17,0,68,48.571,4.126,18.228,Middle order,100.0,3.0,0.0,100.0,0.0,0.0,5.814,5.601,5.932,-0.331,34.286,3.318,3.41,1.84,5.776,3.528,3.594,2.826,4.199,0,1,0.0,11.111,3.0,6.0,48.0,92.0,26.9,51.5,19.9,18.3,29.2
5bfdc77a,2018,James Bracey,Gloucestershire,2018,25,13,632,1606,27.478,120,True,120*,1,2,39.352,77,0,308,48.734,4.795,21.19,Middle order,100.0,3.0,0.0,100.0,0.0,0.0,11.715,13.811,7.464,6.348,78.956,5.32,3.409,4.219,13.523,5.733,3.591,3.409,3.222,3,6,12.0,24.0,13.0,12.0,499.0,133.0,73.6,51.5,61.6,37.3,56.0
f1eb3c73,2022,DMW Rawlins,Sussex,2022,13,8,341,627,26.231,75,False,75,0,2,54.386,45,5,210,61.584,7.974,22.704,All-rounder / keeper,84.615,7.0,0.0,7.692,84.615,7.692,7.413,8.323,6.459,1.864,57.478,3.468,3.405,1.892,6.147,3.689,3.587,4.273,2.839,0,3,0.0,23.077,6.0,7.0,196.0,145.0,39.9,51.4,19.9,35.7,36.7
6b16f8ba,2025,HZ Finch,Kent,2025,23,13,539,1042,25.667,118,False,118,1,4,51.727,75,0,300,55.659,7.198,24.716,All-rounder / keeper,60.87,7.0,21.739,0.0,60.87,17.391,8.645,10.69,6.272,4.418,66.419,3.752,3.404,2.196,8.425,3.991,3.628,3.415,2.463,2,8,8.696,34.783,12.0,11.0,358.0,181.0,49.3,51.3,51.3,59.8,52.9
29ede60b,2019,AL Davies,Lancashire,2019,12,9,427,713,35.583,147,False,147,1,2,59.888,75,0,300,70.258,10.519,19.906,Opener,91.667,2.0,91.667,0.0,0.0,8.333,10.827,6.898,15.309,-8.411,33.958,5.399,3.404,5.168,15.444,5.768,3.548,3.224,3.404,1,4,8.333,33.333,6.0,6.0,145.0,282.0,67.0,51.4,50.0,56.0,56.1
450f6fa6,2017,GG Wagg,Glamorgan,2017,6,3,93,255,18.6,33,True,33*,0,0,36.471,9,0,36,38.71,3.529,23.171,Lower order,83.333,8.5,0.0,0.0,16.667,83.333,7.488,5.868,8.283,-2.415,25.806,3.935,3.399,1.478,5.606,4.166,3.612,2.8,4.502,0,2,0.0,33.333,2.0,4.0,24.0,69.0,40.5,51.2,19.9,56.0,41.9
cd143bca,2014,J Leach,Worcestershire,2014,19,11,447,769,23.526,74,False,74,0,4,58.127,61,5,274,61.298,8.583,24.609,Lower order,57.895,8.0,0.0,0.0,42.105,57.895,7.731,9.239,5.613,3.626,69.799,3.827,3.397,3.092,9.86,4.079,3.666,4.499,1.596,3,7,15.789,36.842,11.0,8.0,312.0,135.0,42.6,51.2,74.3,63.7,58.0
b26b1e3d,2014,BA Godleman,Derbyshire,2014,17,9,418,897,26.125,104,True,104*,1,3,46.6,40,3,178,42.584,4.794,28.103,Opener,100.0,2.0,100.0,0.0,0.0,0.0,9.817,7.354,12.052,-4.698,35.646,4.683,3.392,4.526,14.332,5.09,3.73,2.493,4.467,2,5,11.765,29.412,7.0,10.0,149.0,269.0,58.2,51.1,60.7,47.4,54.4
c9c0fe50,2026,AZ Lees,Durham,2026,19,12,567,1079,29.842,129,False,129,1,2,52.549,72,1,294,51.852,6.766,27.137,Opener,100.0,1.0,100.0,0.0,0.0,0.0,8.936,6.571,11.455,-4.884,37.919,4.986,3.382,4.437,13.35,5.46,3.657,3.382,5.449,1,8,5.263,42.105,10.0,9.0,215.0,352.0,52.1,51.0,42.3,73.4,54.7
4b685e2d,2016,DW Lawrence,Essex,2016,17,13,667,1312,39.235,154,False,154,2,3,50.838,77,3,326,48.876,6.098,27.679,Middle order,82.353,5.0,0.0,82.353,17.647,0.0,10.469,9.783,11.309,-1.526,51.424,5.257,3.382,5.185,18.421,5.649,3.585,5.355,2.99,2,6,11.765,35.294,9.0,8.0,343.0,324.0,63.8,51.0,60.7,61.2,59.2
9c7d7cda,2014,JKH Naik,Leicestershire,2014,20,11,334,740,23.857,59,True,59*,0,1,45.135,41,1,170,50.898,5.676,23.496,Lower order,95.0,8.0,0.0,5.0,0.0,95.0,6.631,6.239,7.124,-0.885,52.395,2.807,3.38,1.624,4.969,2.968,3.603,2.178,4.223,0,3,0.0,15.0,11.0,9.0,175.0,159.0,33.4,50.9,19.9,24.3,32.1
e17d56d1,2026,HJ Cullen,Worcestershire,2026,8,5,185,329,23.125,64,False,64,0,1,56.231,20,2,92,49.73,6.687,30.293,All-rounder / keeper,100.0,6.0,0.0,0.0,100.0,0.0,9.711,11.19,7.574,3.616,68.108,4.412,3.371,3.922,10.821,4.702,3.614,3.371,2.666,1,4,12.5,50.0,5.0,3.0,126.0,59.0,57.6,50.8,64.0,86.5,64.7
4531f249,2024,RK Patel,Leicestershire,2024,22,13,719,1270,35.95,117,False,117,1,3,56.614,106,9,478,66.481,9.055,20.866,Opener,100.0,1.0,100.0,0.0,0.0,0.0,10.812,13.735,8.654,5.081,53.964,4.975,3.369,3.457,11.554,5.287,3.514,3.124,3.731,5,6,22.727,27.273,10.0,12.0,388.0,331.0,66.7,50.8,89.4,42.9,62.4
f6c84b9f,2017,SJ Thakor,Derbyshire,2017,6,3,123,191,24.6,45,False,45,0,0,64.398,17,0,68,55.285,8.901,31.609,Middle order,100.0,3.0,0.0,100.0,0.0,0.0,7.925,5.38,9.674,-4.294,27.642,3.985,3.36,1.707,5.916,4.355,3.571,2.679,4.638,0,3,0.0,50.0,2.0,4.0,34.0,89.0,43.8,50.7,19.9,86.5,50.2
94eac556,2015,CJ McKay,Leicestershire,2015,20,11,407,599,25.438,51,True,51*,0,1,67.947,62,6,284,69.779,11.352,23.164,Lower order,100.0,9.0,0.0,0.0,0.0,100.0,8.518,7.534,9.82,-2.286,50.369,3.676,3.359,1.802,6.073,4.027,3.571,2.744,4.363,2,6,10.0,30.0,12.0,8.0,205.0,202.0,48.1,50.6,55.6,48.5,50.7
bab08c8b,2016,NJ Selman,Glamorgan,2016,15,8,322,728,23.0,101,False,101,1,2,44.231,38,0,152,47.205,5.22,24.638,Opener,93.333,1.0,93.333,6.667,0.0,0.0,8.552,11.639,5.937,5.701,62.422,3.842,3.347,3.988,12.018,4.064,3.504,3.302,3.347,2,4,13.333,26.667,7.0,8.0,201.0,121.0,48.5,50.6,67.0,42.0,52.0
7d7233a9,2025,AW Gorvin,Glamorgan,2025,9,7,222,558,27.75,50,True,50*,0,1,39.785,27,0,108,48.649,4.839,21.469,Lower order,88.889,9.0,0.0,0.0,11.111,88.889,6.713,6.202,8.292,-2.09,69.82,3.866,3.346,2.274,7.246,4.123,3.569,2.177,6.131,0,1,0.0,11.111,7.0,2.0,155.0,67.0,34.2,50.5,19.9,18.3,30.7
6c6aca89,2019,TS Roland-Jones,Middlesex,2019,15,9,272,511,22.667,51,True,51*,0,1,53.229,35,2,152,55.882,7.241,25.316,Lower order,100.0,8.0,0.0,0.0,0.0,100.0,7.109,9.288,5.59,3.697,53.676,3.434,3.339,1.573,6.897,3.66,3.563,4.187,2.587,1,5,6.667,33.333,7.0,8.0,146.0,126.0,37.6,50.4,45.9,56.0,47.5
aa1210d8,2022,CF Parkinson,Leicestershire,2022,23,12,397,1172,23.353,49,False,49,0,0,33.874,37,1,154,38.791,3.242,21.429,Lower order,100.0,9.0,0.0,0.0,0.0,100.0,7.147,6.555,8.264,-1.709,59.95,3.408,3.334,2.454,7.754,3.746,3.604,2.746,3.799,1,5,4.348,21.739,14.0,9.0,238.0,159.0,38.2,50.4,40.3,33.8,40.7
4c0f3806,2018,BA Raine,Leicestershire,2018,12,8,261,421,21.75,47,False,47,0,0,61.995,37,2,160,61.303,9.264,26.44,All-rounder / keeper,50.0,7.5,0.0,0.0,50.0,50.0,8.507,11.299,6.114,5.186,61.303,3.563,3.33,2.263,7.437,3.851,3.58,5.94,1.507,0,4,0.0,33.333,4.0,8.0,160.0,101.0,48.1,50.3,19.9,56.0,43.6
7bcde3fe,2017,AM Rossington,Northamptonshire,2017,11,7,299,457,29.9,112,False,112,1,2,65.427,35,2,152,50.836,8.096,35.0,Middle order,45.455,6.0,0.0,45.455,45.455,9.091,10.264,9.957,10.362,-0.405,23.411,4.423,3.323,3.457,9.699,4.688,3.636,5.761,3.323,0,5,0.0,45.455,3.0,8.0,70.0,229.0,61.8,50.2,19.9,79.8,52.9
4bb5dc96,2017,WA Tavare,Gloucestershire,2017,17,10,422,1053,26.375,101,False,101,1,2,40.076,44,2,188,44.55,4.368,23.237,Middle order,94.118,3.0,5.882,94.118,0.0,0.0,10.188,12.337,7.058,5.279,71.801,4.515,3.323,3.576,10.907,4.799,3.598,4.715,2.387,2,7,11.765,41.176,8.0,9.0,303.0,119.0,61.4,50.2,60.7,72.2,61.1
e9d5218e,2016,MT Coles,Kent,2016,9,8,273,364,30.333,70,False,70,0,2,75.0,31,6,160,58.608,10.165,34.557,Lower order,100.0,9.0,0.0,0.0,0.0,100.0,8.405,8.974,7.703,1.271,58.974,3.567,3.313,2.941,8.092,3.836,3.515,3.779,1.813,0,3,0.0,33.333,5.0,4.0,161.0,112.0,47.1,50.1,19.9,56.0,43.3
28217d89,2023,ML Revis,Yorkshire,2023,15,10,487,838,44.273,106,False,106,2,1,58.115,56,4,248,50.924,7.16,30.72,All-rounder / keeper,80.0,7.0,0.0,6.667,80.0,13.333,9.598,11.676,6.66,5.015,71.253,4.414,3.313,2.577,10.297,4.69,3.555,4.093,3.069,1,3,6.667,20.0,8.0,7.0,347.0,140.0,56.6,50.0,45.9,32.0,46.1
bfc60227,2023,SG Budinger,Leicestershire,2023,20,11,393,521,19.65,72,False,72,0,2,75.432,61,1,250,63.613,11.9,31.155,Opener,100.0,2.0,100.0,0.0,0.0,0.0,6.657,6.928,6.423,0.505,48.092,3.744,3.31,3.076,10.213,4.02,3.502,3.31,3.503,1,5,5.0,25.0,9.0,11.0,189.0,204.0,33.8,50.0,41.5,39.2,41.1
9395f98e,2015,CJ Haggett,Kent,2015,13,9,285,683,23.75,80,False,80,0,2,41.728,38,1,158,55.439,5.71,19.72,Lower order,84.615,8.0,0.0,0.0,15.385,84.615,8.49,6.073,12.092,-6.019,42.807,3.728,3.307,2.996,9.497,3.987,3.488,2.976,3.534,0,4,0.0,30.769,7.0,6.0,122.0,163.0,47.9,49.9,19.9,50.1,41.9
43205dad,2018,HW Podmore,Kent,2018,19,11,264,593,22.0,53,False,53,0,1,44.519,27,1,114,43.182,4.722,26.549,Lower order,100.0,9.0,0.0,0.0,0.0,100.0,6.317,5.275,7.963,-2.687,51.136,2.866,3.306,1.59,5.128,3.079,3.561,2.653,3.306,0,2,0.0,10.526,12.0,7.0,135.0,129.0,31.1,49.8,19.9,17.1,29.5
85dcb721,2022,TJ Moores,Nottinghamshire,2022,17,12,385,764,25.667,81,True,81*,0,1,50.393,48,4,216,56.104,6.806,23.736,All-rounder / keeper,100.0,7.0,0.0,0.0,100.0,0.0,6.419,6.226,6.623,-0.398,49.87,3.165,3.303,1.958,7.452,3.394,3.558,3.471,3.303,0,5,0.0,29.412,10.0,7.0,192.0,193.0,32.2,49.8,19.9,47.4,37.3
ffdba4e2,2025,BG Charlesworth,Gloucestershire,2025,25,14,914,1540,39.739,160,False,160,2,5,59.351,135,7,582,63.676,9.221,23.748,Opener,84.0,2.0,84.0,0.0,16.0,0.0,11.233,10.289,12.064,-1.775,42.888,5.694,3.295,5.064,17.316,6.055,3.512,2.12,4.992,4,9,16.0,36.0,12.0,13.0,392.0,522.0,69.5,49.7,75.0,62.2,64.1
0a7c6649,2024,HRC Came,Derbyshire,2024,14,8,336,871,25.846,84,False,84,0,3,38.576,44,0,176,52.381,5.052,19.347,Opener,92.857,1.0,92.857,7.143,0.0,0.0,10.818,17.823,6.762,11.061,60.417,4.796,3.288,4.037,10.977,5.133,3.417,10.154,1.88,3,6,21.429,42.857,6.0,8.0,203.0,133.0,66.8,49.6,87.7,74.8,69.7
fe0c5457,2019,H Hameed,Lancashire,2019,13,8,302,702,30.2,117,False,117,1,1,43.02,38,2,164,54.305,5.698,20.846,Opener,53.846,2.0,53.846,46.154,0.0,0.0,9.298,4.788,15.177,-10.389,29.139,5.118,3.284,4.698,13.963,5.412,3.477,2.293,7.412,2,6,15.385,46.154,7.0,6.0,88.0,214.0,54.8,49.6,73.3,81.2,64.7
e142c599,2018,Anuj Dal,Derbyshire,2018,6,3,82,216,13.667,23,False,23,0,0,37.963,7,0,28,34.146,3.241,25.837,Lower order,100.0,8.0,0.0,0.0,0.0,100.0,6.298,6.745,6.139,0.605,28.049,3.023,3.283,0.526,3.367,3.325,3.494,3.367,2.85,0,1,0.0,16.667,2.0,4.0,23.0,59.0,30.8,49.5,19.9,27.3,31.9
867a45a7,2026,TAI Taylor,Worcestershire,2026,19,12,307,623,23.615,41,False,41,0,0,49.278,34,6,172,56.026,6.421,23.156,Lower order,100.0,9.0,0.0,0.0,0.0,100.0,6.253,7.001,5.553,1.448,54.072,2.948,3.281,1.644,5.381,3.155,3.474,3.933,2.482,0,3,0.0,15.789,9.0,10.0,166.0,141.0,30.0,49.4,19.9,25.0,31.1
81c42e35,2015,SD Peters,Northamptonshire,2015,16,9,440,821,27.5,82,False,82,0,4,53.593,61,0,244,55.455,7.43,25.789,Opener,100.0,1.0,100.0,0.0,0.0,0.0,8.914,12.214,4.897,7.317,75.227,4.393,3.277,4.161,11.304,4.77,3.493,3.281,0.771,0,4,0.0,25.0,8.0,8.0,331.0,109.0,52.1,49.4,19.9,39.2,40.2
0c7f11be,2025,DL Lloyd,Derbyshire,2025,16,9,377,669,23.562,93,False,93,0,2,56.353,52,3,226,59.947,8.221,24.593,Opener,93.75,1.0,93.75,0.0,0.0,6.25,7.42,8.53,6.347,2.183,56.499,3.583,3.271,2.216,8.501,3.77,3.489,3.37,3.199,0,4,0.0,25.0,8.0,8.0,213.0,164.0,40.0,49.3,19.9,39.2,37.1
ad962377,2018,WR Smith,Durham,2018,17,9,357,808,21.0,90,False,90,0,2,44.183,49,0,196,54.902,6.064,21.212,Middle order,88.235,3.0,11.765,88.235,0.0,0.0,8.353,6.037,11.016,-4.979,38.655,3.931,3.269,3.87,12.115,4.18,3.524,2.857,4.578,2,4,11.765,23.529,10.0,7.0,138.0,219.0,46.6,49.2,60.7,36.6,48.3
b82e3032,2021,J Shaw,Gloucestershire,2021,6,4,105,177,26.25,41,True,41*,0,0,59.322,12,2,60,57.143,7.91,27.607,Lower order,100.0,10.0,0.0,0.0,0.0,100.0,7.114,7.321,6.971,0.35,41.905,2.581,3.254,1.547,3.546,2.831,3.644,1.782,3.38,0,2,0.0,33.333,2.0,4.0,44.0,61.0,37.8,49.2,19.9,56.0,40.7
a6581d15,2025,JK Denly,Kent,2025,13,7,345,554,26.538,74,False,74,0,2,62.274,47,3,206,59.71,9.025,27.579,Opener,61.538,2.0,61.538,23.077,7.692,7.692,8.374,6.424,10.665,-4.241,41.449,4.25,3.247,2.887,8.135,4.57,3.484,2.369,6.499,1,4,7.692,30.769,7.0,6.0,143.0,202.0,46.7,49.1,48.2,50.1,48.5
f32d890a,2022,PJ Malan,Middlesex,2022,6,5,200,415,33.333,93,False,93,0,2,48.193,31,1,130,65.0,7.711,18.277,Middle order,100.0,4.0,0.0,100.0,0.0,0.0,8.309,7.314,8.877,-1.563,32.0,4.448,3.242,5.049,12.67,4.809,3.529,2.691,3.242,0,2,0.0,33.333,2.0,4.0,64.0,136.0,46.2,49.0,19.9,56.0,42.8
c41ba637,2019,HE Dearden,Leicestershire,2019,16,10,337,812,21.062,61,False,61,0,1,41.502,50,1,206,61.128,6.281,17.214,All-rounder / keeper,81.25,6.0,0.0,12.5,81.25,6.25,7.937,6.378,8.94,-2.562,31.454,3.447,3.241,2.152,7.692,3.734,3.47,2.756,3.385,1,4,6.25,25.0,6.0,10.0,106.0,231.0,43.8,49.0,45.1,39.2,44.3
a510bdd3,2016,EG Barnard,Worcestershire,2016,19,11,398,765,24.875,73,False,73,0,2,52.026,53,0,212,53.266,6.928,26.124,Lower order,89.474,9.0,0.0,5.263,5.263,89.474,6.959,5.198,8.705,-3.506,37.186,3.403,3.236,2.881,10.919,3.621,3.548,1.436,3.638,1,2,5.263,10.526,8.0,11.0,148.0,250.0,36.5,48.9,42.3,17.1,36.2
d4eef961,2017,M de Lange,Glamorgan,2017,17,10,254,348,15.875,39,False,39,0,0,72.989,29,8,164,64.567,10.632,28.939,Lower order,100.0,9.0,0.0,0.0,0.0,100.0,6.104,5.088,7.822,-2.734,52.362,2.807,3.233,1.99,5.098,2.964,3.41,1.973,4.323,0,4,0.0,23.529,10.0,7.0,133.0,121.0,28.8,48.8,19.9,36.6,33.5
6b16f8ba,2017,HZ Finch,Sussex,2017,16,9,377,606,26.929,82,False,82,0,3,62.211,55,0,220,58.355,9.076,28.494,Opener,87.5,2.0,87.5,12.5,0.0,0.0,7.543,8.542,6.002,2.54,68.7,3.95,3.228,3.509,9.861,4.251,3.501,4.17,1.837,1,5,6.25,31.25,8.0,8.0,259.0,118.0,41.1,48.8,45.1,51.1,46.5
a316d663,2018,GC Viljoen,Derbyshire,2018,18,10,333,459,20.812,60,True,60*,0,1,72.549,37,14,232,69.67,11.111,24.755,Lower order,100.0,8.0,0.0,0.0,0.0,100.0,7.468,7.042,7.94,-0.897,49.55,3.541,3.227,1.669,6.804,3.868,3.419,3.348,3.106,1,5,5.556,27.778,9.0,9.0,165.0,168.0,40.4,48.7,43.1,43.8,44.0
c5f1d2a1,2016,BT Slater,Derbyshire,2016,13,8,368,758,30.667,110,False,110,1,1,48.549,43,0,172,46.739,5.673,27.413,Opener,84.615,1.0,84.615,0.0,15.385,0.0,8.722,10.586,6.078,4.508,71.196,4.634,3.224,3.588,12.301,4.881,3.431,3.027,3.421,1,3,7.692,23.077,8.0,5.0,262.0,106.0,50.2,48.6,48.2,35.7,45.7
10435ca2,2014,CDJ Dent,Gloucestershire,2014,20,12,410,807,20.5,61,False,61,0,4,50.805,65,1,266,64.878,8.178,19.433,Opener,100.0,2.0,100.0,0.0,0.0,0.0,7.527,4.754,9.512,-4.758,26.341,4.248,3.223,3.162,9.962,4.565,3.401,1.408,4.198,4,6,20.0,30.0,8.0,12.0,108.0,302.0,40.9,48.6,85.3,48.5,55.8
f53d6c10,2014,MD Bates,Hampshire,2014,10,7,181,391,25.857,50,False,50,0,1,46.292,20,0,80,44.199,5.115,27.224,All-rounder / keeper,60.0,7.0,0.0,0.0,60.0,40.0,5.708,6.552,4.811,1.741,59.116,3.12,3.219,2.084,5.694,3.359,3.499,4.201,3.219,0,0,0.0,0.0,5.0,5.0,107.0,74.0,26.3,48.5,19.9,5.8,25.1
e2caec46,2025,GA Bartlett,Northamptonshire,2025,17,10,397,808,26.467,66,False,66,0,3,49.134,40,6,196,49.37,5.693,26.378,Middle order,76.471,3.0,0.0,76.471,11.765,11.765,8.072,9.502,6.511,2.991,61.461,4.157,3.216,2.908,11.077,4.525,3.546,5.037,3.062,2,4,11.765,23.529,9.0,8.0,244.0,153.0,44.4,48.5,60.7,36.6,47.6
d346d939,2014,RA Whiteley,Worcestershire,2014,12,8,214,479,17.833,43,False,43,0,0,44.676,23,8,140,65.421,6.472,16.518,All-rounder / keeper,91.667,6.0,0.0,8.333,91.667,0.0,5.658,5.808,5.531,0.277,47.196,3.112,3.215,1.862,5.33,3.296,3.384,3.422,3.215,0,2,0.0,16.667,6.0,6.0,101.0,113.0,26.0,48.4,19.9,27.3,30.4
ffe699c0,2017,CJ Jordan,Sussex,2017,13,9,395,646,39.5,147,False,147,1,2,61.146,48,4,216,54.684,8.05,30.135,All-rounder / keeper,61.538,7.0,0.0,0.0,61.538,38.462,8.221,10.588,5.86,4.727,64.304,4.061,3.215,4.055,13.061,4.331,3.481,4.508,2.749,1,3,7.692,23.077,5.0,8.0,254.0,141.0,45.3,48.3,48.2,35.7,44.4
6355d428,2015,WA White,Derbyshire/Leicestershire,2015,9,6,155,352,19.375,43,False,43,0,0,44.034,21,0,84,54.194,5.966,21.45,All-rounder / keeper,55.556,7.0,0.0,0.0,55.556,44.444,7.55,5.637,10.0,-4.363,41.935,2.784,3.21,2.213,5.137,3.033,3.625,2.709,4.837,1,2,11.111,22.222,5.0,4.0,65.0,90.0,41.2,48.3,58.7,34.6,45.7
1ad0b441,2017,K Noema-Barnett,Gloucestershire,2017,14,11,291,509,22.385,59,False,59,0,1,57.171,37,5,178,61.168,8.251,24.197,Lower order,71.429,8.0,0.0,0.0,28.571,71.429,7.614,6.073,8.887,-2.814,36.082,3.24,3.205,2.839,8.967,3.441,3.333,2.854,3.788,1,4,7.143,28.571,6.0,8.0,105.0,186.0,41.5,48.2,46.9,45.6,45.6
49299473,2016,AJ Ball,Kent,2016,6,4,141,284,23.5,66,False,66,0,1,49.648,16,1,70,49.645,5.986,26.592,All-rounder / keeper,50.0,6.5,16.667,16.667,50.0,16.667,6.654,6.918,6.438,0.48,46.809,2.987,3.203,2.881,5.542,3.16,3.431,2.771,3.203,0,3,0.0,50.0,2.0,4.0,66.0,75.0,33.8,48.1,19.9,86.5,47.1
4c0f3806,2016,BA Raine,Leicestershire,2016,17,13,314,607,19.625,64,False,64,0,1,51.73,41,2,176,56.051,7.084,24.468,Lower order,94.118,9.0,0.0,0.0,5.882,94.118,6.204,5.59,6.773,-1.183,43.312,2.721,3.2,1.708,4.827,2.95,3.429,3.574,2.035,0,2,0.0,11.765,10.0,7.0,136.0,178.0,29.3,48.1,19.9,19.3,29.2
99464591,2014,MJ North,Derbyshire,2014,8,5,148,365,18.5,44,False,44,0,0,40.548,23,1,98,66.216,6.575,14.663,Middle order,100.0,4.0,0.0,100.0,0.0,0.0,8.268,9.875,7.19,2.685,47.973,3.766,3.198,1.966,6.795,4.048,3.364,4.996,2.201,1,2,12.5,25.0,3.0,5.0,71.0,77.0,45.7,48.0,64.0,39.2,49.2
ba377b40,2019,GL van Buuren,Gloucestershire,2019,13,10,363,601,36.3,93,False,93,0,2,60.399,52,0,208,57.3,8.652,28.233,Lower order,92.308,8.0,0.0,0.0,7.692,92.308,9.356,8.372,10.871,-2.499,54.27,7.403,3.197,12.484,42.273,8.003,3.415,2.872,4.021,2,3,15.385,23.077,8.0,5.0,197.0,166.0,55.2,47.9,73.3,35.7,53.0
9789e56e,2024,LM Reece,Derbyshire,2024,22,12,588,1338,29.4,125,False,125,1,3,43.946,68,0,272,46.259,5.082,24.882,Opener,100.0,2.0,100.0,0.0,0.0,0.0,11.323,9.933,12.381,-2.448,37.925,4.868,3.196,3.244,10.188,5.163,3.398,3.196,5.928,4,9,18.182,40.909,11.0,11.0,223.0,365.0,70.5,47.9,81.9,71.8,68.0
e84ac20c,2016,MJ Henry,Worcestershire,2016,6,6,180,237,45.0,49,True,49*,0,0,75.949,22,5,118,65.556,11.392,29.524,Lower order,100.0,10.0,0.0,0.0,0.0,100.0,8.876,4.989,11.989,-7.0,25.0,3.188,3.194,2.063,6.796,3.385,3.401,2.242,3.194,1,2,16.667,33.333,2.0,4.0,45.0,135.0,51.5,47.8,77.3,56.0,58.2
e2caec46,2021,GA Bartlett,Somerset,2021,13,8,321,660,26.75,100,False,100,1,2,48.636,45,2,192,59.813,7.121,21.044,Middle order,76.923,5.0,0.0,76.923,23.077,0.0,8.54,9.179,7.668,1.511,61.994,4.32,3.188,3.18,8.562,4.59,3.403,4.711,2.829,2,4,15.385,30.769,7.0,6.0,199.0,122.0,48.3,47.7,73.3,50.1,54.8
bab08c8b,2019,NJ Selman,Glamorgan,2019,19,10,612,1255,36.0,150,False,150,1,4,48.765,80,0,320,52.288,6.375,24.851,Opener,100.0,1.0,100.0,0.0,0.0,0.0,11.359,7.177,14.471,-7.294,26.961,5.328,3.186,5.244,15.639,5.719,3.497,3.186,5.133,3,7,15.789,36.842,8.0,11.0,165.0,447.0,71.1,47.7,74.3,63.7,64.2
35f9a295,2024,LJ Hill,Leicestershire,2024,21,14,431,842,20.524,92,False,92,0,2,51.188,57,0,228,52.9,6.77,25.86,Middle order,100.0,4.0,0.0,100.0,0.0,0.0,6.322,8.612,4.501,4.111,60.325,3.181,3.186,2.616,10.372,3.361,3.324,3.714,2.058,0,5,0.0,23.81,10.0,11.0,260.0,171.0,31.2,47.6,19.9,37.1,33.9
34b37279,2025,BGF Green,Leicestershire,2025,16,11,328,569,23.429,58,True,58*,0,1,57.645,47,3,206,62.805,8.787,23.507,Lower order,87.5,9.0,0.0,0.0,12.5,87.5,6.002,7.101,4.88,2.222,59.756,3.029,3.184,2.594,8.596,3.289,3.412,3.184,2.608,0,4,0.0,25.0,8.0,8.0,196.0,132.0,28.3,47.5,19.9,39.2,33.7
f2ab7a69,2025,JA Leaning,Kent,2025,15,8,230,543,15.333,40,False,40,0,0,42.357,37,0,148,64.348,6.814,16.206,Middle order,86.667,5.0,0.0,86.667,13.333,0.0,5.639,4.72,5.988,-1.268,23.043,2.863,3.182,2.403,7.436,3.095,3.417,1.21,3.19,0,3,0.0,20.0,5.0,10.0,53.0,177.0,25.6,47.5,19.9,32.0,31.2
9679838c,2016,BL D'Oliveira,Worcestershire,2016,23,13,763,1392,34.682,202,True,202*,2,2,54.813,104,0,416,54.522,7.471,26.941,Opener,100.0,2.0,100.0,0.0,0.0,0.0,11.063,8.528,13.613,-5.084,38.663,7.425,3.181,10.794,40.562,7.869,3.366,2.085,4.323,4,7,17.391,30.435,10.0,13.0,295.0,468.0,68.6,47.4,79.8,49.4,61.3
ad212f96,2025,RF Higgins,Middlesex,2025,22,14,482,917,22.952,56,False,56,0,2,52.563,57,1,234,48.548,6.325,28.871,Middle order,90.909,5.0,0.0,90.909,9.091,0.0,6.646,6.316,6.985,-0.669,48.133,3.324,3.18,2.177,7.495,3.528,3.383,4.223,2.718,1,4,4.545,18.182,10.0,12.0,232.0,250.0,33.6,47.3,40.5,30.1,37.9
bcb01d8c,2014,RWT Key,Kent,2014,24,14,432,946,18.783,63,False,63,0,2,45.666,53,1,218,50.463,5.708,23.991,Opener,100.0,2.0,100.0,0.0,0.0,0.0,6.964,8.473,5.937,2.536,49.306,3.31,3.18,2.182,8.054,3.536,3.352,3.602,2.462,3,7,12.5,29.167,10.0,14.0,213.0,219.0,36.6,47.3,64.0,47.1,48.8
7db8d00b,2015,WD Bragg,Glamorgan,2015,21,12,549,1183,27.45,120,False,120,2,1,46.407,64,0,256,46.63,5.41,26.184,Opener,61.905,2.0,61.905,38.095,0.0,0.0,9.459,5.089,13.087,-7.998,24.408,4.074,3.174,2.671,9.574,4.416,3.401,2.744,5.317,3,6,14.286,28.571,10.0,11.0,134.0,415.0,55.7,47.2,70.0,45.6,54.6
7fa2ab1f,2014,RML Taylor,Leicestershire,2014,25,13,554,809,23.083,98,False,98,0,4,68.48,80,6,356,64.26,10.63,27.386,All-rounder / keeper,68.0,7.0,0.0,4.0,68.0,28.0,9.154,13.597,2.777,10.82,87.545,3.816,3.173,3.231,11.129,4.041,3.49,5.646,1.066,0,8,0.0,32.0,14.0,11.0,485.0,69.0,53.6,47.1,19.9,52.6,43.3
3e7534f7,2025,GJ Bell,Lancashire,2025,11,6,221,417,22.1,57,False,57,0,1,52.998,27,0,108,48.869,6.475,28.974,Opener,36.364,4.0,36.364,27.273,36.364,0.0,7.072,6.62,7.627,-1.006,51.584,3.567,3.17,1.876,6.41,3.824,3.477,2.937,3.403,0,2,0.0,18.182,5.0,6.0,114.0,107.0,37.3,47.1,19.9,30.1,33.6
2f979390,2026,TW Boorman,Gloucestershire,2026,17,9,321,770,18.882,60,False,60,0,1,41.688,49,1,202,62.928,6.494,16.528,All-rounder / keeper,70.588,6.0,0.0,23.529,70.588,5.882,7.043,9.827,3.525,6.302,77.882,3.643,3.161,2.952,7.703,3.954,3.363,5.787,1.543,1,6,5.882,35.294,10.0,7.0,250.0,71.0,37.1,47.0,44.1,61.2,47.3
104e88a4,2018,AJ Hose,Warwickshire,2018,6,3,126,291,25.2,65,False,65,0,1,43.299,18,0,72,57.143,6.186,19.78,Middle order,100.0,5.0,0.0,100.0,0.0,0.0,8.051,6.218,8.651,-2.434,19.048,3.919,3.158,1.613,5.771,4.216,3.499,3.158,4.299,0,2,0.0,33.333,2.0,4.0,24.0,102.0,44.4,46.9,19.9,56.0,41.8
450f6fa6,2018,GG Wagg,Glamorgan,2018,8,4,102,212,12.75,33,False,33,0,0,48.113,12,2,60,58.824,6.604,21.212,All-rounder / keeper,75.0,7.0,0.0,0.0,75.0,25.0,6.208,7.338,0.0,7.338,100.0,2.939,3.153,2.831,5.449,3.126,3.318,5.277,0.0,0,2,0.0,25.0,6.0,2.0,102.0,0.0,29.5,46.9,19.9,39.2,33.9
6ce9f3eb,2026,EA Brookes,Worcestershire,2026,13,7,272,761,22.667,66,False,66,0,1,35.742,35,0,140,51.471,4.599,18.182,All-rounder / keeper,92.308,7.0,0.0,0.0,92.308,7.692,8.235,8.88,7.45,1.431,59.191,3.866,3.147,2.276,8.114,4.106,3.292,3.228,3.147,1,4,7.692,30.769,7.0,6.0,161.0,111.0,45.4,46.7,48.2,50.1,47.6
8d4a60b4,2014,JC Mickleburgh,Essex,2014,10,7,160,443,17.778,39,False,39,0,0,36.117,20,0,80,50.0,4.515,18.913,Opener,60.0,2.0,60.0,40.0,0.0,0.0,6.794,5.447,8.691,-3.245,46.875,3.238,3.147,2.263,6.533,3.42,3.362,2.933,4.638,0,4,0.0,40.0,6.0,4.0,75.0,85.0,34.9,46.8,19.9,70.3,43.0
9fd3a210,2021,Zafar Gohar,Gloucestershire,2021,6,4,78,161,13.0,30,False,30,0,0,48.447,11,0,44,56.41,6.832,22.667,Lower order,83.333,8.5,0.0,16.667,0.0,83.333,6.753,7.991,5.925,2.067,47.436,3.356,3.145,3.13,6.557,3.553,3.421,3.145,3.567,0,2,0.0,33.333,3.0,3.0,37.0,41.0,34.5,46.7,19.9,56.0,39.3
ab01e323,2024,SA Zaib,Northamptonshire,2024,11,8,399,603,36.273,100,False,100,1,2,66.169,49,4,220,55.138,8.789,32.545,All-rounder / keeper,100.0,7.0,0.0,0.0,100.0,0.0,11.136,13.718,5.609,8.109,83.96,5.461,3.144,5.305,15.956,5.712,3.318,6.833,2.099,1,3,9.091,27.273,7.0,4.0,335.0,64.0,68.9,46.6,52.5,42.9,52.7
d6663a9a,2023,EJ Pollock,Worcestershire,2023,15,8,255,549,17.0,56,False,56,0,1,46.448,42,1,174,68.235,7.832,16.008,Opener,80.0,1.0,80.0,0.0,20.0,0.0,7.585,8.768,6.218,2.55,61.961,3.467,3.143,2.032,6.522,3.685,3.318,4.366,2.811,1,4,6.667,26.667,9.0,6.0,158.0,97.0,41.3,46.5,45.9,42.0,43.9
793977d8,2024,JA Tattersall,Yorkshire,2024,20,14,643,1031,40.188,126,False,126,2,2,62.367,82,2,340,52.877,8.147,31.996,All-rounder / keeper,75.0,7.0,0.0,10.0,75.0,15.0,9.115,4.528,13.494,-8.966,24.261,5.26,3.139,5.319,18.367,5.528,3.367,2.1,6.003,1,7,5.0,35.0,8.0,12.0,156.0,487.0,53.4,46.5,41.5,60.4,50.4
e734d090,2017,CN Ackermann,Leicestershire,2017,16,9,286,585,19.067,105,False,105,1,0,48.889,43,1,178,62.238,7.521,19.963,Middle order,93.75,3.0,0.0,93.75,6.25,0.0,8.086,5.543,9.661,-4.118,26.224,3.45,3.134,3.527,11.749,3.7,3.393,2.342,3.186,2,5,12.5,31.25,7.0,9.0,75.0,211.0,44.5,46.4,64.0,51.1,51.5
98eacfe5,2019,WAT Beer,Sussex,2019,15,10,377,970,29.0,97,False,97,0,3,38.866,48,2,204,54.111,5.155,18.804,Lower order,46.667,3.0,33.333,20.0,0.0,46.667,9.404,13.276,6.717,6.559,57.825,4.334,3.126,3.621,12.201,4.657,3.458,3.158,3.095,2,3,13.333,20.0,7.0,8.0,218.0,159.0,55.4,46.3,67.0,32.0,50.2
b26b1e3d,2022,BA Godleman,Derbyshire,2022,20,12,468,1267,23.4,158,False,158,1,0,36.938,51,1,210,44.872,4.104,21.235,Opener,100.0,2.0,100.0,0.0,0.0,0.0,6.859,9.08,4.747,4.333,64.53,3.445,3.123,3.412,12.93,3.644,3.311,3.313,2.316,1,3,5.0,15.0,9.0,11.0,302.0,166.0,35.4,46.3,41.5,24.3,36.9
aed5be04,2018,JMR Taylor,Gloucestershire,2018,16,9,321,762,20.062,112,False,112,1,0,42.126,40,3,178,55.452,5.643,19.889,Middle order,56.25,5.0,0.0,56.25,37.5,6.25,8.792,6.868,12.697,-5.829,52.336,4.624,3.117,3.888,14.414,4.964,3.381,4.196,2.728,1,5,6.25,31.25,9.0,7.0,168.0,153.0,50.8,46.2,45.1,51.1,48.3
ae01eb1e,2017,HR Hosein,Derbyshire,2017,7,4,166,381,33.2,52,False,52,0,1,43.57,17,0,68,40.964,4.462,26.923,All-rounder / keeper,100.0,7.0,0.0,0.0,100.0,0.0,7.962,2.461,9.463,-7.002,6.627,3.608,3.11,2.502,7.059,3.925,3.359,1.152,3.52,0,1,0.0,14.286,2.0,5.0,11.0,155.0,44.0,46.1,19.9,23.0,33.2
ffe699c0,2019,CJ Jordan,Sussex,2019,16,11,429,768,28.6,166,False,166,1,1,55.859,61,1,250,58.275,8.073,25.354,Lower order,100.0,8.0,0.0,0.0,0.0,100.0,9.099,7.077,10.264,-3.188,28.438,3.389,3.109,3.31,11.715,3.676,3.398,3.118,3.023,1,6,6.25,37.5,6.0,10.0,122.0,307.0,53.3,46.1,45.1,65.3,52.4
a3c5e7a6,2016,JM Kettleborough,Glamorgan,2016,6,3,107,248,17.833,42,False,42,0,0,43.145,16,0,64,59.813,6.452,18.534,Opener,100.0,1.0,100.0,0.0,0.0,0.0,6.38,4.267,7.381,-3.114,21.495,3.475,3.107,1.565,5.192,3.726,3.39,2.128,4.149,0,1,0.0,16.667,2.0,4.0,23.0,84.0,32.0,45.9,19.9,27.3,31.3
2344bdd1,2016,SR Dickson,Kent,2016,20,13,675,1427,39.706,207,True,207*,1,4,47.302,77,6,344,50.963,5.816,24.628,Opener,85.0,2.0,85.0,15.0,0.0,0.0,10.37,9.124,11.642,-2.518,44.444,5.077,3.107,5.246,18.995,5.409,3.24,5.036,1.818,5,7,25.0,35.0,10.0,10.0,300.0,375.0,63.0,46.0,92.1,60.4,65.4
07c8a2f4,2019,LA Procter,Northamptonshire,2019,19,12,484,977,37.231,86,True,86*,0,2,49.539,45,5,210,43.388,5.118,29.558,All-rounder / keeper,63.158,7.0,5.263,10.526,63.158,21.053,7.963,11.681,3.778,7.903,77.686,3.918,3.103,3.432,10.503,4.169,3.343,5.584,0.958,2,3,10.526,15.789,10.0,9.0,376.0,108.0,44.1,45.9,57.3,25.0,43.1
9679838c,2017,BL D'Oliveira,Worcestershire,2017,22,12,693,1261,31.5,138,False,138,2,3,54.956,91,6,400,57.72,7.692,25.172,Opener,95.455,2.0,95.455,4.545,0.0,0.0,11.866,11.771,12.041,-0.27,64.069,6.132,3.102,6.553,21.631,6.562,3.275,3.648,2.224,3,9,13.636,40.909,14.0,8.0,444.0,249.0,74.8,45.8,68.0,71.8,65.1
40e4cf47,2026,MF Hurst,Lancashire,2026,19,10,337,820,18.722,46,False,46,0,0,41.098,36,2,156,46.291,4.634,23.146,All-rounder / keeper,68.421,6.0,31.579,0.0,68.421,0.0,8.808,5.322,10.716,-5.394,21.365,4.127,3.1,3.566,11.444,4.536,3.357,2.801,4.184,2,7,10.526,36.842,7.0,12.0,72.0,265.0,51.0,45.7,57.3,63.7,54.4
a5544576,2016,D Murphy,Northamptonshire,2016,14,9,259,643,25.9,60,True,60*,0,1,40.28,23,1,98,37.838,3.733,26.01,All-rounder / keeper,57.143,7.0,14.286,0.0,57.143,28.571,6.042,5.822,6.356,-0.535,56.757,3.021,3.092,2.043,7.491,3.208,3.301,3.092,2.8,0,3,0.0,21.429,9.0,5.0,147.0,112.0,28.5,45.7,19.9,33.4,31.9
1a45b864,2016,AG Salter,Glamorgan,2016,7,5,144,234,36.0,45,True,45*,0,0,61.538,19,2,88,61.111,8.974,26.291,Lower order,100.0,9.0,0.0,0.0,0.0,100.0,5.612,4.95,6.565,-1.615,52.083,2.675,3.09,1.583,4.558,2.867,3.298,2.193,3.172,0,1,0.0,14.286,4.0,3.0,75.0,69.0,25.3,45.6,19.9,23.0,28.4
88a004e9,2015,AM Lilley,Lancashire,2015,7,5,167,171,33.4,59,False,59,0,1,97.661,21,3,102,61.078,14.035,44.218,Lower order,100.0,8.0,0.0,0.0,0.0,100.0,7.174,7.174,,,100.0,3.722,3.089,2.511,7.293,3.994,3.262,3.089,,0,3,0.0,42.857,7.0,,167.0,,38.3,45.6,19.9,74.8,44.7
f1eb3c73,2017,DMW Rawlins,Sussex,2017,8,4,121,331,15.125,55,False,55,0,1,36.556,20,1,86,71.074,6.344,11.29,Middle order,50.0,3.5,25.0,50.0,25.0,0.0,5.644,6.555,1.114,5.44,96.694,2.747,3.081,1.665,4.327,2.906,3.282,3.596,0.496,0,1,0.0,12.5,6.0,2.0,117.0,4.0,25.8,45.5,19.9,20.5,27.9
cca50cd6,2018,LJ Wright,Sussex,2018,16,9,338,561,21.125,88,False,88,0,1,60.25,52,3,226,66.864,9.804,22.134,Middle order,93.75,5.0,0.0,93.75,6.25,0.0,7.663,4.022,10.793,-6.771,24.26,3.828,3.077,3.957,10.627,4.094,3.165,2.554,5.026,0,6,0.0,37.5,7.0,9.0,82.0,256.0,42.1,45.4,19.9,65.3,43.2
757502b5,2017,RD Pringle,Durham,2017,20,12,457,975,28.562,71,False,71,0,3,46.872,65,2,272,59.519,6.872,20.374,All-rounder / keeper,95.0,7.0,0.0,0.0,95.0,5.0,7.502,6.045,8.671,-2.626,35.886,3.393,3.071,2.417,8.456,3.647,3.228,2.227,4.516,0,6,0.0,30.0,9.0,11.0,164.0,293.0,40.6,45.4,19.9,48.5,38.6
a77472dc,2026,G Stewart,Kent,2026,8,5,207,291,25.875,65,False,65,0,1,71.134,27,2,120,57.971,9.966,33.206,All-rounder / keeper,50.0,7.5,0.0,0.0,50.0,50.0,9.071,7.092,11.55,-4.458,43.478,3.586,3.069,4.037,10.062,3.939,3.291,3.693,0.377,1,2,12.5,25.0,4.0,4.0,90.0,117.0,53.2,45.3,64.0,39.2,50.4
3987e390,2021,MJ Leach,Somerset,2021,8,5,117,245,29.25,34,False,34,0,0,47.755,16,1,70,59.829,6.939,20.614,Lower order,75.0,9.5,0.0,12.5,12.5,75.0,6.019,2.665,9.145,-6.48,21.368,2.86,3.067,1.702,5.037,3.037,3.23,1.32,3.555,0,2,0.0,25.0,4.0,4.0,25.0,92.0,28.3,45.2,19.9,39.2,33.2
bdadf7da,2016,JL Denly,Kent,2016,21,15,733,1472,38.579,206,True,206*,1,4,49.796,95,3,398,54.297,6.658,24.381,Middle order,100.0,3.0,0.0,100.0,0.0,0.0,10.405,9.305,11.744,-2.44,49.113,4.901,3.067,5.894,23.61,5.207,3.286,5.498,2.896,1,8,4.762,38.095,11.0,10.0,360.0,373.0,63.2,45.2,40.9,66.8,54.0
4fad64fd,2026,R Flintoff,Lancashire,2026,9,5,138,223,15.333,65,False,65,0,1,61.883,19,1,82,59.42,8.969,27.586,Middle order,88.889,5.0,0.0,88.889,11.111,0.0,10.132,18.45,4.634,13.816,72.464,4.308,3.066,4.311,11.263,4.623,3.359,7.165,2.044,1,3,11.111,33.333,4.0,5.0,100.0,38.0,60.9,45.1,58.7,56.0,55.2
9b411f8f,2014,SH Choudhry,Worcestershire,2014,10,6,209,467,23.222,44,False,44,0,0,44.754,32,0,128,61.244,6.852,18.621,Lower order,100.0,8.0,0.0,0.0,0.0,100.0,6.751,6.584,7.151,-0.566,68.9,3.135,3.065,1.915,5.276,3.333,3.297,3.437,3.065,0,3,0.0,30.0,7.0,3.0,144.0,65.0,34.5,45.0,19.9,48.5,37.0
7e4c8ba3,2023,SA Northeast,Glamorgan,2023,20,13,646,1232,34.0,166,True,166*,2,2,52.435,73,3,310,47.988,6.169,29.066,Middle order,100.0,4.0,0.0,100.0,0.0,0.0,9.546,12.846,7.344,5.503,53.87,4.588,3.063,4.828,15.503,4.905,3.29,1.56,3.559,2,6,10.0,30.0,9.0,11.0,348.0,298.0,56.4,45.0,55.6,48.5,51.4
ba377b40,2026,GL van Buuren,Gloucestershire,2026,15,8,274,499,18.267,76,False,76,0,1,54.91,34,0,136,49.635,6.814,29.677,All-rounder / keeper,93.333,7.0,0.0,0.0,93.333,6.667,7.134,4.487,9.427,-4.94,29.197,3.243,3.057,2.331,6.407,3.491,3.283,1.691,5.238,1,5,6.667,33.333,8.0,7.0,80.0,194.0,38.0,44.9,45.9,56.0,46.2
eb9cb105,2014,SC Meaker,Surrey,2014,7,4,146,346,24.333,58,False,58,0,2,42.197,20,0,80,54.795,5.78,20.245,Lower order,100.0,9.0,0.0,0.0,0.0,100.0,6.803,7.843,5.767,2.076,57.534,2.884,3.049,2.194,5.111,3.149,3.289,3.478,2.29,0,2,0.0,28.571,4.0,3.0,84.0,62.0,35.0,44.8,19.9,45.6,36.3
93b368d6,2014,GP Rees,Glamorgan,2014,12,6,236,563,19.667,81,False,81,0,2,41.918,28,2,124,52.542,5.329,21.013,Opener,66.667,2.0,66.667,33.333,0.0,0.0,8.132,4.218,10.658,-6.44,20.339,3.759,3.048,3.069,7.531,3.977,3.352,2.682,7.427,1,3,8.333,25.0,6.0,6.0,48.0,188.0,44.6,44.8,50.0,39.2,44.7
1d2f290a,2024,JA Thompson,Yorkshire,2024,14,10,277,297,23.083,56,True,56*,0,2,93.266,29,13,194,70.036,14.141,32.549,Lower order,85.714,9.0,0.0,7.143,7.143,85.714,6.211,7.733,5.106,2.627,52.347,3.077,3.044,2.032,5.932,3.249,3.205,5.097,2.319,0,2,0.0,14.286,5.0,9.0,145.0,132.0,29.6,44.7,19.9,23.0,29.3
70fdd428,2014,JD Shantry,Worcestershire,2014,24,15,481,776,28.294,101,True,101*,1,0,61.985,68,7,314,65.281,9.665,23.823,Lower order,95.833,9.0,0.0,0.0,4.167,95.833,6.591,6.554,6.644,-0.091,58.628,3.248,3.043,2.391,10.025,3.452,3.263,2.93,3.043,1,4,4.167,16.667,14.0,10.0,282.0,199.0,33.2,44.6,40.1,27.3,36.3
d99cc23a,2024,T van der Gugten,Glamorgan,2024,10,6,231,472,28.875,46,True,46*,0,0,48.941,31,1,130,56.277,6.78,22.955,Lower order,60.0,8.0,0.0,0.0,40.0,60.0,6.945,6.726,7.174,-0.448,49.351,3.312,3.043,1.375,5.049,3.558,3.241,2.479,3.608,1,1,10.0,10.0,5.0,5.0,114.0,117.0,36.5,44.6,55.6,16.5,38.3
82585454,2026,Ekansh Singh,Kent,2026,14,8,328,655,25.231,66,True,66*,0,2,50.076,35,8,188,57.317,6.565,22.876,All-rounder / keeper,57.143,7.0,0.0,28.571,57.143,14.286,7.453,8.178,6.91,1.268,46.951,3.827,3.038,2.048,6.804,4.162,3.277,4.857,2.553,0,3,0.0,21.429,5.0,9.0,154.0,174.0,40.2,44.5,19.9,33.4,34.5
86f84b37,2024,AM Tribe,Glamorgan,2024,6,4,136,334,22.667,70,False,70,0,2,40.719,15,1,66,48.529,4.79,22.013,Opener,100.0,2.0,100.0,0.0,0.0,0.0,7.628,9.862,0.0,9.862,100.0,4.588,3.036,5.761,12.281,4.848,3.214,5.73,0.0,1,2,16.667,33.333,4.0,2.0,136.0,0.0,41.8,44.4,77.3,56.0,54.9
5e6d1a54,2019,LJ Carey,Glamorgan,2019,9,6,200,223,33.333,62,True,62*,0,2,89.686,30,3,138,69.0,14.798,32.632,Lower order,100.0,10.0,0.0,0.0,0.0,100.0,8.147,10.376,5.93,4.446,63.5,3.272,3.034,2.188,6.277,3.427,3.16,5.272,2.785,0,2,0.0,22.222,4.0,5.0,127.0,73.0,44.8,44.4,19.9,34.6,35.9
d26e0405,2022,MK Andersson,Middlesex,2022,6,5,234,347,46.8,62,False,62,0,2,67.435,30,3,138,58.974,9.51,30.573,Lower order,66.667,8.0,0.0,16.667,16.667,66.667,11.376,14.911,9.861,5.05,39.316,3.931,3.03,2.29,6.804,4.186,3.24,4.318,3.03,0,2,0.0,33.333,2.0,4.0,92.0,142.0,71.3,44.3,19.9,56.0,47.9
75223da4,2014,DJ Wainwright,Derbyshire,2014,22,14,467,1048,27.471,109,False,109,1,3,44.561,48,0,192,41.113,4.58,27.5,Lower order,95.455,8.0,0.0,0.0,4.545,95.455,8.952,8.217,9.564,-1.347,41.756,4.406,3.028,4.553,15.698,4.726,3.241,4.382,2.628,2,8,9.091,36.364,9.0,13.0,195.0,272.0,52.3,44.2,52.5,62.9,53.0
ce470ca0,2017,AJ Robson,Sussex,2017,8,4,169,294,24.143,72,False,72,0,1,57.483,28,0,112,66.272,9.524,21.429,Opener,100.0,1.5,100.0,0.0,0.0,0.0,8.048,1.463,10.774,-9.311,5.325,3.946,3.023,4.208,9.284,4.189,3.217,0.706,5.34,1,4,12.5,50.0,2.0,6.0,9.0,160.0,44.3,44.2,64.0,86.5,59.8
e2caec46,2026,GA Bartlett,Northamptonshire,2026,18,11,519,1002,37.071,95,True,95*,0,4,51.796,67,4,292,56.262,7.086,24.382,All-rounder / keeper,66.667,7.0,0.0,16.667,66.667,16.667,9.903,8.614,11.278,-2.664,44.894,4.854,3.019,4.579,14.623,5.248,3.292,2.793,4.14,3,3,16.667,16.667,8.0,10.0,233.0,286.0,58.8,44.1,77.3,27.3,51.9
1c513d54,2019,LJ Evans,Sussex,2019,11,7,264,501,24.0,113,False,113,1,1,52.695,39,1,162,61.364,7.984,22.126,Middle order,90.909,5.0,0.0,90.909,9.091,0.0,8.719,3.92,13.151,-9.231,21.591,3.866,3.019,3.557,10.052,4.184,3.179,1.429,7.376,1,2,9.091,18.182,6.0,5.0,57.0,207.0,50.2,44.1,52.5,30.1,44.2
18c78b11,2019,RE Levi,Northamptonshire,2019,6,3,144,219,28.8,60,False,60,0,1,65.753,20,0,80,55.556,9.132,32.161,Middle order,100.0,5.0,0.0,100.0,0.0,0.0,8.295,9.216,6.012,3.204,79.167,4.813,3.012,3.186,8.492,5.109,3.158,5.713,3.012,0,1,0.0,16.667,4.0,2.0,114.0,30.0,45.9,44.0,19.9,27.3,34.3
d510d457,2017,EJH Eckersley,Leicestershire,2017,21,11,458,746,22.9,88,False,88,0,3,61.394,65,0,260,56.769,8.713,29.075,Middle order,66.667,5.0,9.524,66.667,23.81,0.0,9.317,7.191,11.572,-4.381,39.738,4.465,3.011,4.891,18.683,4.795,3.321,2.774,3.178,2,6,9.524,28.571,11.0,10.0,182.0,276.0,55.0,43.9,54.0,45.6,49.6
ffdba4e2,2019,BG Charlesworth,Gloucestershire,2019,7,5,145,402,24.167,77,True,77*,0,1,36.07,15,0,60,41.379,3.731,21.964,All-rounder / keeper,57.143,6.0,0.0,42.857,57.143,0.0,8.761,18.1,2.52,15.579,82.759,8.665,3.004,14.852,35.0,9.507,3.5,19.924,0.398,0,2,0.0,28.571,3.0,4.0,120.0,25.0,50.6,43.8,19.9,45.6,40.0
0a12e736,2014,TMJ Smith,Gloucestershire,2014,17,11,366,829,28.154,80,False,80,0,1,44.15,46,1,190,51.913,5.669,22.506,Lower order,64.706,8.0,0.0,5.882,29.412,64.706,7.216,7.473,6.868,0.606,59.563,3.442,3.0,2.392,7.471,3.648,3.122,2.879,3.0,1,4,5.882,23.529,10.0,7.0,218.0,148.0,38.7,43.8,44.1,36.6,40.8
012829ff,2017,JW Hastings,Worcestershire,2017,8,6,139,198,19.857,51,False,51,0,1,70.202,17,2,80,57.554,9.596,32.961,Lower order,75.0,9.0,0.0,25.0,0.0,75.0,6.362,6.816,5.888,0.928,54.676,3.044,2.998,2.801,6.344,3.312,3.238,3.868,2.128,0,3,0.0,37.5,5.0,3.0,76.0,63.0,31.6,43.7,19.9,65.3,40.1
7081848a,2016,GH Roderick,Gloucestershire,2016,21,12,483,1016,26.833,88,True,88*,0,4,47.539,58,3,250,51.76,6.004,24.398,Opener,66.667,1.0,66.667,33.333,0.0,0.0,7.705,3.101,11.356,-8.255,17.805,3.991,2.989,4.268,15.272,4.252,3.163,0.899,6.174,3,7,14.286,33.333,8.0,13.0,86.0,397.0,42.4,43.6,70.0,56.0,53.0
8f9c5014,2022,AC Lenham,Sussex,2022,10,6,177,471,22.125,48,False,48,0,0,37.58,23,0,92,51.977,4.883,18.973,Lower order,60.0,8.0,0.0,10.0,30.0,60.0,5.986,5.769,6.078,-0.309,28.814,2.815,2.98,1.58,4.834,3.041,3.164,2.249,2.98,0,3,0.0,30.0,3.0,7.0,51.0,126.0,28.1,43.6,19.9,48.5,35.0
8479a24a,2017,KK Jennings,Durham,2017,19,10,360,800,20.0,87,False,87,0,1,45.0,48,1,198,55.0,6.125,21.571,Opener,100.0,2.0,100.0,0.0,0.0,0.0,7.029,4.894,8.838,-3.945,31.944,3.258,2.979,2.721,10.382,3.507,3.192,1.543,3.153,1,5,5.263,26.316,9.0,10.0,115.0,245.0,37.0,43.5,42.3,41.5,41.1
a63dfe8a,2025,JJG Sales,Northamptonshire,2025,23,14,640,1091,27.826,108,False,108,1,3,58.662,79,2,328,51.25,7.424,30.891,Middle order,100.0,4.0,0.0,100.0,0.0,0.0,8.89,11.022,6.599,4.422,64.219,3.896,2.977,3.178,11.431,4.162,3.127,3.147,2.509,2,4,8.696,17.391,12.0,11.0,411.0,229.0,51.7,43.4,51.3,29.3,43.9
fd96de7c,2026,JJ Bohannon,Lancashire,2026,20,11,367,835,18.35,90,False,90,0,2,43.952,57,1,234,63.76,6.946,17.117,Middle order,100.0,3.0,0.0,100.0,0.0,0.0,8.567,8.99,8.285,0.705,41.962,3.742,2.977,2.83,8.961,4.093,3.327,2.977,3.622,1,4,5.0,20.0,9.0,11.0,154.0,213.0,48.8,43.4,41.5,32.0,41.4
c4450a69,2016,SP Crook,Northamptonshire,2016,15,10,484,747,40.333,145,False,145,2,1,64.793,63,0,252,52.066,8.434,33.918,All-rounder / keeper,86.667,7.0,0.0,6.667,86.667,6.667,10.492,5.725,18.964,-13.24,34.917,4.478,2.976,5.562,16.415,4.749,3.13,2.976,6.434,2,5,13.333,33.333,10.0,5.0,169.0,315.0,64.0,43.3,67.0,56.0,57.6
7081848a,2015,GH Roderick,Gloucestershire,2015,24,14,663,1281,28.826,76,False,76,0,6,51.756,95,0,380,57.315,7.416,23.862,Middle order,91.667,3.0,8.333,91.667,0.0,0.0,9.968,12.353,6.92,5.432,69.532,4.818,2.97,4.106,12.199,5.17,3.219,6.93,2.659,3,11,12.5,45.833,13.0,11.0,461.0,202.0,59.2,43.2,64.0,80.5,61.7
1066a976,2015,AL Hughes,Derbyshire,2015,11,7,279,497,34.875,111,True,111*,1,0,56.137,36,1,150,53.763,7.445,28.043,All-rounder / keeper,54.545,6.0,0.0,36.364,54.545,9.091,9.634,8.607,10.288,-1.681,34.767,4.38,2.969,4.296,13.526,4.878,3.263,2.969,3.528,1,4,9.091,36.364,5.0,6.0,97.0,182.0,57.0,43.2,52.5,62.9,53.9
9a46c4e5,2021,GD Phillips,Gloucestershire,2021,6,3,109,273,18.167,47,False,47,0,0,39.927,13,2,64,58.716,5.495,17.442,Middle order,100.0,5.0,0.0,100.0,0.0,0.0,7.692,8.026,6.704,1.323,77.982,3.769,2.967,1.798,5.828,4.215,3.352,4.17,2.967,1,2,16.667,33.333,4.0,2.0,85.0,24.0,42.3,43.1,77.3,56.0,54.7
f655d740,2026,CG Harrison,Northamptonshire,2026,20,12,564,980,29.684,153,False,153,2,1,57.551,70,9,334,59.22,8.061,25.527,Middle order,100.0,3.0,0.0,100.0,0.0,0.0,9.222,6.077,12.05,-5.972,31.206,4.508,2.957,4.792,13.722,4.85,3.155,2.027,4.093,2,6,10.0,30.0,9.0,11.0,176.0,388.0,54.1,43.0,55.6,48.5,50.3
961b8ff1,2022,TP Alsop,Sussex,2022,24,13,930,1723,42.273,150,False,150,4,4,53.976,115,2,472,50.753,6.79,28.518,Middle order,83.333,3.0,12.5,83.333,0.0,4.167,11.777,15.174,6.921,8.253,75.806,5.702,2.954,5.439,14.124,6.103,3.15,7.279,1.516,3,10,12.5,41.667,13.0,11.0,705.0,225.0,74.3,43.0,64.0,72.8,63.5
d12cead8,2025,Zain-ul-Hassan,Glamorgan,2025,25,14,525,1251,21.875,65,False,65,0,2,41.966,71,0,284,54.095,5.675,20.424,Opener,100.0,1.0,100.0,0.0,0.0,0.0,6.893,6.092,7.61,-1.518,41.714,3.5,2.953,2.708,10.312,3.727,3.171,2.758,3.147,1,4,4.0,16.0,13.0,12.0,219.0,306.0,35.8,42.9,39.9,25.2,35.9
4c0f3806,2026,BA Raine,Durham,2026,11,9,414,558,41.4,106,False,106,1,2,74.194,48,2,204,49.275,8.961,41.339,Lower order,90.909,9.0,0.0,0.0,9.091,90.909,9.995,11.392,8.324,3.067,62.077,4.603,2.934,3.451,10.928,4.959,3.206,5.177,2.235,3,5,27.273,45.455,7.0,4.0,257.0,157.0,59.7,42.8,94.1,79.8,69.1
f1ba9ed7,2021,JAR Harris,Middlesex,2021,6,3,55,175,9.167,26,False,26,0,0,31.429,9,0,36,65.455,5.143,11.446,Lower order,100.0,8.0,0.0,0.0,0.0,100.0,4.762,4.762,,,100.0,2.466,2.925,1.205,3.373,2.631,3.095,2.925,,0,2,0.0,33.333,6.0,,55.0,,20.1,42.8,19.9,56.0,34.7
6e0a2209,2026,B Swanepoel,Worcestershire,2026,13,8,267,301,22.25,63,True,63*,0,1,88.704,38,6,188,70.412,14.618,30.739,Lower order,76.923,9.0,0.0,15.385,7.692,76.923,7.816,9.064,6.629,2.435,56.554,4.323,2.919,4.387,14.157,4.623,3.223,4.07,2.607,2,5,15.385,38.462,6.0,7.0,151.0,116.0,43.1,42.7,73.3,67.7,56.7
ad286dcc,2025,AT Thomson,Derbyshire,2025,7,4,143,332,20.429,60,False,60,0,2,43.072,19,0,76,53.147,5.723,21.406,Lower order,85.714,9.0,0.0,0.0,14.286,85.714,6.302,6.979,5.843,1.136,44.755,2.941,2.919,2.805,5.653,3.11,3.102,2.964,2.919,1,2,14.286,28.571,3.0,4.0,64.0,79.0,30.9,42.6,70.0,45.6,47.3
ac3c3cab,2024,TAR Scriven,Leicestershire,2024,14,11,385,654,38.5,60,False,60,0,3,58.869,46,3,202,52.468,7.492,30.248,Lower order,100.0,9.0,0.0,0.0,0.0,100.0,8.953,5.673,13.373,-7.701,36.364,3.827,2.915,2.647,8.696,4.018,3.16,2.115,5.582,0,5,0.0,35.714,8.0,6.0,140.0,245.0,52.4,42.6,19.9,61.8,44.2
fe5b4367,2025,ZJ Chappell,Derbyshire,2025,17,11,367,646,22.938,61,False,61,0,2,56.811,51,3,222,60.49,8.359,24.493,Lower order,94.118,8.0,5.882,0.0,0.0,94.118,6.989,7.663,6.53,1.133,44.414,2.974,2.914,1.789,6.321,3.141,3.021,2.742,2.956,0,4,0.0,23.529,7.0,10.0,163.0,204.0,36.8,42.5,19.9,36.6,33.9
7081848a,2026,GH Roderick,Worcestershire,2026,15,8,367,844,28.231,164,True,164*,1,0,43.483,32,3,146,39.782,4.147,27.318,Middle order,66.667,3.0,0.0,66.667,33.333,0.0,9.699,7.777,11.466,-3.689,38.42,4.652,2.912,6.147,19.371,4.914,3.086,3.855,1.483,2,6,13.333,40.0,7.0,8.0,141.0,226.0,57.5,42.5,67.0,70.3,59.3
0bec3a6c,2014,BAC Howell,Gloucestershire,2014,17,10,360,562,25.714,78,True,78*,0,2,64.057,32,10,188,52.222,7.473,33.077,All-rounder / keeper,47.059,7.0,0.0,5.882,47.059,47.059,7.517,7.595,7.44,0.156,50.278,3.41,2.9,2.738,8.976,3.592,3.03,2.918,2.883,0,2,0.0,11.765,9.0,8.0,181.0,179.0,40.8,42.4,19.9,19.3,30.6
aa8d28ae,2017,D Wiese,Sussex,2017,13,9,334,467,25.692,66,False,66,0,2,71.52,44,7,218,65.269,10.921,27.885,Lower order,100.0,8.0,0.0,0.0,0.0,100.0,7.474,8.226,6.314,1.912,66.766,3.341,2.9,1.839,6.101,3.592,3.049,3.891,1.932,0,2,0.0,15.385,7.0,6.0,223.0,111.0,40.5,42.3,19.9,24.7,31.8
1b77f62b,2024,MD Stoneman,Middlesex,2024,21,14,698,1309,33.238,129,False,129,2,2,53.323,105,1,426,61.032,8.098,22.61,Opener,100.0,2.0,100.0,0.0,0.0,0.0,9.867,7.472,12.545,-5.073,39.971,5.231,2.9,5.591,17.692,5.621,3.16,4.508,2.634,3,7,14.286,33.333,11.0,10.0,279.0,419.0,58.5,42.3,70.0,56.0,56.7
4c0f3806,2015,BA Raine,Leicestershire,2015,26,15,412,941,17.167,51,False,51,0,1,43.783,58,0,232,56.311,6.164,20.385,Lower order,65.385,8.0,0.0,0.0,34.615,65.385,6.356,8.072,4.455,3.616,66.748,2.903,2.899,2.471,10.071,3.211,3.138,3.258,2.4,1,7,3.846,26.923,14.0,12.0,275.0,137.0,31.5,42.2,39.8,42.4,39.0
c5f1d2a1,2022,BT Slater,Nottinghamshire,2022,24,14,703,1401,33.476,225,True,225*,1,2,50.178,90,2,372,52.916,6.567,25.286,Opener,95.833,1.0,95.833,4.167,0.0,0.0,9.012,7.833,10.273,-2.44,44.95,5.325,2.897,6.914,26.946,5.76,3.04,2.808,2.987,1,5,4.167,20.833,13.0,11.0,316.0,387.0,52.7,42.1,40.1,32.8,41.9
0164b064,2022,MG Neser,Glamorgan,2022,12,8,277,459,25.182,62,False,62,0,1,60.349,36,3,162,58.484,8.497,27.381,Lower order,91.667,8.0,0.0,0.0,8.333,91.667,7.794,8.782,7.07,1.713,47.653,3.337,2.891,2.013,7.533,3.524,3.085,2.937,2.509,1,4,8.333,33.333,5.0,7.0,132.0,145.0,43.0,42.1,50.0,56.0,47.8
e22d3b5c,2021,RI Keogh,Northamptonshire,2021,8,4,159,259,19.875,99,False,99,0,1,61.39,20,0,80,50.314,7.722,33.054,Middle order,100.0,4.0,0.0,100.0,0.0,0.0,10.678,14.223,5.155,9.068,81.132,4.69,2.887,3.936,10.58,5.038,2.988,6.826,2.555,1,1,12.5,12.5,4.0,4.0,129.0,30.0,65.5,42.0,64.0,20.5,48.0
ffdba4e2,2023,BG Charlesworth,Gloucestershire,2023,15,9,380,920,25.333,87,False,87,0,2,41.304,49,3,214,56.316,5.652,19.124,Opener,80.0,1.0,80.0,20.0,0.0,0.0,8.964,7.957,10.0,-2.043,45.0,4.436,2.883,3.533,10.875,4.753,3.062,3.939,2.883,2,4,13.333,26.667,7.0,8.0,171.0,209.0,52.5,41.9,67.0,42.0,50.8
6755cd5c,2024,CB Cooke,Glamorgan,2024,22,13,582,1126,30.632,126,True,126*,2,1,51.687,60,6,276,47.423,5.861,28.868,All-rounder / keeper,100.0,6.0,0.0,0.0,100.0,0.0,8.692,11.154,5.759,5.395,69.759,4.799,2.878,5.298,17.719,5.058,2.988,4.017,2.867,2,4,9.091,18.182,11.0,11.0,406.0,176.0,49.8,41.9,52.5,30.1,43.6
fc1608a2,2017,GT Hankins,Gloucestershire,2017,17,11,387,709,24.188,79,True,79*,0,3,54.584,55,2,232,59.948,8.039,23.773,Middle order,88.235,5.0,0.0,88.235,11.765,0.0,8.566,9.977,7.208,2.769,57.106,3.901,2.876,4.297,12.084,4.16,3.184,4.245,1.852,2,5,11.765,29.412,7.0,10.0,221.0,166.0,48.7,41.8,60.7,47.4,49.6
c15fb753,2024,W Luxton,Yorkshire,2024,9,6,195,438,27.857,59,False,59,0,1,44.521,24,2,108,55.385,5.936,21.117,Middle order,55.556,4.0,0.0,55.556,44.444,0.0,5.792,6.435,4.279,2.157,77.949,3.321,2.874,3.118,8.401,3.491,3.095,3.813,1.948,1,2,11.111,22.222,6.0,3.0,152.0,43.0,26.8,41.7,58.7,34.6,40.4
0c7f11be,2016,DL Lloyd,Glamorgan,2016,23,12,568,937,25.818,107,False,107,2,1,60.619,83,4,356,62.676,9.285,24.941,All-rounder / keeper,56.522,6.0,0.0,43.478,56.522,0.0,8.62,7.457,9.938,-2.481,45.951,4.115,2.871,3.456,11.642,4.399,3.028,3.522,2.53,2,5,8.696,21.739,12.0,11.0,261.0,307.0,49.0,41.7,51.3,33.8,44.0
75cbed9b,2024,SS Eskinazi,Middlesex,2024,6,4,123,182,30.75,65,True,65*,0,1,67.582,16,0,64,52.033,8.791,35.542,All-rounder / keeper,83.333,6.0,0.0,16.667,83.333,0.0,7.122,4.0,12.27,-8.27,34.959,3.251,2.868,3.044,7.266,3.461,3.004,2.23,7.266,0,1,0.0,16.667,4.0,2.0,43.0,80.0,37.8,41.6,19.9,27.3,31.6
95fd757d,2019,HJ Swindells,Leicestershire,2019,9,5,131,401,14.556,32,False,32,0,0,32.668,15,0,60,45.802,3.741,18.394,All-rounder / keeper,88.889,7.0,0.0,0.0,88.889,11.111,5.963,2.607,7.379,-4.771,12.977,2.395,2.868,1.582,3.989,2.616,3.193,0.853,3.412,0,1,0.0,11.111,3.0,6.0,17.0,114.0,27.9,41.5,19.9,18.3,26.9
43205dad,2017,HW Podmore,Derbyshire/Glamorgan,2017,10,6,154,300,19.25,66,True,66*,0,1,51.333,14,4,80,51.948,6.0,26.241,Lower order,90.0,8.0,0.0,0.0,10.0,90.0,5.941,2.252,7.217,-4.965,9.74,2.889,2.865,1.672,5.255,3.092,2.993,2.101,3.216,1,1,10.0,10.0,3.0,7.0,15.0,139.0,27.8,41.5,55.6,16.5,35.4
214f6461,2024,GCH Hill,Yorkshire,2024,18,13,608,957,38.0,169,True,169*,1,4,63.532,81,3,342,56.25,8.777,30.47,All-rounder / keeper,61.111,6.0,0.0,33.333,61.111,5.556,9.453,10.769,8.423,2.345,50.0,4.638,2.865,4.079,13.276,4.873,3.003,3.537,2.865,3,4,16.667,22.222,6.0,12.0,304.0,304.0,55.6,41.4,77.3,34.6,52.2
c5cc48bc,2019,MJJ Critchley,Derbyshire,2019,19,12,421,709,24.765,79,True,79*,0,3,59.379,55,3,238,56.532,8.181,28.111,All-rounder / keeper,89.474,7.0,0.0,0.0,89.474,10.526,8.38,5.918,10.755,-4.837,34.679,3.614,2.864,3.976,14.409,3.873,3.011,1.613,2.899,2,6,10.526,31.579,10.0,9.0,146.0,275.0,46.8,41.3,57.3,51.8,49.3
ab965cad,2018,HWR Cartwright,Middlesex,2018,11,6,204,383,18.545,80,False,80,0,1,53.264,28,1,118,57.843,7.572,24.294,Middle order,72.727,5.0,0.0,72.727,27.273,0.0,8.458,6.173,9.16,-2.987,17.157,3.707,2.858,3.136,9.194,4.017,3.114,3.637,2.707,0,3,0.0,27.273,3.0,8.0,35.0,169.0,47.5,41.3,19.9,42.9,37.9
8f938a32,2017,DJ Bell-Drummond,Kent,2017,18,10,361,780,21.235,84,True,84*,0,2,46.282,51,1,210,58.172,6.667,20.742,Opener,100.0,1.0,100.0,0.0,0.0,0.0,6.648,5.004,8.346,-3.342,38.227,3.551,2.848,3.011,11.029,3.791,3.091,2.078,3.974,1,5,5.556,27.778,9.0,9.0,138.0,223.0,33.7,41.2,43.1,43.8,40.4
6feb46a4,2024,LD McManus,Northamptonshire,2024,19,12,484,791,44.0,168,True,168*,1,1,61.188,54,9,270,55.785,7.965,29.396,All-rounder / keeper,63.158,7.0,0.0,0.0,63.158,36.842,8.68,4.169,15.269,-11.1,28.512,3.762,2.846,3.689,12.914,3.989,2.974,1.429,6.183,1,5,5.263,26.316,11.0,8.0,138.0,346.0,49.6,41.1,42.3,41.5,43.6
6f049d41,2017,CD Nash,Sussex,2017,17,10,535,882,31.471,118,False,118,1,3,60.658,77,4,332,62.056,9.184,25.343,Middle order,52.941,4.0,47.059,52.941,0.0,0.0,9.731,4.099,17.269,-13.17,24.112,5.348,2.845,4.409,13.424,5.735,3.136,1.911,8.488,3,8,17.647,47.059,8.0,9.0,129.0,406.0,57.7,41.1,80.7,82.3,65.4
d99cc23a,2025,T van der Gugten,Glamorgan,2025,17,13,383,851,22.529,62,False,62,0,3,45.006,45,2,192,50.131,5.523,23.756,Lower order,100.0,8.0,0.0,0.0,0.0,100.0,6.538,7.737,5.212,2.525,62.141,3.488,2.837,3.703,13.406,3.715,2.96,2.837,2.421,1,4,5.882,23.529,9.0,8.0,238.0,145.0,32.8,41.0,44.1,36.6,38.6
d48c0f40,2024,LA Patterson-White,Northamptonshire,2024,6,3,102,137,20.4,30,False,30,0,0,74.453,14,1,62,60.784,10.949,32.787,Lower order,83.333,8.0,0.0,16.667,0.0,83.333,5.217,4.025,5.597,-1.571,18.627,2.505,2.831,0.809,3.1,2.671,3.024,1.583,2.966,0,0,0.0,0.0,2.0,4.0,19.0,83.0,23.1,40.9,19.9,5.8,22.4
4bb02ef1,2017,D Smit,Derbyshire,2017,8,5,133,335,19.0,41,False,41,0,0,39.701,16,0,64,48.12,4.776,21.63,All-rounder / keeper,75.0,7.0,0.0,12.5,75.0,12.5,6.516,2.781,9.253,-6.472,18.045,2.743,2.829,1.858,5.134,2.942,3.008,0.963,3.828,0,3,0.0,37.5,3.0,5.0,24.0,109.0,32.6,40.9,19.9,65.3,39.7
1a25a6b5,2017,JR Murphy,Glamorgan,2017,6,3,97,242,16.167,27,False,27,0,0,40.083,12,0,48,49.485,4.959,21.304,Middle order,100.0,3.0,0.0,100.0,0.0,0.0,6.812,5.384,10.214,-4.83,55.67,3.503,2.827,1.416,5.131,3.69,3.0,2.69,5.131,0,1,0.0,16.667,4.0,2.0,54.0,43.0,35.1,40.8,19.9,27.3,30.8
aed5be04,2019,JMR Taylor,Gloucestershire,2019,13,9,279,580,21.462,99,False,99,0,1,48.103,41,0,164,58.781,7.069,21.336,All-rounder / keeper,61.538,7.0,0.0,7.692,61.538,30.769,7.189,11.031,2.097,8.934,87.455,3.456,2.822,3.348,9.701,3.774,3.128,4.059,0.852,0,4,0.0,30.769,9.0,4.0,244.0,35.0,38.5,40.7,19.9,50.1,37.3
542fd5a6,2016,IA Cockbain,Gloucestershire,2016,7,4,147,293,21.0,67,False,67,0,1,50.171,22,1,94,63.946,7.85,19.63,Middle order,100.0,3.0,0.0,100.0,0.0,0.0,6.255,6.868,5.463,1.405,61.905,3.084,2.815,1.565,5.206,3.261,2.979,3.353,2.815,0,2,0.0,28.571,3.0,4.0,91.0,56.0,30.1,40.7,19.9,45.6,34.1
6042bf26,2019,NJ Rimmington,Durham,2019,9,6,210,360,30.0,92,False,92,0,2,58.333,27,2,120,57.143,8.056,27.19,Lower order,66.667,10.0,0.0,11.111,22.222,66.667,8.297,4.281,12.592,-8.311,26.667,3.748,2.812,2.774,8.724,4.054,3.081,2.57,5.005,0,2,0.0,22.222,4.0,5.0,56.0,154.0,46.1,40.6,19.9,34.6,35.3
399b0b94,2016,CT Bancroft,Gloucestershire,2016,7,4,117,284,16.714,41,False,41,0,0,41.197,16,0,64,54.701,5.634,19.776,Opener,100.0,1.0,100.0,0.0,0.0,0.0,4.979,6.415,3.122,3.293,72.65,2.397,2.809,1.168,3.236,2.525,2.956,3.209,1.584,0,0,0.0,0.0,3.0,4.0,85.0,32.0,21.4,40.5,19.9,5.8,21.9
0c7f11be,2014,DL Lloyd,Glamorgan,2014,6,3,82,183,13.667,41,False,41,0,0,44.809,13,0,52,63.415,7.104,17.647,All-rounder / keeper,100.0,6.0,0.0,0.0,100.0,0.0,5.356,4.32,6.452,-2.131,41.463,2.74,2.805,1.537,4.244,2.901,3.075,1.988,4.244,0,0,0.0,0.0,4.0,2.0,34.0,48.0,24.1,40.5,19.9,5.8,22.6
4bb02ef1,2018,D Smit,Derbyshire,2018,6,3,104,270,20.8,45,True,45*,0,0,38.519,9,0,36,34.615,3.333,26.054,All-rounder / keeper,100.0,7.0,0.0,0.0,100.0,0.0,6.878,9.075,0.265,8.81,99.038,3.118,2.794,3.175,6.444,3.382,3.03,4.619,0.118,0,2,0.0,33.333,4.0,2.0,103.0,1.0,35.7,40.3,19.9,56.0,38.0
1a45b864,2023,AG Salter,Glamorgan,2023,7,4,163,412,23.286,48,False,48,0,0,39.563,29,0,116,71.166,7.039,12.272,Opener,85.714,2.0,85.714,0.0,0.0,14.286,6.683,7.843,6.337,1.507,26.994,3.26,2.794,2.467,6.293,3.52,2.985,4.243,1.345,0,1,0.0,14.286,2.0,5.0,44.0,119.0,33.9,40.4,19.9,23.0,29.3
c5f40e35,2024,SW Currie,Leicestershire,2024,14,10,353,769,35.3,120,False,120,1,1,45.904,43,3,190,53.824,5.982,22.545,Lower order,57.143,10.0,0.0,7.143,35.714,57.143,8.284,9.272,7.056,2.215,62.04,3.409,2.791,3.559,11.55,3.614,3.036,4.678,0.784,1,4,7.143,28.571,8.0,6.0,219.0,134.0,45.7,40.3,46.9,45.6,44.6
05de1a5a,2017,GC Wilson,Derbyshire,2017,11,7,207,341,20.7,72,False,72,0,1,60.704,32,0,128,61.836,9.384,25.566,All-rounder / keeper,81.818,6.0,0.0,18.182,81.818,0.0,7.414,13.485,4.212,9.273,62.802,4.821,2.784,6.554,19.068,5.133,3.109,5.674,1.684,1,4,9.091,36.364,4.0,7.0,130.0,77.0,39.9,40.2,52.5,62.9,48.9
efe3fcc5,2018,R Vasconcelos,Northamptonshire,2018,16,9,468,842,29.25,140,False,140,1,4,55.582,66,1,270,57.692,7.957,25.548,Middle order,87.5,3.0,12.5,87.5,0.0,0.0,12.939,17.154,9.562,7.592,58.974,5.517,2.782,5.84,17.599,6.07,2.963,4.962,2.632,3,6,18.75,37.5,7.0,9.0,276.0,192.0,80.9,40.1,83.0,65.3,67.3
58c481c6,2017,JJ Cobb,Northamptonshire,2017,18,10,410,674,29.286,96,False,96,0,1,60.831,49,5,226,55.122,8.012,29.677,All-rounder / keeper,83.333,7.0,0.0,11.111,83.333,5.556,8.894,6.024,11.243,-5.219,30.488,4.104,2.777,3.518,10.783,4.432,3.054,3.556,2.777,1,7,5.556,38.889,8.0,10.0,125.0,285.0,51.7,40.1,43.1,68.5,50.8
2e171977,2018,AR Patel,Durham,2018,7,4,147,183,24.5,95,True,95*,0,1,80.328,18,2,84,57.143,10.929,38.65,All-rounder / keeper,100.0,6.0,0.0,0.0,100.0,0.0,10.448,4.255,16.667,-12.411,20.408,6.008,2.772,7.334,16.964,6.323,2.927,2.333,9.683,1,2,14.286,28.571,4.0,3.0,30.0,117.0,63.7,40.0,70.0,45.6,54.8
fe5b4367,2024,ZJ Chappell,Derbyshire,2024,18,11,345,525,20.294,78,False,78,0,3,65.714,43,7,214,62.029,9.524,27.579,Lower order,94.444,8.5,0.0,0.0,5.556,94.444,7.662,8.016,7.391,0.625,45.217,2.998,2.771,2.426,8.159,3.197,2.883,3.183,2.365,3,5,16.667,27.778,9.0,9.0,156.0,189.0,42.0,39.9,77.3,43.8,50.8
a05d0552,2021,JJ Weatherley,Hampshire,2021,14,9,265,779,18.929,78,False,78,0,1,34.018,35,0,140,52.83,4.493,16.801,Opener,100.0,1.0,100.0,0.0,0.0,0.0,6.908,5.288,8.946,-3.659,42.642,3.626,2.768,2.866,9.481,3.94,2.922,1.906,3.216,1,4,7.143,28.571,7.0,7.0,113.0,152.0,36.0,39.9,46.9,45.6,42.1
d346d939,2017,RA Whiteley,Worcestershire,2017,9,5,170,373,21.25,53,False,53,0,1,45.576,20,4,104,61.176,6.434,18.911,All-rounder / keeper,88.889,7.0,0.0,0.0,88.889,11.111,6.727,4.501,8.537,-4.035,30.0,3.802,2.767,2.462,7.624,4.072,2.865,2.369,4.865,0,2,0.0,22.222,4.0,5.0,51.0,119.0,34.3,39.8,19.9,34.6,32.2
344c6d55,2023,JJ Carson,Sussex,2023,19,10,438,810,29.2,75,False,75,0,3,54.074,62,4,272,62.1,8.148,22.312,Lower order,100.0,9.0,0.0,0.0,0.0,100.0,7.387,7.793,6.179,1.614,78.995,3.626,2.765,2.311,8.764,3.83,2.918,2.638,3.568,0,4,0.0,21.053,13.0,6.0,346.0,92.0,39.7,39.7,19.9,33.0,33.1
b2fe023a,2016,TP Milnes,Derbyshire,2016,7,4,136,197,19.429,56,False,56,0,1,69.036,19,0,76,55.882,9.645,33.708,Lower order,100.0,9.0,0.0,0.0,0.0,100.0,6.716,6.735,6.63,0.105,82.353,3.304,2.762,2.62,6.893,3.47,2.94,3.418,2.105,0,2,0.0,28.571,6.0,1.0,112.0,24.0,34.3,39.7,19.9,45.6,34.9
ed8faea2,2024,TGR Clark,Sussex,2024,16,12,366,812,24.4,112,True,112*,1,1,45.074,48,1,198,54.098,6.034,22.018,Opener,62.5,1.0,62.5,37.5,0.0,0.0,6.134,8.6,3.581,5.018,71.311,3.245,2.761,3.23,12.514,3.408,2.853,3.102,2.655,0,2,0.0,12.5,8.0,8.0,261.0,105.0,29.1,39.6,19.9,20.5,27.3
67954d19,2019,GJ Harte,Durham,2019,21,11,459,1209,22.95,77,False,77,0,3,37.965,42,3,186,40.523,3.722,23.454,Middle order,90.476,4.0,9.524,90.476,0.0,0.0,9.265,8.58,9.726,-1.146,37.255,4.338,2.754,3.849,11.125,4.764,2.948,2.57,3.719,2,7,9.524,33.333,9.0,12.0,171.0,288.0,54.4,39.6,54.0,56.0,51.0
d34a2268,2021,MDE Holden,Middlesex,2021,12,6,161,356,14.636,49,False,49,0,0,45.225,21,0,84,52.174,5.899,22.985,Opener,83.333,2.0,83.333,16.667,0.0,0.0,6.55,4.31,10.911,-6.601,43.478,3.126,2.751,2.739,8.307,3.308,2.919,2.751,4.773,2,4,16.667,33.333,8.0,4.0,70.0,91.0,32.8,39.5,77.3,56.0,51.4
ad46c747,2024,DM Bess,Yorkshire,2024,7,6,203,281,40.6,60,True,60*,0,2,72.242,29,2,128,63.054,11.032,30.0,Lower order,71.429,8.0,0.0,14.286,14.286,71.429,6.124,3.171,12.833,-9.662,35.961,3.318,2.75,3.484,8.965,3.488,2.887,0.711,6.888,0,2,0.0,28.571,4.0,3.0,73.0,130.0,29.0,39.4,19.9,45.6,33.5
cd143bca,2022,J Leach,Worcestershire,2022,9,7,266,427,29.556,87,False,87,0,3,62.295,40,0,160,60.15,9.368,27.39,Lower order,100.0,8.0,0.0,0.0,0.0,100.0,10.083,6.201,16.516,-10.315,38.346,4.027,2.743,4.079,11.538,4.215,2.925,2.114,6.91,1,3,11.111,33.333,6.0,3.0,102.0,164.0,60.4,39.4,58.7,56.0,53.6
ce24059d,2015,JE Burke,Surrey,2015,8,6,215,448,30.714,79,False,79,0,2,47.991,27,1,114,53.023,6.25,24.048,Lower order,62.5,8.0,0.0,0.0,37.5,62.5,7.77,7.809,7.735,0.074,47.907,4.022,2.737,3.212,8.352,4.396,2.986,2.514,2.961,1,2,12.5,25.0,3.0,5.0,103.0,112.0,42.8,39.3,64.0,39.2,46.3
ffe699c0,2018,CJ Jordan,Sussex,2018,12,7,296,506,24.667,68,False,68,0,2,58.498,44,0,176,59.459,8.696,25.974,Lower order,100.0,8.0,0.0,0.0,0.0,100.0,10.659,14.605,7.415,7.19,61.824,5.52,2.734,4.621,13.677,5.917,2.967,9.2,2.653,2,3,16.667,25.0,4.0,8.0,183.0,113.0,65.2,39.2,77.3,39.2,55.2
efe3fcc5,2025,R Vasconcelos,Northamptonshire,2025,19,12,468,825,24.632,100,False,100,1,2,56.727,70,5,310,66.239,9.091,21.067,Opener,100.0,1.0,100.0,0.0,0.0,0.0,7.453,5.582,9.408,-3.826,38.248,3.482,2.732,2.359,8.127,3.725,2.921,2.68,3.888,0,5,0.0,26.316,10.0,9.0,179.0,289.0,40.3,39.2,19.9,41.5,35.2
f28ae037,2025,A Sharma,Northamptonshire,2025,7,4,128,174,18.286,33,False,33,0,0,73.563,16,5,94,73.438,12.069,22.222,Middle order,57.143,5.0,0.0,57.143,28.571,14.286,6.223,5.171,7.533,-2.362,46.094,3.052,2.73,1.013,4.517,3.262,2.939,2.402,3.702,0,1,0.0,14.286,3.0,4.0,59.0,69.0,29.8,39.1,19.9,23.0,28.0
d4eef961,2025,M de Lange,Gloucestershire,2025,7,4,129,96,21.5,51,False,51,0,1,134.375,13,9,106,82.171,22.917,31.081,Lower order,100.0,11.0,0.0,0.0,0.0,100.0,5.901,3.904,6.776,-2.872,20.155,2.585,2.723,1.323,3.858,2.739,2.866,1.949,3.497,0,1,0.0,14.286,2.0,5.0,26.0,103.0,27.6,39.0,19.9,23.0,27.4
e142c599,2025,Anuj Dal,Derbyshire,2025,13,9,281,535,28.1,52,True,52*,0,1,52.523,31,0,124,44.128,5.794,31.151,All-rounder / keeper,92.308,7.0,0.0,0.0,92.308,7.692,6.286,3.388,7.362,-3.974,14.591,2.645,2.721,1.552,4.905,2.786,2.857,0.595,2.925,0,4,0.0,30.769,4.0,9.0,41.0,240.0,30.7,39.0,19.9,50.1,34.9
2085e1fa,2018,HJH Brookes,Warwickshire,2018,6,5,165,270,33.0,70,False,70,0,2,61.111,16,3,82,49.697,7.037,33.068,Lower order,100.0,10.0,0.0,0.0,0.0,100.0,8.518,6.499,10.478,-3.979,37.576,3.696,2.721,3.626,8.997,3.973,2.877,0.853,5.859,0,3,0.0,50.0,3.0,3.0,62.0,103.0,48.2,38.9,19.9,86.5,48.4
0bec3a6c,2016,BAC Howell,Gloucestershire,2016,7,4,113,162,18.833,41,False,41,0,0,69.753,13,4,76,67.257,10.494,25.517,All-rounder / keeper,57.143,7.0,0.0,14.286,57.143,28.571,5.756,9.157,2.495,6.662,77.876,2.927,2.716,2.305,5.897,3.233,2.881,4.567,1.288,0,2,0.0,28.571,3.0,4.0,88.0,25.0,26.6,38.8,19.9,45.6,32.7
8c7d6cbe,2016,MW Machan,Sussex,2016,9,6,249,336,27.667,66,False,66,0,1,74.107,24,3,114,45.783,8.036,43.689,Middle order,77.778,5.0,0.0,77.778,22.222,0.0,8.384,7.446,9.853,-2.407,54.217,3.828,2.712,3.187,8.644,4.074,2.906,2.712,5.121,0,4,0.0,44.444,6.0,3.0,135.0,114.0,46.9,38.7,19.9,77.9,45.8
4fd09cfc,2026,G Clark,Durham,2026,15,11,339,592,24.214,78,False,78,0,3,57.264,43,2,184,54.277,7.601,28.336,Middle order,66.667,5.0,0.0,66.667,33.333,0.0,6.278,5.211,7.549,-2.338,45.133,3.444,2.712,3.357,9.501,3.683,2.971,1.872,3.35,1,4,6.667,26.667,9.0,6.0,153.0,186.0,30.6,38.8,45.9,42.0,39.3
22b98d7c,2025,TW Hartley,Lancashire,2025,16,10,396,759,26.4,130,False,130,1,1,52.174,46,8,232,58.586,7.115,23.262,Lower order,93.75,8.0,0.0,0.0,6.25,93.75,8.33,5.333,12.085,-6.752,35.606,3.449,2.709,3.065,9.745,3.689,2.845,1.303,4.171,1,3,6.25,18.75,9.0,7.0,141.0,255.0,46.4,38.6,45.1,30.7,40.2
60f4c586,2026,OG Robinson,Durham,2026,17,12,364,677,24.267,84,False,84,0,1,53.767,39,1,162,44.505,5.908,31.711,All-rounder / keeper,70.588,7.0,5.882,0.0,70.588,23.529,6.53,9.758,3.618,6.14,70.879,3.095,2.708,2.068,6.557,3.345,2.94,4.176,1.948,0,3,0.0,17.647,9.0,8.0,258.0,106.0,32.6,38.6,19.9,29.5,30.2
71440756,2022,P Coughlin,Durham,2022,6,5,157,222,39.25,100,True,100*,1,0,70.721,19,2,88,56.051,9.459,34.328,All-rounder / keeper,66.667,7.0,0.0,0.0,66.667,33.333,7.205,10.99,3.34,7.65,77.07,2.872,2.699,3.174,7.728,3.127,2.925,5.214,0.124,0,1,0.0,16.667,2.0,4.0,121.0,36.0,38.6,38.5,19.9,27.3,31.1
d99cc23a,2021,T van der Gugten,Glamorgan,2021,6,3,61,124,12.2,26,True,26*,0,0,49.194,7,2,40,65.574,7.258,18.261,Lower order,100.0,9.0,0.0,0.0,0.0,100.0,5.351,5.155,5.64,-0.485,57.377,2.388,2.697,1.032,3.23,2.552,2.835,2.233,2.697,0,0,0.0,0.0,4.0,2.0,35.0,26.0,24.0,38.4,19.9,5.8,22.0
350bb1b1,2017,AF Milne,Kent,2017,8,5,121,233,20.167,51,False,51,0,1,51.931,19,0,76,62.81,8.155,21.028,Lower order,87.5,9.0,0.0,12.5,0.0,87.5,6.139,8.133,4.914,3.219,50.413,2.905,2.689,2.58,6.25,3.08,2.81,3.672,0.932,1,2,12.5,25.0,3.0,5.0,61.0,60.0,29.2,38.4,64.0,39.2,42.7
8f938a32,2025,DJ Bell-Drummond,Kent,2025,20,10,670,1241,33.5,223,False,223,2,1,53.989,87,4,372,55.522,7.333,25.913,Middle order,100.0,3.0,0.0,100.0,0.0,0.0,11.888,11.132,12.36,-1.228,35.97,5.462,2.689,5.969,18.905,5.811,2.922,1.902,3.929,3,5,15.0,25.0,8.0,12.0,241.0,429.0,75.0,38.3,72.1,39.2,56.1
bdadcca1,2019,TJ Haines,Sussex,2019,11,6,159,386,14.455,39,False,39,0,0,41.192,21,0,84,52.83,5.44,20.548,Opener,63.636,2.0,63.636,36.364,0.0,0.0,5.573,5.916,5.312,0.604,45.912,2.767,2.686,2.055,5.907,3.025,2.938,1.764,3.608,0,3,0.0,27.273,5.0,6.0,73.0,86.0,24.9,38.2,19.9,42.9,31.5
3766056b,2017,BJ McCarthy,Durham,2017,6,5,129,278,32.25,39,False,39,0,0,46.403,14,0,56,43.411,5.036,27.652,Lower order,83.333,10.0,0.0,16.667,0.0,83.333,6.825,5.784,8.411,-2.627,51.163,2.732,2.683,1.682,5.142,2.929,2.852,2.683,2.594,0,2,0.0,33.333,4.0,2.0,66.0,63.0,35.1,38.2,19.9,56.0,37.3
542fd5a6,2015,IA Cockbain,Gloucestershire,2015,10,6,139,462,13.9,28,False,28,0,0,30.087,16,0,64,46.043,3.463,16.816,Middle order,80.0,5.0,0.0,80.0,20.0,0.0,6.312,6.256,6.716,-0.46,87.05,2.621,2.674,1.507,4.456,2.802,2.818,2.833,2.514,0,3,0.0,30.0,8.0,2.0,121.0,18.0,30.9,38.1,19.9,48.5,34.4
7f3f108f,2017,CF Hughes,Northamptonshire,2017,6,3,60,99,10.0,21,False,21,0,0,60.606,10,0,40,66.667,10.101,22.472,All-rounder / keeper,83.333,6.0,0.0,16.667,83.333,0.0,3.778,2.967,5.341,-2.374,51.667,2.065,2.673,1.578,3.248,2.277,2.915,1.761,2.673,0,0,0.0,0.0,4.0,2.0,31.0,29.0,14.1,38.0,19.9,5.8,19.4
6755cd5c,2015,CB Cooke,Glamorgan,2015,25,14,711,1279,35.55,102,True,102*,1,4,55.59,90,2,372,52.321,7.193,28.559,Middle order,92.0,5.0,0.0,92.0,8.0,0.0,10.288,8.974,11.308,-2.335,38.115,4.744,2.672,4.044,12.316,5.127,2.883,2.575,4.754,2,9,8.0,36.0,11.0,14.0,271.0,440.0,62.2,38.0,49.0,62.2,52.8
3a3e7d82,2026,BW Aitchison,Derbyshire,2026,18,11,383,603,21.278,112,False,112,1,1,63.516,48,5,222,57.963,8.789,29.273,Lower order,88.889,9.0,0.0,5.556,5.556,88.889,8.321,6.798,10.204,-3.406,45.17,4.005,2.671,3.372,11.234,4.306,2.941,2.644,3.142,0,5,0.0,27.778,9.0,9.0,173.0,210.0,46.3,37.9,19.9,43.8,37.0
dda5aae5,2015,JK Fuller,Gloucestershire,2015,13,9,300,464,25.0,73,False,73,0,2,64.655,40,3,178,59.333,9.267,28.979,Lower order,100.0,9.0,0.0,0.0,0.0,100.0,8.212,9.255,4.682,4.573,87.0,3.358,2.668,2.828,8.247,3.603,2.843,4.767,0.419,0,4,0.0,30.769,9.0,4.0,261.0,39.0,45.2,37.8,19.9,50.1,38.2
9e85455c,2024,MS Harris,Leicestershire,2024,10,7,388,613,43.111,214,False,214,1,1,63.295,56,2,236,60.825,9.462,27.387,Opener,100.0,2.0,100.0,0.0,0.0,0.0,12.024,4.525,23.73,-19.206,22.938,6.132,2.665,7.831,22.176,6.412,2.774,1.546,10.248,1,4,10.0,40.0,6.0,4.0,89.0,299.0,75.8,37.8,55.6,70.3,59.9
fd770945,2014,BT Foakes,Essex,2014,12,8,296,498,29.6,132,True,132*,1,1,59.438,36,0,144,48.649,7.229,32.9,All-rounder / keeper,91.667,6.0,0.0,8.333,91.667,0.0,10.082,7.08,13.657,-6.577,38.176,5.274,2.662,6.63,19.13,5.586,2.801,2.662,2.842,2,3,16.667,25.0,6.0,6.0,113.0,183.0,60.4,37.7,77.3,39.2,53.6
3766056b,2018,BJ McCarthy,Durham,2018,9,5,98,241,10.889,43,False,43,0,0,40.664,12,0,48,48.98,4.979,21.834,Lower order,100.0,9.0,0.0,0.0,0.0,100.0,5.84,4.005,7.72,-3.715,34.694,2.479,2.66,1.787,4.913,2.68,2.938,1.711,3.348,0,2,0.0,22.222,4.0,5.0,34.0,64.0,27.1,37.6,19.9,34.6,29.8
ed12fcd7,2018,BWM Mike,Leicestershire,2018,7,4,96,177,13.714,39,False,39,0,0,54.237,10,3,58,60.417,7.345,23.171,Lower order,100.0,8.0,0.0,0.0,0.0,100.0,7.229,13.29,1.969,11.321,85.417,3.725,2.659,3.872,8.908,4.033,2.882,6.686,0.764,2,2,28.571,28.571,3.0,4.0,82.0,14.0,38.8,37.6,95.2,45.6,54.3
95fd757d,2021,HJ Swindells,Leicestershire,2021,13,9,494,930,44.909,171,True,171*,2,1,53.118,66,2,276,55.87,7.312,25.29,All-rounder / keeper,100.0,6.0,0.0,0.0,100.0,0.0,12.592,12.449,12.737,-0.287,49.595,5.909,2.651,5.978,18.269,6.303,2.944,6.38,2.332,2,4,15.385,30.769,6.0,7.0,245.0,249.0,79.2,37.4,73.3,50.1,60.0
9e1b7792,2021,EJ Byrom,Glamorgan/Somerset,2021,10,6,206,547,22.889,78,False,78,0,1,37.66,29,0,116,56.311,5.302,17.375,Opener,50.0,2.5,50.0,50.0,0.0,0.0,6.929,7.488,6.55,0.938,43.689,4.852,2.651,4.706,11.621,5.296,2.766,5.131,2.651,2,3,20.0,30.0,4.0,6.0,90.0,116.0,36.3,37.5,85.3,48.5,51.9
0bec3a6c,2015,BAC Howell,Gloucestershire,2015,16,10,395,848,24.688,102,False,102,1,1,46.58,43,4,196,49.62,5.542,24.844,All-rounder / keeper,62.5,6.0,0.0,31.25,62.5,6.25,9.466,10.813,7.303,3.51,70.38,4.238,2.64,3.593,11.159,4.579,2.876,3.681,2.021,2,5,12.5,31.25,9.0,7.0,278.0,117.0,55.8,37.3,64.0,51.1,52.0
413aa65b,2026,CM Falconer,Middlesex,2026,8,4,126,283,15.75,48,False,48,0,0,44.523,16,0,64,50.794,5.654,23.221,Middle order,100.0,5.0,0.0,100.0,0.0,0.0,6.21,11.469,4.504,6.965,45.238,3.154,2.64,1.868,5.717,3.457,2.928,5.717,1.926,0,1,0.0,12.5,2.0,6.0,57.0,69.0,29.5,37.4,19.9,20.5,26.8
fe5b4367,2026,ZJ Chappell,Derbyshire,2026,8,5,149,308,29.8,34,False,34,0,0,48.377,15,3,78,52.349,5.844,24.483,Lower order,100.0,8.0,0.0,0.0,0.0,100.0,5.506,5.789,4.979,0.81,68.456,2.676,2.638,1.876,5.701,2.839,2.804,2.638,2.155,0,2,0.0,25.0,4.0,4.0,102.0,47.0,24.4,37.2,19.9,39.2,30.2
3d0ed2f9,2017,JT Ball,Nottinghamshire,2017,8,6,153,162,30.6,43,False,43,0,0,94.444,22,5,118,77.124,16.667,25.926,Lower order,100.0,10.0,0.0,0.0,0.0,100.0,5.278,4.601,8.465,-3.864,71.895,2.815,2.636,1.382,4.503,3.063,2.848,2.328,4.503,0,0,0.0,0.0,7.0,1.0,110.0,43.0,23.6,37.2,19.9,5.8,21.6
8159d5fc,2026,BD Guest,Derbyshire,2026,19,12,462,835,25.667,141,False,141,1,2,55.329,45,2,192,41.558,5.629,34.264,All-rounder / keeper,68.421,7.0,0.0,15.789,68.421,15.789,8.873,10.448,6.463,3.985,71.212,3.657,2.636,4.019,12.877,3.908,2.814,2.878,1.304,3,4,15.789,21.053,10.0,9.0,329.0,133.0,51.5,37.1,74.3,33.0,49.0
fc1608a2,2016,GT Hankins,Gloucestershire,2016,13,8,300,631,23.077,116,False,116,1,0,47.544,41,0,164,54.667,6.498,23.051,All-rounder / keeper,53.846,6.0,0.0,46.154,53.846,0.0,7.042,1.89,10.621,-8.73,11.0,3.355,2.634,3.22,9.612,3.532,2.75,0.799,4.741,1,2,7.692,15.385,5.0,8.0,33.0,267.0,37.0,37.0,48.2,24.7,36.7
b9877635,2026,TE Bailey,Lancashire,2026,17,9,226,448,15.067,39,False,39,0,0,50.446,30,1,126,55.752,6.92,23.981,Lower order,88.235,9.0,0.0,11.765,0.0,88.235,6.532,3.003,9.024,-6.021,19.027,3.133,2.627,2.638,7.64,3.405,2.935,1.541,3.727,0,4,0.0,23.529,8.0,9.0,43.0,183.0,32.7,37.0,19.9,36.6,31.6
a354c917,2016,NT Broom,Derbyshire,2016,22,14,530,1059,25.238,96,False,96,0,2,50.047,53,4,236,44.528,5.382,29.341,Middle order,81.818,5.0,0.0,81.818,18.182,0.0,7.827,11.101,4.803,6.298,68.113,3.637,2.622,3.311,10.054,3.854,2.766,4.409,2.526,0,6,0.0,27.273,11.0,11.0,361.0,169.0,43.2,36.9,19.9,42.9,35.7
28d6c44d,2026,E Bosch,Middlesex,2026,6,4,110,187,27.5,43,True,43*,0,0,58.824,14,2,68,61.818,8.556,24.561,Lower order,66.667,9.0,0.0,0.0,33.333,66.667,6.118,7.823,2.894,4.929,83.636,2.52,2.621,1.327,3.701,2.734,2.849,3.611,1.632,1,2,16.667,33.333,4.0,2.0,92.0,18.0,28.9,36.8,77.3,56.0,49.8
18fac429,2017,SR Patel,Nottinghamshire,2017,17,13,851,1230,53.188,257,True,257*,2,2,69.187,104,9,470,55.229,9.187,34.109,Middle order,88.235,4.0,0.0,88.235,11.765,0.0,14.099,13.857,14.41,-0.553,55.347,6.962,2.618,9.37,30.27,7.456,2.98,2.447,3.672,3,6,17.647,35.294,10.0,7.0,471.0,380.0,87.7,36.8,80.7,61.2,66.6
6c79c098,2016,DA Payne,Gloucestershire,2016,14,10,312,577,31.2,67,True,67*,0,3,54.073,47,0,188,60.256,8.146,23.396,Lower order,100.0,9.0,0.0,0.0,0.0,100.0,7.286,4.935,10.437,-5.502,38.782,3.082,2.615,2.759,7.387,3.3,2.889,1.756,5.426,1,4,7.143,28.571,8.0,6.0,121.0,191.0,39.0,36.7,46.9,45.6,42.0
0d61d8f0,2017,JD Libby,Nottinghamshire,2017,18,13,422,1022,24.824,109,False,109,1,0,41.292,46,0,184,43.602,4.501,24.385,Opener,100.0,2.0,100.0,0.0,0.0,0.0,6.981,5.56,8.806,-3.245,44.787,3.574,2.605,3.16,10.332,3.819,2.774,1.961,3.762,1,5,5.556,27.778,10.0,8.0,189.0,233.0,36.8,36.7,43.1,43.8,40.1
0a12e736,2019,TMJ Smith,Gloucestershire,2019,8,5,261,743,32.625,84,False,84,0,2,35.128,28,0,112,42.912,3.769,20.839,Middle order,100.0,5.0,0.0,100.0,0.0,0.0,11.579,14.478,5.982,8.496,82.375,4.944,2.593,3.717,10.16,5.478,2.893,7.616,2.175,1,3,12.5,37.5,5.0,3.0,215.0,46.0,72.8,36.6,64.0,65.3,59.7
6c79c098,2017,DA Payne,Gloucestershire,2017,11,9,203,311,33.833,54,True,54*,0,1,65.273,27,2,120,59.113,9.325,29.433,Lower order,100.0,9.0,0.0,0.0,0.0,100.0,6.737,7.246,5.492,1.754,76.355,2.586,2.584,2.303,5.832,2.737,2.707,2.656,2.584,0,4,0.0,36.364,7.0,4.0,155.0,48.0,34.4,36.5,19.9,62.9,38.4
269ff06e,2021,TJ Price,Gloucestershire,2021,9,6,177,472,35.4,71,False,71,0,1,37.5,22,0,88,49.718,4.661,19.778,Lower order,88.889,9.0,0.0,11.111,0.0,88.889,8.194,7.084,10.549,-3.465,58.757,3.492,2.583,2.855,8.189,3.805,2.853,2.583,4.277,0,1,0.0,11.111,6.0,3.0,104.0,73.0,45.1,36.5,19.9,18.3,30.0
95fd757d,2022,HJ Swindells,Leicestershire,2022,25,13,454,1239,18.16,67,False,67,0,3,36.642,51,1,210,46.256,4.197,20.556,All-rounder / keeper,100.0,7.0,0.0,0.0,100.0,0.0,7.284,7.05,7.61,-0.559,56.388,3.226,2.582,1.876,6.818,3.507,2.757,2.114,3.077,1,6,4.0,24.0,14.0,11.0,256.0,198.0,38.9,36.4,39.9,37.3,38.1
eddf25bd,2015,CAJ Meschede,Glamorgan,2015,21,14,614,821,34.111,107,False,107,2,2,74.787,97,8,436,71.01,12.789,24.86,Lower order,66.667,8.0,0.0,0.0,33.333,66.667,9.672,13.336,6.558,6.778,63.355,4.156,2.576,3.647,12.529,4.488,2.795,5.365,1.734,2,9,9.524,42.857,10.0,11.0,389.0,225.0,57.2,36.3,54.0,74.8,55.6
a05d0552,2017,JJ Weatherley,Kent,2017,7,4,157,417,22.429,36,False,36,0,0,37.65,23,0,92,58.599,5.516,16.497,Middle order,57.143,5.0,28.571,57.143,14.286,0.0,7.399,9.439,5.105,4.334,67.516,4.099,2.576,3.472,9.284,4.314,2.742,6.029,2.17,0,1,0.0,14.286,4.0,3.0,106.0,51.0,39.8,36.3,19.9,23.0,29.8
9fd3a210,2025,Zafar Gohar,Middlesex,2025,20,13,396,866,22.0,57,False,57,0,2,45.727,41,4,188,47.475,5.196,25.335,Lower order,100.0,8.0,0.0,0.0,0.0,100.0,5.903,4.383,7.743,-3.36,40.657,3.062,2.57,2.066,6.658,3.248,2.731,2.174,3.553,0,4,0.0,20.0,10.0,10.0,161.0,235.0,27.6,36.2,19.9,32.0,28.9
867a45a7,2017,TAI Taylor,Derbyshire,2017,7,4,140,287,20.0,69,False,69,0,1,48.78,20,0,80,57.143,6.969,22.472,Lower order,85.714,8.0,14.286,0.0,0.0,85.714,8.615,4.922,10.017,-5.095,15.714,3.779,2.567,3.69,9.165,4.179,2.815,2.304,2.829,1,2,14.286,28.571,2.0,5.0,22.0,118.0,48.9,36.1,70.0,45.6,50.2
11df3dc8,2017,MJ Lumb,Nottinghamshire,2017,8,7,259,510,32.375,117,False,117,1,0,50.784,36,0,144,55.598,7.059,24.262,Middle order,87.5,5.0,0.0,87.5,12.5,0.0,7.813,9.136,5.793,3.344,70.656,4.33,2.564,4.703,14.444,4.704,2.726,3.488,2.18,1,1,12.5,12.5,5.0,3.0,183.0,76.0,43.0,36.1,64.0,20.5,40.9
d26e0405,2021,MK Andersson,Middlesex,2021,17,9,196,352,11.529,38,False,38,0,0,55.682,31,0,124,63.265,8.807,22.43,All-rounder / keeper,94.118,7.0,0.0,0.0,94.118,5.882,5.645,6.034,5.395,0.639,41.837,2.685,2.559,1.606,4.837,2.832,2.708,2.42,2.683,0,4,0.0,23.529,7.0,10.0,82.0,114.0,25.8,36.0,19.9,36.6,29.6
324a6ee1,2023,OB Cox,Leicestershire/Worcestershire,2023,8,5,155,308,31.0,58,False,58,0,1,50.325,18,0,72,46.452,5.844,28.621,All-rounder / keeper,87.5,7.0,0.0,0.0,87.5,12.5,9.987,5.271,13.341,-8.069,21.935,3.642,2.556,2.954,8.15,3.876,2.729,2.121,6.498,1,2,12.5,25.0,4.0,4.0,34.0,121.0,59.4,35.9,64.0,39.2,49.6
84548f53,2014,BJ Wright,Glamorgan,2014,11,7,254,431,23.091,123,False,123,1,0,58.933,44,1,182,71.654,10.441,18.653,Middle order,100.0,4.0,0.0,100.0,0.0,0.0,7.625,4.38,10.307,-5.927,25.984,3.803,2.552,3.309,10.504,4.092,2.852,1.347,3.146,0,1,0.0,9.091,4.0,7.0,66.0,188.0,41.7,35.9,19.9,15.6,28.3
d99cc23a,2022,T van der Gugten,Glamorgan,2022,12,8,203,463,40.6,62,False,62,0,1,43.844,26,0,104,51.232,5.616,22.654,Lower order,83.333,10.0,0.0,8.333,8.333,83.333,6.1,4.853,6.483,-1.63,18.719,2.598,2.55,1.725,5.693,2.725,2.65,2.387,2.992,0,2,0.0,16.667,4.0,8.0,38.0,165.0,28.7,35.7,19.9,27.3,27.9
c13e34f4,2023,Haider Ali,Derbyshire,2023,16,10,481,653,32.067,146,False,146,1,3,73.66,63,9,306,63.617,11.026,30.12,Opener,62.5,2.0,62.5,12.5,25.0,0.0,10.019,12.808,6.259,6.549,73.389,4.181,2.55,4.138,12.898,4.415,2.738,4.987,0.922,1,6,6.25,37.5,10.0,6.0,353.0,128.0,59.9,35.8,45.1,65.3,51.5
bca21d18,2018,DI Stevens,Kent,2018,16,9,280,420,20.0,89,False,89,0,2,66.667,42,1,174,62.143,10.238,28.117,All-rounder / keeper,81.25,6.5,0.0,0.0,81.25,18.75,8.23,5.923,10.248,-4.325,33.571,3.881,2.547,3.542,9.914,4.147,2.827,2.51,3.238,2,4,12.5,25.0,8.0,8.0,94.0,186.0,45.4,35.7,64.0,39.2,46.1
c7a995d3,2026,R Sai Kishore,Gloucestershire,2026,7,4,89,168,22.25,29,True,29*,0,0,52.976,8,3,50,56.18,6.548,24.841,Lower order,100.0,9.0,0.0,0.0,0.0,100.0,5.742,5.115,6.38,-1.265,44.944,2.665,2.544,0.892,3.742,2.838,2.703,1.936,3.393,0,2,0.0,28.571,3.0,4.0,40.0,49.0,26.5,35.6,19.9,45.6,31.9
1a45b864,2018,AG Salter,Glamorgan,2018,13,7,110,315,10.0,19,False,19,0,0,34.921,17,0,68,61.818,5.397,14.094,Lower order,92.308,8.0,0.0,0.0,7.692,92.308,3.933,5.145,2.415,2.729,72.727,1.994,2.542,1.055,2.985,2.126,2.72,2.699,1.104,0,1,0.0,7.692,8.0,5.0,80.0,30.0,15.4,35.5,19.9,13.6,21.1
36d33dd0,2014,RR Sarwan,Leicestershire,2014,10,5,184,398,18.4,60,False,60,0,1,46.231,24,1,102,55.435,6.281,21.984,Middle order,90.0,4.0,0.0,90.0,0.0,10.0,8.429,9.091,4.473,4.618,92.391,3.598,2.537,2.093,7.062,3.764,2.61,3.307,2.112,1,3,10.0,30.0,8.0,2.0,170.0,14.0,47.2,35.5,55.6,48.5,46.7
b16cf2ec,2014,AP Palladino,Derbyshire,2014,21,14,334,597,19.647,60,True,60*,0,1,55.946,44,2,188,56.287,7.705,26.497,Lower order,100.0,9.0,0.0,0.0,0.0,100.0,6.387,6.664,5.996,0.668,61.078,2.763,2.532,1.761,6.418,2.998,2.781,2.767,2.282,2,4,9.524,19.048,11.0,10.0,204.0,130.0,32.1,35.4,54.0,31.0,38.1
f752db61,2022,JL Pattinson,Nottinghamshire,2022,10,8,239,372,29.875,45,True,45*,0,0,64.247,31,5,154,64.435,9.677,25.298,Lower order,100.0,9.0,0.0,0.0,0.0,100.0,5.882,7.472,4.35,3.122,62.343,3.067,2.529,2.626,8.475,3.314,2.687,2.529,2.236,0,1,0.0,10.0,6.0,4.0,149.0,90.0,27.3,35.3,19.9,16.5,24.8
aeab0d4f,2018,D Klein,Leicestershire,2018,7,4,150,184,37.5,94,False,94,0,1,81.522,25,1,106,70.667,14.13,27.848,Lower order,100.0,10.0,0.0,0.0,0.0,100.0,10.965,4.987,13.273,-8.286,12.667,4.288,2.526,4.937,11.538,4.623,2.73,3.006,2.045,1,2,14.286,28.571,1.0,6.0,19.0,131.0,68.0,35.3,70.0,45.6,54.7
269ff06e,2024,TJ Price,Gloucestershire,2024,9,6,172,366,24.571,34,True,34*,0,0,46.995,27,0,108,62.791,7.377,18.879,All-rounder / keeper,88.889,7.0,0.0,0.0,88.889,11.111,7.84,12.121,6.799,5.322,30.233,3.447,2.525,2.385,7.805,3.643,2.677,4.732,2.525,1,3,11.111,33.333,3.0,6.0,52.0,120.0,43.4,35.2,58.7,56.0,48.3
cabf72cc,2015,MA Wallace,Glamorgan,2015,21,14,464,752,24.421,92,False,92,0,3,61.702,62,1,254,54.741,8.378,30.479,All-rounder / keeper,71.429,6.0,4.762,4.762,71.429,19.048,7.71,7.086,8.339,-1.253,46.121,3.053,2.521,2.326,8.712,3.287,2.626,1.578,2.638,1,4,4.762,19.048,11.0,10.0,214.0,250.0,42.5,35.1,40.9,31.0,37.4
9f812582,2026,LPJ Kimber,Northamptonshire,2026,6,4,114,159,19.0,66,False,66,0,1,71.698,17,2,80,70.175,11.95,24.286,Lower order,100.0,9.0,0.0,0.0,0.0,100.0,8.61,6.122,12.222,-6.1,42.105,3.451,2.519,3.783,8.765,3.776,2.769,2.519,4.382,2,3,33.333,50.0,4.0,2.0,48.0,66.0,48.8,35.1,97.6,86.5,67.0
23dee937,2026,GP Balderson,Lancashire,2026,22,12,247,573,13.0,39,False,39,0,0,43.106,43,0,172,69.636,7.504,14.151,Lower order,63.636,8.0,22.727,0.0,13.636,63.636,5.696,6.698,5.178,1.52,40.081,2.665,2.516,1.85,5.936,2.903,2.785,2.493,2.539,2,3,9.091,13.636,9.0,13.0,99.0,148.0,26.2,35.0,52.5,21.8,33.9
c5cc48bc,2016,MJJ Critchley,Derbyshire,2016,12,7,263,479,23.909,70,True,70*,0,1,54.906,36,1,150,57.034,7.724,25.566,Lower order,66.667,8.0,0.0,0.0,33.333,66.667,7.621,6.997,8.483,-1.486,53.232,3.385,2.514,2.851,7.916,3.567,2.678,2.75,2.514,0,3,0.0,25.0,7.0,5.0,140.0,123.0,41.7,34.9,19.9,39.2,33.9
5426de63,2023,HB Shipley,Sussex,2023,6,3,116,172,58.0,41,False,41,0,0,67.442,16,5,94,81.034,12.209,14.57,Lower order,100.0,10.0,0.0,0.0,0.0,100.0,5.639,6.831,1.681,5.15,93.103,2.544,2.51,1.79,4.351,2.672,2.626,3.43,0.771,0,0,0.0,0.0,4.0,2.0,108.0,8.0,25.6,34.9,19.9,5.8,21.6
c4450a69,2017,SP Crook,Northamptonshire,2017,6,4,91,134,18.2,30,False,30,0,0,67.91,11,0,44,48.352,8.209,38.211,Lower order,83.333,8.0,0.0,0.0,16.667,83.333,4.956,9.677,3.997,5.68,32.967,2.715,2.509,1.729,5.017,2.88,2.723,5.017,2.417,0,0,0.0,0.0,1.0,5.0,30.0,61.0,21.1,34.8,19.9,5.8,20.4
f3b26fe4,2023,Kashif Ali,Worcestershire,2023,6,4,133,217,22.167,93,False,93,0,1,61.29,21,0,84,63.158,9.677,25.0,Middle order,50.0,5.5,0.0,50.0,50.0,0.0,7.178,4.852,8.731,-3.879,27.068,3.195,2.508,3.085,7.464,3.364,2.675,2.508,3.882,0,1,0.0,16.667,3.0,3.0,36.0,97.0,38.4,34.7,19.9,27.3,30.1
6c6aca89,2026,TS Roland-Jones,Middlesex,2026,15,10,235,312,15.667,37,False,37,0,0,75.321,30,5,150,63.83,11.218,30.686,Lower order,100.0,10.0,0.0,0.0,0.0,100.0,5.546,6.114,4.481,1.634,71.915,2.433,2.505,2.46,7.493,2.632,2.735,3.749,0.952,0,3,0.0,20.0,10.0,5.0,169.0,66.0,24.7,34.7,19.9,32.0,27.8
7955eb15,2015,RK Kleinveldt,Northamptonshire,2015,21,13,391,468,21.722,56,False,56,0,2,83.547,62,4,272,69.565,14.103,29.602,Lower order,95.238,9.0,0.0,0.0,4.762,95.238,6.362,4.8,7.872,-3.072,37.084,2.856,2.502,2.182,6.127,3.071,2.67,1.044,3.574,1,4,4.762,19.048,10.0,11.0,145.0,246.0,31.6,34.6,40.9,31.0,34.5
a73321d3,2016,A Shahzad,Sussex,2016,8,5,109,277,15.571,26,False,26,0,0,39.35,12,0,48,44.037,4.332,23.019,Lower order,87.5,8.0,0.0,12.5,0.0,87.5,4.995,4.995,,,100.0,2.203,2.497,1.47,3.809,2.381,2.642,2.497,,0,3,0.0,37.5,8.0,,109.0,,21.5,34.5,19.9,65.3,35.3
ffdba4e2,2018,BG Charlesworth,Gloucestershire,2018,9,6,194,472,24.25,77,True,77*,0,2,41.102,24,1,102,52.577,5.297,20.582,Lower order,55.556,8.0,0.0,11.111,33.333,55.556,10.778,10.297,11.231,-0.934,46.392,4.08,2.495,4.37,9.667,4.312,2.779,0.329,3.807,0,3,0.0,33.333,4.0,5.0,90.0,104.0,66.5,34.5,19.9,56.0,44.2
ccdd8308,2019,ST Finn,Middlesex,2019,9,6,155,224,25.833,56,False,56,0,1,69.196,23,2,104,67.097,11.161,25.628,Lower order,88.889,10.0,0.0,11.111,0.0,88.889,6.424,3.593,9.084,-5.491,27.097,2.86,2.494,2.133,6.725,3.036,2.625,1.823,3.26,0,1,0.0,11.111,5.0,4.0,42.0,113.0,32.2,34.4,19.9,18.3,26.2
35f9a295,2019,LJ Hill,Leicestershire,2019,9,6,189,318,23.625,67,False,67,0,1,59.434,22,2,100,52.91,7.547,30.272,All-rounder / keeper,55.556,7.0,0.0,0.0,55.556,44.444,7.423,5.574,10.106,-4.532,44.444,3.031,2.49,2.113,6.943,3.296,2.73,2.849,2.13,1,2,11.111,22.222,5.0,4.0,84.0,105.0,40.1,34.3,58.7,34.6,41.9
ad212f96,2018,RF Higgins,Gloucestershire,2018,23,13,477,813,22.714,105,False,105,1,2,58.672,65,0,260,54.507,7.995,29.011,All-rounder / keeper,86.957,7.0,0.0,0.0,86.957,13.043,9.621,10.339,8.3,2.04,69.602,4.157,2.489,4.247,12.384,4.442,2.838,3.289,2.403,2,8,8.696,34.783,12.0,11.0,332.0,145.0,56.9,34.3,51.3,59.8,50.6
97e434a6,2015,DP Sibley,Surrey,2015,8,5,184,440,23.0,74,False,74,0,1,41.818,24,1,102,55.435,5.682,19.759,Middle order,87.5,3.5,0.0,87.5,12.5,0.0,7.099,4.527,8.698,-4.171,24.457,3.842,2.487,3.571,8.772,4.289,2.654,1.873,6.321,1,2,12.5,25.0,3.0,5.0,45.0,139.0,37.5,34.2,64.0,39.2,43.7
5899dceb,2021,CT Steel,Hampshire/Surrey,2021,6,3,74,200,12.333,28,False,28,0,0,37.0,10,0,40,54.054,5.0,17.895,Opener,100.0,1.0,100.0,0.0,0.0,0.0,6.363,10.219,5.174,5.045,37.838,2.713,2.483,1.117,3.927,2.918,2.653,3.927,2.106,0,2,0.0,33.333,2.0,4.0,28.0,46.0,31.7,34.1,19.9,56.0,35.4
b03303ca,2026,L Guthrie,Northamptonshire,2026,6,5,158,193,26.333,52,False,52,0,2,81.865,23,1,98,62.025,12.435,35.503,Lower order,100.0,10.0,0.0,0.0,0.0,100.0,7.96,11.785,4.95,6.834,65.19,2.711,2.476,1.737,4.624,2.923,2.713,4.295,2.355,0,2,0.0,33.333,2.0,4.0,103.0,55.0,44.0,34.1,19.9,56.0,38.5
b970a03f,2014,M Klinger,Gloucestershire,2014,18,10,490,925,28.824,129,True,129*,2,1,52.973,64,4,280,57.143,7.351,24.504,Opener,100.0,1.0,100.0,0.0,0.0,0.0,10.736,7.543,19.587,-12.044,51.633,4.841,2.471,5.144,16.195,5.105,2.602,1.377,5.32,1,8,5.556,44.444,12.0,6.0,253.0,237.0,66.1,34.0,43.1,77.9,55.3
5bb1a1c4,2018,I Sharma,Sussex,2018,6,4,102,213,25.5,66,False,66,0,1,47.887,11,2,56,54.902,6.103,23.0,Lower order,100.0,11.0,0.0,0.0,0.0,100.0,6.568,3.725,7.392,-3.667,12.745,2.76,2.463,2.449,5.995,2.98,2.69,2.031,2.895,0,1,0.0,16.667,2.0,4.0,13.0,89.0,33.0,33.9,19.9,27.3,28.5
0ecb4de6,2022,Rehan Ahmed,Leicestershire,2022,6,3,195,273,32.5,122,False,122,1,0,71.429,24,5,126,64.615,10.623,28.279,Middle order,66.667,5.0,0.0,66.667,33.333,0.0,13.356,5.328,17.387,-12.059,13.333,5.59,2.462,6.011,12.52,5.996,2.714,2.462,7.154,1,2,16.667,33.333,2.0,4.0,26.0,169.0,83.4,33.9,77.3,56.0,62.6
1f28c0f2,2015,RI Newton,Northamptonshire,2015,20,11,534,943,26.7,107,False,107,1,3,56.628,78,0,312,58.427,8.271,25.665,Middle order,50.0,3.0,45.0,50.0,0.0,5.0,9.06,7.014,11.948,-4.933,45.318,4.942,2.459,4.641,12.529,5.35,2.669,2.025,6.316,4,7,20.0,35.0,12.0,8.0,242.0,292.0,53.1,33.8,85.3,60.4,58.2
1a45b864,2015,AG Salter,Glamorgan,2015,17,11,334,665,22.267,73,False,73,0,2,50.226,42,5,198,59.281,7.068,22.006,Lower order,76.471,9.0,5.882,11.765,5.882,76.471,7.109,9.367,4.545,4.822,70.06,3.101,2.459,3.198,10.602,3.343,2.717,2.575,1.449,2,5,11.765,29.412,9.0,8.0,234.0,100.0,37.6,33.8,60.7,47.4,44.9
894b2d25,2026,MJ Potts,Durham,2026,12,9,236,405,23.6,66,False,66,0,1,58.272,25,3,118,50.0,6.914,31.3,Lower order,91.667,9.5,8.333,0.0,0.0,91.667,6.243,8.276,3.916,4.36,70.763,2.626,2.452,1.8,5.234,2.835,2.643,3.455,1.699,2,2,16.667,16.667,7.0,5.0,167.0,69.0,29.9,33.7,77.3,27.3,42.1
74a274cc,2026,TG Helm,Middlesex,2026,10,6,169,290,18.778,33,False,33,0,0,58.276,22,1,94,55.621,7.931,28.09,Lower order,100.0,10.0,0.0,0.0,0.0,100.0,5.947,8.06,4.79,3.269,47.929,2.607,2.451,1.766,5.077,2.848,2.681,4.037,1.53,0,1,0.0,10.0,4.0,6.0,81.0,88.0,27.8,33.6,19.9,16.5,24.5
dbeb6733,2026,BG Randell,Derbyshire,2026,6,3,60,162,15.0,29,False,29,0,0,37.037,5,0,20,33.333,3.086,25.478,Lower order,100.0,9.0,0.0,0.0,0.0,100.0,4.706,5.717,2.35,3.368,85.0,2.042,2.445,0.985,2.76,2.188,2.551,2.603,0.919,0,3,0.0,50.0,4.0,2.0,51.0,9.0,19.8,33.6,19.9,86.5,40.0
9a089b15,2018,GS Drissell,Gloucestershire,2018,9,5,76,240,8.444,19,False,19,0,0,31.667,11,0,44,57.895,4.583,13.974,Lower order,55.556,9.0,0.0,22.222,22.222,55.556,3.84,2.488,7.168,-4.68,46.053,1.988,2.443,1.651,3.748,2.14,2.599,0.529,3.484,0,1,0.0,11.111,5.0,4.0,35.0,41.0,14.4,33.5,19.9,18.3,21.5
2e9fdf9b,2018,DAJ Bracewell,Northamptonshire,2018,6,3,113,233,22.6,81,False,81,0,1,48.498,17,1,74,65.487,7.725,18.14,Lower order,100.0,8.5,0.0,0.0,0.0,100.0,11.068,5.205,14.329,-9.124,16.814,4.459,2.442,4.774,9.91,4.788,2.639,2.442,5.467,0,1,0.0,16.667,2.0,4.0,19.0,94.0,68.7,33.4,19.9,27.3,37.3
3dcd1e8d,2026,ME Milnes,Kent,2026,18,11,286,559,19.067,50,True,50*,0,1,51.163,40,0,160,55.944,7.156,24.277,Lower order,88.889,9.0,0.0,5.556,5.556,88.889,5.474,3.809,7.949,-4.139,41.608,2.78,2.437,2.048,6.054,3.015,2.614,1.945,3.409,1,4,5.556,22.222,10.0,8.0,119.0,167.0,24.3,33.4,43.1,34.6,33.8
782fb776,2025,LV van Beek,Leicestershire,2025,17,12,387,672,29.769,82,True,82*,0,2,57.589,50,3,218,56.331,7.887,27.302,Lower order,100.0,8.0,0.0,0.0,0.0,100.0,6.662,9.381,3.546,5.835,75.194,2.961,2.43,2.466,6.953,3.183,2.625,5.08,1.31,2,3,11.765,17.647,9.0,8.0,291.0,96.0,33.9,33.3,60.7,29.5,39.3
463ebce3,2023,MJ Lamb,Derbyshire,2023,13,9,280,474,21.538,99,False,99,0,1,59.072,33,3,150,53.571,7.595,29.68,All-rounder / keeper,76.923,6.0,0.0,23.077,76.923,0.0,7.181,6.309,7.935,-1.626,40.714,3.734,2.429,4.257,12.709,3.978,2.575,3.077,1.339,1,2,7.692,15.385,6.0,7.0,114.0,166.0,38.4,33.2,48.2,24.7,36.1
4c0f3806,2019,BA Raine,Durham,2019,23,14,464,1033,22.095,82,False,82,0,2,44.918,50,1,206,44.397,4.937,26.273,Lower order,100.0,8.0,0.0,0.0,0.0,100.0,8.67,10.361,6.816,3.545,62.5,4.847,2.418,4.96,16.174,5.261,2.626,8.405,2.266,2,6,8.696,26.087,11.0,12.0,290.0,174.0,49.5,33.2,51.3,41.2,43.8
ed12fcd7,2021,BWM Mike,Leicestershire,2021,12,8,247,524,22.455,74,False,74,0,2,47.137,27,3,126,51.012,5.725,24.494,All-rounder / keeper,91.667,7.0,0.0,0.0,91.667,8.333,6.434,5.793,7.108,-1.316,46.154,3.201,2.408,2.767,9.024,3.451,2.67,1.921,3.062,0,0,0.0,0.0,6.0,6.0,114.0,133.0,32.3,33.1,19.9,5.8,22.8
23dee937,2025,GP Balderson,Lancashire,2025,22,14,476,869,26.444,82,False,82,0,4,54.776,59,7,278,58.403,7.595,24.658,All-rounder / keeper,72.727,7.0,0.0,0.0,72.727,27.273,6.646,5.549,7.791,-2.242,42.647,3.143,2.406,2.404,7.315,3.338,2.617,2.068,2.744,0,5,0.0,22.727,11.0,11.0,203.0,273.0,33.6,33.0,19.9,35.4,30.5
08a935b0,2019,TN Cullen,Glamorgan,2019,9,6,203,502,29.0,51,True,51*,0,2,40.438,24,0,96,47.291,4.781,22.385,Lower order,66.667,8.0,0.0,22.222,11.111,66.667,7.917,1.523,9.078,-7.555,2.956,3.3,2.398,2.955,7.679,3.492,2.561,0.51,3.038,1,3,11.111,33.333,1.0,8.0,6.0,197.0,43.6,33.0,58.7,56.0,47.8
46c5d4fb,2017,AP Rouse,Kent,2017,12,7,263,533,23.909,68,False,68,0,1,49.343,39,3,174,66.16,7.88,18.126,Lower order,50.0,7.5,0.0,8.333,41.667,50.0,7.293,4.899,10.722,-5.823,39.544,3.483,2.388,2.869,6.985,3.687,2.558,2.056,6.934,1,3,8.333,25.0,7.0,5.0,104.0,159.0,39.1,32.9,50.0,39.2,40.3
a72b14ff,2014,CT Tremlett,Surrey,2014,8,7,238,481,34.0,90,False,90,0,2,49.48,21,10,144,60.504,6.445,20.889,Lower order,75.0,9.0,0.0,12.5,12.5,75.0,8.235,13.023,6.207,6.816,47.059,3.088,2.384,2.721,7.621,3.31,2.646,2.384,3.208,0,2,0.0,25.0,3.0,5.0,112.0,126.0,45.5,32.8,19.9,39.2,34.3
01a95383,2025,MD Taylor,Gloucestershire,2025,10,8,166,341,18.444,36,False,36,0,0,48.68,19,2,88,53.012,6.158,24.375,Lower order,80.0,9.0,0.0,20.0,0.0,80.0,4.647,2.603,5.67,-3.067,18.675,1.929,2.382,1.17,3.247,2.059,2.573,1.178,2.725,0,1,0.0,10.0,3.0,7.0,31.0,135.0,19.5,32.8,19.9,16.5,22.2
e142c599,2019,Anuj Dal,Derbyshire,2019,14,8,269,583,24.455,92,False,92,0,2,46.141,23,0,92,34.201,3.945,31.607,Lower order,85.714,8.0,0.0,7.143,7.143,85.714,6.924,10.362,1.17,9.192,93.68,3.109,2.38,3.154,7.809,3.315,2.547,5.941,0.209,1,2,7.143,14.286,8.0,6.0,252.0,17.0,36.2,32.7,46.9,23.0,34.7
cd143bca,2017,J Leach,Worcestershire,2017,17,12,275,342,18.333,57,True,57*,0,1,80.409,39,3,174,63.273,12.281,33.667,Lower order,88.235,9.0,0.0,11.765,0.0,88.235,5.633,5.873,5.252,0.621,64.0,2.344,2.379,1.396,5.438,2.508,2.494,2.242,2.52,0,2,0.0,11.765,11.0,6.0,176.0,99.0,25.4,32.6,19.9,19.3,24.3
ad286dcc,2023,AT Thomson,Derbyshire,2023,12,9,229,375,22.9,44,False,44,0,0,61.067,27,3,126,55.022,8.0,29.855,Lower order,91.667,8.0,0.0,0.0,8.333,91.667,5.774,6.593,5.09,1.503,51.965,2.39,2.375,1.546,5.212,2.532,2.544,2.375,2.089,0,1,0.0,8.333,6.0,6.0,119.0,110.0,26.7,32.6,19.9,14.6,23.4
aa1210d8,2021,CF Parkinson,Leicestershire,2021,11,8,164,401,16.4,41,False,41,0,0,40.898,13,0,52,31.707,3.242,28.866,Lower order,100.0,8.0,0.0,0.0,0.0,100.0,4.739,7.987,1.978,6.01,77.439,2.078,2.367,1.475,3.992,2.232,2.6,3.178,0.716,1,1,9.091,9.091,5.0,6.0,127.0,37.0,19.8,32.5,52.5,15.6,30.1
ba377b40,2018,GL van Buuren,Gloucestershire,2018,12,6,223,541,18.583,83,False,83,0,2,41.22,28,0,112,50.224,5.176,21.637,All-rounder / keeper,91.667,6.0,0.0,8.333,91.667,0.0,8.766,10.563,4.994,5.569,81.614,3.844,2.367,4.476,12.413,4.114,2.628,2.205,2.529,1,4,8.333,33.333,6.0,6.0,182.0,41.0,50.6,32.4,50.0,56.0,47.2
932d3cc9,2024,FJ Hudson-Prentice,Sussex,2024,18,12,401,503,22.278,73,False,73,0,2,79.722,51,4,228,56.858,10.934,38.616,All-rounder / keeper,77.778,7.0,0.0,0.0,77.778,22.222,6.35,5.582,7.198,-1.615,46.135,3.452,2.366,3.372,12.62,3.625,2.515,2.618,2.204,2,3,11.111,16.667,9.0,9.0,185.0,216.0,31.4,32.3,58.7,27.3,37.4
0d61d8f0,2022,JD Libby,Worcestershire,2022,21,14,688,1272,34.4,215,False,215,2,1,54.088,78,1,318,46.221,6.211,31.014,Opener,100.0,2.0,100.0,0.0,0.0,0.0,10.357,4.679,15.322,-10.643,21.076,4.98,2.366,5.88,22.165,5.3,2.597,1.899,5.368,3,6,14.286,28.571,10.0,11.0,145.0,543.0,62.8,32.4,70.0,45.6,52.7
5ac8f17b,2015,GJ Batty,Surrey,2015,13,11,310,516,31.0,50,False,50,0,2,60.078,36,5,174,56.129,7.946,28.632,Lower order,100.0,8.0,0.0,0.0,0.0,100.0,5.853,5.094,7.013,-1.92,52.581,2.981,2.351,2.833,8.804,3.228,2.487,2.33,3.208,0,2,0.0,15.385,8.0,5.0,163.0,147.0,27.2,32.2,19.9,24.7,26.0
bdc0670a,2024,LBK Hollman,Middlesex,2024,12,8,208,428,17.333,39,False,39,0,0,48.598,24,3,114,54.808,6.308,23.441,Lower order,91.667,8.0,0.0,0.0,8.333,91.667,5.168,4.127,6.089,-1.962,37.5,2.807,2.343,1.734,5.342,3.024,2.494,2.116,3.473,0,2,0.0,16.667,5.0,7.0,78.0,130.0,22.6,32.2,19.9,27.3,25.5
932d3cc9,2016,FJ Hudson-Prentice,Sussex,2016,6,4,69,97,11.5,20,False,20,0,0,71.134,12,0,48,69.565,12.371,24.706,Middle order,66.667,4.0,33.333,66.667,0.0,0.0,4.296,5.245,3.209,2.036,65.217,2.114,2.334,0.889,2.89,2.326,2.562,2.456,1.772,0,0,0.0,0.0,4.0,2.0,45.0,24.0,17.7,32.1,19.9,5.8,18.9
4167f30b,2024,IG Holland,Leicestershire,2024,12,7,324,818,27.0,104,False,104,1,1,39.609,44,1,182,56.173,5.501,18.37,Opener,75.0,2.0,75.0,16.667,8.333,0.0,9.27,7.204,10.019,-2.815,20.679,4.551,2.332,4.351,12.8,4.787,2.524,1.804,2.875,1,4,8.333,33.333,4.0,8.0,67.0,257.0,54.5,32.0,50.0,56.0,48.1
c96f6ac5,2023,PWA Mulder,Leicestershire,2023,16,10,343,582,24.5,102,True,102*,1,1,58.935,48,4,216,62.974,8.935,23.962,All-rounder / keeper,93.75,6.0,0.0,0.0,93.75,6.25,7.507,11.352,3.582,7.769,76.385,3.431,2.331,3.735,12.663,3.64,2.529,3.903,1.127,1,5,6.25,31.25,7.0,9.0,262.0,81.0,40.7,32.0,45.1,51.1,42.2
35f9a295,2015,LJ Hill,Leicestershire,2015,16,8,230,469,16.429,57,False,57,0,1,49.041,31,1,130,56.522,6.823,22.883,All-rounder / keeper,56.25,6.0,37.5,0.0,56.25,6.25,6.218,5.769,6.432,-0.663,30.0,2.852,2.33,1.238,5.343,3.116,2.508,2.217,2.4,1,4,6.25,25.0,6.0,10.0,69.0,161.0,29.7,31.9,45.1,39.2,36.5
c995d726,2023,CA Ingram,Glamorgan,2023,12,7,357,616,29.75,136,False,136,1,1,57.955,55,2,232,64.986,9.253,22.361,Middle order,91.667,3.0,0.0,91.667,0.0,8.333,9.495,9.236,9.691,-0.455,42.017,4.656,2.324,4.106,11.343,4.951,2.427,2.324,3.758,2,5,16.667,41.667,6.0,6.0,150.0,207.0,56.1,31.8,77.3,72.8,59.5
2344bdd1,2017,SR Dickson,Kent,2017,16,9,687,1258,42.938,318,False,318,1,3,54.61,74,4,320,46.579,6.2,31.102,Opener,100.0,2.0,100.0,0.0,0.0,0.0,14.061,21.319,8.046,13.272,68.705,5.967,2.323,8.389,26.015,6.321,2.427,3.502,1.471,2,6,12.5,37.5,7.0,9.0,472.0,215.0,87.5,31.8,64.0,65.3,62.2
67954d19,2018,GJ Harte,Durham,2018,13,7,256,646,19.692,114,False,114,1,0,39.628,28,0,112,43.75,4.334,23.301,Middle order,61.538,4.0,0.0,61.538,38.462,0.0,10.544,14.493,3.956,10.537,85.938,4.505,2.321,5.192,15.783,5.053,2.434,4.402,2.232,3,5,23.077,38.462,8.0,5.0,220.0,36.0,64.3,31.7,90.0,67.7,63.4
eddf25bd,2016,CAJ Meschede,Glamorgan,2016,20,11,422,597,26.375,78,False,78,0,3,70.687,57,8,276,65.403,10.888,27.444,Lower order,70.0,8.0,0.0,0.0,30.0,70.0,7.003,9.057,4.157,4.9,75.118,3.413,2.315,3.27,11.075,3.631,2.448,3.601,1.526,1,5,5.0,25.0,12.0,8.0,317.0,105.0,36.9,31.6,41.5,39.2,37.3
8e510697,2015,DJ Redfern,Leicestershire,2015,10,5,226,347,25.111,74,False,74,0,1,65.13,32,1,134,59.292,9.51,29.299,Middle order,60.0,3.0,40.0,60.0,0.0,0.0,8.218,10.107,2.601,7.506,92.035,4.155,2.311,4.307,11.703,4.598,2.471,2.97,1.309,1,2,10.0,20.0,8.0,2.0,208.0,18.0,45.2,31.6,55.6,32.0,41.1
0f3ee070,2018,OE Robinson,Sussex,2018,21,13,279,452,15.5,52,False,52,0,1,61.726,32,1,134,48.029,7.301,34.606,Lower order,100.0,10.0,0.0,0.0,0.0,100.0,5.132,5.389,4.875,0.514,52.33,2.429,2.308,1.713,5.601,2.604,2.374,1.935,2.677,0,1,0.0,4.762,9.0,12.0,146.0,133.0,22.4,31.5,19.9,11.7,21.4
01a95383,2023,MD Taylor,Gloucestershire,2023,10,6,176,331,25.143,57,True,57*,0,1,53.172,26,3,122,69.318,8.761,17.881,Lower order,100.0,9.0,0.0,0.0,0.0,100.0,6.021,5.565,6.341,-0.776,38.068,2.849,2.299,2.475,7.125,3.039,2.441,2.52,2.299,0,4,0.0,40.0,4.0,6.0,67.0,109.0,28.4,31.4,19.9,70.3,37.5
561f3a34,2016,RA Jones,Leicestershire,2016,9,6,127,321,18.143,33,False,33,0,0,39.564,11,1,50,39.37,3.738,24.919,Lower order,100.0,10.0,0.0,0.0,0.0,100.0,4.896,4.574,5.286,-0.711,51.181,1.976,2.292,1.222,3.589,2.129,2.453,2.632,2.279,0,0,0.0,0.0,5.0,4.0,65.0,62.0,20.5,31.4,19.9,5.8,19.4
e142c599,2024,Anuj Dal,Derbyshire,2024,14,9,315,713,24.231,94,False,94,0,2,44.18,32,0,128,40.635,4.488,27.46,All-rounder / keeper,85.714,7.0,0.0,0.0,85.714,14.286,7.762,9.677,6.239,3.438,55.238,3.337,2.288,3.166,10.318,3.573,2.464,3.476,1.883,1,3,7.143,21.429,7.0,7.0,174.0,141.0,42.8,31.3,46.9,33.4,38.6
be4807e3,2014,GM Smith,Essex,2014,11,8,158,350,14.364,42,False,42,0,0,45.143,23,1,98,62.025,6.857,18.405,Middle order,72.727,5.0,0.0,72.727,27.273,0.0,5.643,4.184,7.228,-3.044,38.608,2.373,2.285,2.033,5.237,2.508,2.462,1.318,3.106,0,2,0.0,18.182,5.0,6.0,61.0,97.0,25.7,31.2,19.9,30.1,26.7
b16cf2ec,2018,AP Palladino,Derbyshire,2018,17,9,216,491,16.615,32,False,32,0,0,43.992,25,2,112,51.852,5.499,22.414,Lower order,100.0,9.0,0.0,0.0,0.0,100.0,5.264,4.448,6.951,-2.502,56.944,2.572,2.283,2.266,7.185,2.879,2.515,2.247,3.407,0,2,0.0,11.765,11.0,6.0,123.0,93.0,23.4,31.2,19.9,19.3,23.4
e3434f95,2016,AM Ali,Leicestershire,2016,7,4,71,219,10.143,30,False,30,0,0,32.42,7,1,34,47.887,3.653,17.536,All-rounder / keeper,85.714,7.0,0.0,0.0,85.714,14.286,4.554,5.186,2.736,2.45,84.507,2.429,2.28,1.438,4.071,2.61,2.445,3.19,1.37,0,0,0.0,0.0,5.0,2.0,60.0,11.0,19.2,31.1,19.9,5.8,19.0
dda5aae5,2018,JK Fuller,Middlesex,2018,14,7,230,388,20.909,71,False,71,0,1,59.278,25,2,112,48.696,6.959,32.687,Lower order,85.714,9.0,0.0,7.143,7.143,85.714,7.818,10.011,4.113,5.897,80.435,3.861,2.276,3.216,9.339,4.136,2.58,5.204,1.467,2,5,14.286,35.714,8.0,6.0,185.0,45.0,43.2,30.9,70.0,61.8,51.5
cad40f5e,2019,BA Carse,Durham,2019,15,10,246,534,20.5,77,True,77*,0,1,46.067,33,0,132,53.659,6.18,22.754,Lower order,100.0,9.0,0.0,0.0,0.0,100.0,6.557,8.256,3.587,4.669,80.081,4.093,2.276,4.9,15.187,4.43,2.494,3.445,0.8,0,3,0.0,20.0,9.0,6.0,197.0,49.0,32.9,31.0,19.9,32.0,29.0
e91de70e,2018,OP Rayner,Middlesex,2018,13,7,143,337,11.917,28,False,28,0,0,42.433,18,0,72,50.35,5.341,22.257,Lower order,76.923,9.0,0.0,15.385,7.692,76.923,5.032,6.023,3.337,2.687,75.524,3.057,2.276,1.822,6.034,3.291,2.58,3.945,1.591,0,2,0.0,15.385,9.0,4.0,108.0,35.0,21.8,30.9,19.9,24.7,24.3
8c9d3000,2022,MG Finan,Leicestershire,2022,6,3,102,124,25.5,58,False,58,0,1,82.258,16,3,82,80.392,15.323,19.048,Lower order,100.0,11.0,0.0,0.0,0.0,100.0,8.239,4.279,18.286,-14.006,37.255,3.605,2.273,2.781,6.801,4.045,2.505,2.007,6.801,1,2,16.667,33.333,4.0,2.0,38.0,64.0,45.6,30.9,77.3,56.0,52.4
0c7f11be,2023,DL Lloyd,Glamorgan,2023,13,8,332,474,30.182,81,False,81,0,1,70.042,48,2,204,61.446,10.549,30.189,Opener,92.308,1.0,92.308,7.692,0.0,0.0,8.827,9.664,8.162,1.502,48.494,4.757,2.272,5.134,13.02,5.062,2.451,4.124,2.272,2,5,15.385,38.462,7.0,6.0,161.0,171.0,51.2,30.8,73.3,67.7,55.8
c672e80e,2015,J Clark,Lancashire,2015,15,10,336,634,25.846,63,False,63,0,1,52.997,42,4,192,57.143,7.256,24.49,All-rounder / keeper,73.333,7.0,0.0,0.0,73.333,26.667,7.19,5.252,9.235,-3.983,37.5,3.281,2.271,2.75,8.601,3.586,2.434,1.94,5.927,0,5,0.0,33.333,8.0,7.0,126.0,210.0,38.6,30.7,19.9,56.0,36.3
5fed6272,2015,CN Miles,Gloucestershire,2015,18,11,237,470,13.941,41,False,41,0,0,50.426,40,0,160,67.511,8.511,17.907,Lower order,94.444,9.0,0.0,5.556,0.0,94.444,4.998,6.358,2.776,3.582,78.903,2.267,2.267,1.512,5.025,2.432,2.412,2.867,1.255,0,3,0.0,16.667,11.0,7.0,187.0,50.0,21.6,30.7,19.9,27.3,24.9
d346d939,2016,RA Whiteley,Worcestershire,2016,22,13,542,1049,27.1,71,False,71,0,4,51.668,69,15,366,67.528,8.008,18.238,All-rounder / keeper,95.455,6.0,0.0,4.545,95.455,0.0,8.141,10.528,5.853,4.675,63.284,3.712,2.265,3.504,12.458,3.918,2.397,5.37,2.017,1,8,4.545,36.364,9.0,13.0,343.0,199.0,44.8,30.6,40.5,62.9,44.7
dfc3f02d,2021,OJ Price,Gloucestershire,2021,7,4,110,258,15.714,33,False,33,0,0,42.636,15,0,60,54.545,5.814,20.576,Lower order,57.143,8.0,0.0,0.0,42.857,57.143,7.097,8.301,1.465,6.836,96.364,3.003,2.261,3.279,7.306,3.283,2.514,3.793,0.729,0,1,0.0,14.286,5.0,2.0,106.0,4.0,37.4,30.5,19.9,23.0,27.7
9395f98e,2014,CJ Haggett,Kent,2014,7,4,119,270,17.0,44,False,44,0,0,44.074,18,0,72,60.504,6.667,18.651,Lower order,71.429,8.0,0.0,0.0,28.571,71.429,5.752,3.016,7.705,-4.689,21.849,2.482,2.254,1.629,4.5,2.671,2.356,1.177,3.787,0,0,0.0,0.0,4.0,3.0,26.0,93.0,26.6,30.5,19.9,5.8,20.7
1957c6b7,2019,LWP Wells,Sussex,2019,25,14,527,1309,23.955,98,True,98*,0,2,40.26,70,1,286,54.269,5.424,19.467,Opener,60.0,2.0,60.0,40.0,0.0,0.0,8.298,8.665,8.02,0.646,44.972,3.988,2.249,4.841,16.808,4.326,2.387,1.963,2.535,1,9,4.0,36.0,12.0,13.0,237.0,290.0,46.1,30.4,39.9,62.2,44.7
aa1210d8,2026,CF Parkinson,Durham,2026,11,9,190,503,31.667,54,True,54*,0,1,37.773,19,0,76,40.0,3.777,23.554,Lower order,90.909,11.0,0.0,0.0,9.091,90.909,5.09,6.048,4.286,1.762,54.211,2.012,2.243,1.763,5.567,2.162,2.43,2.549,0.513,0,1,0.0,9.091,5.0,6.0,103.0,87.0,22.0,30.3,19.9,15.6,21.9
f1ba9ed7,2024,JAR Harris,Glamorgan,2024,14,9,288,572,22.154,61,True,61*,0,1,50.35,38,2,164,56.944,6.993,23.308,Lower order,100.0,9.0,0.0,0.0,0.0,100.0,6.928,9.233,3.444,5.789,80.208,3.011,2.235,2.621,8.226,3.155,2.323,2.781,1.869,0,4,0.0,28.571,8.0,6.0,231.0,57.0,36.3,30.3,19.9,45.6,33.0
8d4a60b4,2016,JC Mickleburgh,Essex,2016,8,6,213,471,26.625,103,False,103,1,0,45.223,32,0,128,60.094,6.794,19.362,Opener,87.5,2.0,87.5,12.5,0.0,0.0,6.76,4.377,8.947,-4.57,30.986,3.24,2.233,2.888,8.887,3.416,2.372,2.224,3.307,0,1,0.0,12.5,4.0,4.0,66.0,147.0,34.7,30.2,19.9,20.5,26.3
ac3c3cab,2023,TAR Scriven,Leicestershire,2023,20,12,315,543,19.688,78,False,78,0,2,58.011,46,2,196,62.222,8.84,24.04,Lower order,85.0,8.0,0.0,0.0,15.0,85.0,6.272,5.359,6.924,-1.565,35.556,2.718,2.232,2.18,7.519,2.888,2.408,1.211,2.805,0,4,0.0,20.0,7.0,13.0,112.0,203.0,30.5,30.1,19.9,32.0,28.1
5fed6272,2016,CN Miles,Gloucestershire,2016,16,10,252,561,18.0,60,True,60*,0,2,44.92,38,0,152,60.317,6.774,19.12,Lower order,100.0,8.0,0.0,0.0,0.0,100.0,5.52,3.304,7.025,-3.72,24.206,2.338,2.227,1.927,5.513,2.523,2.347,1.266,2.898,0,3,0.0,18.75,7.0,9.0,61.0,191.0,24.5,30.1,19.9,30.7,26.3
ec5160d7,2024,J Broad,Northamptonshire,2024,17,10,284,569,17.75,75,False,75,0,1,49.912,33,1,138,48.592,5.975,27.29,Lower order,58.824,8.0,17.647,5.882,17.647,58.824,6.257,5.419,7.069,-1.65,42.606,3.115,2.225,2.845,8.116,3.292,2.336,0.68,2.65,0,5,0.0,29.412,8.0,9.0,121.0,163.0,30.3,30.0,19.9,47.4,31.9
81137262,2015,ND Pinner,Leicestershire,2015,8,4,127,225,18.143,68,False,68,0,1,56.444,22,0,88,69.291,9.778,19.212,Middle order,100.0,5.0,0.0,100.0,0.0,0.0,6.126,3.89,11.856,-7.966,45.669,2.647,2.221,2.76,6.144,2.871,2.485,0.946,6.144,0,2,0.0,25.0,6.0,2.0,58.0,69.0,29.1,29.9,19.9,39.2,29.5
d34a2268,2019,MDE Holden,Middlesex,2019,16,9,218,734,13.625,54,False,54,0,1,29.7,27,0,108,49.541,3.678,15.559,Middle order,50.0,3.0,37.5,50.0,12.5,0.0,5.266,6.775,3.824,2.951,62.844,2.642,2.215,2.046,6.136,2.803,2.349,3.369,0.624,0,1,0.0,6.25,9.0,7.0,137.0,81.0,23.5,29.9,19.9,12.5,21.4
22b98d7c,2026,TW Hartley,Lancashire,2026,7,4,82,153,13.667,24,False,24,0,0,53.595,9,1,42,51.22,6.536,27.972,Lower order,71.429,8.0,0.0,0.0,28.571,71.429,4.955,6.128,2.768,3.36,80.488,2.267,2.206,1.574,4.129,2.452,2.416,2.887,1.525,0,1,0.0,14.286,5.0,2.0,66.0,16.0,21.0,29.8,19.9,23.0,23.4
d12cead8,2024,Zain-ul-Hassan,Glamorgan,2024,10,6,165,443,18.333,35,False,35,0,0,37.246,16,1,70,42.424,3.837,22.3,Opener,60.0,1.0,60.0,0.0,30.0,10.0,5.542,8.951,1.769,7.182,84.848,2.63,2.204,2.35,6.121,2.772,2.273,4.603,0.536,1,3,10.0,30.0,5.0,5.0,140.0,25.0,24.7,29.7,55.6,48.5,39.6
cd143bca,2016,J Leach,Worcestershire,2016,20,13,476,670,29.75,90,False,90,0,4,71.045,61,3,262,55.042,9.552,35.314,Lower order,100.0,8.0,0.0,0.0,0.0,100.0,7.791,10.804,4.348,6.456,73.95,3.207,2.203,3.467,10.754,3.401,2.317,2.57,0.832,2,6,10.0,30.0,9.0,11.0,352.0,124.0,42.9,29.7,55.6,48.5,44.2
b8828a1b,2026,KJ Dudgeon,Kent,2026,19,12,337,676,17.737,44,False,44,0,0,49.852,38,1,158,46.884,5.769,28.1,Lower order,100.0,9.0,0.0,0.0,0.0,100.0,6.061,5.608,6.545,-0.937,47.774,2.689,2.197,2.509,8.857,2.89,2.407,1.846,2.197,0,3,0.0,15.789,9.0,10.0,161.0,176.0,28.7,29.6,19.9,25.0,25.8
ac2e7ec0,2025,T Murphy,Gloucestershire,2025,6,4,98,167,32.667,33,False,33,0,0,58.683,15,0,60,61.224,8.982,25.0,Lower order,100.0,9.0,0.0,0.0,0.0,100.0,5.18,6.364,2.835,3.53,81.633,2.142,2.187,1.735,4.123,2.217,2.274,2.827,1.548,0,0,0.0,0.0,4.0,2.0,80.0,18.0,22.7,29.5,19.9,5.8,19.5
65b6943c,2017,L Wood,Nottinghamshire,2017,9,6,199,305,33.167,44,False,44,0,0,65.246,28,1,118,59.296,9.508,29.348,Lower order,77.778,9.0,0.0,11.111,11.111,77.778,6.644,2.555,9.14,-6.585,14.573,3.483,2.187,3.774,10.945,3.718,2.306,1.349,2.999,2,2,22.222,22.222,4.0,5.0,29.0,170.0,33.5,29.5,88.7,34.6,46.6
ab01e323,2021,SA Zaib,Northamptonshire,2021,8,4,85,250,10.625,37,False,37,0,0,34.0,10,0,40,47.059,4.0,18.75,Middle order,75.0,5.0,0.0,75.0,25.0,0.0,5.709,6.505,4.467,2.038,69.412,2.525,2.186,1.307,4.374,2.712,2.344,3.17,1.879,1,1,12.5,12.5,4.0,4.0,59.0,26.0,26.4,29.4,64.0,20.5,35.1
15101f12,2014,ME Claydon,Kent,2014,21,13,284,494,14.947,77,False,77,0,1,57.49,42,3,186,65.493,9.109,21.826,Lower order,100.0,9.0,0.0,0.0,0.0,100.0,5.102,2.895,6.798,-3.903,24.648,2.241,2.182,2.063,6.348,2.384,2.301,0.779,3.127,1,2,4.762,9.524,9.0,12.0,70.0,214.0,22.2,29.3,40.9,16.0,27.1
7e4c8ba3,2021,SA Northeast,Hampshire,2021,13,8,358,711,32.545,118,False,118,1,2,50.352,44,0,176,49.162,6.188,27.286,Middle order,100.0,4.0,0.0,100.0,0.0,0.0,11.17,13.341,8.869,4.473,61.453,4.808,2.179,6.087,18.679,5.114,2.325,2.179,3.5,0,5,0.0,38.462,6.0,7.0,220.0,138.0,69.2,29.2,19.9,67.7,46.5
932d3cc9,2022,FJ Hudson-Prentice,Sussex,2022,6,3,81,157,13.5,51,False,51,0,1,51.592,10,1,46,56.79,7.006,23.973,Middle order,50.0,5.5,0.0,50.0,50.0,0.0,4.972,4.688,6.316,-1.628,77.778,2.776,2.179,2.243,5.258,2.983,2.365,3.075,2.179,0,2,0.0,33.333,4.0,2.0,63.0,18.0,21.3,29.3,19.9,56.0,31.6
84548f53,2015,BJ Wright,Glamorgan,2015,6,4,115,240,19.167,68,False,68,0,1,47.917,18,0,72,62.609,7.5,19.369,Middle order,100.0,3.0,0.0,100.0,0.0,0.0,5.634,4.224,6.856,-2.632,34.783,2.459,2.175,2.287,5.486,2.624,2.32,2.175,2.743,0,1,0.0,16.667,3.0,3.0,40.0,75.0,25.5,29.1,19.9,27.3,25.4
aa1210d8,2018,CF Parkinson,Leicestershire,2018,14,9,192,438,14.769,48,False,48,0,0,43.836,18,0,72,37.5,4.11,28.571,Lower order,100.0,9.0,0.0,0.0,0.0,100.0,5.63,1.475,8.374,-6.899,10.417,2.495,2.159,2.03,6.502,2.707,2.351,0.363,2.896,1,4,7.143,28.571,4.0,10.0,20.0,172.0,25.4,29.1,46.9,45.6,36.8
914e40a6,2018,CR Brown,Glamorgan,2018,12,6,95,331,7.917,33,False,33,0,0,28.701,13,0,52,54.737,3.927,13.522,Middle order,66.667,3.0,33.333,66.667,0.0,0.0,4.545,5.085,3.922,1.163,60.0,2.093,2.156,1.714,3.811,2.266,2.264,3.393,0.92,0,3,0.0,25.0,6.0,6.0,57.0,38.0,19.1,29.0,19.9,39.2,26.8
4fd09cfc,2019,G Clark,Durham,2019,8,4,79,189,11.286,26,False,26,0,0,41.799,10,0,40,50.633,5.291,21.788,Middle order,87.5,5.0,0.0,87.5,12.5,0.0,3.513,3.586,3.492,0.094,22.785,1.91,2.153,0.712,2.455,2.094,2.336,2.011,2.296,0,1,0.0,12.5,2.0,6.0,18.0,61.0,12.6,28.9,19.9,20.5,20.5
fef4b937,2014,GD Cross,Derbyshire,2014,17,11,175,413,10.294,30,False,30,0,0,42.373,18,4,96,54.857,5.327,20.205,All-rounder / keeper,88.235,7.0,0.0,0.0,88.235,11.765,4.194,4.172,4.222,-0.05,56.571,2.157,2.144,1.585,4.36,2.328,2.367,2.706,1.645,0,4,0.0,23.529,9.0,8.0,99.0,76.0,17.0,28.9,19.9,36.6,25.6
46c5d4fb,2018,AP Rouse,Kent,2018,11,7,187,327,17.0,55,False,55,0,1,57.187,27,0,108,57.754,8.257,26.333,All-rounder / keeper,63.636,7.0,0.0,0.0,63.636,36.364,6.783,6.932,6.486,0.446,67.914,3.523,2.138,3.311,8.832,3.843,2.287,4.402,0.543,1,3,9.091,27.273,8.0,3.0,127.0,60.0,34.8,28.8,52.5,42.9,39.8
2f26ac1a,2022,Mohammad Rizwan,Sussex,2022,7,5,342,552,57.0,130,False,130,1,2,61.957,44,2,188,54.971,8.333,30.435,All-rounder / keeper,57.143,6.0,0.0,42.857,57.143,0.0,15.247,19.603,4.12,15.483,92.398,5.313,2.131,6.035,15.147,5.576,2.274,7.022,1.134,1,4,14.286,57.143,4.0,3.0,316.0,26.0,91.7,28.7,70.0,93.7,71.0
ac3c3cab,2025,TAR Scriven,Leicestershire,2025,9,7,236,329,47.2,99,False,99,0,1,71.733,26,2,116,49.153,8.511,39.867,Lower order,100.0,10.0,0.0,0.0,0.0,100.0,6.86,5.234,8.599,-3.365,39.407,3.424,2.13,3.38,10.808,3.627,2.289,2.906,2.013,0,1,0.0,11.111,5.0,4.0,93.0,143.0,35.5,28.6,19.9,18.3,25.6
6b16f8ba,2016,HZ Finch,Sussex,2016,8,5,170,417,28.333,66,False,66,0,2,40.767,24,0,96,56.471,5.755,18.83,All-rounder / keeper,50.0,5.0,25.0,25.0,50.0,0.0,6.759,3.247,8.309,-5.063,14.706,3.204,2.13,2.155,5.933,3.395,2.254,1.436,5.085,0,1,0.0,12.5,3.0,5.0,25.0,145.0,34.7,28.6,19.9,20.5,25.9
7ab451e2,2022,TR Cornall,Worcestershire,2022,7,5,89,244,14.833,31,True,31*,0,0,36.475,12,0,48,53.933,4.918,17.672,Middle order,85.714,3.0,14.286,85.714,0.0,0.0,4.281,4.799,4.047,0.751,34.831,2.076,2.122,1.904,4.901,2.166,2.186,1.679,2.122,0,2,0.0,28.571,3.0,4.0,31.0,58.0,17.7,28.5,19.9,45.6,27.9
63e1e352,2024,Zaman Akhter,Gloucestershire,2024,11,8,212,348,23.556,70,False,70,0,1,60.92,25,4,124,58.491,8.333,27.586,Lower order,100.0,9.0,0.0,0.0,0.0,100.0,8.288,3.269,12.674,-9.405,18.396,2.671,2.12,2.997,8.652,2.836,2.25,0.415,5.301,1,2,9.091,18.182,6.0,5.0,39.0,173.0,45.8,28.5,52.5,30.1,39.2
c88bc84a,2019,Miles Hammond,Gloucestershire,2019,23,14,418,1036,19.0,82,False,82,0,2,40.347,49,0,196,46.89,4.73,22.492,Opener,73.913,2.0,73.913,26.087,0.0,0.0,7.127,7.13,7.122,0.008,58.852,4.012,2.12,4.731,17.021,4.358,2.294,1.344,3.774,2,8,8.696,34.783,14.0,9.0,246.0,172.0,37.9,28.4,51.3,59.8,44.3
7fa2ab1f,2015,RML Taylor,Leicestershire,2015,13,7,176,335,29.333,37,False,37,0,0,52.537,19,0,76,43.182,5.672,31.646,Lower order,100.0,9.0,0.0,0.0,0.0,100.0,5.65,2.772,8.375,-5.603,23.864,2.342,2.116,1.963,5.966,2.544,2.5,1.212,3.418,0,4,0.0,30.769,7.0,6.0,42.0,134.0,25.9,28.3,19.9,50.1,31.0
1179469b,2014,FK Cowdrey,Kent,2014,7,4,85,220,12.143,21,False,21,0,0,38.636,11,0,44,51.765,5.0,19.617,Middle order,71.429,3.0,28.571,71.429,0.0,0.0,4.968,5.607,3.488,2.118,78.824,2.122,2.115,0.381,2.53,2.261,2.284,2.352,1.726,0,1,0.0,14.286,5.0,2.0,67.0,18.0,21.2,28.3,19.9,23.0,23.1
e142c599,2026,Anuj Dal,Derbyshire,2026,7,5,131,218,18.714,55,False,55,0,1,60.092,19,0,76,58.015,8.716,27.638,All-rounder / keeper,85.714,7.0,0.0,0.0,85.714,14.286,7.112,8.088,4.357,3.731,83.969,2.818,2.115,1.927,5.284,3.019,2.248,2.932,2.115,0,1,0.0,14.286,5.0,2.0,110.0,21.0,37.7,28.2,19.9,23.0,27.2
867a45a7,2014,TAI Taylor,Derbyshire,2014,9,6,115,317,16.429,40,False,40,0,0,36.278,12,1,54,46.957,4.101,20.066,Lower order,77.778,10.0,0.0,11.111,11.111,77.778,4.784,4.453,5.19,-0.737,51.304,1.914,2.108,1.533,3.828,2.059,2.294,2.605,1.611,0,1,0.0,11.111,5.0,4.0,59.0,56.0,20.2,28.1,19.9,18.3,21.6
cd882d22,2017,WRS Gidman,Kent,2017,10,5,167,378,16.7,51,False,51,0,1,44.18,25,0,100,59.88,6.614,18.98,All-rounder / keeper,70.0,6.0,0.0,30.0,70.0,0.0,5.532,6.055,5.222,0.834,40.719,3.679,2.107,3.3,8.09,3.892,2.227,4.315,2.107,0,2,0.0,20.0,4.0,6.0,68.0,99.0,24.6,28.1,19.9,32.0,26.2
269ff06e,2025,TJ Price,Gloucestershire,2025,8,6,176,385,22.0,76,False,76,0,1,45.714,21,0,84,47.727,5.455,25.275,Lower order,75.0,8.0,0.0,0.0,25.0,75.0,5.596,8.578,3.696,4.882,59.659,2.345,2.098,2.111,6.199,2.526,2.294,3.961,1.539,0,2,0.0,25.0,3.0,5.0,105.0,71.0,25.2,27.9,19.9,39.2,28.0
e84ac20c,2018,MJ Henry,Kent,2018,15,9,191,218,15.917,55,False,55,0,1,87.615,18,9,126,65.969,12.385,34.031,Lower order,93.333,9.0,0.0,6.667,0.0,93.333,5.695,7.093,4.198,2.896,64.398,2.695,2.098,2.353,7.482,2.922,2.21,3.409,1.493,2,3,13.333,20.0,8.0,7.0,123.0,68.0,26.2,28.0,67.0,32.0,38.3
f64eed39,2015,SL Elstone,Derbyshire,2015,10,6,226,364,25.111,103,True,103*,1,0,62.088,28,1,118,52.212,7.967,32.239,Middle order,50.0,5.5,0.0,50.0,50.0,0.0,10.478,4.198,18.577,-14.38,22.566,6.229,2.096,11.296,29.207,6.951,2.289,1.708,2.623,1,3,10.0,30.0,5.0,5.0,51.0,175.0,63.9,27.9,55.6,48.5,49.0
c41ba637,2017,HE Dearden,Leicestershire,2017,15,8,226,664,15.067,87,False,87,0,1,34.036,25,0,100,44.248,3.765,19.718,Opener,100.0,2.0,100.0,0.0,0.0,0.0,6.754,9.048,2.721,6.328,85.398,2.935,2.093,2.013,6.593,3.196,2.272,4.259,1.296,2,4,13.333,26.667,9.0,6.0,193.0,33.0,34.6,27.8,67.0,42.0,42.8
fac298ff,2014,GM Andrew,Worcestershire,2014,6,4,108,182,21.6,71,True,71*,0,1,59.341,10,5,70,64.815,8.242,22.754,Lower order,83.333,8.0,0.0,0.0,16.667,83.333,5.96,10.043,1.693,8.35,86.111,3.264,2.09,3.887,8.875,3.445,2.232,5.712,0.815,0,1,0.0,16.667,3.0,3.0,93.0,15.0,27.9,27.8,19.9,27.3,25.7
b20f423b,2021,SC Kerrigan,Northamptonshire,2021,8,4,69,221,13.8,28,True,28*,0,0,31.222,9,1,42,60.87,4.525,12.796,Lower order,87.5,9.0,0.0,12.5,0.0,87.5,4.634,3.859,5.842,-1.983,50.725,1.973,2.087,1.943,3.72,2.114,2.182,2.087,1.86,1,2,12.5,25.0,4.0,4.0,35.0,34.0,19.4,27.7,64.0,39.2,37.6
f836b33d,2014,T Kohler-Cadmore,Worcestershire,2014,23,13,516,975,22.435,99,False,99,0,4,52.923,71,4,308,59.69,7.692,23.111,Middle order,73.913,5.0,0.0,73.913,26.087,0.0,7.683,9.126,5.684,3.442,68.992,3.59,2.086,3.568,11.024,3.797,2.222,2.086,1.476,2,5,8.696,21.739,13.0,10.0,356.0,160.0,42.1,27.6,51.3,33.8,38.7
5e6d1a54,2017,LJ Carey,Glamorgan,2017,14,9,219,288,18.25,54,False,54,0,1,76.042,33,3,150,68.493,12.5,27.381,Lower order,92.857,10.0,0.0,7.143,0.0,92.857,6.254,5.062,7.279,-2.218,37.443,2.74,2.085,2.492,6.792,2.895,2.2,1.828,3.177,0,2,0.0,14.286,7.0,7.0,82.0,137.0,30.1,27.6,19.9,23.0,25.2
00cada13,2022,JDM Evison,Leicestershire/Nottinghamshire,2022,6,4,160,330,32.0,109,True,109*,1,0,48.485,16,2,76,47.5,5.455,26.923,Lower order,50.0,7.0,0.0,16.667,33.333,50.0,7.512,3.738,13.553,-9.816,30.625,3.569,2.083,4.483,9.954,3.74,2.189,2.083,5.055,0,2,0.0,33.333,4.0,2.0,49.0,111.0,40.7,27.5,19.9,56.0,36.0
f836b33d,2016,T Kohler-Cadmore,Worcestershire,2016,20,12,552,1059,29.053,169,False,169,2,1,52.125,79,3,334,60.507,7.743,22.313,Middle order,85.0,5.0,0.0,85.0,15.0,0.0,8.866,12.964,5.397,7.567,67.029,4.372,2.083,4.788,13.73,4.623,2.212,4.322,2.008,1,5,5.0,25.0,8.0,12.0,370.0,182.0,51.4,27.4,41.5,39.2,39.9
4c0f3806,2017,BA Raine,Leicestershire,2017,17,9,301,486,23.154,57,False,57,0,2,61.934,36,6,180,59.801,8.642,27.252,Lower order,94.118,8.0,0.0,0.0,5.882,94.118,7.324,9.472,4.287,5.186,75.748,3.786,2.078,3.722,10.746,4.112,2.171,5.481,1.56,1,5,5.882,29.412,10.0,7.0,228.0,73.0,39.4,27.4,44.1,47.4,39.6
9f812582,2023,LPJ Kimber,Leicestershire,2023,9,6,129,222,14.333,61,False,61,0,1,58.108,13,4,76,58.915,7.658,25.854,All-rounder / keeper,44.444,5.0,22.222,33.333,44.444,0.0,6.38,3.661,7.129,-3.468,12.403,2.551,2.07,2.467,7.143,2.727,2.228,1.134,2.753,0,3,0.0,33.333,2.0,7.0,16.0,113.0,31.9,27.3,19.9,56.0,33.8
a77472dc,2018,G Stewart,Kent,2018,13,7,281,386,21.615,103,False,103,1,1,72.798,40,7,202,71.886,12.176,23.304,Lower order,92.308,9.0,0.0,7.692,0.0,92.308,11.451,10.908,13.383,-2.475,74.377,5.725,2.069,6.963,20.085,6.195,2.344,2.069,5.146,1,4,7.692,30.769,10.0,3.0,209.0,72.0,71.8,27.2,48.2,50.1,49.3
5239d782,2014,NL Buck,Leicestershire,2014,14,8,184,369,20.444,29,True,29*,0,0,49.864,31,1,130,70.652,8.672,16.024,Lower order,85.714,10.0,0.0,14.286,0.0,85.714,5.224,4.506,6.267,-1.761,51.087,2.003,2.061,1.245,4.318,2.105,2.186,1.906,2.598,0,0,0.0,0.0,8.0,6.0,94.0,90.0,23.1,27.2,19.9,5.8,19.0
26db69e6,2024,OJ Carter,Sussex,2024,7,5,205,378,29.286,96,False,96,0,1,54.233,29,2,128,62.439,8.201,22.19,Opener,57.143,1.0,57.143,28.571,14.286,0.0,8.664,8.776,8.394,0.382,71.707,3.954,2.055,3.614,8.711,4.207,2.203,2.055,4.256,0,2,0.0,28.571,4.0,3.0,147.0,58.0,49.4,27.1,19.9,45.6,35.5
63e1e352,2025,Zaman Akhter,Gloucestershire,2025,18,12,385,585,25.667,64,False,64,0,2,65.812,48,6,228,59.221,9.231,29.567,Lower order,100.0,8.0,0.0,0.0,0.0,100.0,6.192,4.6,8.457,-3.857,43.636,2.857,2.053,2.056,6.105,3.064,2.171,1.255,3.627,0,5,0.0,27.778,11.0,7.0,168.0,217.0,29.3,27.0,19.9,43.8,30.0
1a45b864,2022,AG Salter,Glamorgan,2022,17,11,284,626,18.933,45,True,45*,0,0,45.367,37,4,172,60.563,6.55,19.145,Opener,70.588,2.0,70.588,0.0,11.765,17.647,5.595,6.692,4.387,2.304,62.676,2.284,2.051,1.11,4.182,2.427,2.176,2.625,1.591,0,2,0.0,11.765,9.0,8.0,178.0,106.0,25.2,27.0,19.9,19.3,22.8
4c0f3806,2022,BA Raine,Durham,2022,18,13,366,700,26.143,103,True,103*,1,1,52.286,41,1,170,46.448,6.0,29.787,Lower order,77.778,8.0,0.0,0.0,22.222,77.778,6.831,8.269,4.385,3.884,76.23,2.565,2.044,2.376,7.96,2.763,2.16,3.861,1.137,0,5,0.0,27.778,10.0,8.0,279.0,87.0,35.2,26.9,19.9,43.8,31.4
ba377b40,2017,GL van Buuren,Gloucestershire,2017,12,7,233,513,21.182,88,True,88*,0,2,45.419,30,2,132,56.652,6.238,20.998,Middle order,100.0,4.5,0.0,100.0,0.0,0.0,7.649,8.347,4.746,3.601,87.983,3.547,2.041,3.333,8.531,3.743,2.186,2.532,1.788,1,3,8.333,25.0,8.0,4.0,205.0,28.0,41.9,26.8,50.0,39.2,39.5
ce470ca0,2019,AJ Robson,Durham,2019,6,4,97,276,16.167,64,False,64,0,1,35.145,11,0,44,45.361,3.986,20.0,Middle order,100.0,3.0,0.0,100.0,0.0,0.0,6.437,2.854,10.556,-7.703,23.711,3.829,2.036,4.253,10.127,4.086,2.205,2.036,5.622,1,1,16.667,16.667,2.0,4.0,23.0,74.0,32.4,26.8,77.3,27.3,41.0
e734d090,2022,CN Ackermann,Leicestershire,2022,23,12,744,1417,35.429,277,True,277*,2,2,52.505,99,2,408,54.839,7.128,25.532,Middle order,100.0,4.0,0.0,100.0,0.0,0.0,12.542,8.785,18.47,-9.685,42.876,5.134,2.029,5.626,17.711,5.569,2.138,2.27,1.788,4,6,17.391,26.087,14.0,9.0,319.0,425.0,79.0,26.7,79.8,41.2,56.7
6c908ffc,2019,CJC Wright,Leicestershire,2019,17,11,271,633,16.938,60,False,60,0,1,42.812,37,1,154,56.827,6.003,19.664,Lower order,70.588,9.0,0.0,11.765,17.647,70.588,6.0,5.095,6.828,-1.733,40.59,2.338,2.022,1.764,6.105,2.54,2.24,2.022,2.332,1,3,5.882,17.647,8.0,9.0,110.0,161.0,28.1,26.6,44.1,29.5,32.1
aeab0d4f,2017,D Klein,Leicestershire,2017,12,6,108,172,12.0,26,False,26,0,0,62.791,12,1,54,50.0,7.558,33.962,Lower order,100.0,10.5,0.0,0.0,0.0,100.0,3.949,5.251,2.778,2.473,62.963,1.881,2.021,1.097,3.388,2.062,2.192,2.517,1.093,0,1,0.0,8.333,6.0,6.0,68.0,40.0,15.5,26.6,19.9,14.6,19.2
0162e9c5,2019,JJ Dell,Worcestershire,2019,9,5,121,375,13.444,61,False,61,0,1,32.267,17,0,68,56.198,4.533,14.804,Opener,55.556,2.0,55.556,44.444,0.0,0.0,6.601,7.361,3.817,3.544,87.603,3.845,2.01,3.716,8.654,4.157,2.178,4.448,1.676,0,3,0.0,33.333,7.0,2.0,106.0,15.0,33.3,26.5,19.9,56.0,33.9
d99cc23a,2023,T van der Gugten,Glamorgan,2023,15,11,280,622,28.0,54,False,54,0,2,45.016,42,0,168,60.0,6.752,19.31,Lower order,86.667,9.0,6.667,0.0,6.667,86.667,5.398,6.784,4.576,2.208,46.786,2.397,2.002,2.078,6.136,2.572,2.145,2.811,1.709,0,4,0.0,26.667,6.0,9.0,131.0,149.0,24.2,26.4,19.9,42.0,28.1
4bb5dc96,2016,WA Tavare,Gloucestershire,2016,10,6,112,374,11.2,36,False,36,0,0,29.947,16,0,64,57.143,4.278,13.408,Middle order,60.0,3.0,40.0,60.0,0.0,0.0,4.196,5.22,3.708,1.513,40.179,1.879,1.995,1.077,3.137,2.03,2.114,2.571,1.576,0,1,0.0,10.0,4.0,6.0,45.0,67.0,17.1,26.4,19.9,16.5,20.0
72898514,2022,WT Root,Glamorgan,2022,14,9,418,837,32.154,99,True,99*,0,4,49.94,48,0,192,45.933,5.735,28.644,All-rounder / keeper,78.571,6.0,0.0,14.286,78.571,7.143,8.434,8.157,8.659,-0.502,43.301,4.393,1.989,4.044,11.347,4.617,2.049,3.528,1.561,1,4,7.143,28.571,6.0,8.0,181.0,237.0,47.3,26.3,46.9,45.6,41.5
5fed6272,2018,CN Miles,Gloucestershire,2018,19,12,188,504,13.429,38,True,38*,0,0,37.302,28,0,112,59.574,5.556,15.966,Lower order,100.0,9.0,0.0,0.0,0.0,100.0,4.548,3.919,5.617,-1.699,54.255,2.412,1.986,2.311,7.566,2.603,2.055,1.933,1.986,1,2,5.263,10.526,10.0,9.0,102.0,86.0,19.1,26.2,42.3,17.1,26.2
fc1608a2,2021,GT Hankins,Gloucestershire,2021,7,5,120,267,20.0,37,False,37,0,0,44.944,18,0,72,60.0,6.742,19.277,All-rounder / keeper,71.429,7.0,0.0,14.286,71.429,14.286,5.859,6.955,4.914,2.041,55.0,2.283,1.986,1.454,3.951,2.467,2.183,2.76,1.511,0,0,0.0,0.0,3.0,4.0,66.0,54.0,27.2,26.2,19.9,5.8,19.8
5239d782,2017,NL Buck,Northamptonshire,2017,11,7,158,276,19.75,43,False,43,0,0,57.246,24,4,120,75.949,10.145,15.323,Lower order,81.818,9.0,0.0,9.091,9.091,81.818,5.253,5.91,4.773,1.137,47.468,2.537,1.972,2.645,7.214,2.747,2.202,1.972,2.004,0,1,0.0,9.091,5.0,6.0,75.0,83.0,23.3,26.1,19.9,15.6,21.2
ed12fcd7,2024,BWM Mike,Leicestershire,2024,12,9,290,379,29.0,90,False,90,0,1,76.517,27,8,156,53.793,9.235,38.953,Lower order,91.667,9.0,0.0,0.0,8.333,91.667,6.882,6.15,7.728,-1.577,47.931,3.612,1.968,4.431,13.975,3.828,2.081,1.968,3.1,1,2,8.333,16.667,7.0,5.0,139.0,151.0,35.7,26.0,50.0,27.3,34.8
49b6c09f,2014,JC Tredwell,Kent,2014,7,4,81,166,11.571,29,False,29,0,0,48.795,12,0,48,59.259,7.229,21.429,Lower order,100.0,8.0,0.0,0.0,0.0,100.0,5.088,2.997,5.714,-2.717,13.58,2.373,1.967,1.434,4.435,2.489,2.071,1.125,2.08,0,1,0.0,14.286,2.0,5.0,11.0,70.0,22.0,26.0,19.9,23.0,22.7
0f3ee070,2017,OE Robinson,Sussex,2017,8,4,116,137,16.571,41,True,41*,0,0,84.672,17,2,80,68.966,13.869,30.508,Lower order,75.0,8.0,0.0,0.0,25.0,75.0,5.028,2.439,5.969,-3.53,12.931,2.742,1.963,2.118,5.864,2.919,2.087,1.176,2.122,0,1,0.0,12.5,2.0,6.0,15.0,101.0,21.7,25.9,19.9,20.5,22.0
eba62359,2017,ML Pettini,Leicestershire,2017,10,5,260,515,28.889,110,True,110*,1,2,50.485,28,2,124,47.692,5.825,28.041,Middle order,60.0,5.0,0.0,60.0,40.0,0.0,11.04,11.616,9.753,1.864,72.692,4.457,1.961,5.391,13.259,4.852,2.13,0.678,3.95,1,4,10.0,40.0,6.0,4.0,189.0,71.0,68.5,25.8,55.6,70.3,55.0
51a3c5ef,2014,MJ McClenaghan,Worcestershire,2014,7,4,86,202,14.333,27,False,27,0,0,42.574,10,0,40,46.512,4.95,23.958,Lower order,100.0,10.0,0.0,0.0,0.0,100.0,4.125,2.211,6.601,-4.39,30.233,1.946,1.955,1.361,3.602,2.089,2.047,1.08,2.811,0,1,0.0,14.286,4.0,3.0,26.0,60.0,16.5,25.8,19.9,23.0,21.3
6c6aca89,2022,TS Roland-Jones,Middlesex,2022,17,13,354,580,29.5,85,False,85,0,3,61.034,43,6,208,58.757,8.448,27.495,Lower order,94.118,8.0,0.0,0.0,5.882,94.118,6.277,5.765,6.838,-1.073,48.023,3.127,1.946,3.338,11.017,3.332,2.073,1.946,2.619,0,2,0.0,11.765,9.0,8.0,170.0,184.0,30.5,25.7,19.9,19.3,23.8
ab965cad,2022,HWR Cartwright,Derbyshire,2022,6,3,96,176,24.0,71,True,71*,0,1,54.545,14,0,56,58.333,7.955,24.691,All-rounder / keeper,100.0,6.0,0.0,0.0,100.0,0.0,5.578,4.056,6.326,-2.269,23.958,2.701,1.941,2.921,5.927,2.879,2.11,1.941,3.081,0,1,0.0,16.667,2.0,4.0,23.0,73.0,25.0,25.6,19.9,27.3,24.4
2be27bdf,2014,JS Gatting,Hampshire,2014,12,8,191,440,17.364,67,False,67,0,1,43.409,21,2,96,50.262,5.227,22.782,Middle order,50.0,5.5,0.0,50.0,50.0,0.0,5.294,3.336,8.31,-4.973,38.22,2.54,1.94,2.578,6.957,2.712,2.099,1.677,4.708,0,2,0.0,16.667,8.0,4.0,73.0,118.0,23.8,25.6,19.9,27.3,24.2
5574750c,2016,JC Archer,Sussex,2016,7,5,122,235,17.429,46,False,46,0,0,51.915,18,0,72,59.016,7.66,23.041,Lower order,100.0,9.0,0.0,0.0,0.0,100.0,5.344,6.102,4.736,1.367,50.82,2.614,1.94,2.5,6.269,2.867,2.132,3.134,1.94,0,1,0.0,14.286,3.0,4.0,62.0,60.0,23.9,25.5,19.9,23.0,23.1
01a95383,2026,MD Taylor,Gloucestershire,2026,15,8,200,460,14.286,31,False,31,0,0,43.478,26,1,110,55.0,5.87,20.785,Lower order,100.0,9.0,0.0,0.0,0.0,100.0,5.736,5.693,5.794,-0.101,57.5,3.008,1.935,2.483,7.458,3.257,2.098,1.244,2.626,0,3,0.0,20.0,9.0,6.0,115.0,85.0,26.4,25.4,19.9,32.0,25.9
1252f71a,2023,MRJ Watt,Derbyshire,2023,6,4,72,129,14.4,19,False,19,0,0,55.814,10,1,46,63.889,8.527,22.034,Lower order,100.0,9.0,0.0,0.0,0.0,100.0,4.322,3.901,4.537,-0.636,30.556,1.869,1.933,0.897,2.899,1.973,2.035,1.943,1.923,0,1,0.0,16.667,2.0,4.0,22.0,50.0,17.9,25.4,19.9,27.3,22.6
b3544c5d,2019,BA Hutton,Northamptonshire,2019,15,9,203,537,18.455,34,True,34*,0,0,37.803,23,0,92,45.32,4.283,21.595,Lower order,100.0,9.0,0.0,0.0,0.0,100.0,4.559,4.326,4.943,-0.618,59.113,2.743,1.931,2.126,6.706,2.915,2.024,1.931,2.962,0,2,0.0,13.333,9.0,6.0,120.0,83.0,19.3,25.3,19.9,21.6,21.5
1d2f290a,2023,JA Thompson,Yorkshire,2023,14,10,299,329,23.0,64,False,64,0,3,90.881,33,16,228,76.254,14.894,25.357,Lower order,78.571,9.0,0.0,0.0,21.429,78.571,6.472,8.761,2.812,5.949,83.278,3.212,1.929,3.903,12.108,3.436,2.038,5.381,0.952,0,2,0.0,14.286,8.0,6.0,249.0,50.0,32.4,25.2,19.9,23.0,25.1
ad46c747,2023,DM Bess,Yorkshire,2023,13,8,216,288,21.6,49,False,49,0,0,75.0,31,3,142,65.741,11.806,29.134,Lower order,84.615,8.0,0.0,0.0,15.385,84.615,5.097,4.958,5.277,-0.319,55.093,2.181,1.929,1.36,3.852,2.298,2.033,2.321,1.888,0,2,0.0,15.385,7.0,6.0,119.0,97.0,22.1,25.2,19.9,24.7,23.0
b16cf2ec,2016,AP Palladino,Derbyshire,2016,18,12,256,499,19.692,49,False,49,0,0,51.303,33,2,144,56.25,7.014,24.138,Lower order,100.0,9.5,0.0,0.0,0.0,100.0,4.659,2.837,6.531,-3.695,30.859,2.026,1.926,1.429,4.79,2.155,2.016,1.547,2.697,0,2,0.0,11.111,10.0,8.0,79.0,177.0,19.6,25.1,19.9,18.3,20.7
2223b920,2018,KHD Barker,Warwickshire,2018,14,10,218,418,18.167,58,False,58,0,1,52.153,28,1,118,54.128,6.938,25.707,All-rounder / keeper,71.429,7.0,0.0,0.0,71.429,28.571,4.811,3.484,5.868,-2.384,32.11,2.433,1.915,2.11,5.973,2.623,2.043,2.511,1.319,0,3,0.0,21.429,7.0,7.0,70.0,148.0,20.2,25.0,19.9,33.4,24.6
c78a879c,2022,RI Walker,Leicestershire,2022,6,3,103,212,20.6,64,False,64,0,1,48.585,12,0,48,46.602,5.66,27.5,Lower order,100.0,9.0,0.0,0.0,0.0,100.0,5.816,8.475,3.785,4.69,63.107,2.57,1.913,1.385,4.161,2.743,2.148,4.161,1.775,0,0,0.0,0.0,2.0,4.0,65.0,38.0,27.0,25.0,19.9,5.8,19.4
f7177fd6,2014,CE Shreck,Leicestershire,2014,21,13,297,391,19.8,56,False,56,0,1,75.959,47,1,194,65.32,12.276,30.029,Lower order,100.0,11.0,0.0,0.0,0.0,100.0,5.799,3.414,8.768,-5.354,32.66,2.236,1.895,1.808,7.113,2.372,1.989,1.318,2.663,0,6,0.0,28.571,11.0,10.0,97.0,200.0,26.8,24.9,19.9,45.6,29.3
b56dc5f7,2022,BE Hendricks,Leicestershire,2022,11,6,118,388,19.667,22,False,22,0,0,30.412,12,0,48,40.678,3.093,18.617,Lower order,100.0,11.0,0.0,0.0,0.0,100.0,4.343,4.384,4.297,0.087,53.39,1.963,1.891,0.815,3.159,2.109,2.012,1.911,1.87,0,2,0.0,18.182,6.0,5.0,63.0,55.0,18.1,24.9,19.9,30.1,23.2
5899dceb,2019,CT Steel,Durham,2019,10,6,133,299,13.3,39,False,39,0,0,44.482,18,0,72,54.135,6.02,21.708,Opener,100.0,2.0,100.0,0.0,0.0,0.0,5.565,2.297,8.967,-6.67,21.053,2.935,1.888,3.924,10.759,3.131,2.036,0.382,2.331,0,2,0.0,20.0,4.0,6.0,28.0,105.0,24.8,24.7,19.9,32.0,25.4
58c481c6,2018,JJ Cobb,Northamptonshire,2018,10,5,140,263,14.0,30,False,30,0,0,53.232,14,3,74,52.857,6.464,26.829,All-rounder / keeper,60.0,7.0,0.0,20.0,60.0,20.0,6.869,6.349,7.219,-0.87,37.143,3.267,1.888,2.916,6.644,3.51,1.993,3.305,1.888,0,3,0.0,30.0,4.0,6.0,52.0,88.0,35.6,24.8,19.9,48.5,32.2
b5781ac3,2025,L Trevaskis,Leicestershire,2025,6,4,85,184,14.167,37,False,37,0,0,46.196,10,1,46,54.118,5.978,22.543,All-rounder / keeper,50.0,7.0,0.0,33.333,50.0,16.667,4.154,4.273,4.045,0.227,49.412,1.846,1.887,1.023,3.055,1.945,1.995,1.887,1.806,0,0,0.0,0.0,3.0,3.0,42.0,43.0,16.7,24.7,19.9,5.8,16.8
46c5d4fb,2016,AP Rouse,Kent,2016,6,6,164,307,27.333,65,False,65,0,1,53.42,27,1,114,69.512,9.121,17.921,All-rounder / keeper,100.0,7.0,0.0,0.0,100.0,0.0,7.069,3.106,9.897,-6.791,18.293,2.886,1.878,2.632,7.127,3.088,2.029,1.203,3.598,0,2,0.0,33.333,2.0,4.0,30.0,134.0,37.2,24.6,19.9,56.0,34.4
9fd3a210,2023,Zafar Gohar,Gloucestershire,2023,21,13,319,719,15.95,53,False,53,0,1,44.367,32,3,146,45.768,4.868,25.292,Lower order,52.381,8.0,0.0,0.0,47.619,52.381,5.261,3.656,6.841,-3.186,34.483,2.452,1.874,1.927,6.625,2.619,1.992,1.494,3.308,0,4,0.0,19.048,10.0,11.0,110.0,209.0,23.3,24.5,19.9,31.0,24.7
fe5b4367,2023,ZJ Chappell,Derbyshire,2023,11,8,220,310,24.444,46,False,46,0,0,70.968,18,8,120,54.545,8.387,35.211,Lower order,100.0,8.0,0.0,0.0,0.0,100.0,6.351,6.817,5.861,0.955,55.0,2.409,1.87,2.198,6.842,2.555,1.971,1.753,1.87,0,1,0.0,9.091,5.0,6.0,121.0,99.0,31.4,24.5,19.9,15.6,22.8
e22d3b5c,2017,RI Keogh,Northamptonshire,2017,20,11,317,733,17.611,105,True,105*,1,0,43.247,32,1,134,42.271,4.502,26.143,Middle order,100.0,5.0,0.0,100.0,0.0,0.0,6.248,9.516,4.288,5.229,57.098,2.877,1.866,3.287,11.84,3.067,2.0,3.288,1.382,0,4,0.0,20.0,8.0,12.0,181.0,136.0,29.9,24.4,19.9,32.0,26.6
8d1dad51,2019,A Javid,Leicestershire,2019,6,3,105,356,17.5,69,False,69,0,1,29.494,15,0,60,57.143,4.213,13.196,Opener,100.0,1.0,100.0,0.0,0.0,0.0,6.94,13.832,3.17,10.662,70.476,3.295,1.865,3.053,6.801,3.623,2.039,6.801,1.542,1,1,16.667,16.667,2.0,4.0,74.0,31.0,36.4,24.3,77.3,27.3,41.3
b9877635,2025,TE Bailey,Lancashire,2025,18,11,213,498,16.385,29,False,29,0,0,42.771,21,2,96,45.07,4.618,24.632,Lower order,88.889,9.0,0.0,5.556,5.556,88.889,3.83,4.536,2.991,1.545,64.319,1.686,1.864,1.062,3.997,1.807,1.973,1.864,1.322,0,1,0.0,5.556,9.0,9.0,137.0,76.0,14.3,24.3,19.9,11.9,17.6
c5cc48bc,2015,MJJ Critchley,Derbyshire,2015,6,5,205,312,41.0,137,True,137*,1,0,65.705,30,2,132,64.39,10.256,26.071,Lower order,100.0,8.0,0.0,0.0,0.0,100.0,14.118,20.51,6.597,13.913,78.537,3.532,1.863,3.367,9.358,3.817,2.044,1.863,2.535,1,2,16.667,33.333,3.0,3.0,161.0,44.0,87.8,24.2,77.3,56.0,61.3
7db8d00b,2017,WD Bragg,Glamorgan,2017,6,3,65,133,13.0,30,False,30,0,0,48.872,9,0,36,55.385,6.767,23.387,Middle order,83.333,3.0,0.0,83.333,0.0,16.667,4.0,4.731,1.754,2.976,89.231,2.019,1.859,1.226,3.318,2.117,1.939,2.588,0.881,0,1,0.0,16.667,4.0,2.0,58.0,7.0,16.0,24.1,19.9,27.3,21.8
3a3e7d82,2023,BW Aitchison,Derbyshire,2023,6,3,56,111,9.333,26,False,26,0,0,50.45,6,0,24,42.857,5.405,30.476,Lower order,100.0,10.0,0.0,0.0,0.0,100.0,3.347,3.827,2.022,1.805,83.929,1.604,1.855,0.523,1.955,1.695,1.939,1.905,1.003,0,0,0.0,0.0,4.0,2.0,47.0,9.0,11.8,24.1,19.9,5.8,15.4
ab01e323,2018,SA Zaib,Northamptonshire,2018,9,6,129,369,16.125,57,False,57,0,1,34.959,7,3,46,35.659,2.71,23.12,All-rounder / keeper,44.444,7.0,11.111,0.0,44.444,44.444,6.585,8.215,3.608,4.607,80.62,2.572,1.852,2.278,6.813,2.829,2.025,3.3,1.609,1,1,11.111,11.111,5.0,4.0,104.0,25.0,33.1,24.0,58.7,18.3,33.5
4ec07775,2014,RN ten Doeschate,Essex,2014,8,5,174,199,24.857,104,True,104*,1,0,87.437,23,2,104,59.77,12.563,40.23,All-rounder / keeper,87.5,6.5,0.0,12.5,87.5,0.0,7.989,2.033,9.957,-7.924,6.322,3.213,1.848,3.331,9.114,3.485,2.02,1.0,2.058,1,2,12.5,25.0,1.0,7.0,11.0,163.0,44.2,23.9,64.0,39.2,42.8
a9da7784,2014,KJ Abbott,Hampshire,2014,10,8,127,291,14.111,40,False,40,0,0,43.643,13,1,58,45.669,4.811,24.91,Lower order,90.0,9.0,0.0,0.0,10.0,90.0,3.845,4.513,3.269,1.243,54.331,1.67,1.847,1.341,3.766,1.772,1.937,1.998,1.07,0,1,0.0,10.0,5.0,5.0,69.0,58.0,14.5,23.9,19.9,16.5,18.7
ad212f96,2021,RF Higgins,Gloucestershire,2021,19,13,376,704,20.889,73,False,73,0,1,53.409,39,5,186,49.468,6.25,28.788,All-rounder / keeper,89.474,6.0,0.0,5.263,89.474,5.263,8.357,6.653,9.631,-2.978,34.043,3.516,1.842,3.774,11.475,3.748,2.0,1.685,2.484,2,7,10.526,36.842,8.0,11.0,128.0,248.0,46.7,23.8,57.3,63.7,47.9
70fdd428,2017,JD Shantry,Worcestershire,2017,6,4,64,90,16.0,20,False,20,0,0,71.111,9,1,42,65.625,11.111,27.5,Lower order,100.0,10.0,0.0,0.0,0.0,100.0,3.965,1.768,4.68,-2.912,10.938,1.673,1.841,0.545,2.128,1.79,2.0,0.881,1.858,0,0,0.0,0.0,2.0,4.0,7.0,57.0,15.6,23.7,19.9,5.8,16.2
6c908ffc,2018,CJC Wright,Warwickshire,2018,18,14,342,807,21.375,72,False,72,0,2,42.379,39,0,156,45.614,4.833,24.219,Lower order,77.778,9.0,0.0,16.667,5.556,77.778,5.882,9.921,3.004,6.917,70.175,2.582,1.834,2.479,7.533,2.794,1.959,3.553,1.648,0,5,0.0,27.778,8.0,10.0,240.0,102.0,27.3,23.7,19.9,43.8,28.7
fc63d916,2023,AW Finch,Worcestershire,2023,11,7,128,392,25.6,33,True,33*,0,0,32.653,15,1,66,51.562,4.082,16.489,Lower order,90.909,10.0,9.091,0.0,0.0,90.909,4.841,7.399,3.478,3.921,53.125,2.078,1.831,1.528,4.93,2.234,2.016,2.694,1.245,0,1,0.0,9.091,5.0,6.0,68.0,60.0,20.4,23.6,19.9,15.6,19.9
adaf51be,2024,EWO Middleton,Gloucestershire,2024,6,4,66,178,22.0,24,True,24*,0,0,37.079,6,1,30,45.455,3.933,21.053,Lower order,83.333,8.0,0.0,16.667,0.0,83.333,3.343,3.357,3.333,0.024,42.424,2.033,1.83,1.91,4.39,2.13,1.94,2.236,1.83,0,1,0.0,16.667,3.0,3.0,28.0,38.0,11.7,23.5,19.9,27.3,20.6
59559bc2,2021,J Overton,Surrey,2021,9,7,154,289,19.25,50,False,50,0,1,53.287,21,1,90,58.442,7.612,23.97,Lower order,88.889,8.0,0.0,0.0,11.111,88.889,5.106,4.267,6.629,-2.362,53.896,2.36,1.829,1.728,5.562,2.54,1.943,1.378,2.199,0,1,0.0,11.111,4.0,5.0,83.0,71.0,22.3,23.5,19.9,18.3,21.0
861eed37,2026,WSA Williams,Gloucestershire,2026,19,11,240,612,15.0,98,False,98,0,1,39.216,23,3,110,45.833,4.248,22.184,Lower order,94.737,10.0,5.263,0.0,0.0,94.737,5.207,3.733,6.519,-2.786,33.75,2.252,1.826,2.597,9.159,2.405,1.935,0.935,2.213,0,2,0.0,10.526,10.0,9.0,81.0,159.0,22.9,23.4,19.9,17.1,20.8
b82e3032,2023,J Shaw,Gloucestershire,2023,9,5,171,304,21.375,44,False,44,0,0,56.25,18,6,108,63.158,7.895,22.5,Lower order,100.0,9.0,0.0,0.0,0.0,100.0,7.731,10.217,5.792,4.424,57.895,3.071,1.822,1.951,6.188,3.281,1.931,4.005,1.784,0,3,0.0,33.333,3.0,6.0,99.0,72.0,42.6,23.3,19.9,56.0,35.4
a386e91b,2018,PD Collingwood,Durham,2018,18,10,257,535,14.278,47,False,47,0,0,48.037,32,2,140,54.475,6.355,23.353,All-rounder / keeper,55.556,6.0,0.0,44.444,55.556,0.0,6.568,6.166,7.022,-0.857,49.805,3.294,1.815,2.804,8.381,3.504,1.942,1.33,2.202,0,3,0.0,16.667,10.0,8.0,128.0,129.0,33.0,23.3,19.9,27.3,25.9
922e1b19,2017,Z Crawley,Kent,2017,6,4,75,142,12.5,37,False,37,0,0,52.817,13,1,58,77.333,9.859,13.281,Middle order,50.0,5.5,0.0,50.0,50.0,0.0,4.915,5.2,4.639,0.561,52.0,2.072,1.815,1.961,4.535,2.208,1.983,2.328,1.815,0,2,0.0,33.333,3.0,3.0,39.0,36.0,20.6,23.2,19.9,56.0,29.9
4c0f3806,2014,BA Raine,Leicestershire,2014,13,7,239,583,19.917,55,False,55,0,1,40.995,32,0,128,53.556,5.489,20.145,Lower order,69.231,8.0,0.0,0.0,30.769,69.231,6.972,5.728,9.354,-3.625,53.975,3.25,1.814,2.809,7.33,3.473,1.933,1.705,3.133,2,4,15.385,30.769,8.0,5.0,129.0,110.0,36.7,23.1,73.3,50.1,45.8
8108e2d2,2019,DKH Mitchell,Worcestershire,2019,22,12,452,1089,21.524,139,False,139,2,1,41.506,61,0,244,53.982,5.601,20.233,Opener,100.0,1.0,100.0,0.0,0.0,0.0,9.262,11.444,6.618,4.825,67.699,4.184,1.808,5.898,20.516,4.45,1.98,2.252,1.07,2,6,9.091,27.273,13.0,9.0,306.0,146.0,54.3,23.1,52.5,42.9,43.2
46c5d4fb,2014,AP Rouse,Gloucestershire,2014,7,4,124,292,17.714,49,False,49,0,0,42.466,16,0,64,51.613,5.479,21.739,Lower order,71.429,8.0,0.0,0.0,28.571,71.429,5.982,3.039,8.832,-5.793,25.0,2.931,1.799,2.737,7.0,3.053,1.876,1.573,4.289,0,2,0.0,28.571,4.0,3.0,31.0,93.0,28.0,23.0,19.9,45.6,29.1
b5781ac3,2022,L Trevaskis,Durham,2022,15,11,337,771,33.7,88,False,88,0,2,43.709,44,1,182,54.006,5.837,21.35,All-rounder / keeper,66.667,7.0,13.333,0.0,66.667,20.0,7.14,3.163,10.843,-7.679,21.365,2.923,1.796,3.328,8.156,3.111,1.881,0.771,4.551,3,4,20.0,26.667,6.0,9.0,72.0,265.0,38.0,22.9,85.3,42.0,47.0
8728a058,2021,R Clarke,Surrey,2021,13,10,192,479,19.2,65,False,65,0,1,40.084,21,4,108,56.25,5.219,18.502,Lower order,84.615,8.0,0.0,0.0,15.385,84.615,5.278,5.882,4.18,1.703,71.875,2.376,1.79,2.223,7.23,2.505,1.896,1.79,1.23,0,3,0.0,23.077,6.0,7.0,138.0,54.0,23.5,22.9,19.9,35.7,25.5
e142c599,2023,Anuj Dal,Derbyshire,2023,13,10,295,469,24.583,141,True,141*,1,0,62.9,32,6,164,55.593,8.102,30.394,All-rounder / keeper,92.308,7.0,0.0,0.0,92.308,7.692,6.348,2.781,8.319,-5.538,15.593,2.827,1.785,3.843,13.327,2.966,1.903,1.181,2.221,0,2,0.0,15.385,5.0,8.0,46.0,249.0,31.3,22.8,19.9,24.7,24.7
3f659464,2015,OP Stone,Northamptonshire,2015,17,12,231,463,17.769,38,False,38,0,0,49.892,24,4,120,51.948,6.048,25.517,Lower order,82.353,10.0,0.0,5.882,11.765,82.353,4.34,3.834,4.919,-1.085,47.186,1.853,1.779,1.376,3.707,2.019,1.898,0.915,2.333,0,1,0.0,5.882,9.0,8.0,109.0,122.0,18.0,22.7,19.9,12.2,18.2
b3544c5d,2017,BA Hutton,Nottinghamshire,2017,13,9,210,478,16.154,61,False,61,0,1,43.933,26,0,104,49.524,5.439,23.451,Lower order,92.308,8.0,0.0,0.0,7.692,92.308,4.838,4.083,5.503,-1.42,39.524,2.289,1.768,1.573,5.782,2.44,1.88,1.831,1.617,0,0,0.0,0.0,7.0,6.0,83.0,127.0,20.3,22.7,19.9,5.8,17.2
aed5be04,2015,JMR Taylor,Gloucestershire,2015,14,10,414,533,29.571,156,False,156,2,0,77.674,47,9,242,58.454,10.507,36.059,Lower order,78.571,8.0,0.0,0.0,21.429,78.571,10.745,9.296,13.651,-4.355,57.729,5.099,1.766,7.427,19.118,5.534,1.931,1.636,2.577,2,3,14.286,21.429,9.0,5.0,239.0,175.0,66.2,22.6,70.0,33.4,48.1
457cab44,2023,D Ibrahim,Sussex,2023,10,5,109,285,12.111,36,False,36,0,0,38.246,17,0,68,62.385,5.965,15.299,All-rounder / keeper,70.0,6.0,0.0,20.0,70.0,10.0,4.048,4.87,2.878,1.993,70.642,1.924,1.765,0.914,3.153,2.04,1.854,2.459,1.543,0,0,0.0,0.0,4.0,6.0,77.0,32.0,16.2,22.5,19.9,5.8,16.1
9fd3a210,2024,Zafar Gohar,Gloucestershire,2024,9,6,248,547,31.0,86,False,86,0,3,45.338,25,1,106,42.742,4.753,27.255,Lower order,100.0,8.0,0.0,0.0,0.0,100.0,11.304,3.963,13.088,-9.125,6.855,3.983,1.761,4.18,9.66,4.271,1.838,1.761,5.024,1,4,11.111,44.444,3.0,6.0,17.0,231.0,70.2,22.5,58.7,77.9,57.3
f3abd0c9,2018,DR Briggs,Sussex,2018,19,11,217,396,16.692,46,False,46,0,0,54.798,34,0,136,62.673,8.586,22.376,Lower order,84.211,11.0,5.263,5.263,5.263,84.211,4.692,5.611,3.392,2.218,70.046,2.578,1.757,2.662,9.2,2.765,1.855,2.059,1.544,0,1,0.0,5.263,9.0,10.0,152.0,65.0,19.7,22.4,19.9,11.8,18.4
6c908ffc,2023,CJC Wright,Leicestershire,2023,20,13,337,496,24.071,66,True,66*,0,1,67.944,44,8,224,66.469,10.484,25.45,Lower order,100.0,9.0,0.0,0.0,0.0,100.0,6.343,3.651,8.314,-4.663,24.332,2.675,1.754,2.89,9.296,2.849,1.817,0.785,3.535,0,4,0.0,20.0,7.0,13.0,82.0,255.0,31.2,22.3,19.9,32.0,26.4
63e1e352,2023,Zaman Akhter,Gloucestershire,2023,13,7,143,208,20.429,41,True,41*,0,0,68.75,14,2,68,47.552,7.692,39.062,Lower order,100.0,10.0,0.0,0.0,0.0,100.0,4.108,1.691,6.62,-4.929,20.979,2.152,1.753,2.372,7.268,2.306,1.946,0.75,2.001,0,1,0.0,7.692,6.0,7.0,30.0,113.0,16.4,22.3,19.9,13.6,18.0
ae01eb1e,2015,HR Hosein,Derbyshire,2015,15,10,233,511,17.923,61,False,61,0,1,45.597,22,3,106,45.494,4.892,26.132,All-rounder / keeper,60.0,7.0,0.0,0.0,60.0,40.0,5.515,5.615,5.419,0.196,49.785,2.101,1.749,1.363,4.443,2.302,1.928,1.708,1.79,0,1,0.0,6.667,8.0,7.0,116.0,117.0,24.5,22.2,19.9,12.7,19.8
e43aa7ed,2015,ASS Nijjar,Essex,2015,6,5,98,227,49.0,53,False,53,0,1,43.172,14,0,56,57.143,6.167,19.718,Lower order,100.0,10.0,0.0,0.0,0.0,100.0,4.93,5.752,0.627,5.125,97.959,2.15,1.749,2.058,5.62,2.277,1.869,1.884,0.23,0,1,0.0,16.667,5.0,1.0,96.0,2.0,20.8,22.1,19.9,27.3,22.5
cca50cd6,2016,LJ Wright,Sussex,2016,7,5,197,409,28.143,60,False,60,0,2,48.166,25,1,106,53.807,6.357,23.76,Middle order,85.714,5.0,0.0,85.714,14.286,0.0,8.333,6.921,9.937,-3.016,44.162,3.612,1.748,3.125,8.426,3.912,1.849,1.748,4.794,0,2,0.0,28.571,3.0,4.0,87.0,110.0,46.5,22.1,19.9,45.6,33.5
ed12fcd7,2019,BWM Mike,Leicestershire,2019,8,5,73,305,10.429,16,False,16,0,0,23.934,10,0,40,54.795,3.279,11.186,Lower order,75.0,8.5,0.0,0.0,25.0,75.0,3.834,2.319,4.695,-2.376,21.918,1.526,1.744,0.986,2.868,1.678,1.887,1.194,1.904,0,0,0.0,0.0,3.0,5.0,16.0,57.0,14.4,22.0,19.9,5.8,15.5
dda5aae5,2014,JK Fuller,Gloucestershire,2014,7,5,88,148,14.667,28,False,28,0,0,59.459,14,0,56,63.636,9.459,23.881,Lower order,100.0,9.0,0.0,0.0,0.0,100.0,5.33,5.186,5.564,-0.378,60.227,1.982,1.739,1.023,3.639,2.15,1.852,1.739,2.394,0,1,0.0,14.286,4.0,3.0,53.0,35.0,23.9,22.0,19.9,23.0,22.2
76dc16d4,2024,JLB Davies,Middlesex,2024,18,13,425,879,26.562,91,False,91,0,4,48.35,50,4,224,52.706,6.143,24.364,All-rounder / keeper,83.333,7.0,0.0,0.0,83.333,16.667,6.801,7.799,5.562,2.237,63.529,2.942,1.736,2.511,9.016,3.138,1.908,1.724,2.128,1,2,5.556,11.111,9.0,9.0,270.0,155.0,34.9,21.9,43.1,18.3,29.6
e9d5218e,2015,MT Coles,Kent,2015,19,11,224,405,13.176,66,False,66,0,1,55.309,31,2,136,60.714,8.148,23.656,Lower order,100.0,9.0,0.0,0.0,0.0,100.0,5.209,3.808,6.337,-2.529,32.589,2.254,1.732,1.99,6.925,2.415,1.827,2.083,1.403,1,2,5.263,10.526,8.0,11.0,73.0,151.0,23.0,21.8,42.3,17.1,26.0
6c908ffc,2022,CJC Wright,Leicestershire,2022,22,12,279,505,18.6,36,True,36*,0,0,55.248,42,3,186,66.667,8.911,20.217,Lower order,100.0,10.0,0.0,0.0,0.0,100.0,5.2,5.556,4.688,0.867,63.082,2.325,1.725,2.041,6.48,2.521,1.87,2.962,1.038,1,6,4.545,27.273,12.0,10.0,176.0,103.0,22.8,21.8,40.5,42.9,32.0
8305580c,2017,MA Carberry,Leicestershire,2017,8,4,59,156,7.375,18,False,18,0,0,37.821,8,0,32,54.237,5.128,18.243,Opener,100.0,1.0,100.0,0.0,0.0,0.0,3.123,3.462,2.885,0.576,45.763,1.775,1.72,1.154,3.178,1.908,1.901,1.72,1.829,0,0,0.0,0.0,4.0,4.0,27.0,32.0,10.5,21.7,19.9,5.8,14.5
e05b2a5b,2019,MET Salisbury,Durham,2019,10,5,76,225,8.444,23,False,23,0,0,33.778,10,0,40,52.632,4.444,16.744,Lower order,90.0,10.0,0.0,10.0,0.0,90.0,3.913,4.41,3.632,0.778,40.789,1.963,1.708,1.263,3.945,2.119,1.85,2.456,1.708,0,1,0.0,10.0,4.0,6.0,31.0,45.0,15.2,21.6,19.9,16.5,18.3
0f3ee070,2019,OE Robinson,Sussex,2019,16,11,255,488,21.25,59,False,59,0,1,52.254,40,1,166,65.098,8.402,19.911,Lower order,93.75,9.5,0.0,6.25,0.0,93.75,6.001,6.783,5.221,1.562,56.471,2.313,1.693,1.882,5.526,2.522,1.867,1.867,1.693,1,4,6.25,25.0,9.0,7.0,144.0,111.0,28.2,21.6,45.1,39.2,33.5
d68e7f48,2019,R Rampaul,Derbyshire,2019,15,8,150,207,13.636,30,False,30,0,0,72.464,16,7,106,70.667,11.111,23.913,Lower order,100.0,11.0,0.0,0.0,0.0,100.0,3.896,4.875,2.598,2.277,71.333,1.825,1.692,0.956,3.46,1.936,1.781,2.449,1.206,0,1,0.0,6.667,8.0,7.0,107.0,43.0,15.0,21.5,19.9,12.7,17.3
01a95383,2021,MD Taylor,Gloucestershire,2021,12,8,166,519,18.444,56,False,56,0,1,31.985,19,1,82,49.398,3.854,16.834,Lower order,91.667,9.0,0.0,8.333,0.0,91.667,5.353,3.49,7.279,-3.789,33.133,2.264,1.692,1.768,6.048,2.41,1.816,1.566,2.395,0,2,0.0,16.667,6.0,6.0,55.0,111.0,24.1,21.4,19.9,27.3,23.2
47f7b2cf,2018,RG White,Middlesex,2018,8,4,70,204,8.75,35,False,35,0,0,34.314,10,0,40,57.143,4.902,15.464,Middle order,50.0,4.5,0.0,50.0,50.0,0.0,3.41,2.312,4.442,-2.131,32.857,1.914,1.685,1.531,3.666,2.12,1.831,1.676,2.153,1,1,12.5,12.5,4.0,4.0,23.0,47.0,12.1,21.4,64.0,20.5,29.5
c672e80e,2021,J Clark,Surrey,2021,14,10,208,414,16.0,61,True,61*,0,2,50.242,26,5,134,64.423,7.488,19.321,All-rounder / keeper,85.714,7.0,0.0,0.0,85.714,14.286,5.671,5.485,5.854,-0.368,48.077,2.068,1.671,1.912,5.415,2.227,1.844,0.701,1.729,0,3,0.0,21.429,5.0,9.0,100.0,108.0,26.1,21.3,19.9,33.4,25.2
5da34add,2015,MG Hogan,Glamorgan,2015,17,11,208,193,23.111,37,False,37,0,0,107.772,30,6,156,75.0,18.653,33.121,Lower order,100.0,11.0,0.0,0.0,0.0,100.0,4.352,5.444,3.157,2.288,65.385,1.698,1.661,1.64,5.253,1.825,1.754,2.224,0.849,0,1,0.0,5.882,9.0,8.0,136.0,72.0,18.2,21.2,19.9,12.2,17.9
75e476d4,2014,WT Owen,Glamorgan,2014,7,5,93,124,23.25,37,True,37*,0,0,75.0,15,0,60,64.516,12.097,30.275,Lower order,100.0,10.0,0.0,0.0,0.0,100.0,5.147,4.493,6.25,-1.757,54.839,2.109,1.659,1.892,4.785,2.304,1.789,1.659,2.858,1,2,14.286,28.571,4.0,3.0,51.0,42.0,22.5,21.2,70.0,45.6,39.8
ee0c05c0,2019,NA Sowter,Middlesex,2019,9,6,124,188,13.778,52,False,52,0,1,65.957,17,0,68,54.839,9.043,32.749,Lower order,100.0,10.0,0.0,0.0,0.0,100.0,4.917,4.358,5.189,-0.83,29.032,2.125,1.655,1.712,4.783,2.277,1.788,2.232,1.643,0,1,0.0,11.111,3.0,6.0,36.0,88.0,20.7,21.1,19.9,18.3,20.0
5b3acc53,2017,CJ Liddle,Gloucestershire,2017,7,4,54,145,13.5,21,False,21,0,0,37.241,8,0,32,59.259,5.517,16.058,Lower order,100.0,11.0,0.0,0.0,0.0,100.0,3.562,3.024,4.407,-1.383,51.852,1.448,1.651,0.936,2.307,1.556,1.781,1.245,1.651,0,0,0.0,0.0,3.0,4.0,28.0,26.0,12.9,21.0,19.9,5.8,14.9
b26b1e3d,2018,BA Godleman,Derbyshire,2018,21,11,401,771,21.105,105,True,105*,1,2,52.01,50,1,206,51.372,6.615,27.083,Opener,57.143,2.0,57.143,42.857,0.0,0.0,7.691,7.973,7.278,0.695,61.596,3.856,1.644,4.883,14.074,4.208,1.811,1.994,1.108,2,3,9.524,14.286,12.0,9.0,247.0,154.0,42.2,21.0,54.0,23.0,35.0
cdf59953,2017,SW Poynter,Durham,2017,12,8,187,341,17.0,43,False,43,0,0,54.839,24,0,96,51.337,7.038,28.707,Lower order,75.0,8.0,0.0,0.0,25.0,75.0,5.069,5.609,4.827,0.782,34.225,2.449,1.64,2.313,7.624,2.624,1.766,1.567,1.712,1,1,8.333,8.333,4.0,8.0,64.0,123.0,21.9,20.9,50.0,14.6,26.8
b9877635,2015,TE Bailey,Lancashire,2015,14,10,206,416,18.727,34,False,34,0,0,49.519,21,2,96,46.602,5.529,27.99,Lower order,100.0,9.0,0.0,0.0,0.0,100.0,4.462,3.145,5.389,-2.245,29.126,2.031,1.639,1.813,5.907,2.19,1.764,1.402,2.085,0,0,0.0,0.0,6.0,8.0,60.0,146.0,18.7,20.8,19.9,5.8,16.3
5574750c,2018,JC Archer,Sussex,2018,11,7,124,275,13.778,33,False,33,0,0,45.091,18,0,72,58.065,6.545,20.233,Lower order,100.0,9.0,0.0,0.0,0.0,100.0,4.149,4.765,3.209,1.555,69.355,2.074,1.635,1.369,3.812,2.232,1.821,2.717,1.606,0,0,0.0,0.0,5.0,6.0,86.0,38.0,16.7,20.8,19.9,5.8,15.8
ba377b40,2016,GL van Buuren,Gloucestershire,2016,8,5,366,621,61.0,172,True,172*,2,0,58.937,44,2,188,51.366,7.407,30.957,Middle order,87.5,3.0,0.0,87.5,0.0,12.5,15.074,3.186,21.092,-17.906,7.104,7.109,1.631,8.19,16.418,7.56,1.865,1.47,15.712,1,3,12.5,37.5,3.0,5.0,26.0,340.0,91.2,20.7,64.0,65.3,60.3
5da34add,2018,MG Hogan,Glamorgan,2018,16,9,129,158,12.9,28,False,28,0,0,81.646,11,8,92,71.318,12.025,26.619,Lower order,100.0,11.0,0.0,0.0,0.0,100.0,3.995,4.611,2.521,2.09,81.395,1.824,1.63,1.423,4.118,1.951,1.809,2.775,1.2,0,2,0.0,12.5,11.0,5.0,105.0,24.0,16.0,20.6,19.9,20.5,19.2
d26e0405,2018,MK Andersson,Derbyshire/Middlesex,2018,6,3,42,104,8.4,23,True,23*,0,0,40.385,5,0,20,47.619,4.808,22.222,Lower order,66.667,8.0,0.0,0.0,33.333,66.667,3.019,3.019,,,100.0,1.552,1.63,0.797,2.307,1.673,1.809,1.63,,0,1,0.0,16.667,6.0,,42.0,,10.3,20.6,19.9,27.3,19.5
39e2c0fd,2026,BMJ Allison,Worcestershire,2026,8,5,140,238,23.333,89,False,89,0,1,58.824,22,4,112,80.0,10.924,13.208,Lower order,75.0,9.5,0.0,12.5,12.5,75.0,6.897,9.432,2.824,6.608,84.286,2.658,1.625,3.699,9.157,2.898,1.742,1.825,0.995,1,1,12.5,12.5,5.0,3.0,118.0,22.0,35.9,20.5,64.0,20.5,35.2
219cc59e,2022,DY Pennington,Worcestershire,2022,13,10,132,232,12.0,44,False,44,0,0,56.897,20,0,80,60.606,8.621,24.528,Lower order,100.0,11.0,0.0,0.0,0.0,100.0,3.307,2.717,3.871,-1.154,40.152,1.412,1.615,1.162,3.4,1.515,1.704,1.771,1.459,0,1,0.0,7.692,7.0,6.0,53.0,79.0,11.5,20.4,19.9,13.6,16.3
31b01074,2026,Kasey Aldridge,Durham,2026,13,10,275,513,27.5,99,False,99,0,1,53.606,32,1,134,48.727,6.433,29.375,Lower order,76.923,8.0,0.0,0.0,23.077,76.923,6.269,4.583,8.815,-4.232,44.0,2.799,1.611,2.862,8.661,2.994,1.71,1.165,2.647,0,2,0.0,15.385,8.0,5.0,121.0,154.0,30.4,20.4,19.9,24.7,23.8
5da34add,2014,MG Hogan,Glamorgan,2014,18,10,158,234,13.167,36,False,36,0,0,67.521,22,2,100,63.291,10.256,27.619,Lower order,100.0,11.0,0.0,0.0,0.0,100.0,3.482,2.901,4.25,-1.349,47.468,2.201,1.608,2.469,8.046,2.388,1.749,1.071,3.206,0,4,0.0,22.222,10.0,8.0,75.0,83.0,12.5,20.3,19.9,34.6,21.8
b7096165,2026,SHB Morgan,Middlesex,2026,10,7,148,292,18.5,58,True,58*,0,1,50.685,21,0,84,56.757,7.192,23.616,Lower order,80.0,9.0,0.0,0.0,20.0,80.0,5.056,4.517,5.465,-0.949,38.514,2.232,1.598,1.693,5.258,2.418,1.693,1.598,1.853,0,3,0.0,30.0,4.0,6.0,57.0,91.0,21.8,20.2,19.9,48.5,27.6
2f9d0389,2018,LH Ferguson,Derbyshire,2018,6,3,34,47,8.5,16,False,16,0,0,72.34,2,2,20,58.824,8.511,32.558,Lower order,100.0,11.0,0.0,0.0,0.0,100.0,2.681,2.097,3.564,-1.467,47.059,1.323,1.597,1.209,2.37,1.444,1.7,1.185,1.597,0,0,0.0,0.0,4.0,2.0,16.0,18.0,8.6,20.2,19.9,5.8,13.6
5fed6272,2026,CN Miles,Gloucestershire,2026,6,3,51,94,8.5,22,False,22,0,0,54.255,7,1,34,66.667,8.511,19.767,Lower order,83.333,8.0,16.667,0.0,0.0,83.333,4.3,5.033,3.016,2.017,74.51,1.906,1.594,0.638,2.64,2.081,1.739,2.117,1.484,0,1,0.0,16.667,4.0,2.0,38.0,13.0,17.8,20.0,19.9,27.3,21.2
6c6aca89,2025,TS Roland-Jones,Middlesex,2025,18,12,279,357,23.25,57,False,57,0,1,78.151,40,7,202,72.401,13.165,24.839,Lower order,100.0,9.5,0.0,0.0,0.0,100.0,4.755,4.166,5.743,-1.577,54.839,2.381,1.594,2.37,7.426,2.519,1.718,1.582,1.606,0,1,0.0,5.556,10.0,8.0,153.0,126.0,20.0,20.1,19.9,11.9,18.0
324a6ee1,2022,OB Cox,Worcestershire,2022,9,7,167,342,23.857,55,False,55,0,2,48.83,17,3,86,51.497,5.848,25.155,All-rounder / keeper,77.778,7.0,0.0,0.0,77.778,22.222,5.093,7.407,3.417,3.99,61.078,2.42,1.59,2.507,5.81,2.549,1.679,3.059,0.383,0,1,0.0,11.111,3.0,6.0,102.0,65.0,22.1,20.0,19.9,18.3,20.1
eb1a5b03,2015,TJ Wells,Leicestershire,2015,8,5,71,197,8.875,18,False,18,0,0,36.041,8,0,32,45.07,4.061,20.635,All-rounder / keeper,50.0,7.5,0.0,0.0,50.0,50.0,3.432,2.963,4.312,-1.349,56.338,1.341,1.582,0.908,2.445,1.47,1.699,1.002,1.628,0,0,0.0,0.0,5.0,3.0,40.0,31.0,12.2,19.9,19.9,5.8,14.4
3a3e7d82,2022,BW Aitchison,Derbyshire,2022,10,6,119,328,14.875,25,True,25*,0,0,36.28,14,0,56,47.059,4.268,20.064,Lower order,100.0,9.0,0.0,0.0,0.0,100.0,3.856,4.481,3.333,1.147,52.941,1.983,1.573,1.181,3.482,2.108,1.661,1.473,1.673,0,1,0.0,10.0,4.0,6.0,63.0,56.0,14.6,19.8,19.9,16.5,17.7
219cc59e,2019,DY Pennington,Worcestershire,2019,8,4,44,120,5.5,18,False,18,0,0,36.667,6,0,24,54.545,5.0,17.544,Lower order,100.0,10.0,0.0,0.0,0.0,100.0,2.635,4.388,1.198,3.19,75.0,1.346,1.572,0.953,2.146,1.5,1.698,2.086,0.606,1,1,12.5,12.5,4.0,4.0,33.0,11.0,8.2,19.8,64.0,20.5,28.1
6c6aca89,2024,TS Roland-Jones,Middlesex,2024,15,11,274,362,18.267,59,False,59,0,2,75.691,31,10,184,67.153,11.326,28.037,Lower order,100.0,9.0,0.0,0.0,0.0,100.0,5.498,5.616,5.34,0.276,58.394,2.456,1.564,1.903,6.435,2.638,1.702,1.912,1.096,0,2,0.0,13.333,8.0,7.0,160.0,114.0,24.3,19.6,19.9,21.6,21.4
0f3ee070,2024,OE Robinson,Sussex,2024,14,11,158,185,19.75,32,True,32*,0,0,85.405,18,2,84,53.165,10.811,44.848,Lower order,100.0,10.0,0.0,0.0,0.0,100.0,3.144,2.888,3.485,-0.597,52.532,1.538,1.564,1.191,3.501,1.63,1.626,1.184,1.885,0,1,0.0,7.143,7.0,7.0,83.0,75.0,10.9,19.7,19.9,13.0,15.9
e05b2a5b,2018,MET Salisbury,Durham,2018,17,9,132,449,10.154,37,False,37,0,0,29.399,12,0,48,36.364,2.673,19.222,Lower order,100.0,10.0,0.0,0.0,0.0,100.0,3.677,3.588,3.757,-0.168,46.212,1.75,1.562,1.404,4.585,1.906,1.695,2.05,1.154,0,1,0.0,5.882,8.0,9.0,61.0,71.0,13.4,19.6,19.9,12.2,16.3
49b6c09f,2016,JC Tredwell,Kent,2016,12,10,291,682,29.1,124,False,124,1,0,42.669,39,1,162,55.67,5.865,20.093,Lower order,83.333,8.5,0.0,8.333,8.333,83.333,6.382,4.027,8.696,-4.669,31.271,2.776,1.558,3.175,11.082,2.956,1.662,1.548,2.207,0,2,0.0,16.667,6.0,6.0,91.0,200.0,32.0,19.4,19.9,27.3,24.6
8cbcff3b,2026,JM De Caires,Middlesex,2026,7,4,74,212,10.571,17,False,17,0,0,34.906,12,0,48,64.865,5.66,13.0,Opener,100.0,2.0,100.0,0.0,0.0,0.0,3.52,4.048,2.45,1.599,77.027,1.934,1.558,0.881,3.249,2.022,1.62,1.575,1.541,0,0,0.0,0.0,5.0,2.0,57.0,17.0,12.7,19.5,19.9,5.8,14.5
e9d5218e,2017,MT Coles,Kent,2017,12,8,213,260,17.75,47,False,47,0,0,81.923,36,2,156,73.239,14.615,25.676,Lower order,91.667,9.0,0.0,0.0,8.333,91.667,5.291,4.822,5.832,-1.01,48.826,2.268,1.555,1.938,5.846,2.393,1.624,2.059,0.853,1,2,8.333,16.667,6.0,6.0,104.0,109.0,23.7,19.4,50.0,27.3,30.1
52d884b9,2026,BG Compton,Kent,2026,16,9,351,881,23.4,114,True,114*,1,3,39.841,46,0,184,52.422,5.221,20.0,Opener,100.0,1.5,100.0,0.0,0.0,0.0,8.555,9.533,7.572,1.961,55.84,3.688,1.551,3.664,10.762,4.02,1.721,2.973,1.22,2,4,12.5,25.0,8.0,8.0,196.0,155.0,48.6,19.3,64.0,39.2,42.8
6c79c098,2015,DA Payne,Gloucestershire,2015,10,8,138,338,19.714,23,False,23,0,0,40.828,16,1,70,50.725,5.03,21.184,Lower order,100.0,10.0,0.0,0.0,0.0,100.0,4.329,4.976,3.902,1.074,45.652,2.025,1.549,1.272,3.673,2.165,1.671,3.608,1.398,0,0,0.0,0.0,4.0,6.0,63.0,75.0,17.9,19.2,19.9,5.8,15.7
7e4c8ba3,2024,SA Northeast,Glamorgan,2024,26,14,1004,1725,50.2,335,True,335*,3,2,58.203,112,6,484,48.207,6.841,32.358,Middle order,84.615,3.0,15.385,84.615,0.0,0.0,13.371,3.326,23.117,-19.791,12.251,6.346,1.549,8.015,26.723,6.649,1.667,1.077,11.499,5,9,19.231,34.615,12.0,14.0,123.0,881.0,83.6,19.2,84.2,59.4,61.6
15101f12,2015,ME Claydon,Kent,2015,9,5,88,156,17.6,24,False,24,0,0,56.41,13,1,58,65.909,8.974,21.127,Lower order,100.0,9.0,0.0,0.0,0.0,100.0,3.716,1.107,6.281,-5.174,14.773,1.957,1.544,1.536,4.098,2.115,1.741,0.598,2.945,0,1,0.0,11.111,3.0,6.0,13.0,75.0,13.7,19.1,19.9,18.3,17.8
b82e3032,2025,J Shaw,Gloucestershire,2025,8,7,145,212,36.25,45,False,45,0,0,68.396,15,3,78,53.793,8.491,34.536,Lower order,100.0,10.0,0.0,0.0,0.0,100.0,4.665,6.518,2.787,3.731,70.345,2.024,1.531,2.254,6.773,2.219,1.589,2.02,1.362,0,1,0.0,12.5,5.0,3.0,102.0,43.0,19.6,19.1,19.9,20.5,19.8
aac9f784,2014,DA Cosker,Glamorgan,2014,24,14,245,557,13.611,45,False,45,0,0,43.986,27,0,108,44.082,4.847,25.849,Lower order,91.667,9.0,0.0,4.167,4.167,91.667,3.885,3.233,4.464,-1.23,39.184,1.872,1.521,1.545,6.189,2.006,1.633,1.585,1.456,0,1,0.0,4.167,12.0,12.0,96.0,149.0,14.9,19.0,19.9,11.6,16.3
52c442e4,2023,JO Baker,Worcestershire,2023,7,5,130,260,21.667,75,False,75,0,1,50.0,14,1,62,47.692,5.769,27.755,Lower order,100.0,9.0,0.0,0.0,0.0,100.0,6.711,5.206,7.831,-2.625,33.077,2.476,1.517,2.438,6.372,2.641,1.637,1.517,3.266,0,1,0.0,14.286,4.0,3.0,43.0,87.0,34.1,18.9,19.9,23.0,24.0
faa8cfba,2026,MT Stanley,Lancashire,2026,14,7,81,253,5.786,18,False,18,0,0,32.016,10,1,46,56.79,4.348,14.463,Lower order,85.714,10.0,0.0,7.143,7.143,85.714,2.991,4.185,1.825,2.361,69.136,1.446,1.511,0.983,2.83,1.575,1.606,1.543,0.397,0,2,0.0,14.286,8.0,6.0,56.0,25.0,10.0,18.9,19.9,23.0,18.0
a4a2a0c0,2017,JTA Burnham,Durham,2017,9,6,204,322,29.143,93,True,93*,0,1,63.354,27,4,132,64.706,9.627,24.742,Middle order,100.0,3.0,0.0,100.0,0.0,0.0,7.317,4.123,9.865,-5.742,25.0,3.144,1.508,3.964,10.959,3.355,1.617,0.868,1.541,1,2,11.111,22.222,4.0,5.0,51.0,153.0,39.2,18.8,58.7,34.6,37.8
fdd5ba1e,2026,Harry Singh,Lancashire,2026,14,8,133,338,9.5,36,False,36,0,0,39.349,18,0,72,54.135,5.325,19.062,Opener,50.0,2.5,50.0,50.0,0.0,0.0,4.597,4.868,4.33,0.538,52.632,2.02,1.507,1.9,5.155,2.2,1.623,1.507,1.178,0,2,0.0,14.286,7.0,7.0,70.0,63.0,19.4,18.7,19.9,23.0,20.2
aed5be04,2023,JMR Taylor,Gloucestershire,2023,8,5,166,199,20.75,98,False,98,0,1,83.417,27,1,114,68.675,14.07,30.409,All-rounder / keeper,75.0,7.0,0.0,25.0,75.0,0.0,6.868,8.058,5.078,2.98,70.482,2.712,1.504,2.777,7.346,2.879,1.605,1.222,2.314,1,1,12.5,12.5,5.0,3.0,117.0,49.0,35.5,18.7,64.0,20.5,34.7
aa8d28ae,2016,D Wiese,Sussex,2016,8,5,140,177,23.333,70,True,70*,0,1,79.096,20,2,92,65.714,12.429,30.968,All-rounder / keeper,50.0,7.5,0.0,0.0,50.0,50.0,6.315,9.675,0.721,8.954,95.714,2.886,1.503,3.055,7.482,3.191,1.658,4.468,0.489,1,1,12.5,12.5,5.0,3.0,134.0,6.0,31.0,18.6,64.0,20.5,33.5
6c908ffc,2025,CJC Wright,Leicestershire,2025,6,5,151,217,30.2,74,False,74,0,1,69.585,27,2,120,79.47,13.364,16.489,Lower order,83.333,10.0,0.0,16.667,0.0,83.333,6.923,5.208,9.579,-4.372,45.695,3.017,1.495,3.058,7.732,3.253,1.555,1.495,4.197,0,1,0.0,16.667,4.0,2.0,69.0,82.0,36.1,18.5,19.9,27.3,25.4
b3544c5d,2018,BA Hutton,Northamptonshire,2018,20,12,184,405,10.222,27,False,27,0,0,45.432,17,1,74,40.217,4.444,28.424,Lower order,90.0,9.0,5.0,5.0,0.0,90.0,4.181,5.272,3.424,1.848,51.63,1.913,1.494,1.991,6.434,2.094,1.598,1.758,0.676,1,4,5.0,20.0,8.0,12.0,95.0,89.0,16.9,18.5,41.5,32.0,27.2
5239d782,2018,NL Buck,Northamptonshire,2018,13,8,98,281,8.909,20,False,20,0,0,34.875,14,0,56,57.143,4.982,15.73,Lower order,92.308,9.0,0.0,7.692,0.0,92.308,3.163,4.069,2.625,1.444,47.959,1.352,1.488,0.883,2.418,1.477,1.614,1.833,1.143,0,0,0.0,0.0,5.0,8.0,47.0,51.0,11.0,18.4,19.9,5.8,13.8
27e60d6e,2023,AS Dale,Gloucestershire,2023,8,6,113,228,16.143,52,False,52,0,1,49.561,15,0,60,53.097,6.579,24.883,Lower order,100.0,11.0,0.0,0.0,0.0,100.0,5.162,6.099,3.466,2.633,76.106,1.925,1.485,1.746,4.645,2.099,1.619,1.757,0.625,0,2,0.0,25.0,5.0,3.0,86.0,27.0,22.5,18.3,19.9,39.2,25.0
ad286dcc,2022,AT Thomson,Derbyshire,2022,15,11,234,448,18.0,54,False,54,0,2,52.232,26,1,110,47.009,6.027,29.454,Lower order,100.0,8.0,0.0,0.0,0.0,100.0,4.272,5.682,3.3,2.382,54.274,1.756,1.485,1.812,4.663,1.849,1.575,1.485,1.378,0,2,0.0,13.333,5.0,10.0,127.0,107.0,17.6,18.3,19.9,21.6,19.4
8cbcff3b,2022,JM De Caires,Middlesex,2022,6,3,101,238,16.833,80,False,80,0,1,42.437,12,0,48,47.525,5.042,23.451,Middle order,66.667,3.0,33.333,66.667,0.0,0.0,6.61,6.61,,,100.0,2.844,1.483,3.264,6.568,2.958,1.579,1.483,,0,1,0.0,16.667,6.0,,101.0,,33.4,18.2,19.9,27.3,24.7
52c442e4,2022,JO Baker,Worcestershire,2022,12,9,178,339,16.182,43,False,43,0,0,52.507,24,0,96,53.933,7.08,26.032,Lower order,100.0,9.0,0.0,0.0,0.0,100.0,4.944,6.748,3.427,3.321,62.36,2.024,1.481,1.723,4.536,2.137,1.566,2.878,1.304,0,1,0.0,8.333,6.0,6.0,111.0,67.0,21.0,18.1,19.9,14.6,18.4
79c7041c,2018,GT Griffiths,Leicestershire,2018,13,9,184,494,23.0,40,False,40,0,0,37.247,25,0,100,54.348,5.061,17.91,Lower order,92.308,10.0,0.0,7.692,0.0,92.308,5.284,4.721,5.845,-1.124,44.565,2.403,1.48,2.03,5.134,2.604,1.619,2.424,1.48,1,3,7.692,23.077,5.0,8.0,82.0,102.0,23.7,18.1,48.2,35.7,31.4
7955eb15,2017,RK Kleinveldt,Northamptonshire,2017,17,11,342,356,21.375,86,False,86,0,1,96.067,40,11,226,66.082,14.326,38.033,Lower order,82.353,8.0,0.0,0.0,17.647,82.353,7.317,10.51,3.356,7.154,79.532,3.947,1.472,4.685,14.381,4.204,1.6,4.438,1.34,2,4,11.765,23.529,9.0,8.0,272.0,70.0,39.2,18.0,60.7,36.6,38.6
e86754b2,2015,TK Curran,Surrey,2015,15,11,235,384,16.786,60,False,60,0,1,61.198,28,3,130,55.319,8.073,29.745,Lower order,100.0,9.0,0.0,0.0,0.0,100.0,4.178,3.0,5.732,-2.732,40.851,1.971,1.467,1.934,6.689,2.137,1.68,0.564,2.589,0,2,0.0,13.333,8.0,7.0,96.0,139.0,16.9,17.9,19.9,21.6,19.1
b3544c5d,2022,BA Hutton,Nottinghamshire,2022,8,6,87,216,14.5,20,True,20*,0,0,40.278,13,0,52,59.77,6.019,17.241,Lower order,100.0,9.5,0.0,0.0,0.0,100.0,3.591,4.43,3.218,1.211,37.931,1.514,1.466,0.975,2.853,1.629,1.556,1.573,1.466,0,1,0.0,12.5,3.0,5.0,33.0,54.0,13.1,17.9,19.9,20.5,17.8
9789e56e,2015,LM Reece,Lancashire,2015,8,5,142,275,17.75,82,False,82,0,1,51.636,16,1,70,49.296,6.182,27.907,Opener,87.5,2.0,87.5,12.5,0.0,0.0,5.664,4.63,6.503,-1.872,36.62,3.014,1.457,3.928,9.739,3.151,1.55,2.277,0.78,1,2,12.5,25.0,4.0,4.0,52.0,90.0,26.0,17.8,64.0,39.2,36.8
74a274cc,2021,TG Helm,Middlesex,2021,8,4,49,138,8.167,17,False,17,0,0,35.507,7,0,28,57.143,5.072,16.031,Lower order,87.5,9.0,0.0,0.0,12.5,87.5,2.644,3.07,2.505,0.565,28.571,1.28,1.45,0.565,1.753,1.349,1.527,1.533,1.367,0,0,0.0,0.0,2.0,6.0,14.0,35.0,8.3,17.7,19.9,5.8,12.9
aa1210d8,2016,CF Parkinson,Derbyshire,2016,7,4,80,187,16.0,48,True,48*,0,0,42.781,7,1,34,42.5,4.278,25.698,Lower order,71.429,10.0,0.0,14.286,14.286,71.429,3.951,1.924,13.26,-11.335,40.0,1.824,1.443,1.696,4.211,1.927,1.519,1.402,4.211,0,1,0.0,14.286,6.0,1.0,32.0,48.0,15.6,17.7,19.9,23.0,19.0
9868bc75,2017,BMAJ Mendis,Derbyshire,2017,7,4,65,105,10.833,27,False,27,0,0,61.905,10,0,40,61.538,9.524,26.316,Lower order,42.857,7.0,28.571,0.0,28.571,42.857,3.942,1.779,4.386,-2.607,7.692,1.664,1.439,1.432,3.384,1.762,1.546,0.394,2.299,0,1,0.0,14.286,1.0,6.0,5.0,60.0,15.4,17.6,19.9,23.0,19.0
7f3f108f,2014,CF Hughes,Derbyshire,2014,7,4,70,220,10.0,24,False,24,0,0,31.818,9,0,36,51.429,4.091,16.114,Middle order,100.0,5.0,0.0,100.0,0.0,0.0,3.714,2.379,5.396,-3.017,35.714,1.789,1.436,1.068,3.35,1.921,1.545,1.153,2.425,0,0,0.0,0.0,3.0,4.0,25.0,45.0,13.6,17.5,19.9,5.8,14.2
dc670143,2017,NJ Dexter,Leicestershire,2017,15,8,300,604,23.077,114,False,114,1,0,49.669,44,2,188,62.667,7.616,20.072,All-rounder / keeper,66.667,6.0,0.0,26.667,66.667,6.667,7.893,3.504,11.384,-7.88,19.667,3.516,1.422,4.373,12.97,3.744,1.507,1.321,4.335,1,4,6.667,26.667,7.0,8.0,59.0,241.0,43.5,17.5,45.9,42.0,37.2
6c79c098,2019,DA Payne,Gloucestershire,2019,15,11,205,468,18.636,43,False,43,0,0,43.803,27,3,126,61.463,6.41,18.037,Lower order,100.0,9.0,0.0,0.0,0.0,100.0,5.025,3.884,6.563,-2.679,44.39,2.142,1.418,1.69,6.152,2.376,1.536,1.204,1.908,1,3,6.667,20.0,9.0,6.0,91.0,114.0,21.6,17.4,45.9,32.0,29.2
ee0c05c0,2021,NA Sowter,Middlesex,2021,6,3,46,109,9.2,24,True,24*,0,0,42.202,5,0,20,43.478,4.587,25.0,Lower order,100.0,9.0,0.0,0.0,0.0,100.0,3.722,2.5,4.609,-2.109,28.261,1.607,1.415,1.711,3.406,1.714,1.52,1.415,1.703,1,1,16.667,16.667,2.0,4.0,13.0,33.0,13.8,17.3,77.3,27.3,33.9
d99cc23a,2018,T van der Gugten,Glamorgan,2018,14,7,160,306,16.0,60,True,60*,0,2,52.288,23,0,92,57.5,7.516,24.028,Lower order,92.857,10.0,0.0,0.0,7.143,92.857,5.898,7.225,3.509,3.716,78.75,2.724,1.4,2.902,7.722,2.892,1.48,3.342,1.4,1,3,7.143,21.429,8.0,6.0,126.0,34.0,27.5,17.3,46.9,33.4,31.3
35f9a295,2018,LJ Hill,Leicestershire,2018,11,7,128,325,14.222,43,True,43*,0,0,39.385,17,0,68,53.125,5.231,19.481,All-rounder / keeper,90.909,6.0,0.0,9.091,90.909,0.0,4.116,3.512,4.88,-1.368,47.656,2.598,1.389,3.231,9.598,2.821,1.496,0.648,2.678,0,1,0.0,9.091,5.0,6.0,61.0,67.0,16.5,17.2,19.9,15.6,17.3
6c79c098,2021,DA Payne,Gloucestershire,2021,12,9,102,260,11.333,34,False,34,0,0,39.231,16,1,70,68.627,6.538,13.169,Lower order,100.0,10.0,0.0,0.0,0.0,100.0,3.579,2.02,4.179,-2.159,15.686,1.436,1.374,1.29,3.922,1.554,1.464,0.228,1.521,0,0,0.0,0.0,3.0,9.0,16.0,86.0,13.0,17.1,19.9,5.8,14.0
7d7233a9,2024,AW Gorvin,Glamorgan,2024,11,6,90,259,10.0,26,False,26,0,0,34.749,6,2,36,40.0,3.089,21.514,Lower order,100.0,10.0,0.0,0.0,0.0,100.0,2.724,3.174,1.928,1.246,74.444,1.202,1.367,0.785,2.126,1.286,1.486,1.663,0.825,0,0,0.0,0.0,7.0,4.0,67.0,23.0,8.8,17.1,19.9,5.8,12.9
6c908ffc,2021,CJC Wright,Leicestershire,2021,9,7,119,219,14.875,41,True,41*,0,0,54.338,16,1,70,58.824,7.763,24.257,Lower order,100.0,9.0,0.0,0.0,0.0,100.0,4.455,4.717,4.07,0.647,63.025,1.62,1.36,1.165,3.664,1.741,1.536,1.8,1.192,0,2,0.0,22.222,5.0,4.0,75.0,44.0,18.7,17.0,19.9,34.6,22.6
94eac556,2016,CJ McKay,Leicestershire,2016,18,14,273,458,15.167,65,False,65,0,2,59.607,37,4,172,63.004,8.952,24.221,Lower order,100.0,8.5,0.0,0.0,0.0,100.0,4.937,5.565,4.471,1.094,47.985,2.198,1.353,2.325,7.463,2.355,1.501,1.414,1.353,0,3,0.0,16.667,9.0,9.0,131.0,142.0,20.9,16.9,19.9,27.3,21.2
430f8b13,2015,T Poynton,Derbyshire,2015,9,5,47,104,5.222,19,False,19,0,0,45.192,6,0,24,51.064,5.769,23.469,Lower order,66.667,8.0,0.0,0.0,33.333,66.667,2.584,1.084,6.25,-5.166,29.787,1.249,1.351,1.161,2.992,1.34,1.495,0.226,2.261,0,1,0.0,11.111,6.0,3.0,14.0,33.0,8.0,16.9,19.9,18.3,15.8
a7c7802a,2014,AJ Ireland,Leicestershire,2014,9,5,93,189,13.286,52,False,52,0,1,49.206,8,4,56,60.215,6.349,20.904,Lower order,88.889,9.0,0.0,11.111,0.0,88.889,4.012,1.699,7.624,-5.926,25.806,2.054,1.34,2.105,5.474,2.17,1.411,0.659,4.019,1,2,11.111,22.222,5.0,4.0,24.0,69.0,16.2,16.8,58.7,34.6,31.6
03df7a25,2023,DA Douthwaite,Glamorgan,2023,6,4,78,250,19.5,37,False,37,0,0,31.2,10,1,46,58.974,4.4,13.389,Lower order,66.667,8.0,0.0,0.0,33.333,66.667,5.125,5.125,,,100.0,1.748,1.34,0.946,3.152,1.848,1.426,1.34,,0,0,0.0,0.0,6.0,,78.0,,22.3,16.7,19.9,5.8,16.2
c89474d1,2018,TJ Murtagh,Middlesex,2018,17,10,196,243,15.077,40,False,40,0,0,80.658,33,2,144,73.469,14.403,25.0,Lower order,100.0,11.0,0.0,0.0,0.0,100.0,4.762,5.586,4.305,1.281,41.837,2.234,1.327,2.106,5.698,2.419,1.466,2.37,1.135,1,4,5.882,23.529,6.0,11.0,82.0,114.0,20.1,16.7,44.1,36.6,29.4
a7e8ff19,2015,BD Cotton,Derbyshire,2015,12,8,126,213,14.0,43,False,43,0,0,59.155,20,0,80,63.492,9.39,23.834,Lower order,91.667,10.5,0.0,8.333,0.0,91.667,3.976,6.752,1.301,5.451,83.333,1.577,1.326,1.285,3.784,1.722,1.465,2.419,0.673,0,2,0.0,16.667,6.0,6.0,105.0,21.0,15.7,16.6,19.9,27.3,19.9
54c58a5e,2026,Nauman Ali,Lancashire,2026,7,4,39,129,6.5,12,False,12,0,0,30.233,4,1,22,56.41,3.876,13.71,Lower order,100.0,9.0,0.0,0.0,0.0,100.0,3.865,4.244,3.426,0.817,58.974,1.386,1.326,1.373,2.892,1.492,1.444,1.682,1.09,0,0,0.0,0.0,4.0,3.0,23.0,16.0,14.8,16.5,19.9,5.8,14.2
9e707e02,2016,KS Carlson,Glamorgan,2016,6,3,131,298,21.833,119,False,119,1,0,43.96,17,0,68,51.908,5.705,22.42,All-rounder / keeper,100.0,6.0,0.0,0.0,100.0,0.0,10.155,0.0,15.632,-15.632,0.0,3.911,1.325,5.665,10.408,4.137,1.38,0.0,5.866,1,1,16.667,16.667,2.0,4.0,0.0,131.0,61.2,16.5,77.3,27.3,45.6
5ac8f17b,2014,GJ Batty,Surrey,2014,14,11,175,332,15.909,29,False,29,0,0,52.711,20,3,98,56.0,6.928,24.919,Lower order,100.0,8.0,0.0,0.0,0.0,100.0,3.337,3.564,3.163,0.401,46.286,1.464,1.315,1.305,3.284,1.576,1.425,1.303,1.354,0,1,0.0,7.143,7.0,7.0,81.0,94.0,11.6,16.4,19.9,13.0,15.2
660538af,2025,EO Leonard,Glamorgan,2025,9,7,139,264,19.857,47,False,47,0,0,52.652,19,2,88,63.309,7.955,20.988,Lower order,100.0,10.0,0.0,0.0,0.0,100.0,4.98,3.481,6.221,-2.74,31.655,1.815,1.313,1.801,5.582,1.919,1.445,1.381,1.286,0,1,0.0,11.111,4.0,5.0,44.0,95.0,21.4,16.3,19.9,18.3,19.0
70fdd428,2016,JD Shantry,Worcestershire,2016,12,9,210,358,26.25,106,False,106,1,0,58.659,23,8,140,66.667,8.659,21.407,Lower order,100.0,10.0,0.0,0.0,0.0,100.0,5.575,6.336,4.112,2.224,74.762,1.936,1.297,2.346,7.783,2.052,1.389,0.908,1.342,0,1,0.0,8.333,7.0,5.0,157.0,53.0,24.9,16.3,19.9,14.6,18.9
eaa4cfc2,2015,AEN Riley,Kent,2015,9,6,91,310,13.0,34,False,34,0,0,29.355,12,0,48,52.747,3.871,14.43,Lower order,100.0,10.0,0.0,0.0,0.0,100.0,4.478,5.983,3.87,2.113,38.462,1.947,1.297,2.057,5.354,2.075,1.382,2.722,1.297,0,1,0.0,11.111,3.0,6.0,35.0,56.0,18.9,16.2,19.9,18.3,18.3
e871a7a1,2019,BW Sanderson,Northamptonshire,2019,16,11,160,297,16.0,28,False,28,0,0,53.872,26,1,110,68.75,9.091,18.519,Lower order,100.0,11.0,0.0,0.0,0.0,100.0,3.002,3.156,2.841,0.315,53.75,1.477,1.295,1.049,4.172,1.558,1.386,1.283,1.295,0,0,0.0,0.0,8.0,8.0,86.0,74.0,10.2,16.2,19.9,5.8,13.0
4c0f3806,2023,BA Raine,Durham,2023,13,11,232,379,25.778,71,False,71,0,2,61.214,27,0,108,46.552,7.124,35.227,Lower order,100.0,9.0,0.0,0.0,0.0,100.0,4.256,5.066,2.918,2.148,74.138,1.913,1.294,2.075,5.74,2.067,1.397,1.294,1.266,0,3,0.0,23.077,8.0,5.0,172.0,60.0,17.5,16.0,19.9,35.7,22.3
4fcd2b6b,2025,Kashif Ali,Kent,2025,9,6,113,213,22.6,34,True,34*,0,0,53.052,8,5,62,54.867,6.103,25.5,Lower order,100.0,11.0,0.0,0.0,0.0,100.0,4.261,8.609,1.633,6.975,76.106,1.667,1.294,1.293,3.735,1.773,1.369,2.572,0.959,0,1,0.0,11.111,4.0,5.0,86.0,27.0,17.5,16.1,19.9,18.3,18.0
32513930,2014,CL Herring,Gloucestershire,2014,6,4,46,149,7.667,22,False,22,0,0,30.872,7,0,28,60.87,4.698,12.676,All-rounder / keeper,100.0,7.0,0.0,0.0,100.0,0.0,3.288,4.805,1.431,3.374,80.435,1.175,1.289,0.886,2.121,1.264,1.398,1.785,0.565,0,0,0.0,0.0,3.0,3.0,37.0,9.0,11.4,15.9,19.9,5.8,13.2
49b6c09f,2015,JC Tredwell,Kent,2015,10,6,96,245,9.6,53,False,53,0,1,39.184,9,1,42,43.75,4.082,22.979,Lower order,70.0,9.0,10.0,0.0,20.0,70.0,3.725,3.664,3.842,-0.178,64.583,1.614,1.289,1.46,4.16,1.746,1.42,1.035,1.544,0,1,0.0,10.0,5.0,5.0,62.0,34.0,13.8,16.0,19.9,16.5,16.6
b82e3032,2019,J Shaw,Gloucestershire,2019,12,8,107,248,10.7,38,True,38*,0,0,43.145,15,0,60,56.075,6.048,20.172,Lower order,75.0,10.0,0.0,8.333,16.667,75.0,3.567,2.332,4.211,-1.879,22.43,1.733,1.283,1.814,5.436,1.924,1.387,0.583,1.857,1,1,8.333,8.333,4.0,8.0,24.0,83.0,12.9,15.8,50.0,14.6,23.3
9c7d7cda,2015,JKH Naik,Leicestershire,2015,11,6,80,238,10.0,28,True,28*,0,0,33.613,8,0,32,40.0,3.361,20.87,Lower order,81.818,10.0,0.0,18.182,0.0,81.818,3.364,4.36,3.182,1.177,20.0,1.376,1.283,0.735,2.582,1.482,1.373,1.754,1.083,0,0,0.0,0.0,2.0,9.0,16.0,64.0,11.9,15.8,19.9,5.8,13.4
948beb1f,2021,ER Bamber,Middlesex,2021,16,9,101,294,7.214,24,False,24,0,0,34.354,15,0,60,59.406,5.102,14.695,Lower order,93.75,10.0,0.0,6.25,0.0,93.75,3.091,2.714,3.6,-0.886,50.495,1.399,1.281,0.757,2.477,1.479,1.329,1.523,1.225,0,0,0.0,0.0,9.0,7.0,51.0,50.0,10.5,15.7,19.9,5.8,13.0
f1ba9ed7,2022,JAR Harris,Glamorgan,2022,13,9,162,391,16.2,34,False,34,0,0,41.432,27,0,108,66.667,6.905,14.835,Lower order,84.615,9.0,0.0,7.692,7.692,84.615,4.408,4.876,4.071,0.805,46.296,1.942,1.273,1.79,5.932,2.045,1.359,0.717,1.9,0,1,0.0,7.692,6.0,7.0,75.0,87.0,18.3,15.6,19.9,13.6,16.8
45c2196c,2014,DE Bollinger,Kent,2014,8,5,84,101,21.0,33,True,33*,0,0,83.168,10,3,58,69.048,12.871,29.545,Lower order,100.0,11.0,0.0,0.0,0.0,100.0,4.223,4.938,3.101,1.837,71.429,1.697,1.273,1.009,2.951,1.818,1.342,2.55,1.216,0,0,0.0,0.0,4.0,4.0,60.0,24.0,17.1,15.6,19.9,5.8,14.6
b16cf2ec,2015,AP Palladino,Derbyshire,2015,16,11,173,361,13.308,35,True,35*,0,0,47.922,18,2,84,48.555,5.54,26.1,Lower order,100.0,9.0,0.0,0.0,0.0,100.0,4.44,4.809,4.23,0.579,39.306,1.74,1.272,1.636,4.74,1.9,1.444,0.776,1.364,0,2,0.0,12.5,7.0,9.0,68.0,105.0,18.5,15.5,19.9,20.5,18.6
48ad3373,2025,BM Tickner,Derbyshire,2025,11,8,125,298,20.833,28,False,28,0,0,41.946,15,1,66,52.8,5.369,20.922,Lower order,100.0,10.0,0.0,0.0,0.0,100.0,3.594,2.88,4.305,-1.425,40.0,1.274,1.272,0.755,2.18,1.344,1.34,1.205,1.339,0,0,0.0,0.0,6.0,5.0,50.0,75.0,13.1,15.4,19.9,5.8,13.6
4900d2bf,2015,OH Freckingham,Leicestershire,2015,7,4,65,166,21.667,34,True,34*,0,0,39.157,8,0,32,49.231,4.819,20.886,Lower order,100.0,10.0,0.0,0.0,0.0,100.0,3.255,2.375,4.913,-2.538,47.692,1.254,1.271,1.348,2.473,1.36,1.401,0.177,2.473,0,0,0.0,0.0,5.0,2.0,31.0,34.0,11.3,15.4,19.9,5.8,13.1
f5821615,2018,JS Patel,Warwickshire,2018,19,14,184,286,11.5,32,False,32,0,0,64.336,22,1,94,51.087,8.042,34.221,Lower order,100.0,8.0,0.0,0.0,0.0,100.0,3.012,3.612,2.533,1.079,53.261,1.528,1.266,1.341,4.408,1.639,1.363,1.239,1.293,0,0,0.0,0.0,9.0,10.0,98.0,86.0,10.2,15.3,19.9,5.8,12.8
85ebf2be,2016,LC Norwell,Gloucestershire,2016,13,8,193,375,19.3,102,False,102,1,0,51.467,28,3,130,67.358,8.267,18.314,Lower order,84.615,10.0,0.0,15.385,0.0,84.615,4.886,7.316,1.872,5.444,82.902,2.056,1.259,2.651,8.051,2.189,1.396,2.358,0.29,0,2,0.0,15.385,7.0,6.0,160.0,33.0,20.4,15.2,19.9,24.7,20.0
078ffbf2,2019,WS Davis,Leicestershire,2019,15,9,133,300,19.0,39,True,39*,0,0,44.333,15,0,60,45.113,5.0,25.614,Lower order,93.333,10.0,0.0,0.0,6.667,93.333,3.249,2.595,3.876,-1.281,39.098,1.441,1.253,1.135,3.608,1.567,1.355,1.011,1.253,0,1,0.0,6.667,7.0,8.0,52.0,81.0,11.3,15.2,19.9,12.7,14.8
f1ba9ed7,2025,JAR Harris,Glamorgan,2025,13,10,128,359,12.8,31,False,31,0,0,35.655,16,0,64,50.0,4.457,18.659,Lower order,84.615,10.0,0.0,15.385,0.0,84.615,2.786,2.291,3.308,-1.017,42.188,2.09,1.251,3.231,11.232,2.214,1.325,1.282,1.222,0,1,0.0,7.692,7.0,6.0,54.0,74.0,9.1,15.1,19.9,13.6,14.4
e871a7a1,2024,BW Sanderson,Northamptonshire,2024,15,9,149,304,9.933,40,False,40,0,0,49.013,20,0,80,53.691,6.579,24.296,Lower order,100.0,9.0,0.0,0.0,0.0,100.0,4.097,3.112,5.526,-2.414,44.966,1.889,1.238,1.929,5.585,2.013,1.293,1.238,1.792,0,1,0.0,6.667,9.0,6.0,67.0,82.0,16.3,15.0,19.9,12.7,16.0
7a8a0237,2025,JP Morley,Derbyshire,2025,12,9,125,442,15.625,41,False,41,0,0,28.281,14,2,68,54.4,3.62,13.38,Lower order,91.667,11.0,0.0,0.0,8.333,91.667,3.347,1.74,5.473,-3.733,29.6,1.225,1.235,1.043,3.486,1.288,1.323,0.694,1.321,0,1,0.0,8.333,7.0,5.0,37.0,88.0,11.7,15.0,19.9,14.6,15.3
acee4cc4,2017,Imran Tahir,Derbyshire,2017,6,4,41,69,8.2,18,True,18*,0,0,59.42,6,0,24,58.537,8.696,26.984,Lower order,100.0,10.5,0.0,0.0,0.0,100.0,2.283,1.589,2.863,-1.274,31.707,1.291,1.233,1.167,2.7,1.383,1.299,1.233,1.35,0,1,0.0,16.667,3.0,3.0,13.0,28.0,6.7,14.9,19.9,27.3,17.2
34b37279,2024,BGF Green,Leicestershire,2024,7,6,143,231,23.833,77,False,77,0,1,61.905,18,1,78,54.545,8.225,30.66,Lower order,100.0,9.0,0.0,0.0,0.0,100.0,5.575,8.807,2.34,6.467,79.021,2.474,1.229,3.04,8.069,2.659,1.288,3.757,0.8,1,1,14.286,14.286,4.0,3.0,113.0,30.0,25.0,14.8,70.0,23.0,33.2
6b16f8ba,2019,HZ Finch,Sussex,2019,14,8,161,355,12.385,48,False,48,0,0,45.352,23,0,92,57.143,6.479,20.783,Middle order,100.0,3.0,0.0,100.0,0.0,0.0,3.883,5.079,2.499,2.58,70.186,1.961,1.229,2.085,5.181,2.116,1.298,1.258,1.2,1,2,7.143,14.286,9.0,5.0,113.0,48.0,14.8,14.8,46.9,23.0,24.9
b5062d26,2021,HOM Gouldstone,Northamptonshire,2021,6,3,71,214,11.833,43,False,43,0,0,33.178,13,0,52,73.239,6.075,9.453,All-rounder / keeper,83.333,7.0,0.0,16.667,83.333,0.0,5.209,2.315,10.965,-8.65,29.577,2.606,1.229,2.481,5.47,2.837,1.276,1.174,5.47,0,1,0.0,16.667,4.0,2.0,21.0,50.0,22.9,14.7,19.9,27.3,21.2
0c5bb005,2019,AD Thomason,Sussex,2019,6,3,113,186,18.833,90,False,90,0,1,60.753,14,4,80,70.796,9.677,19.643,Lower order,83.333,10.0,0.0,16.667,0.0,83.333,8.297,2.782,13.844,-11.062,16.814,3.411,1.227,4.168,8.217,3.688,1.267,1.008,8.217,0,1,0.0,16.667,4.0,2.0,19.0,94.0,46.0,14.6,19.9,27.3,27.0
d99cc23a,2019,T van der Gugten,Glamorgan,2019,8,5,83,158,27.667,29,True,29*,0,0,52.532,9,1,42,50.602,6.329,27.703,Lower order,100.0,10.5,0.0,0.0,0.0,100.0,3.205,3.684,3.069,0.615,25.301,1.612,1.202,1.941,4.924,1.671,1.265,1.511,0.723,0,1,0.0,12.5,1.0,7.0,21.0,62.0,11.1,14.6,19.9,20.5,16.5
6ea2710f,2024,D Moriarty,Yorkshire,2024,8,5,56,113,11.2,17,False,17,0,0,49.558,11,0,44,78.571,9.735,11.765,Lower order,87.5,10.5,0.0,12.5,0.0,87.5,2.497,4.662,1.985,2.677,35.714,1.234,1.201,1.107,2.354,1.298,1.272,2.334,0.741,0,1,0.0,12.5,2.0,6.0,20.0,36.0,7.8,14.5,19.9,20.5,15.7
c89474d1,2019,TJ Murtagh,Middlesex,2019,13,9,108,137,12.0,25,True,25*,0,0,78.832,13,0,52,48.148,9.489,45.161,Lower order,100.0,11.0,0.0,0.0,0.0,100.0,3.542,2.899,4.974,-2.074,56.481,1.476,1.194,1.706,4.961,1.563,1.264,1.2,0.192,0,1,0.0,7.692,9.0,4.0,61.0,47.0,12.7,14.4,19.9,13.6,15.2
00cada13,2026,JDM Evison,Kent,2026,9,5,172,366,21.5,88,False,88,0,1,46.995,20,2,92,53.488,6.011,23.256,All-rounder / keeper,55.556,6.0,0.0,0.0,55.556,44.444,7.385,13.757,3.62,10.137,69.186,3.185,1.191,3.832,9.487,3.362,1.27,5.192,1.191,0,1,0.0,11.111,3.0,6.0,119.0,53.0,39.6,14.4,19.9,18.3,23.0
fd8a9b23,2022,GH Rhodes,Leicestershire,2022,6,3,48,140,8.0,23,False,23,0,0,34.286,7,0,28,58.333,5.0,15.038,Middle order,100.0,3.0,0.0,100.0,0.0,0.0,3.556,2.573,5.482,-2.91,47.917,1.506,1.185,0.625,2.226,1.601,1.253,1.146,2.226,0,0,0.0,0.0,4.0,2.0,23.0,25.0,12.8,14.3,19.9,5.8,13.2
1ad0b441,2015,K Noema-Barnett,Gloucestershire,2015,15,10,272,613,22.667,61,False,61,0,1,44.372,29,2,128,47.059,5.057,24.742,All-rounder / keeper,100.0,7.0,0.0,0.0,100.0,0.0,5.923,5.5,6.426,-0.926,50.368,2.511,1.184,2.519,7.151,2.718,1.283,1.031,1.337,0,2,0.0,13.333,8.0,7.0,137.0,135.0,27.7,14.2,19.9,21.6,20.8
cd143bca,2023,J Leach,Worcestershire,2023,22,14,259,495,14.389,53,False,53,0,1,52.323,31,3,142,54.826,6.869,25.38,Lower order,100.0,8.0,0.0,0.0,0.0,100.0,4.51,5.106,3.927,1.179,55.985,2.084,1.174,2.317,7.77,2.221,1.257,1.174,1.169,0,3,0.0,13.636,13.0,9.0,145.0,114.0,19.0,14.1,19.9,21.8,18.7
894b2d25,2023,MJ Potts,Durham,2023,10,8,147,359,16.333,64,False,64,0,1,40.947,16,0,64,43.537,4.457,24.198,Lower order,80.0,10.0,0.0,10.0,10.0,80.0,3.776,3.076,4.795,-1.719,48.299,1.77,1.174,1.934,5.781,1.906,1.247,1.288,1.06,0,0,0.0,0.0,6.0,4.0,71.0,76.0,14.0,14.2,19.9,5.8,13.5
fec369cd,2021,E Barnes,Leicestershire,2021,7,6,127,279,25.4,83,True,83*,0,1,45.52,20,0,80,62.992,7.168,18.147,Lower order,85.714,9.0,0.0,0.0,14.286,85.714,6.222,1.57,11.482,-9.913,13.386,2.809,1.162,3.433,8.868,3.02,1.283,0.584,4.956,0,2,0.0,28.571,3.0,4.0,17.0,110.0,29.7,14.0,19.9,45.6,27.3
782fb776,2019,LV van Beek,Derbyshire,2019,8,5,85,203,14.167,34,True,34*,0,0,41.872,11,1,50,58.824,5.911,18.325,Lower order,100.0,9.0,0.0,0.0,0.0,100.0,4.011,4.992,2.384,2.608,77.647,1.526,1.153,1.101,2.882,1.64,1.267,2.494,0.917,0,1,0.0,12.5,5.0,3.0,66.0,19.0,16.1,14.0,19.9,20.5,17.6
80ad39ac,2026,Hasan Mahmud,Kent,2026,8,4,55,132,13.75,22,True,22*,0,0,41.667,9,0,36,65.455,6.818,15.447,Lower order,100.0,11.0,0.0,0.0,0.0,100.0,2.444,2.522,2.345,0.177,58.182,1.223,1.147,0.336,1.696,1.341,1.255,1.299,1.147,0,0,0.0,0.0,4.0,4.0,32.0,23.0,7.6,13.9,19.9,5.8,11.8
457cab44,2022,D Ibrahim,Sussex,2022,11,6,197,460,21.889,100,True,100*,1,0,42.826,24,1,102,51.777,5.435,21.839,All-rounder / keeper,63.636,6.0,0.0,27.273,63.636,9.091,5.587,7.223,3.742,3.481,68.528,2.63,1.135,3.028,8.178,2.813,1.204,1.37,0.9,0,2,0.0,18.182,5.0,6.0,135.0,62.0,25.1,13.8,19.9,30.1,22.2
1c513d54,2017,LJ Evans,Sussex,2017,8,4,48,114,6.0,19,False,19,0,0,42.105,8,0,32,66.667,7.018,15.094,Middle order,75.0,4.5,0.0,75.0,25.0,0.0,2.094,1.245,3.178,-1.933,33.333,1.09,1.109,0.739,1.976,1.158,1.172,0.634,1.546,0,0,0.0,0.0,4.0,4.0,16.0,32.0,5.9,13.8,19.9,5.8,11.4
27fc5808,2022,HT Crocombe,Sussex,2022,12,9,128,273,11.636,36,False,36,0,0,46.886,20,0,80,62.5,7.326,18.972,Lower order,100.0,10.0,0.0,0.0,0.0,100.0,3.395,2.588,4.209,-1.62,38.281,1.297,1.108,1.087,2.837,1.379,1.243,1.017,1.108,0,1,0.0,8.333,5.0,7.0,49.0,79.0,12.0,13.7,19.9,14.6,15.0
e0ac7144,2018,OJ Hannon-Dalby,Warwickshire,2018,7,4,29,117,4.143,13,False,13,0,0,24.786,4,0,16,55.172,3.419,11.504,Lower order,100.0,10.0,0.0,0.0,0.0,100.0,1.514,2.166,1.403,0.763,20.69,0.849,1.107,0.568,1.183,0.9,1.181,1.183,1.066,0,0,0.0,0.0,1.0,6.0,6.0,23.0,3.1,13.6,19.9,5.8,10.6
5da34add,2016,MG Hogan,Glamorgan,2016,18,12,175,235,13.462,30,False,30,0,0,74.468,23,3,110,62.857,11.064,31.1,Lower order,100.0,11.0,0.0,0.0,0.0,100.0,3.405,4.896,1.837,3.059,73.714,1.452,1.105,1.337,4.07,1.539,1.191,2.209,0.489,0,2,0.0,11.111,9.0,9.0,129.0,46.0,12.1,13.6,19.9,18.3,16.0
fc1608a2,2019,GT Hankins,Gloucestershire,2019,6,4,23,73,3.833,14,False,14,0,0,31.507,2,0,8,34.783,2.74,21.127,Middle order,83.333,4.0,0.0,83.333,16.667,0.0,1.572,0.769,4.778,-4.009,39.13,1.149,1.097,1.145,2.401,1.242,1.188,0.376,2.401,0,0,0.0,0.0,4.0,2.0,9.0,14.0,3.4,13.5,19.9,5.8,10.6
3f61a062,2021,BTJ Wheal,Hampshire,2021,8,7,102,283,17.0,45,False,45,0,0,36.042,13,0,52,50.98,4.594,18.519,Lower order,100.0,10.0,0.0,0.0,0.0,100.0,4.435,5.43,2.532,2.899,80.392,1.864,1.097,2.178,6.598,2.032,1.161,1.843,0.771,0,0,0.0,0.0,4.0,4.0,82.0,20.0,18.5,13.4,19.9,5.8,14.4
948beb1f,2024,ER Bamber,Middlesex,2024,12,10,86,238,17.2,21,True,21*,0,0,36.134,12,0,48,55.814,5.042,16.814,Lower order,91.667,11.0,0.0,0.0,8.333,91.667,2.089,2.228,1.871,0.357,65.116,0.884,1.092,0.77,1.959,0.948,1.187,1.363,0.959,0,0,0.0,0.0,6.0,6.0,56.0,30.0,5.9,13.4,19.9,5.8,11.2
f3abd0c9,2017,DR Briggs,Sussex,2017,9,6,92,215,15.333,27,False,27,0,0,42.791,10,0,40,43.478,4.651,25.366,Lower order,77.778,11.0,0.0,22.222,0.0,77.778,3.048,2.242,3.464,-1.222,25.0,1.511,1.086,1.325,3.969,1.652,1.165,1.067,1.22,0,0,0.0,0.0,2.0,7.0,23.0,69.0,10.3,13.3,19.9,5.8,12.3
0c7f11be,2017,DL Lloyd,Glamorgan,2017,15,8,247,470,17.643,88,False,88,0,1,52.553,35,4,164,66.397,8.298,19.258,Middle order,60.0,5.0,0.0,60.0,40.0,0.0,6.376,11.111,2.84,8.271,74.494,3.285,1.081,4.059,10.918,3.506,1.134,6.73,0.37,1,4,6.667,26.667,6.0,9.0,184.0,63.0,31.8,13.2,45.9,42.0,33.2
c2b6764d,2021,GFB Scott,Gloucestershire,2021,7,5,100,362,14.286,31,False,31,0,0,27.624,12,1,54,54.0,3.591,13.181,Opener,57.143,2.0,57.143,0.0,14.286,28.571,5.23,5.614,3.236,2.378,90.0,2.286,1.08,2.305,5.55,2.52,1.124,2.219,1.08,0,2,0.0,28.571,6.0,1.0,90.0,10.0,23.2,13.2,19.9,45.6,25.5
ccdd8308,2018,ST Finn,Middlesex,2018,6,3,50,65,8.333,27,False,27,0,0,76.923,8,0,32,64.0,12.308,31.579,Lower order,100.0,11.0,0.0,0.0,0.0,100.0,3.666,5.481,1.461,4.02,82.0,2.182,1.071,2.223,4.741,2.33,1.214,2.906,0.732,0,1,0.0,16.667,4.0,2.0,41.0,9.0,13.4,13.1,19.9,27.3,18.4
b9877635,2019,TE Bailey,Lancashire,2019,9,8,150,282,16.667,68,False,68,0,1,53.191,23,0,92,61.333,8.156,22.394,Lower order,100.0,8.0,0.0,0.0,0.0,100.0,4.957,6.646,2.958,3.688,72.667,2.519,1.071,2.948,7.889,2.663,1.166,2.23,0.697,0,1,0.0,11.111,5.0,4.0,109.0,41.0,21.2,13.1,19.9,18.3,18.1
85ebf2be,2017,LC Norwell,Gloucestershire,2017,13,9,99,211,12.375,24,False,24,0,0,46.919,13,1,58,58.586,6.635,20.812,Lower order,92.308,10.0,0.0,7.692,0.0,92.308,2.747,2.007,4.04,-2.033,46.465,1.26,1.068,1.544,4.907,1.339,1.145,1.068,1.046,1,1,7.692,7.692,7.0,6.0,46.0,53.0,9.0,13.0,48.2,13.6,21.0
b7a6a60b,2014,KA Bull,Glamorgan,2014,6,3,31,128,7.75,12,False,12,0,0,24.219,5,0,20,64.516,3.906,8.943,Lower order,100.0,10.0,0.0,0.0,0.0,100.0,2.025,1.779,2.285,-0.506,45.161,1.019,1.065,0.509,1.503,1.074,1.135,0.776,1.503,0,0,0.0,0.0,4.0,2.0,14.0,17.0,5.5,12.9,19.9,5.8,11.0
a9da7784,2021,KJ Abbott,Hampshire,2021,10,8,118,337,13.111,58,False,58,0,1,35.015,15,0,60,50.847,4.451,18.012,Lower order,90.0,9.0,0.0,10.0,0.0,90.0,4.475,4.169,5.19,-1.021,65.254,1.785,1.062,1.885,5.986,1.91,1.154,1.026,1.097,0,2,0.0,20.0,6.0,4.0,77.0,41.0,18.9,12.9,19.9,32.0,20.9
067bda18,2023,S Conners,Derbyshire,2023,13,9,139,193,13.9,34,False,34,0,0,72.021,14,4,80,57.554,9.326,33.714,Lower order,92.308,10.0,0.0,0.0,7.692,92.308,3.246,2.924,3.454,-0.53,35.252,1.305,1.053,1.283,3.233,1.382,1.123,0.651,1.179,0,1,0.0,7.692,5.0,8.0,49.0,90.0,11.2,12.8,19.9,13.6,14.4
e871a7a1,2025,BW Sanderson,Northamptonshire,2025,10,5,156,212,15.6,65,False,65,0,1,73.585,25,3,118,75.641,13.208,20.652,Lower order,100.0,9.0,0.0,0.0,0.0,100.0,6.894,16.438,4.11,12.329,53.846,3.394,1.05,3.836,8.824,3.769,1.146,8.824,0.985,1,2,10.0,20.0,2.0,8.0,84.0,72.0,35.9,12.7,55.6,32.0,34.0
a8e56914,2018,D Olivier,Derbyshire,2018,9,5,72,137,9.0,40,True,40*,0,0,52.555,11,0,44,61.111,8.029,22.222,Lower order,100.0,10.0,0.0,0.0,0.0,100.0,3.125,0.643,6.969,-6.326,12.5,1.51,1.048,1.689,3.791,1.702,1.136,0.0,3.25,0,1,0.0,11.111,5.0,4.0,9.0,63.0,10.6,12.7,19.9,18.3,15.4
05d74535,2014,Saeed Ajmal,Worcestershire,2014,10,8,156,176,19.5,53,True,53*,0,1,88.636,20,2,92,58.974,12.5,41.558,Lower order,100.0,10.0,0.0,0.0,0.0,100.0,4.746,4.97,4.197,0.773,74.359,1.761,1.045,1.833,5.748,1.861,1.106,1.33,0.761,0,1,0.0,10.0,7.0,3.0,116.0,40.0,19.9,12.6,19.9,16.5,17.2
611926bc,2016,GR Napier,Essex,2016,11,9,166,304,16.6,45,False,45,0,0,54.605,18,4,96,57.831,7.237,24.823,Lower order,100.0,9.0,0.0,0.0,0.0,100.0,3.888,3.001,4.646,-1.645,35.542,1.794,1.041,1.548,4.133,1.929,1.109,1.04,1.672,0,0,0.0,0.0,5.0,6.0,59.0,107.0,15.0,12.5,19.9,5.8,13.3
f3abd0c9,2016,DR Briggs,Sussex,2016,12,8,148,296,16.444,36,False,36,0,0,50.0,24,0,96,64.865,8.108,19.118,Lower order,91.667,10.0,0.0,8.333,0.0,91.667,4.249,2.96,6.449,-3.489,43.919,1.782,1.038,2.207,6.963,1.924,1.132,1.387,0.688,0,2,0.0,16.667,8.0,4.0,65.0,83.0,17.4,12.5,19.9,27.3,19.3
d3868bd0,2021,JH Davey,Somerset,2021,9,7,161,382,26.833,75,True,75*,0,1,42.147,23,1,98,60.87,6.283,17.598,Lower order,88.889,9.0,0.0,0.0,11.111,88.889,5.819,7.657,1.361,6.296,93.168,2.42,1.037,2.848,8.013,2.553,1.124,3.304,0.438,0,2,0.0,22.222,6.0,3.0,150.0,11.0,27.0,12.4,19.9,34.6,23.5
1f1b4c89,2023,JC Tongue,Worcestershire,2023,7,5,40,139,13.333,16,True,16*,0,0,28.777,2,0,8,20.0,1.439,23.358,Lower order,100.0,10.0,0.0,0.0,0.0,100.0,2.424,3.448,1.36,2.089,72.5,1.182,1.036,1.027,2.694,1.263,1.077,1.654,0.668,0,1,0.0,14.286,4.0,3.0,29.0,11.0,7.4,12.3,19.9,23.0,15.6
b03303ca,2025,L Guthrie,Northamptonshire,2025,11,8,132,216,13.2,43,False,43,0,0,61.111,17,1,74,56.061,8.333,29.293,Lower order,100.0,10.0,0.0,0.0,0.0,100.0,3.617,4.668,0.888,3.78,93.182,1.604,1.033,2.082,6.197,1.751,1.14,1.672,0.396,0,1,0.0,9.091,8.0,3.0,123.0,9.0,13.2,12.2,19.9,15.6,15.2
15101f12,2017,ME Claydon,Kent,2017,13,8,111,155,13.875,21,True,21*,0,0,71.613,18,2,84,75.676,12.903,20.0,Lower order,100.0,11.0,0.0,0.0,0.0,100.0,2.988,4.258,2.169,2.089,55.856,1.439,1.033,1.293,4.377,1.526,1.086,1.618,0.939,0,0,0.0,0.0,5.0,8.0,62.0,49.0,9.9,12.3,19.9,5.8,12.0
5147c792,2014,JS Sykes,Leicestershire,2014,6,3,35,97,7.0,8,True,8*,0,0,36.082,4,0,16,45.714,4.124,20.43,Lower order,83.333,9.0,0.0,16.667,0.0,83.333,2.678,1.344,3.562,-2.219,20.0,1.112,1.024,0.492,1.641,1.195,1.075,0.67,1.332,0,0,0.0,0.0,2.0,4.0,7.0,28.0,8.5,12.1,19.9,5.8,11.6
f0a0204e,2025,MS Crane,Glamorgan,2025,9,5,136,309,22.667,42,False,42,0,0,44.013,14,1,62,45.588,4.854,25.17,Lower order,88.889,9.0,11.111,0.0,0.0,88.889,4.465,6.48,3.429,3.05,49.265,2.53,1.023,2.641,6.41,2.662,1.064,3.291,1.023,0,2,0.0,22.222,3.0,6.0,67.0,69.0,18.8,12.1,19.9,34.6,21.4
219cc59e,2023,DY Pennington,Worcestershire,2023,10,8,101,182,11.222,26,False,26,0,0,55.495,13,1,58,57.426,7.692,25.595,Lower order,100.0,11.0,0.0,0.0,0.0,100.0,4.089,4.113,4.053,0.061,60.396,1.454,1.017,1.612,5.051,1.553,1.088,0.902,1.132,0,0,0.0,0.0,7.0,3.0,61.0,40.0,16.3,12.0,19.9,5.8,13.5
d99cc23a,2016,T van der Gugten,Glamorgan,2016,14,9,143,315,13.0,36,False,36,0,0,45.397,17,3,86,60.14,6.349,19.322,Lower order,100.0,10.0,0.0,0.0,0.0,100.0,3.9,2.504,5.806,-3.303,37.063,1.634,1.005,1.548,4.45,1.737,1.088,0.484,2.15,0,0,0.0,0.0,8.0,6.0,53.0,90.0,15.1,11.9,19.9,5.8,13.2
6c79c098,2018,DA Payne,Gloucestershire,2018,11,7,86,215,17.2,31,False,31,0,0,40.0,11,1,50,58.14,5.581,17.734,Lower order,100.0,10.0,0.0,0.0,0.0,100.0,3.142,2.695,4.454,-1.759,63.953,2.072,1.0,2.799,7.566,2.257,1.038,1.0,1.995,1,1,9.091,9.091,8.0,3.0,55.0,31.0,10.9,11.9,52.5,15.6,22.7
7be8a0ed,2014,JW Dernbach,Surrey,2014,7,5,51,98,12.75,23,True,23*,0,0,52.041,7,1,34,66.667,8.163,18.889,Lower order,100.0,11.0,0.0,0.0,0.0,100.0,2.314,3.283,1.181,2.102,76.471,0.934,0.986,0.925,1.948,1.0,1.05,1.737,0.493,0,0,0.0,0.0,4.0,3.0,39.0,12.0,6.9,11.8,19.9,5.8,11.1
430f8b13,2016,T Poynton,Derbyshire,2016,11,9,167,458,18.556,53,False,53,0,1,36.463,20,0,80,47.904,4.367,19.863,Lower order,54.545,8.0,0.0,0.0,45.455,54.545,4.553,3.65,5.243,-1.593,34.731,1.837,0.978,1.643,4.45,1.952,1.065,0.953,0.978,0,2,0.0,18.182,5.0,6.0,58.0,109.0,19.2,11.7,19.9,30.1,20.2
5fed6272,2017,CN Miles,Gloucestershire,2017,13,9,137,308,11.417,47,False,47,0,0,44.481,20,1,86,62.774,6.818,17.77,Lower order,100.0,9.0,0.0,0.0,0.0,100.0,4.228,5.376,2.568,2.808,75.182,1.593,0.976,1.56,4.304,1.694,1.027,2.17,0.753,0,1,0.0,7.692,6.0,7.0,103.0,34.0,17.2,11.7,19.9,13.6,15.6
84838938,2014,RH Joseph,Kent,2014,7,5,70,168,14.0,29,True,29*,0,0,41.667,10,1,46,65.714,6.548,15.287,Lower order,100.0,10.0,0.0,0.0,0.0,100.0,3.757,4.294,3.164,1.131,60.0,1.705,0.973,1.343,3.893,1.829,1.007,0.973,1.522,0,1,0.0,14.286,3.0,4.0,42.0,28.0,14.0,11.6,19.9,23.0,17.1
27fc5808,2023,HT Crocombe,Sussex,2023,13,9,107,260,15.286,25,True,25*,0,0,41.154,12,0,48,44.86,4.615,23.79,Lower order,100.0,11.0,0.0,0.0,0.0,100.0,2.797,3.075,2.44,0.635,61.682,1.209,0.972,1.078,3.533,1.277,1.05,1.196,0.969,0,0,0.0,0.0,7.0,6.0,66.0,41.0,9.2,11.5,19.9,5.8,11.6
74a274cc,2019,TG Helm,Middlesex,2019,7,5,143,287,23.833,46,False,46,0,0,49.826,22,0,88,61.538,7.666,20.755,Lower order,100.0,9.0,0.0,0.0,0.0,100.0,6.685,10.086,0.27,9.816,98.601,3.116,0.972,3.775,7.786,3.331,1.01,6.631,0.096,0,2,0.0,28.571,5.0,2.0,141.0,2.0,34.0,11.5,19.9,45.6,27.8
01561e94,2025,N Fernandes,Middlesex,2025,7,4,83,197,11.857,58,False,58,0,1,42.132,10,0,40,48.193,5.076,22.995,Opener,100.0,2.0,100.0,0.0,0.0,0.0,3.621,5.453,1.818,3.635,74.699,1.932,0.966,2.424,5.487,2.021,1.008,2.899,0.966,0,0,0.0,0.0,3.0,4.0,62.0,21.0,13.2,11.4,19.9,5.8,12.6
8f2dfebf,2023,MD Fisher,Yorkshire,2023,13,9,140,227,17.5,37,True,37*,0,0,61.674,18,1,78,55.714,8.37,29.808,Lower order,84.615,9.0,0.0,0.0,15.385,84.615,3.23,3.476,2.865,0.611,64.286,1.786,0.964,1.921,5.381,1.922,1.025,1.225,0.658,0,0,0.0,0.0,7.0,6.0,90.0,50.0,11.1,11.3,19.9,5.8,12.0
74a274cc,2024,TG Helm,Middlesex,2024,12,9,157,308,26.167,64,False,64,0,1,50.974,16,1,70,44.586,5.519,29.897,Lower order,91.667,9.5,0.0,0.0,8.333,91.667,3.633,3.836,3.398,0.438,56.688,1.592,0.959,1.598,4.9,1.686,1.028,0.532,1.66,0,1,0.0,8.333,6.0,6.0,89.0,68.0,13.3,11.3,19.9,14.6,14.8
770ae773,2026,GT Bell,Gloucestershire,2026,11,6,47,96,11.75,11,False,11,0,0,48.958,6,0,24,51.064,6.25,25.556,Lower order,100.0,11.0,0.0,0.0,0.0,100.0,1.733,1.683,1.83,-0.147,63.83,0.84,0.951,0.76,1.941,0.903,1.03,0.951,0.97,0,0,0.0,0.0,8.0,3.0,30.0,17.0,4.2,11.2,19.9,5.8,10.3
0f21680d,2015,GG White,Northamptonshire,2015,6,3,43,56,7.167,24,False,24,0,0,76.786,8,1,38,88.372,16.071,10.638,Lower order,100.0,9.0,0.0,0.0,0.0,100.0,2.456,,2.456,,0.0,1.513,0.949,1.246,2.941,1.622,1.013,,0.949,0,0,0.0,0.0,,6.0,,43.0,7.6,11.1,19.9,5.8,11.1
9f812582,2025,LPJ Kimber,Leicestershire,2025,7,5,60,72,10.0,18,True,18*,0,0,83.333,9,1,42,70.0,13.889,29.032,All-rounder / keeper,57.143,7.0,0.0,0.0,57.143,42.857,2.072,1.923,2.193,-0.27,41.667,1.593,0.948,1.324,3.782,1.686,0.982,2.118,0.948,0,0,0.0,0.0,3.0,4.0,25.0,35.0,5.7,11.1,19.9,5.8,10.6
3029e282,2023,Umar Amin,Leicestershire,2023,6,4,108,234,18.0,94,False,94,0,1,46.154,19,0,76,70.37,8.12,14.884,Middle order,100.0,4.5,0.0,100.0,0.0,0.0,8.036,2.288,10.805,-8.517,9.259,2.478,0.945,3.764,8.02,2.581,1.009,0.816,4.139,0,1,0.0,16.667,2.0,4.0,10.0,98.0,44.2,11.0,19.9,27.3,25.6
a37b5c0a,2024,BO Coad,Yorkshire,2024,10,7,119,126,14.875,38,False,38,0,0,94.444,18,0,72,60.504,14.286,43.519,Lower order,100.0,10.0,0.0,0.0,0.0,100.0,4.139,2.454,4.355,-1.901,6.723,1.976,0.933,2.62,7.683,2.085,0.977,0.933,1.155,0,2,0.0,20.0,1.0,9.0,8.0,111.0,16.6,10.9,19.9,32.0,19.8
dd17e4bc,2016,SJ Magoffin,Sussex,2016,15,11,118,205,9.833,23,True,23*,0,0,57.561,18,1,78,66.102,9.268,21.505,Lower order,100.0,11.0,0.0,0.0,0.0,100.0,2.665,2.148,3.264,-1.115,43.22,1.019,0.925,0.931,3.051,1.096,1.02,0.899,1.199,0,1,0.0,6.667,9.0,6.0,51.0,67.0,8.4,10.9,19.9,12.7,13.0
1efd12d1,2024,PR Brown,Derbyshire,2024,7,5,42,93,42.0,15,False,15,0,0,45.161,6,1,30,71.429,7.527,13.953,Lower order,100.0,11.0,0.0,0.0,0.0,100.0,2.23,2.365,2.111,0.254,50.0,0.932,0.923,0.699,1.647,1.005,1.003,0.923,1.044,0,0,0.0,0.0,4.0,3.0,21.0,21.0,6.5,10.8,19.9,5.8,10.8
73f1f6b0,2021,TA Lammonby,Somerset,2021,12,7,86,220,7.818,42,False,42,0,0,39.091,11,1,50,58.14,5.455,17.308,Opener,75.0,2.0,75.0,16.667,8.333,0.0,2.874,2.359,3.327,-0.968,38.372,1.469,0.917,1.879,5.332,1.552,1.027,1.175,0.733,0,1,0.0,8.333,5.0,7.0,33.0,53.0,9.6,10.7,19.9,14.6,13.7
0a12e736,2021,TMJ Smith,Gloucestershire,2021,8,5,76,234,10.857,47,False,47,0,0,32.479,10,0,40,52.632,4.274,16.071,Lower order,87.5,8.0,0.0,12.5,0.0,87.5,4.452,9.231,1.514,7.717,78.947,1.507,0.917,1.735,4.578,1.666,1.025,2.748,0.742,0,2,0.0,25.0,3.0,5.0,60.0,16.0,18.6,10.7,19.9,39.2,22.1
2a0d5d4a,2017,Azharullah,Northamptonshire,2017,10,7,73,115,14.6,23,False,23,0,0,63.478,11,0,44,60.274,9.565,27.885,Lower order,100.0,11.0,0.0,0.0,0.0,100.0,2.868,1.269,4.255,-2.986,20.548,1.233,0.911,1.386,3.776,1.34,0.965,0.58,1.682,0,0,0.0,0.0,4.0,6.0,15.0,58.0,9.6,10.5,19.9,5.8,11.4
ad286dcc,2024,AT Thomson,Derbyshire,2024,13,8,152,388,12.667,46,True,46*,0,0,39.175,20,1,86,56.579,5.412,17.984,Lower order,84.615,8.0,0.0,0.0,15.385,84.615,5.172,8.925,3.435,5.49,54.605,1.965,0.911,2.144,6.321,2.081,0.953,2.462,0.588,0,3,0.0,23.077,6.0,7.0,83.0,69.0,22.7,10.6,19.9,35.7,22.2
e24cf4d5,2026,J Moores,Lancashire,2026,6,3,76,120,12.667,57,False,57,0,1,63.333,9,4,60,78.947,10.833,14.953,All-rounder / keeper,66.667,7.0,0.0,0.0,66.667,33.333,7.429,1.73,16.796,-15.066,14.474,3.213,0.909,4.48,8.376,3.502,0.989,0.631,8.376,0,2,0.0,33.333,4.0,2.0,11.0,65.0,40.1,10.5,19.9,56.0,31.6
7955eb15,2016,RK Kleinveldt,Northamptonshire,2016,12,9,255,272,25.5,97,False,97,0,2,93.75,36,4,168,65.882,14.706,37.5,Lower order,100.0,8.0,0.0,0.0,0.0,100.0,6.256,7.27,4.39,2.88,75.294,2.941,0.905,3.501,9.482,3.175,0.966,1.446,0.642,0,3,0.0,25.0,7.0,5.0,192.0,63.0,30.2,10.4,19.9,39.2,24.9
19708692,2026,MW Parkinson,Kent,2026,10,6,60,192,7.5,17,False,17,0,0,31.25,7,1,34,56.667,4.167,14.13,Lower order,100.0,10.0,0.0,0.0,0.0,100.0,1.935,1.087,2.468,-1.382,21.667,0.977,0.894,0.986,2.614,1.064,0.969,0.501,1.124,0,0,0.0,0.0,3.0,7.0,13.0,47.0,4.9,10.3,19.9,5.8,10.2
5db1c288,2019,CAJ Morris,Worcestershire,2019,14,8,89,307,14.833,29,True,29*,0,0,28.99,10,0,40,44.944,3.257,16.498,Lower order,92.857,11.0,0.0,7.143,0.0,92.857,3.129,3.341,2.503,0.838,79.775,1.461,0.892,1.712,5.293,1.63,0.921,0.827,1.088,1,1,7.143,7.143,10.0,4.0,71.0,18.0,10.7,10.3,46.9,13.0,20.2
59792462,2015,KM Jarvis,Lancashire,2015,14,11,139,245,23.167,47,False,47,0,0,56.735,21,1,90,64.748,8.98,21.973,Lower order,100.0,11.0,0.0,0.0,0.0,100.0,2.742,2.246,3.293,-1.047,43.165,1.237,0.891,1.32,4.421,1.343,0.947,0.745,0.891,0,1,0.0,7.143,7.0,7.0,60.0,79.0,8.9,10.2,19.9,13.0,13.0
0f6db197,2019,S Mahmood,Lancashire,2019,9,7,116,404,16.571,34,False,34,0,0,28.713,12,0,48,41.379,2.97,17.347,Lower order,88.889,9.0,0.0,11.111,0.0,88.889,3.71,5.289,0.815,4.474,92.241,1.667,0.885,1.56,3.61,1.793,0.921,3.124,0.077,0,0,0.0,0.0,6.0,3.0,107.0,9.0,13.5,10.2,19.9,5.8,12.3
e9d5218e,2014,MT Coles,Hampshire,2014,18,14,251,333,13.944,83,False,83,0,1,75.375,37,5,178,70.916,12.613,25.086,Lower order,94.444,9.0,0.0,0.0,5.556,94.444,4.34,2.755,5.823,-3.068,30.677,1.781,0.881,2.612,9.793,1.888,0.946,0.271,1.171,1,2,5.556,11.111,9.0,9.0,77.0,174.0,18.1,10.1,43.1,18.3,22.4
1f1b4c89,2017,JC Tongue,Worcestershire,2017,16,12,135,321,10.385,41,False,41,0,0,42.056,17,0,68,50.37,5.296,22.039,Lower order,87.5,10.0,0.0,0.0,12.5,87.5,2.943,4.071,1.326,2.745,81.481,1.33,0.878,1.573,5.283,1.42,0.943,0.983,0.697,0,1,0.0,6.25,10.0,6.0,110.0,25.0,9.8,10.0,19.9,12.5,13.0
b9c7596f,2021,Hassan Azad,Leicestershire,2021,12,7,281,748,28.1,144,True,144*,1,1,37.567,38,0,152,54.093,5.08,18.169,Opener,100.0,1.0,100.0,0.0,0.0,0.0,8.338,2.795,16.12,-13.325,19.573,3.265,0.875,5.269,14.829,3.493,0.962,0.552,1.928,1,3,8.333,25.0,6.0,6.0,55.0,226.0,46.5,9.9,50.0,39.2,36.4
b16cf2ec,2019,AP Palladino,Derbyshire,2019,13,7,118,288,11.8,58,False,58,0,1,40.972,15,0,60,50.847,5.208,21.245,Lower order,100.0,10.0,0.0,0.0,0.0,100.0,3.5,1.867,6.162,-4.295,33.051,1.81,0.875,2.444,7.207,1.915,0.906,0.858,0.875,0,1,0.0,7.692,8.0,5.0,39.0,79.0,12.5,9.9,19.9,13.6,14.0
078ffbf2,2016,WS Davis,Derbyshire,2016,6,4,34,68,6.8,15,False,15,0,0,50.0,7,0,28,82.353,10.294,9.836,Lower order,100.0,11.0,0.0,0.0,0.0,100.0,1.548,3.08,0.466,2.614,82.353,0.778,0.867,0.679,1.379,0.818,0.922,1.347,0.21,0,0,0.0,0.0,3.0,3.0,28.0,6.0,3.2,9.8,19.9,5.8,9.7
a7e8ff19,2016,BD Cotton,Derbyshire,2016,9,6,88,142,11.0,26,False,26,0,0,61.972,11,1,50,56.818,8.451,29.231,Lower order,100.0,11.0,0.0,0.0,0.0,100.0,2.881,1.365,3.241,-1.876,9.091,1.354,0.853,1.081,3.388,1.434,0.895,0.681,0.868,0,0,0.0,0.0,2.0,7.0,8.0,80.0,9.7,9.8,19.9,5.8,11.3
948beb1f,2019,ER Bamber,Gloucestershire/Middlesex,2019,11,7,60,210,7.5,15,False,15,0,0,28.571,5,0,20,33.333,2.381,19.512,Lower order,100.0,10.0,0.0,0.0,0.0,100.0,2.014,2.099,1.594,0.506,86.667,0.836,0.844,0.489,1.411,0.908,0.897,0.916,0.722,0,0,0.0,0.0,9.0,2.0,52.0,8.0,5.5,9.7,19.9,5.8,10.2
d4eef961,2019,M de Lange,Glamorgan,2019,7,5,36,57,5.143,12,False,12,0,0,63.158,5,2,32,88.889,12.281,8.0,Lower order,100.0,9.0,0.0,0.0,0.0,100.0,1.424,2.105,1.226,0.88,33.333,0.619,0.843,0.384,0.902,0.656,0.904,0.863,0.665,0,0,0.0,0.0,1.0,6.0,12.0,24.0,2.7,9.6,19.9,5.8,9.5
b2dbe638,2014,A Sheikh,Leicestershire,2014,6,3,24,41,4.8,12,False,12,0,0,58.537,4,0,16,66.667,9.756,21.622,Lower order,100.0,11.0,0.0,0.0,0.0,100.0,2.472,5.49,1.397,4.094,58.333,1.143,0.833,1.112,2.377,1.235,0.871,2.377,0.526,0,0,0.0,0.0,2.0,4.0,14.0,10.0,7.8,9.6,19.9,5.8,10.8
208f22ea,2021,DJ Worrall,Gloucestershire,2021,12,7,75,132,8.333,24,False,24,0,0,56.818,10,1,46,61.333,8.333,23.967,Lower order,100.0,11.0,0.0,0.0,0.0,100.0,2.579,1.874,3.177,-1.303,33.333,1.155,0.833,0.916,2.781,1.261,0.939,0.833,1.304,0,0,0.0,0.0,5.0,7.0,25.0,50.0,8.0,9.5,19.9,5.8,10.8
7d7233a9,2023,AW Gorvin,Glamorgan,2023,6,5,86,233,21.5,47,False,47,0,0,36.91,6,1,30,34.884,3.004,24.779,Lower order,100.0,8.0,0.0,0.0,0.0,100.0,3.918,12.745,1.903,10.842,60.465,1.433,0.83,1.539,4.003,1.523,0.902,2.225,0.83,0,1,0.0,16.667,2.0,4.0,52.0,34.0,15.3,9.4,19.9,27.3,18.0
c1f6c27e,2017,G Onions,Durham,2017,8,5,54,96,6.75,15,False,15,0,0,56.25,9,0,36,66.667,9.375,20.69,Lower order,100.0,11.0,0.0,0.0,0.0,100.0,2.592,2.183,2.815,-0.632,29.63,1.031,0.828,1.026,2.753,1.117,0.912,0.758,0.887,0,0,0.0,0.0,3.0,5.0,16.0,38.0,8.1,9.4,19.9,5.8,10.8
2a0d5d4a,2015,Azharullah,Northamptonshire,2015,19,14,189,411,18.9,58,True,58*,0,1,45.985,28,0,112,59.259,6.813,20.104,Lower order,84.211,10.0,10.526,5.263,0.0,84.211,3.131,2.579,3.516,-0.938,33.862,1.491,0.821,2.047,7.503,1.603,0.884,0.671,0.972,0,2,0.0,10.526,8.0,11.0,64.0,125.0,10.7,9.3,19.9,17.1,14.2
80e44dc5,2023,JP McIlroy,Glamorgan,2023,11,8,79,189,15.8,30,True,30*,0,0,41.799,11,1,50,63.291,6.349,16.384,Lower order,100.0,11.0,0.0,0.0,0.0,100.0,2.314,3.545,1.355,2.19,67.089,0.932,0.818,0.775,2.555,0.987,0.87,1.014,0.577,0,0,0.0,0.0,5.0,6.0,53.0,26.0,6.9,9.2,19.9,5.8,10.4
24dd1b81,2017,AO Morgan,Glamorgan,2017,6,3,28,140,4.667,17,False,17,0,0,20.0,1,0,4,14.286,0.714,17.266,Middle order,66.667,3.0,33.333,66.667,0.0,0.0,2.414,2.825,1.091,1.734,89.286,1.081,0.817,0.709,1.885,1.143,0.853,1.351,0.542,0,0,0.0,0.0,4.0,2.0,25.0,3.0,7.4,9.2,19.9,5.8,10.6
5da34add,2022,MG Hogan,Glamorgan,2022,13,10,91,129,10.111,19,True,19*,0,0,70.543,11,1,50,54.945,9.302,35.043,Lower order,100.0,11.0,0.0,0.0,0.0,100.0,2.693,2.536,2.825,-0.289,42.857,0.932,0.813,0.602,1.841,0.983,0.857,0.847,0.778,0,0,0.0,0.0,6.0,7.0,39.0,52.0,8.7,9.1,19.9,5.8,10.9
b82e3032,2016,J Shaw,Gloucestershire,2016,12,9,108,254,12.0,29,False,29,0,0,42.52,15,0,60,55.556,5.906,20.084,Lower order,91.667,10.0,0.0,8.333,0.0,91.667,2.818,2.495,3.316,-0.821,53.704,1.294,0.806,1.314,4.266,1.409,0.871,0.699,1.677,0,1,0.0,8.333,7.0,5.0,58.0,50.0,9.3,9.0,19.9,14.6,13.2
948beb1f,2018,ER Bamber,Middlesex,2018,8,5,62,216,10.333,27,True,27*,0,0,28.704,6,0,24,38.71,2.778,18.095,Lower order,100.0,10.0,0.0,0.0,0.0,100.0,3.141,1.196,5.978,-4.782,22.581,1.299,0.803,1.154,3.0,1.404,0.91,0.621,2.462,0,0,0.0,0.0,5.0,3.0,14.0,48.0,10.8,9.0,19.9,5.8,11.4
894b2d25,2022,MJ Potts,Durham,2022,11,8,119,284,10.818,40,False,40,0,0,41.901,11,3,62,52.101,4.93,21.111,Lower order,90.909,9.0,0.0,9.091,0.0,90.909,3.995,2.221,6.541,-4.32,32.773,1.397,0.8,1.531,4.529,1.478,0.871,0.8,1.28,1,2,9.091,18.182,6.0,5.0,39.0,80.0,15.9,8.9,52.5,30.1,26.8
1427277f,2014,MHA Footitt,Derbyshire,2014,22,16,154,204,11.0,26,True,26*,0,0,75.49,25,2,112,72.727,13.235,23.729,Lower order,100.0,11.0,0.0,0.0,0.0,100.0,2.836,2.154,3.507,-1.354,37.662,1.182,0.797,1.244,3.902,1.285,0.865,0.797,0.737,0,2,0.0,9.091,10.0,12.0,58.0,96.0,9.4,8.8,19.9,15.6,13.4
e871a7a1,2026,BW Sanderson,Northamptonshire,2026,13,8,92,204,10.222,22,False,22,0,0,45.098,12,0,48,52.174,5.882,22.917,Lower order,100.0,10.0,0.0,0.0,0.0,100.0,2.759,4.778,1.634,3.144,61.957,1.179,0.788,1.113,3.081,1.293,0.842,2.479,0.664,0,0,0.0,0.0,5.0,8.0,57.0,35.0,9.0,8.8,19.9,5.8,10.9
9cc9b74d,2021,HA Evans,Leicestershire,2021,6,4,29,72,7.25,12,False,12,0,0,40.278,3,0,12,41.379,4.167,24.638,Lower order,100.0,11.0,0.0,0.0,0.0,100.0,1.697,1.496,1.983,-0.487,51.724,1.152,0.786,1.274,2.915,1.248,0.829,0.687,1.618,0,1,0.0,16.667,3.0,3.0,15.0,14.0,4.0,8.7,19.9,27.3,15.0
01a95383,2018,MD Taylor,Gloucestershire,2018,18,13,176,399,11.0,48,False,48,0,0,44.11,21,0,84,47.727,5.263,24.339,Lower order,88.889,10.0,0.0,5.556,5.556,88.889,4.411,3.525,6.139,-2.614,52.841,1.794,0.781,2.319,7.668,1.939,0.829,0.787,0.489,0,3,0.0,16.667,10.0,8.0,93.0,83.0,18.4,8.6,19.9,27.3,18.6
15101f12,2016,ME Claydon,Kent,2016,15,13,187,321,15.583,55,False,55,0,1,58.255,29,1,122,65.241,9.346,22.337,Lower order,100.0,11.0,0.0,0.0,0.0,100.0,3.308,3.999,2.39,1.609,68.984,1.422,0.78,1.619,4.962,1.521,0.815,0.78,0.939,0,0,0.0,0.0,8.0,7.0,129.0,58.0,11.5,8.6,19.9,5.8,11.4
d510d457,2022,EJH Eckersley,Durham,2022,11,8,143,348,14.3,58,False,58,0,1,41.092,18,0,72,50.35,5.172,21.515,All-rounder / keeper,90.909,6.0,0.0,0.0,90.909,9.091,3.864,3.945,3.77,0.175,54.545,1.763,0.773,2.032,5.561,1.887,0.825,1.9,0.283,0,2,0.0,18.182,6.0,5.0,78.0,65.0,14.7,8.5,19.9,30.1,18.3
c1f6c27e,2019,G Onions,Lancashire,2019,8,6,45,85,6.429,13,False,13,0,0,52.941,5,1,26,57.778,7.059,24.051,Lower order,100.0,10.0,0.0,0.0,0.0,100.0,1.766,1.606,2.156,-0.551,64.444,0.779,0.77,0.585,1.534,0.825,0.808,0.77,0.799,0,0,0.0,0.0,6.0,2.0,29.0,16.0,4.5,8.4,19.9,5.8,9.6
61a9ce31,2015,DD Masters,Essex,2015,10,6,85,145,12.143,28,False,28,0,0,58.621,13,1,58,68.235,9.655,20.611,Lower order,100.0,10.0,0.0,0.0,0.0,100.0,3.395,8.24,1.116,7.124,77.647,1.636,0.763,2.004,5.16,1.724,0.805,2.806,0.298,0,1,0.0,10.0,4.0,6.0,66.0,19.0,11.9,8.4,19.9,16.5,14.2
37b12633,2022,N Potts,Derbyshire,2022,7,5,46,104,6.571,13,False,13,0,0,44.231,2,2,20,43.478,3.846,26.0,Lower order,100.0,10.0,0.0,0.0,0.0,100.0,1.738,1.82,1.614,0.206,63.043,0.843,0.762,0.454,1.433,0.896,0.816,0.762,0.817,0,0,0.0,0.0,4.0,3.0,29.0,17.0,4.2,8.3,19.9,5.8,9.5
fc63d916,2019,AW Finch,Worcestershire,2019,8,5,38,152,7.6,17,False,17,0,0,25.0,6,0,24,63.158,3.947,9.589,Lower order,100.0,11.0,0.0,0.0,0.0,100.0,2.044,2.249,1.524,0.725,78.947,1.118,0.753,1.266,3.29,1.261,0.834,0.774,0.753,0,0,0.0,0.0,6.0,2.0,30.0,8.0,5.7,8.2,19.9,5.8,9.9
402f8494,2018,RJ Gleeson,Northamptonshire,2018,7,4,38,113,6.333,26,False,26,0,0,33.628,3,0,12,31.579,2.655,23.636,Lower order,100.0,10.0,0.0,0.0,0.0,100.0,3.461,0.274,5.048,-4.774,2.632,1.345,0.747,1.803,3.887,1.483,0.809,0.129,1.365,0,1,0.0,14.286,2.0,5.0,1.0,37.0,12.4,8.2,19.9,23.0,15.9
d2a6c0e6,2018,EJG Morgan,Middlesex,2018,10,5,45,187,4.5,16,False,16,0,0,24.064,7,0,28,62.222,3.743,9.444,Middle order,80.0,5.0,0.0,80.0,20.0,0.0,2.103,1.55,2.845,-1.295,42.222,1.037,0.746,0.89,2.444,1.115,0.801,0.746,1.406,0,0,0.0,0.0,6.0,4.0,19.0,26.0,6.0,8.1,19.9,5.8,10.0
2d4465da,2017,SG Whittingham,Sussex,2017,8,5,43,88,7.167,22,False,22,0,0,48.864,6,1,30,69.767,7.955,16.049,Lower order,87.5,11.0,0.0,12.5,0.0,87.5,1.643,2.203,1.183,1.02,60.465,0.808,0.744,0.698,1.731,0.86,0.793,1.022,0.744,0,0,0.0,0.0,3.0,5.0,26.0,17.0,3.8,8.0,19.9,5.8,9.4
cdaf93fc,2015,Adeel Malik,Essex,2015,6,3,48,70,8.0,25,False,25,0,0,68.571,6,1,30,62.5,10.0,28.571,Lower order,100.0,9.0,0.0,0.0,0.0,100.0,2.936,10.615,0.783,9.831,79.167,2.063,0.741,2.818,5.3,2.194,0.798,5.3,0.445,0,1,0.0,16.667,2.0,4.0,38.0,10.0,9.8,8.0,19.9,27.3,16.2
7cb2d9d2,2024,DM Dupavillon,Derbyshire,2024,11,6,67,191,16.75,28,False,28,0,0,35.079,8,2,44,65.672,5.236,12.707,Lower order,100.0,11.0,0.0,0.0,0.0,100.0,2.359,2.204,2.477,-0.273,40.299,1.1,0.738,0.933,2.684,1.157,0.788,0.959,0.392,0,1,0.0,9.091,6.0,5.0,27.0,40.0,7.1,7.9,19.9,15.6,12.6
01a95383,2015,MD Taylor,Gloucestershire,2015,8,5,24,65,4.8,8,False,8,0,0,36.923,3,0,12,50.0,4.615,19.355,Lower order,100.0,11.0,0.0,0.0,0.0,100.0,1.122,1.064,1.294,-0.23,70.833,0.537,0.735,0.436,0.976,0.572,0.772,0.735,0.488,0,0,0.0,0.0,6.0,2.0,17.0,7.0,1.5,7.8,19.9,5.8,8.8
d68e7f48,2018,R Rampaul,Derbyshire,2018,10,6,50,98,10.0,18,True,18*,0,0,51.02,4,1,22,44.0,5.102,30.108,Lower order,100.0,11.0,0.0,0.0,0.0,100.0,1.977,2.086,1.697,0.388,76.0,0.964,0.732,0.993,2.667,1.057,0.795,0.825,0.732,0,0,0.0,0.0,7.0,3.0,38.0,12.0,5.1,7.8,19.9,5.8,9.6
eaa4cfc2,2014,AEN Riley,Kent,2014,19,12,122,414,12.2,23,True,23*,0,0,29.469,14,0,56,45.902,3.382,16.5,Lower order,94.737,10.0,0.0,5.263,0.0,94.737,2.319,1.612,2.951,-1.339,32.787,1.042,0.728,1.117,3.29,1.103,0.77,0.575,1.205,0,0,0.0,0.0,9.0,10.0,40.0,82.0,7.0,7.7,19.9,5.8,10.1
27e60d6e,2025,AS Dale,Gloucestershire,2025,14,10,75,199,7.5,17,True,17*,0,0,37.688,11,0,44,58.667,5.528,16.489,Lower order,100.0,10.5,0.0,0.0,0.0,100.0,1.678,1.211,2.304,-1.093,41.333,0.671,0.726,0.552,1.557,0.719,0.759,0.387,1.163,0,0,0.0,0.0,8.0,6.0,31.0,44.0,3.9,7.6,19.9,5.8,9.3
861eed37,2025,WSA Williams,Lancashire,2025,7,4,43,169,10.75,26,False,26,0,0,25.444,5,0,20,46.512,2.959,14.024,Lower order,100.0,11.0,0.0,0.0,0.0,100.0,2.389,,2.389,,0.0,1.059,0.719,1.075,2.579,1.176,0.795,,0.719,0,0,0.0,0.0,,7.0,,43.0,7.3,7.6,19.9,5.8,10.1
28217d89,2024,ML Revis,Yorkshire,2024,8,7,96,281,19.2,34,False,34,0,0,34.164,11,1,50,52.083,4.27,17.1,All-rounder / keeper,50.0,7.0,0.0,12.5,50.0,37.5,3.796,2.868,4.876,-2.008,40.625,1.561,0.716,1.648,3.967,1.675,0.751,0.27,2.294,0,1,0.0,12.5,4.0,4.0,39.0,57.0,14.2,7.5,19.9,20.5,15.5
5da34add,2017,MG Hogan,Glamorgan,2017,17,11,100,138,14.286,29,True,29*,0,0,72.464,15,1,66,66.0,11.594,27.869,Lower order,100.0,11.0,0.0,0.0,0.0,100.0,2.219,2.541,1.766,0.775,67.0,0.899,0.716,0.833,2.344,0.954,0.748,0.687,0.716,0,1,0.0,5.882,10.0,7.0,67.0,33.0,6.5,7.4,19.9,12.2,11.5
eec81780,2017,Hamidullah Qadri,Derbyshire,2017,6,3,20,57,10.0,11,True,11*,0,0,35.088,3,0,12,60.0,5.263,14.815,Lower order,100.0,11.0,0.0,0.0,0.0,100.0,1.183,0.0,1.805,-1.805,0.0,0.663,0.706,0.643,1.284,0.702,0.767,0.0,0.995,0,0,0.0,0.0,2.0,4.0,0.0,20.0,1.7,7.4,19.9,5.8,8.7
b16cf2ec,2017,AP Palladino,Derbyshire,2017,12,7,64,173,5.818,23,False,23,0,0,36.994,8,0,32,50.0,4.624,19.394,Lower order,91.667,9.0,8.333,0.0,0.0,91.667,2.129,1.527,2.594,-1.068,31.25,0.947,0.696,0.878,2.917,1.016,0.777,0.599,0.734,0,0,0.0,0.0,5.0,7.0,20.0,44.0,6.1,7.3,19.9,5.8,9.8
19708692,2025,MW Parkinson,Kent,2025,17,9,81,337,4.765,17,False,17,0,0,24.036,11,0,44,54.321,3.264,11.35,Lower order,82.353,9.0,5.882,5.882,5.882,82.353,1.618,1.415,1.839,-0.424,45.679,0.799,0.69,0.702,1.814,0.854,0.741,0.414,0.904,0,1,0.0,5.882,9.0,8.0,37.0,44.0,3.7,7.3,19.9,12.2,10.8
611926bc,2014,GR Napier,Essex,2014,12,9,148,247,12.333,62,False,62,0,1,59.919,21,2,96,64.865,9.312,23.214,Lower order,100.0,8.0,0.0,0.0,0.0,100.0,4.235,4.123,4.356,-0.232,50.676,2.182,0.679,3.017,8.87,2.297,0.741,0.587,0.679,0,3,0.0,25.0,5.0,7.0,75.0,73.0,17.3,7.2,19.9,39.2,20.9
01a95383,2017,MD Taylor,Gloucestershire,2017,7,5,55,154,13.75,36,False,36,0,0,35.714,5,0,20,36.364,3.247,23.49,Lower order,100.0,11.0,0.0,0.0,0.0,100.0,2.684,4.767,1.046,3.721,78.182,1.086,0.666,1.298,3.38,1.166,0.716,2.023,0.392,0,1,0.0,14.286,3.0,4.0,43.0,12.0,8.6,7.1,19.9,23.0,14.6
272fc5ad,2026,HNA Conway,Northamptonshire,2026,11,7,78,333,11.143,21,False,21,0,0,23.423,9,0,36,46.154,2.703,12.963,Lower order,63.636,9.0,0.0,27.273,9.091,63.636,2.435,3.717,1.507,2.21,64.103,1.077,0.664,0.899,2.383,1.159,0.725,1.602,0.618,0,0,0.0,0.0,4.0,7.0,50.0,28.0,7.5,7.1,19.9,5.8,10.1
01a95383,2016,MD Taylor,Gloucestershire,2016,8,5,42,102,14.0,9,True,9*,0,0,41.176,7,0,28,66.667,6.863,14.737,Lower order,100.0,11.0,0.0,0.0,0.0,100.0,1.936,2.309,1.762,0.547,38.095,0.809,0.662,0.338,1.236,0.877,0.699,0.801,0.662,0,0,0.0,0.0,3.0,5.0,16.0,26.0,5.1,6.9,19.9,5.8,9.4
272fc5ad,2025,HNA Conway,Northamptonshire,2025,7,4,32,121,,10,True,10*,0,0,26.446,3,0,12,37.5,2.479,16.949,Lower order,100.0,11.0,0.0,0.0,0.0,100.0,1.762,0.612,3.11,-2.498,18.75,0.868,0.662,0.8,1.937,0.964,0.729,0.256,1.479,0,0,0.0,0.0,3.0,4.0,6.0,26.0,4.4,7.0,19.9,5.8,9.3
61a9ce31,2016,DD Masters,Essex,2016,8,6,58,207,14.5,19,True,19*,0,0,28.019,7,0,28,48.276,3.382,15.0,Lower order,100.0,10.0,0.0,0.0,0.0,100.0,2.366,4.218,1.149,3.069,70.69,0.983,0.66,0.913,2.242,1.045,0.696,2.118,0.388,0,0,0.0,0.0,4.0,4.0,41.0,17.0,7.1,6.9,19.9,5.8,9.9
fc63d916,2026,AW Finch,Worcestershire,2026,11,7,48,158,6.0,14,False,14,0,0,30.38,6,0,24,50.0,3.797,15.789,Lower order,100.0,11.0,0.0,0.0,0.0,100.0,1.843,1.391,1.992,-0.601,18.75,0.725,0.652,0.618,1.685,0.768,0.686,0.507,0.983,0,0,0.0,0.0,3.0,8.0,9.0,39.0,4.5,6.8,19.9,5.8,9.2
dbb15645,2024,DC Goodman,Gloucestershire,2024,8,5,54,135,7.714,38,True,38*,0,0,40.0,4,1,22,40.741,3.704,24.615,Lower order,100.0,10.0,0.0,0.0,0.0,100.0,2.988,1.997,3.693,-1.696,27.778,1.206,0.65,1.827,4.382,1.269,0.675,0.65,2.191,0,1,0.0,12.5,4.0,4.0,15.0,39.0,10.0,6.7,19.9,20.5,14.3
15de1f5d,2025,WA Agar,Kent,2025,7,4,82,157,20.5,41,False,41,0,0,52.229,6,5,54,65.854,7.006,19.178,Lower order,100.0,10.0,0.0,0.0,0.0,100.0,3.434,1.452,5.341,-3.889,20.732,1.552,0.647,2.071,4.623,1.639,0.675,0.647,2.457,0,0,0.0,0.0,3.0,4.0,17.0,65.0,12.3,6.7,19.9,5.8,11.2
0126ff20,2023,BJ Gibbon,Worcestershire,2023,9,8,116,284,23.2,41,True,41*,0,0,40.845,15,1,66,56.897,5.634,18.657,Lower order,88.889,11.0,11.111,0.0,0.0,88.889,4.932,8.333,2.869,5.464,63.793,1.6,0.636,2.373,7.08,1.719,0.686,1.33,0.404,1,2,11.111,22.222,5.0,4.0,74.0,42.0,20.8,6.6,58.7,34.6,30.2
f2665768,2025,A Phillip,Lancashire,2025,9,5,34,156,3.778,10,False,10,0,0,21.795,5,0,20,58.824,3.205,9.272,Lower order,66.667,10.0,0.0,33.333,0.0,66.667,1.488,1.079,2.123,-1.044,44.118,0.716,0.63,0.521,1.427,0.774,0.698,0.592,1.029,0,0,0.0,0.0,5.0,4.0,15.0,19.0,3.0,6.5,19.9,5.8,8.8
c89474d1,2021,TJ Murtagh,Middlesex,2021,14,8,41,59,5.125,12,True,12*,0,0,69.492,7,0,28,68.293,11.864,25.0,Lower order,100.0,11.0,0.0,0.0,0.0,100.0,1.429,1.703,0.909,0.794,78.049,0.688,0.63,0.738,2.194,0.729,0.673,0.824,0.114,0,0,0.0,0.0,9.0,5.0,32.0,9.0,2.8,6.4,19.9,5.8,8.7
e871a7a1,2017,BW Sanderson,Northamptonshire,2017,14,9,67,124,6.7,16,True,16*,0,0,54.032,10,1,46,68.657,8.871,18.584,Lower order,100.0,10.0,0.0,0.0,0.0,100.0,1.748,1.869,1.639,0.231,50.746,0.851,0.63,0.97,2.629,0.909,0.679,1.139,0.0,0,0,0.0,0.0,7.0,7.0,34.0,33.0,4.3,6.5,19.9,5.8,9.1
e737a5fe,2018,C Rushworth,Durham,2018,20,11,68,137,8.5,11,True,11*,0,0,49.635,9,0,36,52.941,6.569,25.0,Lower order,100.0,11.0,0.0,0.0,0.0,100.0,1.573,1.334,1.915,-0.581,50.0,0.856,0.618,0.65,2.455,0.931,0.667,0.595,0.714,0,0,0.0,0.0,12.0,8.0,34.0,34.0,3.4,6.3,19.9,5.8,8.8
5db1c288,2022,CAJ Morris,Worcestershire,2022,9,7,72,247,8.0,29,False,29,0,0,29.15,6,0,24,33.333,2.429,19.917,Lower order,88.889,10.0,0.0,11.111,0.0,88.889,2.469,3.954,1.739,2.215,52.778,1.015,0.618,1.173,3.606,1.083,0.679,2.014,0.618,0,1,0.0,11.111,3.0,6.0,38.0,34.0,7.7,6.3,19.9,18.3,13.0
58822938,2014,JA Tomlinson,Hampshire,2014,16,14,135,335,22.5,51,False,51,0,1,40.299,16,1,70,51.852,5.075,20.44,Lower order,100.0,11.0,0.0,0.0,0.0,100.0,2.707,3.545,1.798,1.748,68.148,1.02,0.611,1.419,5.03,1.077,0.648,1.035,0.253,0,1,0.0,6.25,9.0,7.0,92.0,43.0,8.8,6.2,19.9,12.5,11.8
1a88bdd3,2014,TE Linley,Surrey,2014,7,5,41,130,10.25,21,True,21*,0,0,31.538,6,0,24,58.537,4.615,13.71,Lower order,100.0,10.0,0.0,0.0,0.0,100.0,1.901,2.266,0.625,1.641,92.683,0.881,0.61,0.928,2.497,0.942,0.677,0.682,0.22,0,0,0.0,0.0,6.0,1.0,38.0,3.0,4.7,6.1,19.9,5.8,9.1
e737a5fe,2019,C Rushworth,Durham,2019,19,12,56,176,5.091,12,True,12*,0,0,31.818,7,0,28,50.0,3.977,16.568,Lower order,100.0,11.0,0.0,0.0,0.0,100.0,1.379,1.409,1.357,0.053,42.857,0.556,0.601,0.486,1.451,0.604,0.653,0.686,0.567,0,0,0.0,0.0,8.0,11.0,24.0,32.0,2.6,6.1,19.9,5.8,8.6
79c7041c,2017,GT Griffiths,Leicestershire,2017,6,3,14,63,2.8,8,False,8,0,0,22.222,2,0,8,57.143,3.175,9.836,Lower order,100.0,10.0,0.0,0.0,0.0,100.0,1.321,1.205,1.374,-0.169,28.571,0.598,0.597,0.382,0.98,0.647,0.646,0.597,0.598,0,0,0.0,0.0,2.0,4.0,4.0,10.0,2.3,6.0,19.9,5.8,8.5
48ad3373,2024,BM Tickner,Derbyshire,2024,6,5,70,138,14.0,47,False,47,0,0,50.725,9,0,36,51.429,6.522,26.357,Lower order,100.0,10.0,0.0,0.0,0.0,100.0,4.164,5.309,2.326,2.983,78.571,1.554,0.59,2.319,5.635,1.652,0.636,0.59,0.771,0,1,0.0,16.667,4.0,2.0,55.0,15.0,16.8,5.9,19.9,27.3,17.5
2a0d5d4a,2016,Azharullah,Northamptonshire,2016,13,9,66,222,6.0,14,True,14*,0,0,29.73,8,1,38,57.576,4.054,13.146,Lower order,84.615,10.0,0.0,7.692,7.692,84.615,1.73,1.782,1.645,0.137,63.636,0.773,0.587,0.785,2.357,0.827,0.639,0.587,0.655,0,1,0.0,7.692,7.0,6.0,42.0,24.0,4.1,5.9,19.9,13.6,10.9
6355d428,2014,WA White,Derbyshire,2014,6,4,56,82,9.333,38,False,38,0,0,68.293,6,3,42,75.0,10.976,19.178,Lower order,100.0,8.0,0.0,0.0,0.0,100.0,3.714,0.638,8.818,-8.181,10.714,1.633,0.583,2.504,5.366,1.791,0.64,0.257,3.009,1,1,16.667,16.667,3.0,3.0,6.0,50.0,13.6,5.8,77.3,27.3,31.0
01a95383,2014,MD Taylor,Gloucestershire,2014,12,9,118,310,16.857,32,True,32*,0,0,38.065,12,0,48,40.678,3.871,23.49,Lower order,100.0,11.0,0.0,0.0,0.0,100.0,3.982,3.41,4.59,-1.18,44.068,1.186,0.575,1.633,5.273,1.249,0.634,0.818,0.434,0,1,0.0,8.333,6.0,6.0,52.0,66.0,15.8,5.7,19.9,14.6,14.0
61a9ce31,2014,DD Masters,Essex,2014,10,8,69,224,6.9,26,False,26,0,0,30.804,7,0,28,40.58,3.125,18.894,Lower order,90.0,9.0,0.0,0.0,10.0,90.0,2.188,1.374,3.296,-1.921,36.232,1.19,0.573,1.505,4.414,1.282,0.612,0.318,0.834,0,0,0.0,0.0,5.0,5.0,25.0,44.0,6.3,5.7,19.9,5.8,9.4
5b6d248a,2015,JA Porter,Essex,2015,17,12,94,379,7.231,34,False,34,0,0,24.802,6,0,24,25.532,1.583,18.767,Lower order,76.471,11.0,0.0,17.647,5.882,76.471,1.993,2.14,1.802,0.338,60.638,0.878,0.566,1.014,3.151,0.939,0.585,1.017,0.094,0,1,0.0,5.882,10.0,7.0,57.0,37.0,5.4,5.6,19.9,12.2,10.8
6daf5e8c,2014,RAJ Smith,Glamorgan,2014,10,6,81,226,9.0,57,True,57*,0,1,35.841,7,1,34,41.975,3.54,21.56,Lower order,100.0,8.5,0.0,0.0,0.0,100.0,2.816,1.036,4.622,-3.586,18.519,1.234,0.557,1.794,4.868,1.334,0.593,0.479,0.85,0,0,0.0,0.0,5.0,5.0,15.0,66.0,9.2,5.5,19.9,5.8,10.1
10435ca2,2024,CDJ Dent,Gloucestershire,2024,7,4,79,233,11.286,61,False,61,0,1,33.906,10,1,46,58.228,4.721,14.865,Opener,100.0,2.0,100.0,0.0,0.0,0.0,4.907,5.559,0.0,5.559,100.0,2.88,0.556,5.03,10.407,2.987,0.578,0.84,0.0,1,1,14.286,14.286,6.0,1.0,79.0,0.0,20.6,5.5,70.0,23.0,29.8
462d7c62,2022,D Paterson,Nottinghamshire,2022,12,9,50,85,10.0,16,False,16,0,0,58.824,3,1,18,36.0,4.706,39.506,Lower order,100.0,11.0,0.0,0.0,0.0,100.0,1.412,1.937,0.797,1.141,74.0,0.624,0.551,0.639,1.7,0.684,0.58,0.551,0.377,0,0,0.0,0.0,7.0,5.0,37.0,13.0,2.6,5.4,19.9,5.8,8.4
85ebf2be,2015,LC Norwell,Gloucestershire,2015,19,13,83,189,8.3,19,False,19,0,0,43.915,11,1,50,60.241,6.349,18.644,Lower order,100.0,11.0,0.0,0.0,0.0,100.0,1.622,1.638,1.596,0.042,62.651,0.655,0.542,0.691,1.889,0.702,0.576,0.725,0.162,0,0,0.0,0.0,12.0,7.0,52.0,31.0,3.8,5.3,19.9,5.8,8.7
f1ba9ed7,2023,JAR Harris,Glamorgan,2023,12,9,159,405,14.455,47,False,47,0,0,39.259,23,0,92,57.862,5.679,17.539,Lower order,91.667,10.0,8.333,0.0,0.0,91.667,4.248,3.686,4.826,-1.14,44.025,1.784,0.538,2.13,5.504,1.896,0.583,0.321,2.206,1,3,8.333,25.0,6.0,6.0,70.0,89.0,17.3,5.3,50.0,39.2,28.0
1cc0a83d,2025,J Hull,Leicestershire,2025,9,8,75,255,25.0,35,True,35*,0,0,29.412,10,0,40,53.333,3.922,14.286,Lower order,100.0,11.0,0.0,0.0,0.0,100.0,2.41,1.017,3.381,-2.363,17.333,1.035,0.536,1.288,3.821,1.109,0.571,0.329,0.743,0,0,0.0,0.0,4.0,5.0,13.0,62.0,7.3,5.2,19.9,5.8,9.5
5da34add,2021,MG Hogan,Glamorgan,2021,6,3,15,27,7.5,9,True,9*,0,0,55.556,2,0,8,53.333,7.407,28.0,Lower order,100.0,11.0,0.0,0.0,0.0,100.0,1.316,1.473,1.085,0.388,66.667,0.578,0.519,0.434,1.038,0.62,0.545,0.607,0.519,0,0,0.0,0.0,4.0,2.0,10.0,5.0,2.2,5.1,19.9,5.8,8.2
85ebf2be,2014,LC Norwell,Gloucestershire,2014,10,7,172,302,34.4,78,False,78,0,1,56.954,24,2,108,62.791,8.609,23.188,Lower order,100.0,11.0,0.0,0.0,0.0,100.0,6.205,7.223,4.964,2.259,63.953,2.602,0.519,4.129,10.774,2.714,0.543,0.501,0.541,1,2,10.0,20.0,6.0,4.0,110.0,62.0,29.4,5.1,55.6,32.0,30.5
8c9d3000,2023,MG Finan,Leicestershire,2023,6,4,24,52,4.8,9,False,9,0,0,46.154,3,0,12,50.0,5.769,24.49,Lower order,100.0,10.0,0.0,0.0,0.0,100.0,1.161,0.583,1.57,-0.987,20.833,0.72,0.51,0.813,1.859,0.764,0.54,0.355,1.085,0,0,0.0,0.0,2.0,4.0,5.0,19.0,1.6,5.0,19.9,5.8,8.1
d8256633,2019,A Sakande,Sussex,2019,7,4,38,110,9.5,15,False,15,0,0,34.545,4,0,16,42.105,3.636,20.755,Lower order,100.0,11.0,0.0,0.0,0.0,100.0,2.165,1.422,2.267,-0.845,7.895,0.929,0.501,0.949,2.348,0.995,0.536,0.368,0.565,0,0,0.0,0.0,2.0,5.0,3.0,35.0,6.2,4.9,19.9,5.8,9.2
7f7f658b,2024,SF Hunt,Sussex,2024,8,4,74,199,18.5,65,False,65,0,1,37.186,3,4,36,48.649,3.518,19.792,Lower order,75.0,11.0,0.0,25.0,0.0,75.0,3.848,6.009,0.866,5.143,90.541,1.41,0.499,2.106,4.527,1.518,0.525,2.332,0.489,0,1,0.0,12.5,4.0,4.0,67.0,7.0,14.6,4.9,19.9,20.5,15.0
b20f423b,2015,SC Kerrigan,Lancashire,2015,13,11,107,223,13.375,34,True,34*,0,0,47.982,10,4,64,59.813,6.278,20.574,Lower order,100.0,10.0,0.0,0.0,0.0,100.0,2.266,1.928,2.659,-0.731,45.794,0.881,0.486,1.006,3.198,0.948,0.517,0.676,0.223,0,0,0.0,0.0,7.0,6.0,49.0,58.0,6.6,4.7,19.9,5.8,9.2
5b6d248a,2016,JA Porter,Essex,2016,9,7,45,165,15.0,20,True,20*,0,0,27.273,4,0,16,35.556,2.424,18.012,Lower order,88.889,11.0,0.0,11.111,0.0,88.889,1.509,1.61,1.326,0.284,68.889,0.634,0.486,0.689,2.092,0.679,0.523,0.484,0.486,0,0,0.0,0.0,6.0,3.0,31.0,14.0,3.0,4.8,19.9,5.8,8.4
e737a5fe,2017,C Rushworth,Durham,2017,15,12,164,235,12.615,57,False,57,0,1,69.787,20,0,80,48.78,8.511,39.07,Lower order,100.0,10.0,0.0,0.0,0.0,100.0,3.432,4.139,3.001,1.138,45.732,1.439,0.48,1.852,5.319,1.544,0.513,0.414,0.532,0,3,0.0,20.0,6.0,9.0,75.0,89.0,12.3,4.7,19.9,32.0,17.2
a5735bd3,2023,A Karvelas,Sussex,2023,12,8,78,203,7.8,23,False,23,0,0,38.424,8,2,44,56.41,4.926,17.617,Lower order,83.333,9.0,8.333,8.333,0.0,83.333,2.215,3.047,1.307,1.74,71.795,0.803,0.478,1.123,3.425,0.836,0.502,0.479,0.44,0,1,0.0,8.333,6.0,6.0,56.0,22.0,6.4,4.6,19.9,14.6,11.4
85d8110a,2015,KJ Coetzer,Northamptonshire,2015,7,4,37,97,5.286,13,False,13,0,0,38.144,4,0,16,43.243,4.124,22.581,Opener,71.429,2.0,71.429,28.571,0.0,0.0,1.705,0.971,1.827,-0.856,8.108,0.741,0.477,0.601,1.639,0.798,0.51,0.371,0.486,0,0,0.0,0.0,1.0,6.0,3.0,34.0,4.0,4.5,19.9,5.8,8.5
a316d663,2017,GC Viljoen,Derbyshire,2017,8,5,36,92,5.143,19,True,19*,0,0,39.13,3,0,12,33.333,3.261,26.966,Lower order,100.0,9.0,0.0,0.0,0.0,100.0,1.551,0.293,2.076,-1.783,5.556,0.668,0.476,0.796,2.025,0.727,0.511,0.105,0.627,0,0,0.0,0.0,3.0,5.0,2.0,34.0,3.3,4.5,19.9,5.8,8.4
01a95383,2019,MD Taylor,Gloucestershire,2019,10,7,67,158,22.333,28,True,28*,0,0,42.405,5,0,20,29.851,3.165,30.719,Lower order,100.0,11.0,0.0,0.0,0.0,100.0,2.531,2.143,8.046,-5.903,79.104,1.136,0.47,1.343,3.608,1.24,0.521,0.423,2.401,0,1,0.0,10.0,9.0,1.0,53.0,14.0,7.9,4.4,19.9,16.5,12.2
067bda18,2024,S Conners,Derbyshire,2024,7,5,21,86,4.2,10,False,10,0,0,24.419,2,0,8,38.095,2.326,15.476,Lower order,85.714,10.0,0.0,0.0,14.286,85.714,1.251,3.623,0.474,3.149,71.429,0.484,0.47,0.585,1.433,0.51,0.508,0.975,0.0,0,0,0.0,0.0,3.0,4.0,15.0,6.0,2.0,4.4,19.9,5.8,8.0
5e6d1a54,2018,LJ Carey,Glamorgan,2018,7,4,30,50,4.286,17,False,17,0,0,60.0,4,1,22,73.333,10.0,17.778,Lower order,100.0,10.0,0.0,0.0,0.0,100.0,1.991,0.755,2.254,-1.5,6.667,1.283,0.466,1.959,4.2,1.359,0.499,0.357,0.574,0,1,0.0,14.286,2.0,5.0,2.0,28.0,5.3,4.3,19.9,23.0,13.1
867a45a7,2015,TAI Taylor,Derbyshire,2015,11,8,110,311,13.75,49,False,49,0,0,35.37,11,3,62,56.364,4.502,16.162,Lower order,90.909,10.0,0.0,9.091,0.0,90.909,3.903,4.207,2.853,1.354,83.636,1.153,0.462,1.351,3.347,1.26,0.512,0.462,0.698,0,1,0.0,9.091,9.0,2.0,92.0,18.0,15.2,4.2,19.9,15.6,13.7
79c7041c,2019,GT Griffiths,Leicestershire,2019,7,4,41,165,5.857,22,False,22,0,0,24.848,5,0,20,48.78,3.03,13.125,Lower order,100.0,9.0,0.0,0.0,0.0,100.0,2.369,6.186,0.883,5.303,73.171,0.938,0.447,1.223,2.755,1.005,0.491,2.755,0.37,0,0,0.0,0.0,2.0,5.0,30.0,11.0,7.2,4.2,19.9,5.8,9.3
c89474d1,2022,TJ Murtagh,Middlesex,2022,13,10,48,139,4.8,15,False,15,0,0,34.532,5,0,20,41.667,3.597,20.896,Lower order,100.0,11.0,0.0,0.0,0.0,100.0,1.137,0.819,1.526,-0.708,39.583,0.521,0.439,0.514,1.67,0.551,0.467,0.211,0.74,0,0,0.0,0.0,7.0,6.0,19.0,29.0,1.6,4.1,19.9,5.8,7.8
5db1c288,2016,CAJ Morris,Worcestershire,2016,9,5,32,103,10.667,11,False,11,0,0,31.068,4,0,16,50.0,3.883,16.162,Lower order,100.0,11.0,0.0,0.0,0.0,100.0,1.296,1.864,0.728,1.136,71.875,0.587,0.431,0.654,1.706,0.628,0.457,1.0,0.431,0,0,0.0,0.0,4.0,5.0,23.0,9.0,2.2,4.0,19.9,5.8,8.0
27e60d6e,2024,AS Dale,Gloucestershire,2024,12,10,78,125,9.75,32,False,32,0,0,62.4,9,0,36,46.154,7.2,36.207,Lower order,100.0,11.0,0.0,0.0,0.0,100.0,2.306,3.453,1.477,1.976,62.821,0.593,0.429,0.628,2.028,0.634,0.451,0.49,0.368,0,1,0.0,8.333,5.0,7.0,49.0,29.0,6.8,4.0,19.9,14.6,11.3
e423d162,2022,LJ Fletcher,Nottinghamshire,2022,9,7,132,205,22.0,51,False,51,0,2,64.39,16,3,82,62.121,9.268,26.882,Lower order,88.889,10.0,11.111,0.0,0.0,88.889,4.364,2.679,5.206,-2.527,20.455,1.851,0.425,3.526,9.73,1.965,0.477,0.605,0.197,0,2,0.0,22.222,4.0,5.0,27.0,105.0,18.3,3.9,19.9,34.6,19.2
1427277f,2015,MHA Footitt,Derbyshire,2015,19,13,99,152,7.071,34,False,34,0,0,65.132,12,2,60,60.606,9.211,28.261,Lower order,100.0,11.0,0.0,0.0,0.0,100.0,2.282,1.867,2.708,-0.841,41.414,0.792,0.424,0.999,3.154,0.873,0.466,0.424,0.544,0,2,0.0,10.526,10.0,9.0,41.0,58.0,6.7,3.8,19.9,17.1,11.9
a089f93f,2026,Mohammad Abbas,Derbyshire,2026,7,4,36,91,12.0,22,False,22,0,0,39.56,6,0,24,66.667,6.593,14.118,Lower order,100.0,11.0,0.0,0.0,0.0,100.0,2.076,3.122,0.956,2.166,77.778,0.856,0.403,1.234,2.617,0.91,0.428,1.308,0.403,0,0,0.0,0.0,3.0,4.0,28.0,8.0,5.8,3.8,19.9,5.8,8.8
2085e1fa,2024,HJH Brookes,Middlesex,2024,12,9,87,257,10.875,52,True,52*,0,1,33.852,10,1,46,52.874,4.28,16.667,Lower order,100.0,10.0,0.0,0.0,0.0,100.0,1.991,2.301,1.127,1.174,85.057,0.842,0.399,1.382,4.456,0.887,0.429,0.544,0.306,0,0,0.0,0.0,8.0,4.0,74.0,13.0,5.3,3.7,19.9,5.8,8.7
e871a7a1,2018,BW Sanderson,Northamptonshire,2018,19,12,70,164,10.0,36,False,36,0,0,42.683,11,1,50,71.429,7.317,13.158,Lower order,100.0,11.0,0.0,0.0,0.0,100.0,1.752,2.164,1.414,0.751,55.714,0.807,0.392,1.468,5.271,0.865,0.421,0.11,0.658,1,1,5.263,5.263,8.0,11.0,39.0,31.0,4.4,3.6,42.3,11.8,15.5
2085e1fa,2025,HJH Brookes,Middlesex,2025,8,5,30,107,5.0,10,False,10,0,0,28.037,4,0,16,53.333,3.738,13.592,Lower order,87.5,10.5,0.0,12.5,0.0,87.5,1.207,1.149,1.344,-0.195,66.667,0.542,0.388,0.317,0.995,0.578,0.428,0.388,0.521,0,0,0.0,0.0,5.0,3.0,20.0,10.0,1.8,3.6,19.9,5.8,7.8
5a74e559,2021,CJ White,Northamptonshire,2021,6,3,19,46,19.0,15,True,15*,0,0,41.304,2,0,8,42.105,4.348,25.0,Lower order,100.0,11.0,0.0,0.0,0.0,100.0,1.908,0.725,2.749,-2.025,15.789,0.706,0.369,0.923,1.751,0.769,0.383,0.369,0.875,0,0,0.0,0.0,2.0,4.0,3.0,16.0,4.8,3.5,19.9,5.8,8.5
e737a5fe,2022,C Rushworth,Durham,2022,11,8,65,85,10.833,33,False,33,0,0,76.471,10,1,46,70.769,12.941,25.676,Lower order,100.0,11.0,0.0,0.0,0.0,100.0,2.168,3.127,1.024,2.103,78.462,0.742,0.365,0.938,2.755,0.784,0.388,0.873,0.365,0,0,0.0,0.0,6.0,5.0,51.0,14.0,6.3,3.4,19.9,5.8,8.8
f3abd0c9,2014,DR Briggs,Hampshire,2014,10,7,116,212,19.333,38,True,38*,0,0,54.717,16,0,64,55.172,7.547,26.531,Lower order,90.0,10.0,0.0,10.0,0.0,90.0,3.808,0.635,5.607,-4.972,6.034,1.678,0.358,1.992,4.518,1.753,0.383,0.311,3.178,0,0,0.0,0.0,4.0,6.0,7.0,109.0,14.2,3.4,19.9,5.8,10.8
80e44dc5,2024,JP McIlroy,Glamorgan,2024,6,4,14,52,3.5,5,False,5,0,0,26.923,3,0,12,85.714,5.769,4.082,Lower order,100.0,11.0,0.0,0.0,0.0,100.0,0.777,0.505,0.99,-0.485,28.571,0.29,0.354,0.201,0.45,0.304,0.375,0.196,0.383,0,0,0.0,0.0,3.0,3.0,4.0,10.0,0.9,3.3,19.9,5.8,7.5
0126ff20,2022,BJ Gibbon,Worcestershire,2022,6,6,37,134,9.25,20,False,20,0,0,27.612,4,1,22,59.459,3.731,11.628,Lower order,100.0,11.0,0.0,0.0,0.0,100.0,1.611,3.355,0.437,2.918,83.784,0.729,0.352,1.068,2.853,0.79,0.377,0.681,0.133,0,0,0.0,0.0,3.0,3.0,31.0,6.0,3.6,3.2,19.9,5.8,8.1
2f28dc94,2023,RAS Lakmal,Derbyshire,2023,6,4,30,69,15.0,12,True,12*,0,0,43.478,3,0,12,40.0,4.348,27.273,Lower order,100.0,11.0,0.0,0.0,0.0,100.0,1.591,2.028,0.0,2.028,100.0,0.661,0.351,0.875,1.943,0.695,0.374,0.451,0.0,0,0,0.0,0.0,5.0,1.0,30.0,0.0,3.5,3.2,19.9,5.8,8.1
2413a688,2024,DJ Leech,Northamptonshire/Yorkshire,2024,8,4,20,81,2.5,8,False,8,0,0,24.691,3,0,12,60.0,3.704,10.256,Lower order,87.5,10.0,12.5,0.0,0.0,87.5,1.12,1.163,1.106,0.057,25.0,0.671,0.344,0.94,1.995,0.715,0.359,0.688,0.0,0,0,0.0,0.0,2.0,6.0,5.0,15.0,1.4,3.1,19.9,5.8,7.6
a089f93f,2018,Mohammad Abbas,Leicestershire,2018,12,8,55,197,7.857,32,True,32*,0,0,27.919,4,1,22,40.0,2.538,17.188,Lower order,100.0,11.0,0.0,0.0,0.0,100.0,1.991,0.787,3.78,-2.993,23.636,0.742,0.339,1.35,4.036,0.802,0.369,0.227,0.339,0,1,0.0,8.333,6.0,6.0,13.0,42.0,5.2,3.0,19.9,14.6,10.7
e412cb64,2017,HF Gurney,Nottinghamshire,2017,11,8,60,110,10.0,42,True,42*,0,0,54.545,10,0,40,66.667,9.091,20.0,Lower order,100.0,11.0,0.0,0.0,0.0,100.0,1.861,0.675,3.074,-2.399,18.333,0.672,0.335,1.084,3.304,0.71,0.362,0.299,0.423,0,1,0.0,9.091,6.0,5.0,11.0,49.0,4.6,3.0,19.9,15.6,10.8
e871a7a1,2016,BW Sanderson,Northamptonshire,2016,14,10,57,186,5.182,19,False,19,0,0,30.645,9,0,36,63.158,4.839,11.864,Lower order,92.857,11.0,0.0,0.0,7.143,92.857,1.476,1.511,1.428,0.083,59.649,0.568,0.319,0.675,1.796,0.596,0.346,0.465,0.121,0,0,0.0,0.0,8.0,6.0,34.0,23.0,2.9,2.9,19.9,5.8,7.9
8db7f47f,2021,RJW Topley,Surrey,2021,9,6,31,119,4.429,10,False,10,0,0,26.05,6,0,24,77.419,5.042,6.195,Lower order,100.0,10.0,0.0,0.0,0.0,100.0,1.548,0.0,1.878,-1.878,0.0,0.718,0.316,0.983,2.456,0.759,0.347,0.0,0.926,0,0,0.0,0.0,2.0,7.0,0.0,31.0,3.2,2.8,19.9,5.8,7.9
d112c570,2018,RN Sidebottom,Warwickshire,2018,12,9,30,128,5.0,10,True,10*,0,0,23.438,1,0,4,13.333,0.781,20.472,Lower order,100.0,11.0,0.0,0.0,0.0,100.0,0.744,0.312,1.031,-0.719,16.667,0.343,0.309,0.37,1.066,0.371,0.34,0.055,0.514,0,0,0.0,0.0,5.0,7.0,5.0,25.0,0.8,2.8,19.9,5.8,7.3
894b2d25,2017,MJ Potts,Durham,2017,6,5,69,150,17.25,53,True,53*,0,1,46.0,6,0,24,34.783,4.0,31.25,Lower order,100.0,9.0,0.0,0.0,0.0,100.0,2.843,6.009,1.036,4.973,76.812,1.3,0.308,2.176,5.111,1.407,0.327,2.555,0.308,0,0,0.0,0.0,2.0,4.0,53.0,16.0,9.4,2.7,19.9,5.8,9.4
067bda18,2022,S Conners,Derbyshire,2022,15,11,65,272,5.417,23,False,23,0,0,23.897,6,1,30,46.154,2.574,13.208,Lower order,86.667,10.0,0.0,6.667,6.667,86.667,1.348,1.4,1.317,0.083,38.462,0.561,0.302,0.73,2.23,0.594,0.32,0.326,0.276,0,0,0.0,0.0,5.0,10.0,25.0,40.0,2.4,2.6,19.9,5.8,7.7
948beb1f,2022,ER Bamber,Middlesex,2022,12,10,109,295,12.111,37,True,37*,0,0,36.949,11,1,50,45.872,4.068,20.848,Lower order,83.333,10.0,0.0,16.667,0.0,83.333,2.649,0.787,4.065,-3.278,12.844,1.247,0.296,2.304,7.127,1.315,0.324,0.119,0.473,0,2,0.0,16.667,5.0,7.0,14.0,95.0,8.4,2.6,19.9,27.3,14.6
3f659464,2018,OP Stone,Warwickshire,2018,8,7,86,155,14.333,42,True,42*,0,0,55.484,10,2,52,60.465,7.742,23.776,Lower order,100.0,10.0,0.0,0.0,0.0,100.0,3.076,3.028,3.127,-0.099,51.163,1.323,0.263,1.996,4.325,1.436,0.292,0.338,0.0,0,1,0.0,12.5,5.0,3.0,44.0,42.0,10.4,2.5,19.9,20.5,13.3
18899e2b,2015,MA Chambers,Northamptonshire,2015,8,5,22,79,2.75,14,False,14,0,0,27.848,3,0,12,54.545,3.797,13.158,Lower order,100.0,10.5,0.0,0.0,0.0,100.0,1.021,1.389,0.929,0.46,27.273,0.518,0.259,0.688,1.639,0.563,0.275,0.694,0.129,0,0,0.0,0.0,2.0,6.0,6.0,16.0,1.3,2.4,19.9,5.8,7.4
5db1c288,2014,CAJ Morris,Worcestershire,2014,20,14,72,261,12.0,24,False,24,0,0,27.586,11,0,44,61.111,4.215,11.2,Lower order,100.0,11.0,0.0,0.0,0.0,100.0,1.244,1.784,0.363,1.42,88.889,0.539,0.251,0.711,2.162,0.572,0.264,0.816,0.0,0,0,0.0,0.0,12.0,8.0,64.0,8.0,2.0,2.4,19.9,5.8,7.5
a5544576,2017,D Murphy,Northamptonshire,2017,7,5,67,143,9.571,30,False,30,0,0,46.853,10,0,40,59.701,6.993,20.301,Opener,42.857,3.0,42.857,14.286,28.571,14.286,3.731,0.449,6.954,-6.504,5.97,1.395,0.249,2.354,5.573,1.51,0.267,0.213,0.851,0,1,0.0,14.286,3.0,4.0,4.0,63.0,13.9,2.3,19.9,23.0,14.8
402f8494,2017,RJ Gleeson,Northamptonshire,2017,9,7,63,148,12.6,25,False,25,0,0,42.568,10,0,40,63.492,6.757,16.667,Lower order,100.0,10.0,0.0,0.0,0.0,100.0,2.625,0.535,6.071,-5.535,12.698,0.924,0.249,1.755,4.837,0.998,0.267,0.124,0.851,0,1,0.0,11.111,5.0,4.0,8.0,55.0,8.2,2.3,19.9,18.3,12.2
2ecd844a,2022,BJ Currie,Sussex,2022,7,4,15,66,5.0,7,False,7,0,0,22.727,2,0,8,53.333,3.03,10.938,Lower order,85.714,11.0,0.0,14.286,0.0,85.714,0.843,1.392,0.404,0.988,73.333,0.405,0.242,0.537,1.134,0.435,0.263,0.567,0.242,0,0,0.0,0.0,3.0,4.0,11.0,4.0,1.0,2.2,19.9,5.8,7.2
e423d162,2017,LJ Fletcher,Nottinghamshire,2017,9,8,47,146,6.714,25,False,25,0,0,32.192,6,0,24,51.064,4.11,16.429,Lower order,88.889,10.0,0.0,11.111,0.0,88.889,1.275,1.264,1.296,-0.032,63.83,0.73,0.239,1.129,3.102,0.782,0.256,0.123,0.474,0,0,0.0,0.0,6.0,3.0,30.0,17.0,2.1,2.1,19.9,5.8,7.5
d66edc9a,2015,IAA Thomas,Kent,2015,14,9,25,143,4.167,7,True,7*,0,0,17.483,3,0,12,48.0,2.098,9.286,Lower order,100.0,11.0,0.0,0.0,0.0,100.0,0.815,0.394,1.112,-0.718,20.0,0.289,0.228,0.314,0.735,0.311,0.242,0.0,0.371,0,0,0.0,0.0,5.0,9.0,5.0,20.0,0.9,2.0,19.9,5.8,7.2
ea3d687a,2021,A Virdi,Surrey,2021,12,8,59,205,9.833,47,False,47,0,0,28.78,8,0,32,54.237,3.902,13.706,Lower order,91.667,11.0,0.0,8.333,0.0,91.667,2.147,0.443,2.981,-2.538,6.78,0.765,0.22,1.638,4.781,0.834,0.236,0.0,0.44,0,1,0.0,8.333,3.0,9.0,4.0,55.0,6.1,2.0,19.9,14.6,10.6
5da34add,2019,MG Hogan,Glamorgan,2019,8,6,63,48,21.0,32,False,32,0,0,131.25,7,4,52,82.54,22.917,29.73,Lower order,100.0,11.0,0.0,0.0,0.0,100.0,2.856,2.778,2.953,-0.175,53.968,1.142,0.215,1.58,3.404,1.182,0.232,0.093,0.338,0,0,0.0,0.0,4.0,4.0,34.0,29.0,9.5,1.9,19.9,5.8,9.3
d12143bf,2026,JM Anderson,Lancashire,2026,19,10,24,103,3.429,10,True,10*,0,0,23.301,2,0,8,33.333,1.942,15.842,Lower order,100.0,11.0,0.0,0.0,0.0,100.0,0.613,0.624,0.606,0.018,37.5,0.31,0.214,0.4,1.289,0.34,0.236,0.328,0.113,0,0,0.0,0.0,8.0,11.0,9.0,15.0,0.5,1.8,19.9,5.8,7.0
402f8494,2019,RJ Gleeson,Lancashire,2019,7,7,23,71,7.667,10,False,10,0,0,32.394,3,0,12,52.174,4.225,16.176,Lower order,100.0,11.0,0.0,0.0,0.0,100.0,0.997,0.29,1.57,-1.28,13.043,0.453,0.213,0.685,1.934,0.481,0.222,0.153,0.415,0,0,0.0,0.0,3.0,4.0,3.0,20.0,1.2,1.8,19.9,5.8,7.2
a089f93f,2021,Mohammad Abbas,Hampshire,2021,8,6,13,56,3.25,5,False,5,0,0,23.214,1,0,4,30.769,1.786,16.364,Lower order,100.0,11.0,0.0,0.0,0.0,100.0,0.707,0.662,0.835,-0.173,69.231,0.233,0.206,0.258,0.507,0.247,0.22,0.206,0.241,0,0,0.0,0.0,5.0,3.0,9.0,4.0,0.7,1.7,19.9,5.8,7.0
a37b5c0a,2023,BO Coad,Yorkshire,2023,12,10,119,132,13.222,45,False,45,0,0,90.152,10,6,76,63.866,12.121,37.069,Lower order,91.667,10.5,0.0,8.333,0.0,91.667,2.994,0.982,5.108,-4.126,16.807,1.613,0.201,2.223,5.183,1.731,0.212,0.0,1.468,0,1,0.0,8.333,6.0,6.0,20.0,99.0,10.1,1.6,19.9,14.6,11.5
d66edc9a,2018,IAA Thomas,Kent,2018,12,8,15,133,2.5,4,True,4*,0,0,11.278,1,0,4,26.667,0.752,8.333,Lower order,100.0,11.0,0.0,0.0,0.0,100.0,0.617,0.686,0.374,0.312,86.667,0.239,0.195,0.263,0.658,0.258,0.209,0.247,0.0,0,0,0.0,0.0,9.0,3.0,13.0,2.0,0.5,1.6,19.9,5.8,7.0
069c55b1,2015,MD Hunn,Kent,2015,6,4,26,82,13.0,23,True,23*,0,0,31.707,2,1,14,53.846,3.659,15.19,Lower order,100.0,11.0,0.0,0.0,0.0,100.0,2.034,0.8,2.547,-1.747,11.538,0.753,0.194,1.26,2.623,0.8,0.206,0.388,0.0,0,1,0.0,16.667,2.0,4.0,3.0,23.0,5.6,1.5,19.9,27.3,13.6
d99cc23a,2017,T van der Gugten,Glamorgan,2017,7,5,64,184,9.143,21,False,21,0,0,34.783,9,0,36,56.25,4.891,16.0,Lower order,42.857,7.0,28.571,0.0,28.571,42.857,3.988,2.74,5.793,-3.053,40.625,1.972,0.19,2.985,6.872,2.086,0.2,0.19,3.436,0,1,0.0,14.286,4.0,3.0,26.0,38.0,15.8,1.5,19.9,23.0,15.0
f7177fd6,2015,CE Shreck,Leicestershire,2015,20,12,41,174,2.733,15,False,15,0,0,23.563,7,0,28,68.293,4.023,7.784,Lower order,100.0,11.0,0.0,0.0,0.0,100.0,0.873,0.908,0.839,0.069,51.22,0.343,0.156,0.518,1.687,0.373,0.179,0.263,0.045,0,0,0.0,0.0,10.0,10.0,21.0,20.0,1.1,1.4,19.9,5.8,7.0
5a37ec26,2014,MS Panesar,Essex,2014,13,10,70,125,6.364,38,False,38,0,0,56.0,9,1,42,60.0,8.0,24.348,Lower order,100.0,10.0,0.0,0.0,0.0,100.0,1.891,2.638,0.967,1.671,77.143,0.849,0.152,1.551,4.935,0.904,0.163,0.182,0.133,0,1,0.0,7.692,6.0,7.0,54.0,16.0,4.7,1.3,19.9,13.6,9.9
d12143bf,2025,JM Anderson,Lancashire,2025,6,5,22,37,22.0,12,False,12,0,0,59.459,2,0,8,36.364,5.405,40.0,Lower order,100.0,11.0,0.0,0.0,0.0,100.0,0.889,1.289,0.216,1.072,90.909,0.391,0.15,0.531,1.316,0.414,0.158,0.34,0.075,0,0,0.0,0.0,4.0,2.0,20.0,2.0,1.1,1.3,19.9,5.8,7.0
7a8a0237,2024,JP Morley,Derbyshire,2024,9,5,31,163,3.444,28,False,28,0,0,19.018,1,1,10,32.258,1.227,13.043,Lower order,100.0,10.0,0.0,0.0,0.0,100.0,1.614,2.788,0.118,2.67,96.774,0.752,0.138,1.458,3.357,0.801,0.144,0.154,0.069,0,0,0.0,0.0,5.0,4.0,30.0,1.0,3.6,1.2,19.9,5.8,7.6
e36e9dd3,2026,Shoaib Bashir,Derbyshire,2026,15,9,39,124,4.875,12,True,12*,0,0,31.452,3,0,12,30.769,2.419,22.314,Lower order,100.0,11.0,0.0,0.0,0.0,100.0,1.196,0.415,1.652,-1.237,12.821,0.416,0.137,0.626,1.741,0.439,0.146,0.093,0.137,0,0,0.0,0.0,6.0,9.0,5.0,34.0,1.8,1.1,19.9,5.8,7.2
462d7c62,2025,D Paterson,Middlesex,2025,7,5,22,49,7.333,15,True,15*,0,0,44.898,1,1,10,45.455,4.082,25.532,Lower order,100.0,11.0,0.0,0.0,0.0,100.0,1.23,1.57,0.709,0.86,77.273,0.455,0.133,0.594,1.419,0.475,0.143,0.133,0.32,0,0,0.0,0.0,4.0,3.0,17.0,5.0,1.9,1.1,19.9,5.8,7.2
57a76baa,2015,MP Dunn,Surrey,2015,7,6,17,99,3.4,9,False,9,0,0,17.172,2,0,8,47.059,2.02,9.278,Lower order,100.0,11.0,0.0,0.0,0.0,100.0,0.636,0.243,1.268,-1.025,23.529,0.286,0.122,0.427,1.096,0.315,0.129,0.0,0.67,0,0,0.0,0.0,4.0,3.0,4.0,13.0,0.6,1.0,19.9,5.8,6.8
1cc0a83d,2023,J Hull,Leicestershire,2023,8,6,23,120,3.833,15,False,15,0,0,19.167,3,0,12,52.174,2.5,9.402,Lower order,100.0,11.0,0.0,0.0,0.0,100.0,1.043,0.0,1.55,-1.55,0.0,0.324,0.109,0.423,0.932,0.343,0.118,0.0,0.463,0,0,0.0,0.0,2.0,6.0,0.0,23.0,1.3,0.9,19.9,5.8,7.0
e0ac7144,2026,OJ Hannon-Dalby,Worcestershire,2026,6,4,31,128,7.75,26,False,26,0,0,24.219,4,0,16,51.613,3.125,12.097,Lower order,100.0,11.0,0.0,0.0,0.0,100.0,1.91,0.0,2.636,-2.636,0.0,0.763,0.1,1.393,2.852,0.799,0.105,0.0,0.12,0,0,0.0,0.0,1.0,5.0,0.0,31.0,4.9,0.9,19.9,5.8,7.9
a089f93f,2019,Mohammad Abbas,Leicestershire,2019,8,6,10,74,2.0,4,False,4,0,0,13.514,0,0,0,0.0,0.0,13.514,Lower order,100.0,11.0,0.0,0.0,0.0,100.0,0.431,0.103,0.668,-0.565,10.0,0.175,0.093,0.208,0.501,0.19,0.099,0.046,0.228,0,0,0.0,0.0,3.0,5.0,1.0,9.0,0.1,0.8,19.9,5.8,6.6
cb1a782a,2019,Mir Hamza,Sussex,2019,7,5,14,83,2.8,8,False,8,0,0,16.867,1,0,4,28.571,1.205,12.195,Lower order,100.0,11.0,0.0,0.0,0.0,100.0,0.711,0.555,0.843,-0.289,35.714,0.308,0.089,0.402,0.967,0.338,0.098,0.252,0.071,0,0,0.0,0.0,3.0,4.0,5.0,9.0,0.7,0.7,19.9,5.8,6.8
ccdd8308,2022,ST Finn,Sussex,2022,7,5,34,195,6.8,10,False,10,0,0,17.436,1,1,10,29.412,1.026,12.435,Lower order,100.0,10.0,0.0,0.0,0.0,100.0,1.447,0.951,2.278,-1.327,41.176,0.592,0.084,0.781,1.598,0.632,0.088,0.0,0.841,0,0,0.0,0.0,4.0,3.0,14.0,20.0,2.8,0.7,19.9,5.8,7.3
764f35d8,2026,N Sharma,Middlesex,2026,13,8,16,96,2.667,5,True,5*,0,0,16.667,2,0,8,50.0,2.083,8.511,Lower order,100.0,11.0,0.0,0.0,0.0,100.0,0.465,0.788,0.12,0.668,87.5,0.207,0.082,0.309,0.903,0.222,0.09,0.295,0.039,0,0,0.0,0.0,7.0,6.0,14.0,2.0,0.3,0.6,19.9,5.8,6.6
7f7f658b,2022,SF Hunt,Sussex,2022,12,8,43,130,7.167,13,True,13*,0,0,33.077,7,0,28,65.116,5.385,12.195,Lower order,100.0,11.0,0.0,0.0,0.0,100.0,1.127,1.08,1.185,-0.105,53.488,0.51,0.079,0.814,2.314,0.55,0.083,0.32,0.079,0,0,0.0,0.0,5.0,7.0,23.0,20.0,1.5,0.5,19.9,5.8,6.9
93cad673,2025,NN Gilchrist,Kent,2025,8,5,31,93,15.5,16,True,16*,0,0,33.333,5,0,20,64.516,5.376,12.5,Lower order,100.0,11.0,0.0,0.0,0.0,100.0,1.37,0.164,1.816,-1.652,3.226,0.525,0.076,1.012,2.328,0.564,0.081,0.038,0.221,0,0,0.0,0.0,2.0,6.0,1.0,30.0,2.5,0.5,19.9,5.8,7.2
de3d549a,2025,AM Fernando,Glamorgan,2025,12,10,20,74,3.333,6,False,6,0,0,27.027,2,0,8,40.0,2.703,16.667,Lower order,100.0,11.0,0.0,0.0,0.0,100.0,0.487,0.121,0.735,-0.614,10.0,0.317,0.051,0.575,1.812,0.338,0.057,0.051,0.246,0,0,0.0,0.0,5.0,7.0,2.0,18.0,0.3,0.4,19.9,5.8,6.6
f7177fd6,2016,CE Shreck,Leicestershire,2016,18,14,31,135,4.429,17,True,17*,0,0,22.963,6,0,24,77.419,4.444,5.426,Lower order,100.0,11.0,0.0,0.0,0.0,100.0,0.6,1.012,0.125,0.887,90.323,0.298,0.0,0.657,2.267,0.326,0.0,0.088,0.0,0,0,0.0,0.0,11.0,7.0,28.0,3.0,0.4,0.2,19.9,5.8,6.6
fbdec8c0,2022,OJ Gibson,Durham,2022,7,5,7,50,1.4,6,False,6,0,0,14.0,1,0,4,57.143,2.0,6.122,Lower order,100.0,10.0,0.0,0.0,0.0,100.0,0.433,0.129,0.714,-0.585,14.286,0.167,0.0,0.326,0.746,0.19,0.0,0.045,0.0,0,0,0.0,0.0,3.0,4.0,1.0,6.0,0.2,0.2,19.9,5.8,6.5
57a76baa,2014,MP Dunn,Surrey,2014,7,5,40,141,8.0,31,True,31*,0,0,28.369,7,0,28,70.0,4.965,8.955,Lower order,100.0,10.0,0.0,0.0,0.0,100.0,1.936,2.719,0.0,2.719,100.0,0.689,0.0,1.071,2.441,0.764,0.0,0.502,0.0,0,0,0.0,0.0,5.0,2.0,40.0,0.0,5.0,0.2,19.9,5.8,7.7
7bdb73e9,2019,AG Milton,Worcestershire,2019,6,3,17,57,2.833,12,False,12,0,0,29.825,3,0,12,70.588,5.263,9.259,Middle order,100.0,5.0,0.0,100.0,0.0,0.0,1.347,1.993,0.0,1.993,100.0,0.664,0.0,1.151,1.993,0.678,0.0,0.996,0.0,0,0,0.0,0.0,4.0,2.0,17.0,0.0,2.4,0.2,19.9,5.8,7.1
e05b2a5b,2023,MET Salisbury,Leicestershire,2023,7,5,5,43,1.0,4,True,4*,0,0,11.628,1,0,4,80.0,2.326,2.381,Lower order,100.0,11.0,0.0,0.0,0.0,100.0,0.266,0.0,0.399,-0.399,0.0,0.079,0.0,0.145,0.334,0.082,0.0,0.0,0.062,0,0,0.0,0.0,2.0,5.0,0.0,5.0,0.1,0.2,19.9,5.8,6.5
