player_id,season,player,teams,seasons,innings,matches,runs,balls,average,high_score,high_score_not_out,high_score_disp,hundreds,fifties,strike_rate,fours,sixes,bdry_runs,bdry_pct,bdry_freq,rotate,role,role_share,median_bat_pos,pct_pos_1_2,pct_pos_3_5,pct_pos_6_7,pct_pos_8_11,share_team_runs,share_team_runs_home,share_team_runs_away,home_away_gap,pct_runs_at_home_ground,mean_pct_match_runs,median_pct_match_runs,sd_pct_match_runs,max_pct_match_runs,mean_pct_match_bat_runs,median_pct_match_bat_runs,median_pct_match_runs_home,median_pct_match_runs_away,n_top_scorer,n_top3,top_scorer_rate,top3_rate,innings_home,innings_away,runs_home,runs_away,pctl_share_team_runs,pctl_median_pct_match_runs,pctl_top_scorer_rate,pctl_top3_rate,composite_pctl
a8ffcd4f,2026,THS Rew,Somerset,2026,6,3,409,695,81.8,149,False,149,2,1,58.849,45,7,222,54.279,7.482,29.082,All-rounder / keeper,66.667,6.0,0.0,33.333,66.667,0.0,23.16,19.437,29.323,-9.886,52.323,13.083,17.18,8.759,19.043,14.003,18.437,10.104,19.043,2,5,33.333,83.333,4.0,2.0,214.0,195.0,99.6,100.0,97.3,99.7,99.1
33155d1b,2014,IR Bell,Warwickshire,2014,8,4,506,868,72.286,189,True,189*,2,2,58.295,55,7,262,51.779,7.143,30.273,Middle order,100.0,4.0,0.0,100.0,0.0,0.0,30.101,33.871,28.228,5.643,37.352,14.582,15.327,3.25,17.35,15.468,16.291,16.875,13.779,3,5,37.5,62.5,2.0,6.0,189.0,317.0,100.0,99.9,98.7,96.9,98.9
abb83e27,2015,JM Bairstow,Yorkshire,2015,13,8,992,1250,99.2,219,True,219*,5,3,79.36,121,16,580,58.468,10.96,37.017,Middle order,76.923,5.0,0.0,76.923,23.077,0.0,23.95,20.824,33.05,-12.226,64.718,12.911,14.765,6.68,20.525,13.687,15.667,13.998,18.154,6,8,46.154,61.538,10.0,3.0,642.0,350.0,99.8,99.9,99.4,96.4,98.9
33085ffb,2017,D Elgar,Somerset,2017,6,3,373,776,74.6,158,False,158,2,0,48.067,46,2,196,52.547,6.186,24.313,Opener,100.0,1.5,100.0,0.0,0.0,0.0,26.738,15.927,30.83,-14.903,16.354,13.378,12.347,6.028,19.854,14.168,13.109,7.932,16.101,2,5,33.333,83.333,2.0,4.0,61.0,312.0,99.9,99.8,97.3,99.7,99.2
abb83e27,2016,JM Bairstow,Yorkshire,2016,6,4,533,603,88.833,246,False,246,2,0,88.391,62,4,272,51.032,10.945,48.603,Middle order,100.0,5.0,0.0,100.0,0.0,0.0,23.595,33.683,9.071,24.612,84.24,11.573,11.818,9.029,20.423,12.295,12.471,19.261,3.885,1,3,16.667,50.0,3.0,3.0,449.0,84.0,99.7,99.7,78.4,87.1,91.2
4ae1755b,2022,HC Brook,Yorkshire,2022,12,8,967,1279,107.444,194,False,194,3,6,75.606,119,12,548,56.67,10.242,36.498,Middle order,83.333,5.0,0.0,83.333,16.667,0.0,22.991,25.446,21.531,3.915,41.262,10.637,11.463,3.658,15.458,11.328,12.183,11.041,11.884,5,11,41.667,91.667,4.0,8.0,399.0,568.0,99.4,99.7,99.1,99.9,99.5
29e8a62e,2018,RJ Burns,Surrey,2018,19,12,1309,2519,72.722,193,False,193,4,7,51.965,173,1,698,53.323,6.908,26.055,Opener,100.0,1.0,100.0,0.0,0.0,0.0,22.243,16.444,26.881,-10.437,32.85,11.797,11.406,6.428,22.271,12.599,12.403,7.393,15.285,10,15,52.632,78.947,8.0,11.0,430.0,879.0,99.2,99.6,100.0,99.4,99.6
67b9536c,2022,SR Hain,Warwickshire,2022,21,12,1137,2720,63.167,202,True,202*,3,6,41.801,115,3,478,42.04,4.338,25.327,Middle order,95.238,4.0,0.0,95.238,0.0,4.762,19.905,22.068,16.781,5.287,65.523,9.304,11.253,4.673,17.339,9.857,11.906,11.771,10.875,7,13,33.333,61.905,11.0,10.0,745.0,392.0,98.6,99.6,97.3,96.5,98.0
a15618fe,2021,JM Vince,Hampshire,2021,8,4,327,656,40.875,69,False,69,0,2,49.848,50,2,212,64.832,7.927,19.04,Middle order,75.0,5.0,0.0,75.0,25.0,0.0,21.932,23.253,20.616,2.637,52.905,10.942,11.06,1.624,12.593,11.688,11.902,11.06,10.824,3,6,37.5,75.0,4.0,4.0,173.0,154.0,99.2,99.5,98.7,99.1,99.1
abb83e27,2018,JM Bairstow,Yorkshire,2018,6,3,263,282,43.833,95,False,95,0,3,93.262,35,1,146,55.513,12.766,47.561,All-rounder / keeper,50.0,5.5,16.667,33.333,50.0,0.0,21.79,,21.79,,0.0,11.619,11.022,3.411,15.29,12.264,11.549,,11.022,2,5,33.333,83.333,,6.0,,263.0,99.1,99.4,97.3,99.7,98.9
c96a215f,2026,JS Lehmann,Hampshire,2026,22,11,942,1718,52.333,133,True,133*,2,7,54.831,126,1,510,54.14,7.392,27.153,Middle order,100.0,4.0,0.0,100.0,0.0,0.0,19.592,16.263,22.011,-5.748,34.926,9.904,10.957,5.628,16.97,10.589,11.434,6.747,13.199,7,13,31.818,59.091,10.0,12.0,329.0,613.0,98.4,99.4,96.6,95.4,97.4
e66732f8,2022,RD Rickelton,Northamptonshire,2022,8,4,539,876,77.0,133,False,133,2,4,61.53,72,7,330,61.224,9.018,26.223,Middle order,75.0,3.0,0.0,75.0,25.0,0.0,21.423,16.593,25.38,-8.786,34.879,11.762,10.92,2.859,15.732,12.581,11.912,9.684,13.841,4,6,50.0,75.0,4.0,4.0,188.0,351.0,99.1,99.3,99.7,99.1,99.3
6b71e6cf,2017,KC Sangakkara,Surrey,2017,12,8,1117,1622,111.7,200,False,200,6,2,68.866,132,12,600,53.715,8.878,34.98,Middle order,100.0,4.0,0.0,100.0,0.0,0.0,25.329,15.291,31.827,-16.535,23.724,14.832,10.832,11.193,33.149,15.315,11.392,7.828,20.26,6,9,50.0,75.0,4.0,8.0,265.0,852.0,99.9,99.2,99.7,99.1,99.5
c5f1d2a1,2018,BT Slater,Nottinghamshire,2018,6,3,319,599,53.167,109,False,109,1,1,53.255,52,0,208,65.204,8.681,20.293,Opener,100.0,2.0,100.0,0.0,0.0,0.0,23.251,23.251,,,100.0,11.156,10.769,2.914,14.244,11.976,11.321,10.769,,3,6,50.0,100.0,6.0,,319.0,,99.6,99.2,99.7,100.0,99.6
ba9258a7,2026,TB Abell,Somerset,2026,16,10,974,1739,64.933,119,False,119,3,6,56.009,101,10,464,47.639,6.383,31.327,Middle order,100.0,5.0,0.0,100.0,0.0,0.0,18.329,17.749,18.905,-1.155,48.255,9.655,10.679,4.144,15.317,10.315,11.275,9.183,12.616,6,10,37.5,62.5,7.0,9.0,470.0,504.0,97.6,99.1,98.7,96.9,98.1
97e434a6,2019,DP Sibley,Warwickshire,2019,17,10,982,2381,61.375,244,False,244,3,5,41.243,110,1,446,45.418,4.662,23.612,Opener,100.0,2.0,100.0,0.0,0.0,0.0,20.823,15.034,30.066,-15.032,44.399,9.817,10.56,5.757,21.053,10.634,11.594,7.719,13.241,6,12,35.294,70.588,10.0,7.0,436.0,546.0,99.0,99.1,98.1,98.6,98.7
5f26f677,2023,BM Duckett,Nottinghamshire,2023,9,5,401,539,44.556,177,False,177,1,2,74.397,49,2,208,51.87,9.462,39.549,Opener,100.0,2.0,100.0,0.0,0.0,0.0,20.12,12.061,26.163,-14.102,25.686,9.819,10.345,5.886,17.608,10.606,10.965,6.551,10.345,3,5,33.333,55.556,4.0,5.0,103.0,298.0,98.7,99.0,97.3,93.1,97.0
8479a24a,2022,KK Jennings,Lancashire,2022,17,11,1233,2128,72.529,318,False,318,5,2,57.942,145,7,622,50.446,7.143,30.921,Opener,100.0,2.0,100.0,0.0,0.0,0.0,23.845,28.494,17.575,10.92,68.613,11.342,10.273,9.432,24.786,12.056,11.394,16.636,5.405,6,9,35.294,52.941,9.0,8.0,846.0,387.0,99.7,98.9,98.1,91.3,97.0
2eca67f5,2026,JM Clarke,Nottinghamshire,2026,19,12,1240,2129,65.263,150,False,150,4,6,58.243,152,3,626,50.484,7.28,31.104,Middle order,100.0,4.0,0.0,100.0,0.0,0.0,20.684,21.327,19.765,1.562,60.645,11.01,10.044,7.836,29.412,11.629,10.595,14.257,8.517,8,12,42.105,63.158,11.0,8.0,752.0,488.0,98.9,98.9,99.2,97.2,98.6
c5cc48bc,2021,MJJ Critchley,Derbyshire,2021,18,10,721,1226,42.412,109,False,109,1,5,58.809,91,4,388,53.814,7.749,29.443,Middle order,55.556,5.0,0.0,55.556,44.444,0.0,19.732,18.035,21.065,-3.031,40.222,9.104,9.657,6.496,22.239,9.688,10.133,4.057,10.208,8,11,44.444,61.111,8.0,10.0,290.0,431.0,98.4,98.8,99.3,96.1,98.2
8afe73e2,2023,WA Young,Nottinghamshire,2023,6,3,299,480,59.8,145,False,145,1,1,62.292,35,4,164,54.849,8.125,30.612,Middle order,100.0,3.0,0.0,100.0,0.0,0.0,18.31,11.559,32.882,-21.323,43.144,8.656,9.617,5.911,14.026,9.2,10.075,5.97,14.026,2,4,33.333,66.667,4.0,2.0,129.0,170.0,97.5,98.7,97.3,98.0,97.9
5f26f677,2026,BM Duckett,Nottinghamshire,2026,7,4,503,715,83.833,203,True,203*,1,3,70.35,67,2,280,55.666,9.65,34.52,Middle order,100.0,3.0,0.0,100.0,0.0,0.0,18.459,19.06,15.714,3.346,84.692,10.195,9.489,7.142,19.171,10.791,10.088,12.157,6.82,1,5,14.286,71.429,6.0,1.0,426.0,77.0,97.9,98.7,70.7,98.7,91.5
f05fe9b1,2025,JA Simpson,Sussex,2025,23,14,1086,1960,60.333,181,True,181*,4,4,55.408,138,10,612,56.354,7.551,26.159,All-rounder / keeper,95.652,6.0,0.0,0.0,95.652,4.348,16.149,10.732,20.893,-10.16,31.031,8.194,9.429,5.919,16.588,8.766,10.234,2.483,12.376,6,13,26.087,56.522,10.0,13.0,337.0,749.0,94.5,98.6,93.5,93.8,95.1
1b77f62b,2017,MD Stoneman,Surrey,2017,15,10,1014,1502,67.6,197,False,197,4,3,67.51,148,4,616,60.75,10.12,29.481,Opener,100.0,2.0,100.0,0.0,0.0,0.0,18.764,25.483,13.468,12.015,59.862,9.565,9.397,5.038,18.192,9.99,9.817,12.697,7.052,5,10,33.333,66.667,6.0,9.0,607.0,407.0,98.0,98.6,97.3,98.0,98.0
a1b69936,2024,DG Bedingham,Durham,2024,18,11,1331,1705,78.294,279,False,279,6,3,78.065,147,25,738,55.447,10.088,38.682,Middle order,88.889,4.0,0.0,88.889,11.111,0.0,23.06,28.043,20.358,7.685,42.75,12.141,9.257,6.521,25.762,12.895,9.706,9.257,10.75,5,12,27.778,66.667,7.0,11.0,569.0,762.0,99.4,98.5,94.8,98.0,97.7
0d61d8f0,2021,JD Libby,Worcestershire,2021,15,10,798,1710,61.385,180,True,180*,3,3,46.667,89,5,386,48.371,5.497,25.495,Opener,100.0,2.0,100.0,0.0,0.0,0.0,18.964,17.535,20.628,-3.092,49.749,8.706,9.174,5.517,18.127,9.263,9.661,8.824,9.524,5,9,33.333,60.0,7.0,8.0,397.0,401.0,98.1,98.4,97.3,95.8,97.4
e94915e6,2022,SM Curran,Surrey,2022,6,5,454,569,75.667,126,False,126,1,4,79.789,57,10,288,63.436,11.775,33.068,All-rounder / keeper,100.0,6.0,0.0,0.0,100.0,0.0,15.682,19.247,11.146,8.101,68.722,8.51,9.159,1.64,10.357,8.973,9.707,9.231,6.902,2,4,33.333,66.667,4.0,2.0,312.0,142.0,93.2,98.4,97.3,98.0,96.7
218d4d78,2022,MT Renshaw,Somerset,2022,13,8,620,1176,47.692,146,False,146,2,1,52.721,85,3,358,57.742,7.483,24.081,Opener,84.615,1.0,84.615,15.385,0.0,0.0,15.312,18.0,13.464,4.536,47.903,8.832,9.15,4.251,15.468,9.354,9.831,9.15,7.679,2,8,15.385,61.538,7.0,6.0,297.0,323.0,92.3,98.3,73.9,96.4,90.2
e824e6ee,2025,TWM Latham,Warwickshire,2025,9,5,485,1039,53.889,184,False,184,1,4,46.679,54,1,222,45.773,5.294,26.728,Middle order,100.0,3.0,0.0,100.0,0.0,0.0,17.49,19.233,15.144,4.089,63.093,8.58,9.091,5.341,15.541,9.197,9.85,9.443,8.685,2,5,22.222,55.556,5.0,4.0,306.0,179.0,96.9,98.2,89.1,93.1,94.3
d8360178,2014,CJL Rogers,Middlesex,2014,20,11,1000,1728,52.632,203,True,203*,3,3,57.87,144,2,588,58.8,8.449,26.043,Opener,95.0,1.0,95.0,5.0,0.0,0.0,18.047,12.649,20.218,-7.568,20.1,8.572,9.02,5.724,18.994,8.981,9.594,9.02,8.778,4,12,20.0,60.0,5.0,15.0,201.0,799.0,97.3,98.2,85.2,95.8,94.1
bdadf7da,2019,JL Denly,Kent,2019,9,5,499,798,71.286,167,True,167*,2,1,62.531,56,7,266,53.307,7.895,31.701,Middle order,88.889,3.0,11.111,88.889,0.0,0.0,18.027,15.672,19.987,-4.315,39.479,8.922,8.961,6.378,16.525,9.581,9.524,9.212,8.961,4,4,44.444,44.444,3.0,6.0,197.0,302.0,97.2,98.1,99.3,79.1,93.4
218d4d78,2018,MT Renshaw,Somerset,2018,11,6,513,812,51.3,112,False,112,3,1,63.177,69,9,330,64.327,9.606,24.932,Opener,81.818,1.0,81.818,18.182,0.0,0.0,16.5,21.326,7.537,13.789,84.016,9.032,8.913,5.941,16.807,9.543,9.464,13.017,4.137,4,5,36.364,45.455,7.0,4.0,431.0,82.0,95.2,98.1,98.3,80.9,93.1
ad9c32a2,2022,DJ Malan,Yorkshire,2022,8,5,528,792,66.0,152,False,152,1,4,66.667,66,2,276,52.273,8.586,34.807,Middle order,87.5,4.0,0.0,87.5,12.5,0.0,18.365,17.694,18.793,-1.098,37.5,8.971,8.851,3.136,12.112,9.586,9.72,8.12,8.851,1,6,12.5,75.0,3.0,5.0,198.0,330.0,97.6,98.0,65.1,99.1,89.9
b0482a1d,2025,Tilak Varma,Hampshire,2025,6,4,358,916,59.667,112,False,112,2,1,39.083,40,8,208,58.101,5.24,17.281,Middle order,100.0,4.0,0.0,100.0,0.0,0.0,17.653,22.188,13.503,8.685,60.056,7.799,8.83,2.769,9.825,8.04,9.121,9.226,6.373,1,5,16.667,83.333,3.0,3.0,215.0,143.0,97.1,97.9,78.4,99.7,93.3
e94bc520,2022,OJ Pope,Surrey,2022,11,8,700,1053,70.0,136,False,136,2,5,66.477,85,6,376,53.714,8.642,33.68,Middle order,90.909,4.0,0.0,90.909,9.091,0.0,17.082,19.282,13.984,5.299,66.0,9.114,8.744,4.814,17.548,9.646,9.136,10.345,8.031,4,9,36.364,81.818,8.0,3.0,462.0,238.0,96.4,97.9,98.3,99.4,98.0
556302a7,2016,SM Ervine,Hampshire,2016,19,11,984,1787,65.6,158,True,158*,4,4,55.064,114,11,522,53.049,6.995,27.798,All-rounder / keeper,52.632,6.0,0.0,47.368,52.632,0.0,18.368,13.351,21.87,-8.519,29.878,8.581,8.716,4.513,17.727,9.128,9.154,4.52,9.362,7,12,36.842,63.158,10.0,9.0,294.0,690.0,97.7,97.8,98.5,97.2,97.8
c834c290,2025,JL Smith,Surrey,2025,6,3,250,341,50.0,84,False,84,0,2,73.314,33,3,150,60.0,10.557,32.787,Middle order,100.0,4.0,0.0,100.0,0.0,0.0,15.803,19.339,9.76,9.578,77.2,8.208,8.696,3.105,11.041,8.831,9.55,9.868,4.889,0,5,0.0,83.333,4.0,2.0,193.0,57.0,93.5,97.7,18.9,99.7,77.4
922e1b19,2023,Z Crawley,Kent,2023,13,7,565,812,43.462,170,False,170,2,2,69.581,75,4,324,57.345,9.729,32.879,Opener,100.0,2.0,100.0,0.0,0.0,0.0,19.832,29.159,6.485,22.675,86.549,9.163,8.666,7.091,21.438,9.772,9.403,12.314,1.749,3,5,23.077,38.462,7.0,6.0,489.0,76.0,98.5,97.7,90.3,67.8,88.6
d346d939,2015,RA Whiteley,Worcestershire,2015,11,7,421,644,42.1,101,False,101,1,3,65.373,60,7,282,66.983,10.404,24.09,All-rounder / keeper,90.909,6.0,0.0,9.091,90.909,0.0,13.298,7.496,21.358,-13.863,32.779,5.947,8.634,4.571,10.583,6.27,9.032,1.354,9.122,3,5,27.273,45.455,6.0,5.0,138.0,283.0,83.7,97.6,94.5,80.9,89.2
29e8a62e,2016,RJ Burns,Surrey,2016,30,16,1144,2301,40.857,122,False,122,2,7,49.718,160,2,652,56.993,7.04,23.001,Opener,100.0,1.0,100.0,0.0,0.0,0.0,13.457,14.697,12.263,2.433,53.584,7.077,8.521,4.221,13.295,7.484,9.095,8.976,6.045,6,14,20.0,46.667,16.0,14.0,613.0,531.0,84.3,97.6,85.2,82.7,87.4
f836b33d,2025,T Kohler-Cadmore,Somerset,2025,10,6,436,586,48.444,147,True,147*,2,1,74.403,54,13,294,67.431,11.433,27.36,Opener,80.0,1.0,80.0,20.0,0.0,0.0,14.019,16.964,9.69,7.274,72.018,7.929,8.39,6.194,15.808,8.392,8.848,10.318,4.962,1,5,10.0,50.0,6.0,4.0,314.0,122.0,87.6,97.5,56.5,87.1,82.2
aed5be04,2022,JMR Taylor,Gloucestershire,2022,6,3,172,246,28.667,71,False,71,0,2,69.919,15,7,102,59.302,8.943,31.25,All-rounder / keeper,100.0,7.0,0.0,0.0,100.0,0.0,11.87,17.822,9.569,8.252,41.86,6.928,8.333,2.968,8.933,7.292,8.701,8.933,5.926,1,2,16.667,33.333,2.0,4.0,72.0,100.0,75.8,97.4,78.4,56.8,77.1
e798611a,2018,HM Amla,Hampshire,2018,9,5,492,916,54.667,112,False,112,2,3,53.712,65,0,260,52.846,7.096,27.262,Middle order,100.0,4.0,0.0,100.0,0.0,0.0,19.563,14.011,22.577,-8.565,25.203,9.604,8.257,3.341,15.352,10.2,8.933,8.122,9.495,3,7,33.333,77.778,3.0,6.0,124.0,368.0,98.3,97.4,97.3,99.3,98.1
52d884b9,2022,BG Compton,Kent,2022,25,13,1193,2993,54.227,140,False,140,4,6,39.86,141,1,570,47.779,4.744,21.852,Opener,100.0,1.0,100.0,0.0,0.0,0.0,17.106,21.438,13.934,7.504,52.976,8.155,8.217,6.214,20.259,8.636,8.772,8.84,7.649,9,14,36.0,56.0,12.0,13.0,632.0,561.0,96.5,97.3,98.2,93.5,96.4
c9c0fe50,2014,AZ Lees,Yorkshire,2014,18,12,887,1813,49.278,138,False,138,2,5,48.924,117,6,504,56.821,6.784,22.663,Opener,100.0,2.0,100.0,0.0,0.0,0.0,14.668,14.585,14.769,-0.184,54.228,7.408,8.202,3.902,13.998,7.875,8.567,8.748,7.656,2,12,11.111,66.667,11.0,7.0,481.0,406.0,90.1,97.2,60.5,98.0,86.4
a15618fe,2023,JM Vince,Hampshire,2023,24,14,1007,1612,47.952,186,False,186,1,7,62.469,128,9,566,56.207,8.499,29.898,Middle order,95.833,4.0,0.0,95.833,4.167,0.0,16.007,17.713,14.678,3.036,48.461,8.994,8.2,7.09,26.801,9.547,8.667,8.891,4.093,6,13,25.0,54.167,12.0,12.0,488.0,519.0,94.2,97.2,92.5,92.0,94.0
a48fc79d,2014,EC Joyce,Sussex,2014,22,13,1234,2035,58.762,151,True,151*,6,3,60.639,153,8,660,53.485,7.912,30.63,Middle order,77.273,3.0,22.727,77.273,0.0,0.0,18.246,14.355,21.99,-7.635,38.574,8.82,8.073,6.971,23.929,9.338,8.511,5.517,12.054,9,12,40.909,54.545,10.0,12.0,476.0,758.0,97.4,97.1,98.9,92.4,96.4
f41598c1,2018,AN Cook,Essex,2018,11,6,412,750,37.455,96,False,96,0,4,54.933,63,0,252,61.165,8.4,23.29,Opener,90.909,2.0,90.909,0.0,9.091,0.0,16.349,11.635,21.859,-10.224,38.35,7.978,7.964,3.933,12.903,8.491,8.502,3.898,11.812,3,7,27.273,63.636,6.0,5.0,158.0,254.0,94.9,97.0,94.5,97.5,96.0
5f26f677,2024,BM Duckett,Nottinghamshire,2024,6,3,323,403,53.833,218,False,218,1,1,80.149,38,1,158,48.916,9.677,45.33,Opener,100.0,2.0,100.0,0.0,0.0,0.0,23.104,10.618,47.368,-36.751,30.341,12.49,7.956,12.775,26.914,13.004,8.481,5.278,26.914,2,3,33.333,50.0,4.0,2.0,98.0,225.0,99.5,97.0,97.3,87.1,95.2
269ff06e,2026,TJ Price,Sussex,2026,9,5,324,563,46.286,93,False,93,0,3,57.549,47,1,194,59.877,8.526,25.243,All-rounder / keeper,77.778,7.0,0.0,0.0,77.778,22.222,11.184,7.578,14.313,-6.735,31.481,5.519,7.928,4.134,9.446,5.879,8.393,1.705,8.687,0,4,0.0,44.444,5.0,4.0,102.0,222.0,70.5,96.9,18.9,79.1,66.4
57590dbb,2025,PI Walter,Essex,2025,20,12,914,1471,50.778,158,False,158,3,3,62.135,125,8,548,59.956,9.041,27.354,Opener,100.0,1.5,100.0,0.0,0.0,0.0,14.313,15.508,12.93,2.578,58.096,7.287,7.92,5.239,17.587,7.717,8.271,9.188,6.271,3,8,15.0,40.0,10.0,10.0,531.0,383.0,89.0,96.9,72.9,71.0,82.4
67b9536c,2026,SR Hain,Warwickshire,2026,19,12,906,1896,69.692,164,True,164*,1,8,47.785,103,5,442,48.786,5.696,25.951,Middle order,100.0,4.0,0.0,100.0,0.0,0.0,17.02,19.306,15.421,3.885,46.689,8.76,7.91,6.954,21.603,9.404,8.484,7.127,8.497,7,10,36.842,52.632,8.0,11.0,423.0,483.0,96.0,96.8,98.5,90.9,95.6
99b75528,2014,JC Buttler,Lancashire,2014,16,9,524,903,34.933,100,True,100*,1,3,58.029,53,9,266,50.763,6.866,30.678,All-rounder / keeper,100.0,6.0,0.0,0.0,100.0,0.0,11.354,14.082,9.57,4.512,49.046,6.0,7.909,3.348,9.786,6.416,8.413,8.015,3.068,3,8,18.75,50.0,6.0,10.0,257.0,267.0,72.2,96.7,83.2,87.1,84.8
67b9536c,2023,SR Hain,Warwickshire,2023,16,11,706,1544,47.067,165,True,165*,3,2,45.725,74,2,308,43.626,4.922,27.112,Middle order,100.0,4.0,0.0,100.0,0.0,0.0,17.078,18.139,16.164,1.975,49.15,7.951,7.906,5.472,18.498,8.375,8.571,6.279,8.403,4,9,25.0,56.25,10.0,6.0,347.0,359.0,96.3,96.7,92.5,93.7,94.8
ba9258a7,2022,TB Abell,Somerset,2022,22,13,1039,1895,51.95,150,True,150*,5,4,54.828,128,5,542,52.166,7.018,28.207,Middle order,100.0,3.0,0.0,100.0,0.0,0.0,16.886,15.666,18.206,-2.54,48.219,8.063,7.895,6.99,20.545,8.552,8.264,4.364,8.299,6,11,27.273,50.0,12.0,10.0,501.0,538.0,95.9,96.6,94.5,87.1,93.5
33085ffb,2019,D Elgar,Surrey,2019,15,8,542,1182,36.133,103,False,103,1,5,45.854,74,1,302,55.72,6.345,21.68,Middle order,66.667,4.0,20.0,66.667,6.667,6.667,13.469,17.411,11.543,5.868,42.435,7.131,7.892,4.452,13.035,7.591,8.557,8.091,7.692,4,6,26.667,40.0,5.0,10.0,230.0,312.0,84.4,96.5,94.0,71.0,86.5
03521fd3,2026,HM Nicholls,Somerset,2026,7,4,309,532,61.8,100,True,100*,1,2,58.083,35,4,164,53.074,7.331,29.412,Middle order,100.0,4.0,0.0,100.0,0.0,0.0,13.77,13.129,14.297,-1.168,43.042,7.734,7.885,4.627,12.844,8.23,8.329,6.153,9.316,1,4,14.286,57.143,3.0,4.0,133.0,176.0,85.6,96.5,70.7,94.3,86.8
97e434a6,2021,DP Sibley,Warwickshire,2021,15,8,470,1241,36.154,80,False,80,0,4,37.873,45,2,192,40.851,3.787,23.283,Opener,93.333,2.0,93.333,6.667,0.0,0.0,14.417,12.729,15.816,-3.088,40.0,7.25,7.88,3.73,11.447,7.612,8.471,5.671,10.047,2,10,13.333,66.667,7.0,8.0,188.0,282.0,89.4,96.4,68.0,98.0,88.0
ff154ecd,2022,JM Cox,Kent,2022,20,12,917,1915,45.85,158,False,158,2,6,47.885,120,5,510,55.616,6.527,22.737,Middle order,55.0,5.0,0.0,55.0,45.0,0.0,14.874,17.864,12.478,5.386,53.435,6.723,7.855,5.063,13.789,7.223,8.319,8.899,6.256,6,12,30.0,60.0,10.0,10.0,490.0,427.0,90.8,96.4,95.7,95.8,94.7
51e1ed69,2015,SG Borthwick,Durham,2015,30,15,1179,1905,42.107,99,False,99,0,11,61.89,165,2,672,56.997,8.766,29.171,Middle order,100.0,3.0,0.0,100.0,0.0,0.0,15.571,16.388,14.708,1.68,54.029,7.529,7.84,3.988,15.154,7.954,8.27,7.695,7.84,6,16,20.0,53.333,16.0,14.0,637.0,542.0,93.0,96.3,85.2,91.5,91.5
70b8fd28,2025,A Lyth,Yorkshire,2025,24,14,1173,2544,51.0,185,False,185,3,6,46.108,164,1,662,56.436,6.486,21.48,Opener,100.0,1.0,100.0,0.0,0.0,0.0,17.059,15.119,19.489,-4.37,49.275,9.0,7.814,5.44,23.41,9.596,8.366,7.616,8.012,4,17,16.667,70.833,12.0,12.0,578.0,595.0,96.2,96.2,78.4,98.6,92.4
ff154ecd,2025,JM Cox,Essex,2025,12,8,650,999,59.091,132,False,132,3,2,65.065,103,1,418,64.308,10.41,25.922,Middle order,100.0,4.0,0.0,100.0,0.0,0.0,15.591,9.383,23.488,-14.105,33.692,7.854,7.807,4.632,13.797,8.433,8.279,4.342,11.216,5,7,41.667,58.333,6.0,6.0,219.0,431.0,93.0,96.2,99.1,95.0,95.8
521595e7,2025,JEK Rew,Somerset,2025,24,14,1053,1736,45.783,166,False,166,3,5,60.657,132,7,570,54.131,8.007,30.244,Middle order,66.667,4.0,0.0,66.667,33.333,0.0,15.182,15.033,15.331,-0.298,49.668,7.098,7.755,4.83,16.328,7.548,8.248,8.97,7.519,4,10,16.667,41.667,11.0,13.0,523.0,530.0,91.9,96.1,78.4,73.4,84.9
4a461c24,2024,LA Dawson,Hampshire,2024,20,13,956,1426,59.75,120,False,120,3,5,67.041,88,20,472,49.372,7.574,36.722,All-rounder / keeper,80.0,6.0,0.0,20.0,80.0,0.0,15.182,13.156,17.917,-4.761,49.791,7.491,7.741,4.482,14.585,7.928,7.967,5.263,9.426,4,10,20.0,50.0,9.0,11.0,476.0,480.0,92.0,96.0,85.2,87.1,90.1
ac7fa28f,2014,IJL Trott,Warwickshire,2014,13,8,620,1114,47.692,164,False,164,3,1,55.655,92,1,374,60.323,8.348,24.094,Middle order,100.0,4.0,0.0,100.0,0.0,0.0,14.322,17.016,11.558,5.458,60.161,7.762,7.721,4.539,14.513,8.26,8.168,8.966,7.146,2,6,15.385,46.154,6.0,7.0,373.0,247.0,89.1,96.0,73.9,82.1,85.3
fd96de7c,2023,JJ Bohannon,Lancashire,2023,22,14,1257,1977,59.857,175,False,175,4,5,63.581,152,10,668,53.142,8.194,32.452,Middle order,95.455,3.0,0.0,95.455,4.545,0.0,17.682,15.939,19.058,-3.12,39.777,8.616,7.715,5.319,17.204,9.235,8.292,7.386,8.044,7,14,31.818,63.636,10.0,12.0,500.0,757.0,97.2,95.9,96.6,97.5,96.8
7e4c8ba3,2019,SA Northeast,Hampshire,2019,16,9,759,1310,54.214,169,False,169,3,3,57.939,94,3,394,51.91,7.405,30.091,Middle order,100.0,4.0,0.0,100.0,0.0,0.0,19.352,21.649,16.611,5.039,60.87,8.951,7.715,4.665,17.549,9.622,8.2,12.13,7.064,4,11,25.0,68.75,7.0,9.0,462.0,297.0,98.2,95.9,92.5,98.4,96.2
ad212f96,2023,RF Higgins,Middlesex,2023,25,14,955,1520,41.522,137,False,137,1,8,62.829,110,4,464,48.586,7.5,34.922,All-rounder / keeper,76.0,7.0,0.0,16.0,76.0,8.0,17.568,15.446,20.189,-4.743,48.586,8.055,7.707,3.106,12.952,8.536,8.175,7.177,8.237,8,16,32.0,64.0,13.0,12.0,464.0,491.0,97.0,95.8,96.7,97.6,96.8
c1a89821,2016,NRT Gubbins,Middlesex,2016,24,16,1409,2694,61.261,201,True,201*,4,9,52.301,187,10,808,57.346,7.313,24.069,Opener,100.0,2.0,100.0,0.0,0.0,0.0,17.564,21.204,13.937,7.267,60.256,8.772,7.702,5.785,21.567,9.187,8.077,8.919,7.702,7,15,29.167,62.5,11.0,13.0,849.0,560.0,97.0,95.7,95.4,96.9,96.2
76cb1a7f,2017,SD Robson,Middlesex,2017,20,11,785,1376,39.25,159,False,159,2,4,57.049,115,0,460,58.599,8.358,25.773,Opener,100.0,1.0,100.0,0.0,0.0,0.0,16.709,23.853,10.975,12.878,63.567,8.386,7.692,6.177,19.203,8.961,8.723,8.719,7.139,6,11,30.0,55.0,9.0,11.0,499.0,286.0,95.6,95.7,95.7,92.7,94.9
51e1ed69,2018,SG Borthwick,Surrey,2018,12,8,444,794,40.364,83,False,83,0,5,55.919,57,2,240,54.054,7.431,27.755,Middle order,100.0,3.0,0.0,100.0,0.0,0.0,11.133,12.345,9.788,2.557,58.333,5.68,7.661,3.997,9.776,6.022,8.067,7.661,5.34,2,5,16.667,41.667,6.0,6.0,259.0,185.0,70.2,95.6,78.4,73.4,79.4
755a77c6,2019,GS Ballance,Yorkshire,2019,23,13,975,1970,46.429,159,False,159,5,3,49.492,144,1,582,59.692,7.36,21.534,Middle order,100.0,3.0,0.0,100.0,0.0,0.0,15.643,13.012,19.323,-6.31,48.513,7.439,7.652,4.74,14.334,7.98,8.291,7.635,7.964,5,10,21.739,43.478,13.0,10.0,473.0,502.0,93.2,95.5,88.3,77.2,88.6
c834c290,2024,JL Smith,Surrey,2024,12,8,677,883,56.417,155,False,155,2,5,76.67,93,13,450,66.47,12.005,29.215,Middle order,91.667,4.0,8.333,91.667,0.0,0.0,17.284,19.812,12.546,7.266,74.742,8.321,7.647,5.487,18.182,8.852,7.958,8.088,5.529,2,7,16.667,58.333,8.0,4.0,506.0,171.0,96.7,95.5,78.4,95.0,91.4
ee6ebf47,2026,K Smith,Warwickshire,2026,6,5,227,441,45.4,53,False,53,0,2,51.474,28,3,130,57.269,7.029,23.659,All-rounder / keeper,100.0,7.0,0.0,0.0,100.0,0.0,11.046,6.985,12.508,-5.523,16.74,5.67,7.646,3.879,9.333,6.099,8.108,2.881,7.915,0,1,0.0,16.667,1.0,5.0,38.0,189.0,69.6,95.4,18.9,28.6,53.1
864c199e,2015,AC Voges,Middlesex,2015,8,4,451,674,56.375,132,False,132,1,3,66.914,62,0,248,54.989,9.199,33.17,Middle order,100.0,4.0,0.0,100.0,0.0,0.0,20.197,15.682,24.083,-8.401,35.92,9.478,7.643,4.419,15.972,10.246,8.498,7.606,11.35,3,6,37.5,75.0,4.0,4.0,162.0,289.0,98.7,95.4,98.7,99.1,98.0
d2a6c0e6,2014,EJG Morgan,Middlesex,2014,14,7,548,1066,42.154,191,False,191,1,2,51.407,73,5,322,58.759,7.317,22.874,Middle order,100.0,4.0,0.0,100.0,0.0,0.0,14.455,12.654,15.307,-2.653,28.102,6.507,7.635,4.516,13.569,6.785,7.984,6.599,7.635,3,6,21.429,42.857,4.0,10.0,154.0,394.0,89.5,95.3,87.6,75.7,87.0
a15618fe,2024,JM Vince,Hampshire,2024,22,13,986,1507,49.3,211,False,211,2,5,65.428,126,5,534,54.158,8.693,32.849,Middle order,90.909,4.0,4.545,90.909,0.0,4.545,15.081,14.693,15.64,-0.947,57.505,7.162,7.623,5.238,17.763,7.572,8.008,7.623,7.449,5,13,22.727,59.091,11.0,11.0,567.0,419.0,91.6,95.2,89.8,95.4,93.0
cad00a4d,2019,RR Rossouw,Hampshire,2019,13,7,502,616,41.833,92,False,92,0,5,81.494,68,10,332,66.135,12.662,31.599,Middle order,92.308,5.0,0.0,92.308,7.692,0.0,14.551,15.499,13.583,1.916,53.785,7.353,7.615,2.884,11.979,7.844,8.094,7.892,7.45,2,8,15.385,61.538,5.0,8.0,270.0,232.0,89.8,95.2,73.9,96.4,88.8
ea42ddb9,2014,ME Trescothick,Somerset,2014,21,14,978,1819,46.571,133,False,133,4,5,53.766,155,8,668,68.303,8.961,18.72,Opener,100.0,1.0,100.0,0.0,0.0,0.0,14.528,11.61,17.359,-5.749,39.366,7.176,7.589,5.099,15.825,7.598,7.918,1.777,9.121,6,9,28.571,42.857,10.0,11.0,385.0,593.0,89.7,95.1,95.2,75.7,88.9
6b71e6cf,2016,KC Sangakkara,Surrey,2016,22,12,1039,1552,49.476,171,False,171,1,7,66.946,142,9,622,59.865,9.729,29.764,Middle order,100.0,3.0,0.0,100.0,0.0,0.0,16.414,17.16,15.646,1.514,53.032,8.032,7.538,5.749,21.626,8.556,8.005,7.538,7.649,5,13,22.727,59.091,10.0,12.0,551.0,488.0,95.0,95.0,89.8,95.4,93.8
25a42048,2023,T Westley,Essex,2023,27,14,1130,2262,45.2,148,False,148,3,4,49.956,150,2,612,54.159,6.72,24.55,Middle order,100.0,3.0,0.0,100.0,0.0,0.0,16.54,12.874,20.984,-8.111,42.655,8.588,7.532,4.603,18.663,9.092,7.883,6.955,10.981,5,16,18.519,59.259,14.0,13.0,482.0,648.0,95.2,95.0,82.8,95.5,92.1
cca50cd6,2014,LJ Wright,Sussex,2014,20,11,910,1374,53.529,189,False,189,3,3,66.23,124,7,538,59.121,9.534,29.928,Middle order,70.0,5.0,0.0,70.0,30.0,0.0,14.687,18.484,11.562,6.922,56.813,8.573,7.487,7.121,21.793,9.144,7.763,9.266,5.395,6,9,30.0,45.0,8.0,12.0,517.0,393.0,90.3,94.9,95.7,80.0,90.2
f836b33d,2022,T Kohler-Cadmore,Yorkshire,2022,11,6,346,760,34.6,100,False,100,1,2,45.526,44,8,224,64.74,6.842,17.232,Middle order,100.0,4.0,0.0,100.0,0.0,0.0,15.433,7.774,24.608,-16.834,27.457,6.689,7.459,3.516,10.811,7.118,7.875,2.897,9.31,5,5,45.455,45.455,6.0,5.0,95.0,251.0,92.5,94.9,99.4,80.9,91.9
2be27bdf,2015,JS Gatting,Hampshire,2015,8,4,280,521,46.667,64,True,64*,0,2,53.743,32,3,146,52.143,6.718,27.572,All-rounder / keeper,75.0,6.5,0.0,25.0,75.0,0.0,14.721,14.137,15.448,-1.311,53.214,7.525,7.44,0.814,8.395,7.98,7.941,7.44,7.61,2,6,25.0,75.0,4.0,4.0,149.0,131.0,90.5,94.8,92.5,99.1,94.2
eafe8a94,2026,BI Kellaway,Glamorgan,2026,18,10,575,1121,35.938,139,False,139,1,5,51.293,76,2,316,54.957,6.958,24.832,Middle order,88.889,4.0,0.0,88.889,11.111,0.0,14.272,13.7,14.692,-0.992,40.696,6.401,7.435,5.848,18.641,6.946,7.916,7.902,6.968,6,9,33.333,50.0,9.0,9.0,234.0,341.0,88.8,94.7,97.3,87.1,92.0
782c0568,2017,JC Hildreth,Somerset,2017,19,10,671,1003,37.278,109,False,109,2,2,66.899,83,0,332,49.478,8.275,36.848,Middle order,100.0,4.0,0.0,100.0,0.0,0.0,15.514,14.394,16.246,-1.852,36.662,8.117,7.423,6.15,20.243,8.58,7.938,6.167,7.841,5,11,26.316,57.895,7.0,12.0,246.0,425.0,92.8,94.7,93.8,94.8,94.0
2eca67f5,2023,JM Clarke,Nottinghamshire,2023,24,13,1053,1861,50.143,229,True,229*,2,7,56.582,145,12,652,61.918,8.436,23.533,Middle order,100.0,4.0,0.0,100.0,0.0,0.0,17.119,17.329,16.797,0.532,61.254,8.144,7.412,5.976,19.412,8.736,8.082,7.77,5.729,6,12,25.0,50.0,14.0,10.0,645.0,408.0,96.5,94.6,92.5,87.1,92.7
f3982af9,2026,DP Hughes,Sussex,2026,20,11,746,1252,37.3,136,False,136,2,3,59.585,113,2,464,62.198,9.185,24.802,Opener,100.0,1.0,100.0,0.0,0.0,0.0,13.792,18.026,10.846,7.18,53.619,6.769,7.41,4.377,14.35,7.265,7.996,7.812,4.734,2,10,10.0,50.0,9.0,11.0,400.0,346.0,85.9,94.5,56.5,87.1,81.0
782c0568,2018,JC Hildreth,Somerset,2018,26,14,1089,1661,45.375,184,False,184,3,6,65.563,155,4,644,59.137,9.573,29.627,Middle order,100.0,4.0,0.0,100.0,0.0,0.0,15.787,16.102,15.525,0.577,46.281,8.188,7.405,6.061,19.134,8.671,7.635,7.249,7.56,5,11,19.231,42.308,13.0,13.0,504.0,585.0,93.4,94.5,84.0,74.7,86.6
c1a89821,2023,NRT Gubbins,Hampshire,2023,24,14,969,2276,46.143,139,True,139*,3,4,42.575,121,1,490,50.568,5.36,22.238,Middle order,100.0,3.0,0.0,100.0,0.0,0.0,15.403,19.819,11.963,7.856,56.347,8.392,7.391,5.785,18.012,8.873,7.879,8.828,6.527,5,15,20.833,62.5,12.0,12.0,546.0,423.0,92.5,94.4,86.5,96.9,92.6
b61a3e1a,2018,LRPL Taylor,Nottinghamshire,2018,15,8,506,665,33.733,146,False,146,1,4,76.09,68,6,308,60.87,11.128,33.503,Middle order,100.0,4.0,0.0,100.0,0.0,0.0,12.8,7.661,16.719,-9.058,25.889,6.482,7.365,5.474,15.136,6.955,7.894,0.071,8.563,4,6,26.667,40.0,6.0,9.0,131.0,375.0,81.1,94.4,94.0,71.0,85.1
e5437a99,2015,NRD Compton,Middlesex,2015,31,16,1123,2299,38.724,149,False,149,2,6,48.847,144,1,582,51.825,6.307,25.116,Middle order,100.0,3.0,0.0,100.0,0.0,0.0,14.251,15.328,13.034,2.294,57.079,7.491,7.357,3.177,13.399,7.997,8.176,7.661,7.22,7,16,22.581,51.613,16.0,15.0,641.0,482.0,88.6,94.3,89.6,89.7,90.6
33085ffb,2024,D Elgar,Essex,2024,21,14,1144,2014,57.2,182,False,182,4,5,56.802,144,1,582,50.874,7.2,30.07,Opener,100.0,1.0,100.0,0.0,0.0,0.0,16.878,18.637,14.747,3.89,60.49,8.665,7.356,6.169,23.484,9.104,7.783,11.29,6.417,3,11,14.286,52.381,11.0,10.0,692.0,452.0,95.9,94.2,70.7,90.4,87.8
c1a89821,2024,NRT Gubbins,Hampshire,2024,18,12,895,1936,55.938,201,True,201*,3,3,46.229,109,1,442,49.385,5.682,24.808,Middle order,100.0,3.0,0.0,100.0,0.0,0.0,14.904,16.987,11.322,5.665,72.067,7.536,7.321,5.566,19.781,7.977,7.842,10.981,6.863,4,7,22.222,38.889,10.0,8.0,645.0,250.0,90.9,94.2,89.1,68.7,85.7
8f938a32,2019,DJ Bell-Drummond,Kent,2019,24,13,880,1724,38.261,166,False,166,1,5,51.044,121,1,490,55.682,7.077,24.345,Middle order,79.167,4.0,20.833,79.167,0.0,0.0,13.166,15.586,11.396,4.19,50.0,7.848,7.278,4.807,17.181,8.477,7.773,9.69,6.764,6,14,25.0,58.333,10.0,14.0,440.0,440.0,83.1,94.1,92.5,95.0,91.2
8afe73e2,2022,WA Young,Northamptonshire,2022,18,10,672,1474,37.333,134,False,134,1,4,45.59,92,3,386,57.44,6.445,20.74,Opener,100.0,2.0,100.0,0.0,0.0,0.0,13.83,11.424,15.545,-4.12,34.375,6.411,7.27,3.877,11.502,6.868,7.987,5.647,7.27,3,11,16.667,61.111,8.0,10.0,231.0,441.0,86.3,94.0,78.4,96.1,88.7
8479a24a,2016,KK Jennings,Durham,2016,26,15,1522,2781,69.182,221,True,221*,7,2,54.729,212,2,860,56.505,7.695,25.789,Opener,100.0,2.0,100.0,0.0,0.0,0.0,20.375,25.712,13.475,12.238,71.156,10.423,7.258,9.329,33.587,11.116,7.469,14.372,4.203,9,13,34.615,50.0,14.0,12.0,1083.0,439.0,98.8,94.0,98.0,87.1,94.5
25f7b7d6,2024,T Banton,Somerset,2024,19,12,891,1305,49.5,133,False,133,2,5,68.276,104,14,500,56.117,9.042,32.94,Middle order,84.211,5.0,0.0,84.211,10.526,5.263,15.043,21.37,7.088,14.282,79.125,6.986,7.253,5.229,18.332,7.375,7.637,9.352,2.241,4,10,21.053,52.632,10.0,9.0,705.0,186.0,91.5,93.9,86.9,90.9,90.8
eade4650,2023,DJ Mitchell,Lancashire,2023,7,4,291,460,41.571,105,False,105,1,1,63.261,26,9,158,54.296,7.609,31.294,Middle order,85.714,5.0,0.0,85.714,14.286,0.0,15.172,22.209,9.665,12.544,64.261,7.451,7.244,1.768,9.677,7.983,7.79,8.823,6.078,1,4,14.286,57.143,3.0,4.0,187.0,104.0,91.8,93.8,70.7,94.3,87.6
29e8a62e,2019,RJ Burns,Surrey,2019,14,7,553,1062,39.5,107,False,107,1,2,52.072,71,1,290,52.441,6.78,26.566,Opener,100.0,1.0,100.0,0.0,0.0,0.0,14.275,13.55,14.858,-1.308,42.315,7.899,7.23,5.568,17.909,8.293,7.684,7.23,6.723,3,6,21.429,42.857,6.0,8.0,234.0,319.0,88.8,93.8,87.6,75.7,86.5
ba9258a7,2025,TB Abell,Somerset,2025,23,13,1022,2041,51.1,156,False,156,3,5,50.073,120,2,492,48.141,5.977,27.619,Middle order,91.304,5.0,0.0,91.304,8.696,0.0,15.563,14.343,16.937,-2.593,48.826,8.378,7.218,6.36,22.609,8.882,7.675,7.077,7.241,3,12,13.043,52.174,11.0,12.0,499.0,523.0,92.8,93.7,67.1,90.0,85.9
c5cc48bc,2023,MJJ Critchley,Essex,2023,26,14,990,1662,39.6,121,False,121,2,7,59.567,113,12,524,52.929,7.521,30.319,Middle order,92.308,5.0,0.0,92.308,7.692,0.0,14.673,19.978,8.387,11.591,73.838,7.428,7.211,4.848,16.199,7.875,7.592,10.643,2.669,4,13,15.385,50.0,13.0,13.0,731.0,259.0,90.1,93.7,73.9,87.1,86.2
ea42ddb9,2015,ME Trescothick,Somerset,2015,27,15,1224,2132,47.077,210,True,210*,3,7,57.411,197,4,812,66.34,9.428,21.336,Opener,100.0,1.0,100.0,0.0,0.0,0.0,17.09,16.691,17.617,-0.925,55.556,8.286,7.208,6.644,24.793,8.752,7.581,8.619,7.047,6,15,22.222,55.556,12.0,15.0,680.0,544.0,96.4,93.6,89.1,93.1,93.1
864c199e,2016,AC Voges,Middlesex,2016,6,5,388,778,77.6,160,True,160*,1,2,49.871,39,0,156,40.206,5.013,31.394,Middle order,100.0,4.5,0.0,100.0,0.0,0.0,15.967,17.679,12.372,5.307,75.0,8.838,7.205,6.582,19.56,9.388,7.692,9.232,6.8,1,3,16.667,50.0,4.0,2.0,291.0,97.0,94.0,93.5,78.4,87.1,88.2
495d42a5,2019,R Ashwin,Nottinghamshire,2019,8,4,259,495,37.0,66,True,66*,0,2,52.323,34,1,142,54.826,7.071,25.435,All-rounder / keeper,62.5,7.0,0.0,12.5,62.5,25.0,18.606,18.95,17.631,1.32,75.29,7.737,7.178,3.277,12.221,8.323,7.853,6.897,7.459,4,5,50.0,62.5,6.0,2.0,195.0,64.0,97.9,93.5,99.7,96.9,97.0
104e88a4,2025,AJ Hose,Worcestershire,2025,15,8,684,1004,45.6,266,False,266,1,2,68.127,86,12,416,60.819,9.761,29.581,Middle order,100.0,5.0,0.0,100.0,0.0,0.0,18.177,17.108,18.638,-1.531,28.363,8.281,7.166,6.209,22.278,8.699,7.662,7.803,6.57,3,7,20.0,46.667,6.0,9.0,194.0,490.0,97.4,93.4,85.2,82.7,89.7
1b77f62b,2016,MD Stoneman,Durham,2016,26,15,1069,1664,42.76,141,True,141*,1,5,64.243,143,5,602,56.314,8.894,30.805,Opener,100.0,1.0,100.0,0.0,0.0,0.0,14.311,15.717,12.492,3.225,61.927,7.678,7.157,4.666,20.317,8.146,7.564,8.578,4.358,6,14,23.077,53.846,14.0,12.0,662.0,407.0,88.9,93.3,90.3,91.7,91.0
edc7ddb6,2026,J Weatherald,Leicestershire,2026,9,6,483,598,60.375,104,True,104*,1,3,80.769,67,3,286,59.213,11.706,37.311,Opener,100.0,2.0,100.0,0.0,0.0,0.0,14.93,15.587,14.608,0.979,34.369,7.01,7.117,1.975,9.283,7.452,7.577,6.945,7.117,1,4,11.111,44.444,4.0,5.0,166.0,317.0,91.0,93.3,60.5,79.1,81.0
be4cefab,2015,CMW Read,Nottinghamshire,2015,21,13,873,1385,51.353,121,False,121,3,6,63.032,112,6,484,55.441,8.52,30.702,All-rounder / keeper,85.714,7.0,0.0,0.0,85.714,14.286,12.745,10.42,15.742,-5.322,46.048,6.611,7.097,4.748,13.814,7.007,7.5,6.407,10.551,5,10,23.81,47.619,12.0,9.0,402.0,471.0,80.6,93.2,91.2,83.7,87.2
39d608d4,2026,F O'Neill,Nottinghamshire,2026,7,5,285,494,57.0,61,False,61,0,3,57.692,38,3,170,59.649,8.3,25.386,Lower order,100.0,8.0,0.0,0.0,0.0,100.0,13.902,15.469,10.787,4.682,74.035,5.845,7.077,3.149,9.615,6.191,7.376,7.324,4.538,1,4,14.286,57.143,5.0,2.0,211.0,74.0,87.1,93.2,70.7,94.3,86.3
25a42048,2024,T Westley,Essex,2024,20,13,801,1716,42.158,135,False,135,2,4,46.678,103,1,418,52.185,6.061,23.759,Middle order,100.0,3.0,0.0,100.0,0.0,0.0,12.734,15.19,9.197,5.993,70.412,7.413,7.075,5.022,17.419,7.848,7.299,7.869,5.623,3,9,15.0,45.0,11.0,9.0,564.0,237.0,80.5,93.1,72.9,80.0,81.6
ff154ecd,2024,JM Cox,Essex,2024,15,10,918,1300,65.571,207,False,207,4,2,70.615,105,17,522,56.863,9.385,33.616,Middle order,100.0,4.0,0.0,100.0,0.0,0.0,18.441,16.378,20.591,-4.213,45.316,9.093,7.072,6.578,19.061,9.594,7.645,4.444,8.4,7,8,46.667,53.333,8.0,7.0,416.0,502.0,97.8,93.0,99.5,91.5,95.4
e01aafc1,2016,AN Petersen,Lancashire,2016,24,15,1134,1761,49.304,191,False,191,3,6,64.395,125,10,560,49.383,7.666,35.301,Middle order,100.0,4.0,0.0,100.0,0.0,0.0,15.479,14.652,16.365,-1.714,48.942,7.982,7.046,5.737,20.494,8.467,7.434,7.882,7.046,4,12,16.667,50.0,12.0,12.0,555.0,579.0,92.6,93.0,78.4,87.1,87.8
7cc15633,2016,JHK Adams,Hampshire,2016,23,13,814,1960,35.391,99,False,99,0,7,41.531,120,0,480,58.968,6.122,18.152,Opener,100.0,2.0,100.0,0.0,0.0,0.0,12.033,11.509,12.447,-0.938,42.26,6.196,7.044,4.069,12.652,6.634,7.512,6.734,8.574,5,10,21.739,43.478,11.0,12.0,344.0,470.0,77.3,92.9,88.3,77.2,83.9
ad9c32a2,2025,DJ Malan,Yorkshire,2025,9,5,392,521,49.0,98,False,98,0,3,75.24,47,8,236,60.204,10.557,33.476,Middle order,100.0,4.0,0.0,100.0,0.0,0.0,14.417,20.342,9.53,10.812,63.776,7.896,7.044,5.584,16.763,8.405,7.525,11.903,5.44,3,5,33.333,55.556,4.0,5.0,250.0,142.0,89.3,92.8,97.3,93.1,93.1
782c0568,2015,JC Hildreth,Somerset,2015,26,15,1308,2098,52.32,220,True,220*,3,7,62.345,172,8,736,56.269,8.58,29.823,Middle order,100.0,4.0,0.0,100.0,0.0,0.0,18.428,21.379,14.451,6.928,66.59,9.158,7.034,7.018,29.851,9.706,7.524,7.034,7.513,8,15,30.769,57.692,12.0,14.0,871.0,437.0,97.7,92.8,96.2,94.7,95.4
8305580c,2015,MA Carberry,Hampshire,2015,30,16,1129,2427,38.931,97,False,97,0,10,46.518,159,7,678,60.053,6.84,19.947,Middle order,60.0,3.0,40.0,60.0,0.0,0.0,14.647,14.516,14.769,-0.253,47.83,6.954,7.011,3.833,13.804,7.423,7.567,5.403,8.172,4,12,13.333,40.0,14.0,16.0,540.0,589.0,90.0,92.7,68.0,71.0,80.4
40c041ea,2022,Imam-ul-Haq,Somerset,2022,6,3,177,349,35.4,90,False,90,0,2,50.716,20,1,86,48.588,6.017,27.744,Opener,100.0,2.0,100.0,0.0,0.0,0.0,11.464,17.462,0.894,16.567,97.175,6.093,7.0,5.204,10.783,6.477,7.34,8.892,0.495,1,3,16.667,50.0,4.0,2.0,172.0,5.0,73.0,92.7,78.4,87.1,82.8
2eca67f5,2021,JM Clarke,Nottinghamshire,2021,20,12,692,1200,34.6,109,False,109,1,6,57.667,91,7,406,58.671,8.167,25.953,Middle order,100.0,4.0,0.0,100.0,0.0,0.0,12.669,11.475,14.023,-2.549,48.121,6.187,6.956,4.405,14.2,6.6,7.508,4.941,7.458,2,9,10.0,45.0,10.0,10.0,333.0,359.0,80.2,92.6,56.5,80.0,77.3
ed8faea2,2026,TGR Clark,Sussex,2026,18,9,542,893,31.882,101,False,101,1,2,60.694,78,9,366,67.528,9.742,21.836,Middle order,83.333,3.0,16.667,83.333,0.0,0.0,11.233,11.174,11.257,-0.083,28.967,5.835,6.956,3.59,11.574,6.271,7.363,4.193,7.04,4,9,22.222,50.0,6.0,12.0,157.0,385.0,71.0,92.5,89.1,87.1,84.9
86e0f3f0,2021,WL Madsen,Derbyshire,2021,15,8,514,972,34.267,76,False,76,0,4,52.881,61,3,262,50.973,6.584,27.753,Middle order,93.333,4.0,0.0,93.333,6.667,0.0,15.879,11.902,19.155,-7.253,33.852,7.567,6.945,3.375,12.531,8.062,7.446,6.09,9.507,4,11,26.667,73.333,7.0,8.0,174.0,340.0,93.8,92.5,94.0,98.9,94.8
03252e44,2014,PA Jaques,Nottinghamshire,2014,14,8,719,1162,59.917,150,True,150*,2,5,61.876,106,1,430,59.805,9.208,27.393,Opener,92.857,2.0,92.857,7.143,0.0,0.0,16.389,12.551,21.262,-8.711,42.837,8.067,6.916,6.39,18.471,8.491,7.288,4.952,12.352,5,8,35.714,57.143,8.0,6.0,308.0,411.0,95.0,92.4,98.2,94.3,95.0
67b9536c,2025,SR Hain,Warwickshire,2025,18,10,734,1562,52.429,87,True,87*,0,6,46.991,81,8,372,50.681,5.698,24.576,Middle order,100.0,4.0,0.0,100.0,0.0,0.0,14.94,13.454,16.386,-2.931,44.414,7.389,6.903,6.015,19.908,7.894,7.159,5.78,8.025,6,11,33.333,61.111,9.0,9.0,326.0,408.0,91.0,92.3,97.3,96.1,94.2
3d284ca3,2023,PD Salt,Lancashire,2023,11,7,433,581,43.3,105,False,105,2,2,74.527,51,5,234,54.042,9.639,37.905,Middle order,45.455,4.0,18.182,45.455,36.364,0.0,12.024,14.343,9.125,5.218,66.282,5.961,6.897,4.528,10.88,6.352,7.343,8.225,2.153,2,5,18.182,45.455,6.0,5.0,287.0,146.0,77.1,92.3,82.2,80.9,83.1
1e0d4dcb,2022,FJ Bean,Yorkshire,2022,6,3,138,397,23.0,53,False,53,0,1,34.761,21,0,84,60.87,5.29,14.362,Opener,100.0,2.0,100.0,0.0,0.0,0.0,12.212,13.731,11.425,2.306,38.406,5.506,6.856,2.767,7.338,5.872,7.486,6.856,4.831,0,3,0.0,50.0,2.0,4.0,53.0,85.0,78.0,92.2,18.9,87.1,69.0
755a77c6,2014,GS Ballance,Yorkshire,2014,7,5,435,770,62.143,174,False,174,1,3,56.494,53,3,230,52.874,7.273,28.711,Middle order,100.0,5.0,0.0,100.0,0.0,0.0,16.135,16.7,15.404,1.295,58.391,9.273,6.856,7.912,21.805,9.969,7.282,6.302,8.856,1,4,14.286,57.143,4.0,3.0,254.0,181.0,94.5,92.2,70.7,94.3,87.9
4a461c24,2023,LA Dawson,Hampshire,2023,22,14,840,1512,40.0,141,False,141,3,4,55.556,100,4,424,50.476,6.878,29.545,All-rounder / keeper,77.273,6.0,0.0,13.636,77.273,9.091,14.411,17.793,12.217,5.576,48.571,7.001,6.856,4.965,18.147,7.457,7.255,6.438,7.273,5,8,22.727,36.364,10.0,12.0,408.0,432.0,89.3,92.1,89.8,63.9,83.8
bb351c23,2015,MM Ali,Worcestershire,2015,6,3,161,311,32.2,54,False,54,0,1,51.768,23,3,110,68.323,8.36,17.895,Middle order,100.0,3.0,0.0,100.0,0.0,0.0,13.988,16.099,13.164,2.935,32.298,6.043,6.849,2.311,7.843,6.422,7.274,7.843,5.144,1,4,16.667,66.667,2.0,4.0,52.0,109.0,87.4,92.0,78.4,98.0,89.0
399b0b94,2021,CT Bancroft,Durham,2021,8,5,183,470,26.143,46,True,46*,0,0,38.936,24,1,102,55.738,5.319,18.202,Opener,100.0,1.0,100.0,0.0,0.0,0.0,11.641,7.176,14.715,-7.539,25.137,5.54,6.83,2.601,8.369,6.116,7.489,2.781,6.939,2,4,25.0,50.0,4.0,4.0,46.0,137.0,73.9,92.0,92.5,87.1,86.4
8afe73e2,2021,WA Young,Durham,2021,7,4,278,693,39.714,124,False,124,2,0,40.115,33,1,138,49.64,4.906,21.244,Opener,100.0,2.0,100.0,0.0,0.0,0.0,13.508,15.155,6.283,8.872,91.367,8.603,6.821,7.926,18.931,9.161,7.322,10.672,2.97,1,3,14.286,42.857,5.0,2.0,254.0,24.0,84.4,91.9,70.7,75.7,80.7
07c8a2f4,2022,LA Procter,Northamptonshire,2022,23,13,961,2159,53.389,144,True,144*,3,4,44.511,101,8,452,47.034,5.049,24.829,Middle order,86.957,4.0,0.0,86.957,4.348,8.696,14.318,13.224,15.3,-2.076,43.704,7.142,6.792,4.18,15.678,7.643,7.238,4.455,7.412,5,12,21.739,52.174,11.0,12.0,420.0,541.0,89.0,91.8,88.3,90.0,89.8
fd96de7c,2018,JJ Bohannon,Lancashire,2018,8,4,227,488,32.429,78,True,78*,0,2,46.516,32,0,128,56.388,6.557,21.711,All-rounder / keeper,50.0,7.5,0.0,0.0,50.0,50.0,13.808,19.038,11.664,7.374,40.088,6.443,6.781,3.064,9.559,6.905,7.23,9.559,5.39,0,4,0.0,50.0,2.0,6.0,91.0,136.0,85.9,91.8,18.9,87.1,70.9
a510bdd3,2024,EG Barnard,Warwickshire,2024,22,14,840,1467,40.0,165,False,165,2,5,57.26,97,5,418,49.762,6.953,30.916,All-rounder / keeper,63.636,6.0,0.0,36.364,63.636,0.0,12.997,7.878,17.974,-10.096,29.881,6.372,6.779,5.047,16.768,6.75,7.153,3.774,6.796,4,10,18.182,45.455,10.0,12.0,251.0,589.0,82.0,91.7,82.2,80.9,84.2
a510bdd3,2025,EG Barnard,Warwickshire,2025,22,13,922,1471,54.235,177,True,177*,3,4,62.678,116,4,488,52.928,8.158,32.124,All-rounder / keeper,100.0,6.0,0.0,0.0,100.0,0.0,14.605,14.177,14.968,-0.79,44.577,6.684,6.761,3.459,14.949,7.12,7.078,6.311,7.261,4,12,18.182,54.545,10.0,12.0,411.0,511.0,90.0,91.7,82.2,92.4,89.1
c1a89821,2026,NRT Gubbins,Hampshire,2026,24,12,681,1482,28.375,83,False,83,0,4,45.951,105,0,420,61.674,7.085,18.954,Opener,100.0,2.0,100.0,0.0,0.0,0.0,12.91,12.651,13.142,-0.491,46.256,6.504,6.759,1.796,9.192,6.955,7.309,6.633,7.018,3,14,12.5,58.333,12.0,12.0,315.0,366.0,81.6,91.6,65.1,95.0,83.3
73f1f6b0,2024,TA Lammonby,Somerset,2024,25,14,941,1714,39.208,100,False,100,1,5,54.901,125,2,512,54.41,7.41,27.032,Middle order,92.0,3.0,8.0,92.0,0.0,0.0,13.655,7.824,20.863,-13.04,31.668,6.57,6.757,3.553,12.721,7.016,7.23,3.698,9.212,5,11,20.0,44.0,13.0,12.0,298.0,643.0,85.0,91.5,85.2,78.3,85.0
75cbed9b,2016,SS Eskinazi,Middlesex,2016,15,9,609,1195,43.5,157,False,157,2,2,50.962,85,5,370,60.755,7.531,21.629,Middle order,66.667,5.0,20.0,66.667,6.667,6.667,12.246,12.019,12.42,-0.402,42.529,6.682,6.75,5.017,13.652,7.032,7.143,5.876,6.75,1,6,6.667,40.0,6.0,9.0,259.0,350.0,78.2,91.5,46.3,71.0,71.8
755a77c6,2018,GS Ballance,Yorkshire,2018,23,12,906,1503,39.391,194,False,194,3,4,60.279,142,4,592,65.342,9.714,23.139,Middle order,86.957,4.0,0.0,86.957,13.043,0.0,15.839,11.751,20.151,-8.4,38.079,7.731,6.749,5.729,22.558,8.245,7.27,6.749,7.106,7,11,30.435,47.826,12.0,11.0,345.0,561.0,93.6,91.4,96.0,84.1,91.3
fe0c5457,2021,H Hameed,Nottinghamshire,2021,19,11,679,1564,37.722,114,True,114*,2,4,43.414,84,1,342,50.368,5.435,22.786,Opener,100.0,2.0,100.0,0.0,0.0,0.0,13.728,9.199,18.739,-9.54,35.199,7.292,6.748,6.42,23.734,7.752,7.28,5.279,7.795,4,8,21.053,42.105,9.0,10.0,239.0,440.0,85.4,91.3,86.9,74.3,84.5
f41598c1,2022,AN Cook,Essex,2022,25,14,966,2195,42.0,145,False,145,4,2,44.009,124,0,496,51.346,5.649,22.694,Opener,100.0,2.0,100.0,0.0,0.0,0.0,15.702,19.818,11.258,8.561,65.528,8.428,6.744,6.317,20.193,8.971,7.193,10.834,5.984,5,15,20.0,60.0,13.0,12.0,633.0,333.0,93.3,91.3,85.2,95.8,91.4
b8d490fd,2016,AJ Finch,Surrey,2016,6,4,292,322,48.667,110,False,110,1,2,90.683,39,5,186,63.699,13.665,38.129,Middle order,100.0,4.0,0.0,100.0,0.0,0.0,14.349,23.57,9.332,14.238,57.877,7.346,6.743,4.137,12.942,7.756,7.17,9.805,4.888,1,2,16.667,33.333,3.0,3.0,169.0,123.0,89.1,91.2,78.4,56.8,78.9
ba9258a7,2017,TB Abell,Somerset,2017,17,9,462,941,30.8,96,False,96,0,4,49.097,65,2,272,58.874,7.12,21.739,Middle order,94.118,5.0,0.0,94.118,5.882,0.0,12.235,12.932,11.659,1.272,47.835,6.132,6.7,5.417,14.378,6.477,7.04,8.073,4.138,2,7,11.765,41.176,7.0,10.0,221.0,241.0,78.1,91.1,62.5,72.6,76.1
33a6488e,2024,AM Vaughan,Somerset,2024,8,4,236,457,33.714,68,False,68,0,1,51.641,30,1,126,53.39,6.783,25.822,Opener,75.0,2.0,75.0,0.0,25.0,0.0,11.907,9.119,24.054,-14.935,62.288,6.738,6.686,2.884,9.802,7.161,6.934,4.84,9.802,1,4,12.5,50.0,6.0,2.0,147.0,89.0,76.1,91.1,65.1,87.1,79.8
33085ffb,2018,D Elgar,Surrey,2018,9,6,379,814,42.111,110,False,110,1,2,46.56,50,1,206,54.354,6.265,22.674,Middle order,100.0,4.0,0.0,100.0,0.0,0.0,13.326,12.112,14.018,-1.905,32.982,7.534,6.678,4.166,13.767,8.092,7.122,6.678,8.068,1,5,11.111,55.556,3.0,6.0,125.0,254.0,83.9,91.0,60.5,93.1,82.1
4a461c24,2019,LA Dawson,Hampshire,2019,8,5,368,692,46.0,103,False,103,1,3,53.179,37,1,154,41.848,5.491,32.722,All-rounder / keeper,87.5,6.0,0.0,12.5,87.5,0.0,15.188,19.411,3.811,15.6,93.207,8.047,6.646,6.078,14.831,8.567,6.919,10.325,2.505,2,4,25.0,50.0,6.0,2.0,343.0,25.0,92.1,91.0,92.5,87.1,90.7
e94bc520,2018,OJ Pope,Surrey,2018,14,11,846,1372,70.5,158,True,158*,3,1,61.662,125,1,506,59.811,9.184,27.287,All-rounder / keeper,71.429,6.0,0.0,28.571,71.429,0.0,17.043,25.247,11.846,13.401,57.447,8.411,6.644,5.688,19.482,8.972,6.971,15.049,6.047,4,8,28.571,57.143,5.0,9.0,486.0,360.0,96.1,90.8,95.2,94.3,94.1
4b685e2d,2025,DW Lawrence,Surrey,2025,19,13,922,1156,54.235,178,False,178,2,5,79.758,104,16,512,55.531,10.381,39.575,Middle order,68.421,5.0,0.0,68.421,31.579,0.0,13.7,11.948,15.486,-3.538,44.035,6.877,6.644,3.59,12.327,7.289,6.884,5.802,7.613,4,10,21.053,52.632,9.0,10.0,406.0,516.0,85.2,90.9,86.9,90.9,88.5
5056011d,2017,GJ Bailey,Hampshire,2017,14,9,561,925,40.071,161,False,161,2,3,60.649,74,3,314,55.971,8.324,29.127,Middle order,100.0,5.0,0.0,100.0,0.0,0.0,16.256,10.564,21.569,-11.004,31.373,6.808,6.623,4.495,12.413,7.241,7.005,3.202,9.94,4,7,28.571,50.0,7.0,7.0,176.0,385.0,94.7,90.8,95.2,87.1,91.9
922e1b19,2019,Z Crawley,Kent,2019,22,12,807,1343,36.682,111,False,111,2,5,60.089,128,2,524,64.932,9.68,23.331,Opener,100.0,1.0,100.0,0.0,0.0,0.0,13.291,13.815,12.835,0.98,48.327,6.339,6.619,4.278,13.975,6.834,7.07,5.743,7.359,1,9,4.545,40.909,10.0,12.0,390.0,417.0,83.7,90.7,39.5,72.2,71.5
7d5af2ea,2018,KC Brathwaite,Nottinghamshire,2018,6,3,234,569,46.8,71,False,71,0,2,41.125,34,0,136,58.12,5.975,18.318,Opener,100.0,1.0,100.0,0.0,0.0,0.0,16.016,17.156,13.054,4.102,77.35,7.461,6.608,3.079,10.876,8.045,7.257,8.742,4.898,2,4,33.333,66.667,4.0,2.0,181.0,53.0,94.3,90.6,97.3,98.0,95.0
793977d8,2026,JA Tattersall,Leicestershire,2026,9,5,309,665,34.333,112,False,112,1,2,46.466,28,0,112,36.246,4.211,30.926,Middle order,66.667,5.0,0.0,66.667,33.333,0.0,12.316,11.546,12.801,-1.254,36.246,5.704,6.601,3.39,9.63,6.051,7.054,5.448,6.601,2,3,22.222,33.333,4.0,5.0,112.0,197.0,78.7,90.6,89.1,56.8,78.8
ab474682,2014,SJ Croft,Lancashire,2014,16,10,720,1334,55.385,156,False,156,2,4,53.973,78,5,342,47.5,6.222,30.216,Middle order,81.25,5.0,0.0,81.25,18.75,0.0,15.873,15.315,16.232,-0.917,37.778,6.968,6.586,4.477,14.182,7.425,7.048,4.181,7.692,4,10,25.0,62.5,6.0,10.0,272.0,448.0,93.7,90.5,92.5,96.9,93.4
12b610c2,2018,TM Head,Worcestershire,2018,11,6,339,501,33.9,62,False,62,0,2,67.665,56,0,224,66.077,11.178,25.843,Middle order,63.636,5.0,18.182,63.636,18.182,0.0,13.697,14.309,13.086,1.223,52.212,6.696,6.586,2.612,11.091,7.21,7.087,7.683,6.193,2,6,18.182,54.545,6.0,5.0,177.0,162.0,85.1,90.5,82.2,92.4,87.6
f836b33d,2023,T Kohler-Cadmore,Somerset,2023,20,12,735,932,38.684,130,False,130,1,4,78.863,97,19,502,68.299,12.446,28.554,Middle order,100.0,5.0,0.0,100.0,0.0,0.0,12.772,14.295,11.054,3.241,59.32,6.719,6.579,3.126,13.292,7.149,6.897,7.753,5.32,4,7,20.0,35.0,10.0,10.0,436.0,299.0,80.8,90.4,85.2,60.6,79.2
c672e80e,2018,J Clark,Lancashire,2018,14,9,505,809,36.071,82,False,82,0,5,62.423,64,3,274,54.257,8.282,31.132,All-rounder / keeper,71.429,7.0,0.0,0.0,71.429,28.571,14.266,13.755,16.104,-2.349,75.446,6.494,6.568,2.66,9.681,7.052,7.463,6.092,7.977,2,10,14.286,71.429,11.0,3.0,381.0,124.0,88.7,90.3,70.7,98.7,87.1
29ede60b,2018,AL Davies,Lancashire,2018,20,12,610,951,30.5,115,False,115,1,4,64.143,100,1,406,66.557,10.62,24.0,Opener,70.0,2.0,70.0,30.0,0.0,0.0,12.962,11.805,14.618,-2.813,53.607,6.11,6.528,4.006,11.156,6.603,7.139,4.968,8.21,5,10,25.0,50.0,11.0,9.0,327.0,283.0,81.9,90.3,92.5,87.1,87.9
a15618fe,2022,JM Vince,Hampshire,2022,24,14,839,1244,38.136,111,False,111,1,6,67.444,115,6,496,59.118,9.727,30.543,Middle order,87.5,4.0,4.167,87.5,8.333,0.0,12.643,10.619,14.757,-4.137,42.908,6.319,6.523,3.63,12.654,6.711,6.861,4.53,6.721,2,12,8.333,50.0,12.0,12.0,360.0,479.0,79.9,90.2,50.4,87.1,76.9
fe0c5457,2024,H Hameed,Nottinghamshire,2024,26,14,1091,2050,51.952,247,True,247*,3,4,53.22,134,0,536,49.129,6.537,28.967,Opener,100.0,1.0,100.0,0.0,0.0,0.0,15.96,16.751,14.998,1.753,57.562,9.157,6.522,8.654,31.847,9.821,7.253,5.635,6.769,5,16,19.231,61.538,13.0,13.0,628.0,463.0,93.9,90.1,84.0,96.4,91.1
70b8fd28,2014,A Lyth,Yorkshire,2014,19,13,1046,2038,58.111,230,False,230,4,5,51.325,141,5,594,56.788,7.164,23.89,Opener,100.0,1.0,100.0,0.0,0.0,0.0,16.115,12.774,20.662,-7.888,45.698,8.003,6.509,6.076,21.043,8.479,6.707,4.712,11.622,4,10,21.053,52.632,12.0,7.0,478.0,568.0,94.4,90.1,86.9,90.9,90.6
97905e64,2024,RS Patel,Surrey,2024,11,8,519,938,47.182,134,False,134,2,2,55.33,64,7,298,57.418,7.569,25.49,Middle order,63.636,3.0,0.0,63.636,36.364,0.0,14.027,17.747,10.659,7.088,60.116,6.87,6.504,5.557,15.245,7.38,6.942,10.012,5.034,2,7,18.182,63.636,5.0,6.0,312.0,207.0,87.6,90.0,82.2,97.5,89.3
a1b69936,2021,DG Bedingham,Durham,2021,16,10,945,1580,72.692,257,False,257,3,3,59.81,112,8,496,52.487,7.595,30.753,Middle order,93.75,4.0,0.0,93.75,6.25,0.0,22.484,20.587,24.814,-4.227,50.476,9.787,6.491,8.98,25.898,10.475,7.094,5.632,12.914,4,11,25.0,68.75,9.0,7.0,477.0,468.0,99.3,90.0,92.5,98.4,95.1
93e06301,2016,PD Trego,Somerset,2016,24,16,1047,1480,47.591,154,True,154*,2,6,70.743,127,12,580,55.396,9.392,34.825,All-rounder / keeper,79.167,6.0,0.0,16.667,79.167,4.167,14.046,11.528,16.802,-5.275,42.884,7.236,6.455,6.055,23.052,7.677,6.871,6.116,6.771,4,13,16.667,54.167,13.0,11.0,449.0,598.0,87.7,89.9,78.4,92.0,87.0
50c6bc2b,2017,LS Livingstone,Lancashire,2017,18,10,787,1338,49.188,224,False,224,2,3,58.819,97,11,454,57.687,8.072,27.073,Middle order,100.0,3.0,0.0,100.0,0.0,0.0,17.27,20.909,11.946,8.963,71.919,8.43,6.453,8.009,24.082,9.003,6.701,5.248,6.596,4,9,22.222,50.0,10.0,8.0,566.0,221.0,96.7,89.8,89.1,87.1,90.7
57590dbb,2026,PI Walter,Essex,2026,24,13,611,1218,25.458,110,False,110,2,1,50.164,82,2,340,55.646,6.897,23.898,Opener,91.667,2.0,91.667,8.333,0.0,0.0,10.682,6.982,14.006,-7.024,30.933,5.044,6.442,3.465,9.102,5.348,6.852,2.444,7.842,5,9,20.833,37.5,13.0,11.0,189.0,422.0,66.4,89.8,86.5,65.8,77.1
8479a24a,2023,KK Jennings,Lancashire,2023,17,11,794,1603,52.933,189,True,189*,1,5,49.532,107,2,440,55.416,6.8,23.695,Opener,100.0,2.0,100.0,0.0,0.0,0.0,13.871,12.07,15.077,-3.008,34.887,7.99,6.441,4.768,15.441,8.607,6.94,5.354,8.58,4,7,23.529,41.176,7.0,10.0,277.0,517.0,86.6,89.7,90.8,72.6,84.9
90f47cf2,2018,MH Wessels,Nottinghamshire,2018,21,11,556,919,30.889,75,True,75*,0,4,60.501,77,2,320,57.554,8.596,28.095,All-rounder / keeper,100.0,6.0,0.0,0.0,100.0,0.0,10.934,11.33,10.57,0.76,49.64,5.514,6.44,3.154,9.719,5.989,7.031,5.768,6.813,2,8,9.524,38.095,10.0,11.0,276.0,280.0,68.4,89.6,54.8,67.0,70.0
c374f37f,2015,JWA Taylor,Nottinghamshire,2015,21,12,991,1748,49.55,291,False,291,2,5,56.693,115,6,496,50.05,6.922,30.424,Middle order,100.0,4.0,0.0,100.0,0.0,0.0,15.162,8.669,20.108,-11.438,24.723,9.099,6.428,9.584,29.71,9.694,6.808,5.823,6.481,3,10,14.286,47.619,9.0,12.0,245.0,746.0,91.8,89.6,70.7,83.7,83.9
60f4c586,2024,OG Robinson,Durham,2024,20,13,871,1040,48.389,198,False,198,2,5,83.75,105,19,534,61.309,11.923,36.79,Middle order,70.0,5.0,0.0,70.0,25.0,5.0,13.129,8.316,15.91,-7.593,23.192,6.098,6.423,5.102,15.326,6.496,7.097,3.834,7.427,3,8,15.0,40.0,7.0,13.0,202.0,669.0,82.7,89.5,72.9,71.0,79.0
60938c83,2018,AJ Hodd,Yorkshire,2018,6,3,175,330,29.167,85,False,85,0,2,53.03,25,0,100,57.143,7.576,24.59,All-rounder / keeper,83.333,7.0,0.0,0.0,83.333,16.667,12.482,15.761,0.336,15.425,99.429,5.081,6.398,4.432,8.706,5.435,6.937,7.552,0.14,2,2,33.333,33.333,4.0,2.0,174.0,1.0,79.2,89.5,97.3,56.8,80.7
521595e7,2026,JEK Rew,Somerset,2026,18,11,785,1298,46.176,122,False,122,1,8,60.478,95,7,422,53.758,7.858,30.351,Middle order,55.556,4.0,11.111,55.556,33.333,0.0,13.129,15.37,11.348,4.022,51.847,6.935,6.357,4.423,15.097,7.331,6.736,6.48,5.964,2,9,11.111,50.0,7.0,11.0,407.0,378.0,82.7,89.4,60.5,87.1,79.9
ac7fa28f,2017,IJL Trott,Warwickshire,2017,25,13,792,1605,31.68,151,False,151,2,5,49.346,97,1,394,49.747,6.106,26.41,Middle order,96.0,3.0,0.0,96.0,0.0,4.0,13.738,11.218,16.497,-5.279,42.677,6.636,6.356,5.212,16.648,7.015,7.042,2.92,7.77,5,11,20.0,44.0,13.0,12.0,338.0,454.0,85.5,89.3,85.2,78.3,84.6
29ede60b,2017,AL Davies,Lancashire,2017,23,13,890,1599,40.455,140,True,140*,3,3,55.66,137,3,566,63.596,8.755,22.207,Opener,100.0,1.0,100.0,0.0,0.0,0.0,15.001,12.485,18.154,-5.669,46.292,7.639,6.328,6.009,19.36,8.053,6.649,3.69,9.689,4,10,17.391,43.478,11.0,12.0,412.0,478.0,91.3,89.3,80.8,77.2,84.6
29e8a62e,2024,RJ Burns,Surrey,2024,22,14,1073,1967,53.65,227,False,227,3,5,54.55,116,8,512,47.717,6.304,30.44,Opener,95.455,1.0,95.455,4.545,0.0,0.0,17.021,18.855,14.692,4.162,61.976,8.158,6.327,7.58,27.515,8.655,6.705,7.736,3.708,6,13,27.273,59.091,12.0,10.0,665.0,408.0,96.0,89.2,94.5,95.4,93.8
6f049d41,2019,CD Nash,Nottinghamshire,2019,20,11,637,1284,33.526,85,False,85,0,6,49.611,95,0,380,59.655,7.399,21.615,Middle order,100.0,3.0,0.0,100.0,0.0,0.0,14.8,10.495,18.608,-8.113,33.281,6.33,6.319,3.125,13.064,6.864,6.979,4.481,6.653,4,12,20.0,60.0,9.0,11.0,212.0,425.0,90.6,89.1,85.2,95.8,90.2
4531f249,2026,RK Patel,Leicestershire,2026,19,12,696,1102,38.667,164,False,164,1,5,63.158,108,4,456,65.517,10.163,24.242,Opener,100.0,1.0,100.0,0.0,0.0,0.0,12.604,10.236,15.118,-4.882,41.81,5.839,6.303,3.929,11.816,6.217,6.726,5.421,7.901,3,10,15.789,52.632,11.0,8.0,291.0,405.0,79.8,89.1,75.0,90.9,83.7
715941c3,2022,MGK Burgess,Warwickshire,2022,18,11,745,1015,41.389,178,False,178,2,3,73.399,100,14,484,64.966,11.232,28.968,All-rounder / keeper,94.444,7.0,0.0,0.0,94.444,5.556,15.185,18.737,11.896,6.84,59.329,6.699,6.298,6.15,17.764,6.984,6.69,7.022,4.588,4,7,22.222,38.889,8.0,10.0,442.0,303.0,92.0,89.0,89.1,68.7,84.7
3581a798,2021,RM Yates,Warwickshire,2021,23,13,793,1776,37.762,132,True,132*,4,2,44.651,94,3,394,49.685,5.462,23.764,Opener,91.304,2.0,91.304,8.696,0.0,0.0,14.058,20.509,6.582,13.926,78.31,7.512,6.297,6.066,20.816,7.97,6.863,11.213,2.935,6,9,26.087,39.13,12.0,11.0,621.0,172.0,87.8,89.0,93.5,69.5,85.0
72918338,2019,AHT Donald,Hampshire,2019,10,5,262,386,29.111,75,False,75,0,1,67.876,36,3,162,61.832,10.104,28.818,All-rounder / keeper,80.0,6.5,0.0,20.0,80.0,0.0,9.82,7.863,13.921,-6.058,54.198,5.628,6.293,2.894,9.118,6.031,6.721,4.414,8.011,0,4,0.0,40.0,6.0,4.0,142.0,120.0,59.1,88.9,18.9,71.0,59.5
fe0c5457,2025,H Hameed,Nottinghamshire,2025,25,14,1258,2160,66.211,208,False,208,4,5,58.241,171,7,726,57.711,8.241,26.842,Opener,100.0,1.0,100.0,0.0,0.0,0.0,15.993,18.614,13.14,5.474,60.652,8.766,6.289,7.011,21.529,9.319,6.758,7.86,3.614,7,11,28.0,44.0,13.0,12.0,763.0,495.0,94.2,88.8,94.9,78.3,89.0
e94bc520,2025,OJ Pope,Surrey,2025,11,6,410,651,37.273,103,False,103,1,3,62.98,43,4,196,47.805,7.22,35.43,Middle order,100.0,3.0,0.0,100.0,0.0,0.0,12.909,12.417,13.873,-1.457,63.659,6.568,6.271,4.447,12.929,7.053,6.786,6.271,6.845,0,6,0.0,54.545,8.0,3.0,261.0,149.0,81.5,88.8,18.9,92.4,70.4
97e434a6,2025,DP Sibley,Surrey,2025,24,14,1274,2775,60.667,305,False,305,4,6,45.91,130,9,574,45.055,5.009,26.555,Opener,100.0,2.0,100.0,0.0,0.0,0.0,17.212,20.59,13.235,7.354,64.678,8.388,6.254,5.432,21.122,8.877,6.527,6.957,5.918,6,15,25.0,62.5,12.0,12.0,824.0,450.0,96.6,88.7,92.5,96.9,93.7
70b8fd28,2016,A Lyth,Yorkshire,2016,30,16,1133,1993,40.464,202,False,202,4,3,56.849,142,13,646,57.017,7.777,26.496,Opener,100.0,1.0,100.0,0.0,0.0,0.0,13.217,10.846,15.861,-5.015,43.248,7.303,6.248,6.014,25.897,7.739,6.646,6.248,5.954,3,13,10.0,43.333,15.0,15.0,490.0,643.0,83.4,88.6,56.5,76.7,76.3
8af86756,2015,BC Brown,Sussex,2015,27,16,1031,1575,44.826,144,True,144*,4,4,65.46,134,4,560,54.316,8.762,32.777,All-rounder / keeper,88.889,7.0,0.0,0.0,88.889,11.111,13.383,11.832,14.921,-3.089,44.035,6.232,6.243,4.056,12.811,6.712,6.517,5.85,7.245,3,15,11.111,55.556,14.0,13.0,454.0,577.0,84.0,88.6,60.5,93.1,81.6
76cb1a7f,2023,SD Robson,Middlesex,2023,28,14,856,1779,37.217,126,True,126*,3,2,48.117,100,0,400,46.729,5.621,27.159,Opener,82.143,2.0,82.143,14.286,0.0,3.571,14.812,14.175,15.545,-1.37,51.168,6.914,6.239,4.82,15.168,7.365,6.482,5.786,6.692,7,10,25.0,35.714,14.0,14.0,438.0,418.0,90.7,88.5,92.5,62.5,83.6
67b9536c,2021,SR Hain,Warwickshire,2021,25,14,826,2004,35.913,118,False,118,1,6,41.218,92,1,374,45.278,4.641,23.653,Middle order,100.0,4.0,0.0,100.0,0.0,0.0,13.831,12.054,15.659,-3.605,44.189,6.77,6.234,5.832,18.441,7.222,6.699,6.346,3.359,5,12,20.0,48.0,12.0,13.0,365.0,461.0,86.4,88.4,85.2,84.4,86.1
ab474682,2022,SJ Croft,Lancashire,2022,20,14,837,1771,44.053,155,False,155,2,3,47.261,99,3,414,49.462,5.759,25.345,Middle order,100.0,4.0,0.0,100.0,0.0,0.0,12.931,8.879,17.775,-8.895,37.395,6.284,6.23,3.816,14.339,6.709,6.583,5.372,8.152,2,10,10.0,50.0,10.0,10.0,313.0,524.0,81.7,88.4,56.5,87.1,78.4
f41598c1,2019,AN Cook,Essex,2019,24,14,913,2015,45.65,125,False,125,1,7,45.31,117,0,468,51.26,5.806,23.446,Opener,100.0,2.0,100.0,0.0,0.0,0.0,16.585,22.829,9.853,12.976,71.413,8.898,6.215,8.194,23.243,9.501,6.659,10.275,6.023,10,13,41.667,54.167,12.0,12.0,652.0,261.0,95.4,88.3,99.1,92.0,93.7
fe4ebca0,2026,JA Haynes,Nottinghamshire,2026,19,12,845,1343,49.706,159,False,159,3,4,62.919,101,4,428,50.651,7.818,33.683,Middle order,89.474,5.0,0.0,89.474,10.526,0.0,14.095,15.343,12.313,3.03,64.024,7.134,6.207,5.404,15.996,7.499,6.549,9.237,4.117,4,9,21.053,47.368,11.0,8.0,541.0,304.0,87.9,88.3,86.9,83.3,86.6
876dbe2d,2023,DR Mousley,Warwickshire,2023,20,13,571,1000,30.053,94,False,94,0,6,57.1,73,8,340,59.545,8.1,25.136,Middle order,95.0,5.0,0.0,95.0,5.0,0.0,11.971,13.861,10.372,3.489,53.065,5.647,6.198,3.685,10.714,5.966,6.473,6.519,4.911,2,9,10.0,45.0,11.0,9.0,303.0,268.0,76.8,88.2,56.5,80.0,75.4
42ee1d76,2026,CWJ Allison,Essex,2026,24,13,791,1473,35.955,114,False,114,1,4,53.7,99,9,450,56.89,7.332,24.982,Middle order,83.333,4.0,0.0,83.333,16.667,0.0,13.829,15.626,12.214,3.412,53.477,6.799,6.195,3.453,13.418,7.179,6.507,6.195,5.994,4,13,16.667,54.167,13.0,11.0,423.0,368.0,86.2,88.1,78.4,92.0,86.2
3812d56b,2015,MH Yardy,Sussex,2015,17,10,606,1119,35.647,124,False,124,2,3,54.155,91,0,364,60.066,8.132,23.541,Opener,52.941,2.0,52.941,29.412,17.647,0.0,12.594,16.695,8.666,8.029,64.851,6.144,6.183,4.705,12.563,6.541,6.67,6.956,1.358,4,7,23.529,41.176,8.0,9.0,393.0,213.0,79.7,88.1,90.8,72.6,82.8
ea42ddb9,2016,ME Trescothick,Somerset,2016,27,16,1239,2171,51.625,218,False,218,4,4,57.07,193,5,802,64.73,9.12,22.149,Opener,100.0,1.0,100.0,0.0,0.0,0.0,15.83,14.331,17.499,-3.169,47.7,7.699,6.181,6.051,23.765,8.18,6.407,7.327,5.502,6,12,22.222,44.444,14.0,13.0,591.0,648.0,93.5,88.0,89.1,79.1,87.4
f41598c1,2021,AN Cook,Essex,2021,14,9,408,811,29.143,115,False,115,1,2,50.308,61,1,250,61.275,7.645,21.095,Opener,100.0,2.0,100.0,0.0,0.0,0.0,11.542,10.172,12.64,-2.469,39.216,6.798,6.169,4.495,12.931,7.137,6.518,4.944,6.169,4,5,28.571,35.714,6.0,8.0,160.0,248.0,73.4,87.9,95.2,62.5,79.8
331ea488,2014,UT Khawaja,Lancashire,2014,9,5,284,604,31.556,86,False,86,0,3,47.02,37,0,148,52.113,6.126,23.986,Middle order,77.778,3.0,22.222,77.778,0.0,0.0,9.934,5.0,12.929,-7.929,19.014,5.201,6.156,3.106,8.115,5.585,6.592,3.123,6.893,3,4,33.333,44.444,3.0,6.0,54.0,230.0,60.0,87.9,97.3,79.1,81.1
fe4ebca0,2021,JA Haynes,Worcestershire,2021,7,5,295,660,42.143,97,False,97,0,3,44.697,32,1,134,45.424,5.0,25.678,Middle order,100.0,4.0,0.0,100.0,0.0,0.0,16.041,18.664,13.697,4.966,54.915,6.915,6.149,4.453,11.844,7.281,6.385,8.997,3.162,2,5,28.571,71.429,2.0,5.0,162.0,133.0,94.4,87.8,95.2,98.7,94.0
25f7b7d6,2022,T Banton,Somerset,2022,9,6,346,650,38.444,126,False,126,1,2,53.231,41,7,206,59.538,7.385,23.256,Middle order,88.889,4.0,0.0,88.889,11.111,0.0,11.337,10.213,12.184,-1.97,38.728,5.973,6.147,3.099,11.053,6.309,6.49,6.061,6.233,0,3,0.0,33.333,5.0,4.0,134.0,212.0,71.9,87.8,18.9,56.8,58.8
8af86756,2022,BC Brown,Hampshire,2022,20,13,696,1248,38.667,157,False,157,1,4,55.769,85,0,340,48.851,6.811,30.61,All-rounder / keeper,95.0,6.0,0.0,0.0,95.0,5.0,11.899,9.624,14.136,-4.512,40.086,5.482,6.141,3.534,12.53,5.791,6.355,5.026,6.141,3,9,15.0,45.0,10.0,10.0,279.0,417.0,76.0,87.7,72.9,80.0,79.2
f2ab7a69,2014,JA Leaning,Yorkshire,2014,13,9,464,984,42.182,99,False,99,0,4,47.154,47,4,212,45.69,5.183,27.01,Middle order,53.846,4.0,0.0,53.846,46.154,0.0,10.096,10.281,9.877,0.405,55.172,4.951,6.13,3.297,9.763,5.191,6.607,6.667,5.368,1,6,7.692,46.154,8.0,5.0,256.0,208.0,61.1,87.6,48.8,82.1,69.9
d346d939,2018,RA Whiteley,Worcestershire,2018,9,5,309,470,34.333,91,False,91,0,2,65.745,44,3,194,62.783,10.0,27.187,All-rounder / keeper,55.556,7.0,0.0,22.222,55.556,22.222,11.991,16.074,7.498,8.576,70.227,5.899,6.13,3.379,9.343,6.383,6.432,8.226,3.378,3,3,33.333,33.333,6.0,3.0,217.0,92.0,76.9,87.6,97.3,56.8,79.6
fd770945,2026,BT Foakes,Surrey,2026,12,7,487,897,54.111,128,False,128,2,2,54.292,62,3,266,54.62,7.246,26.562,All-rounder / keeper,66.667,6.0,0.0,33.333,66.667,0.0,14.128,7.968,21.433,-13.465,30.595,6.73,6.129,5.443,15.789,7.141,6.53,2.512,12.434,2,4,16.667,33.333,7.0,5.0,149.0,338.0,88.2,87.5,78.4,56.8,77.7
a510bdd3,2021,EG Barnard,Worcestershire,2021,12,9,580,1153,64.444,128,False,128,2,3,50.304,70,0,280,48.276,6.071,27.701,Lower order,91.667,8.0,0.0,0.0,8.333,91.667,15.069,14.754,15.461,-0.707,54.31,6.818,6.118,4.618,12.89,7.201,6.43,6.118,7.307,0,7,0.0,58.333,6.0,6.0,315.0,265.0,91.5,87.4,18.9,95.0,73.2
51e1ed69,2014,SG Borthwick,Durham,2014,23,13,1101,1970,50.045,216,False,216,3,4,55.888,148,4,616,55.949,7.716,26.678,Middle order,95.652,3.0,0.0,95.652,0.0,4.348,15.963,17.834,13.888,3.945,58.765,8.927,6.114,7.509,24.071,9.501,6.519,8.284,5.676,5,9,21.739,39.13,12.0,11.0,647.0,454.0,94.0,87.4,88.3,69.5,84.8
fe0c5457,2016,H Hameed,Lancashire,2016,27,16,1198,3071,49.917,122,False,122,4,7,39.01,144,1,582,48.581,4.722,21.053,Opener,96.296,2.0,96.296,3.704,0.0,0.0,15.625,15.357,15.899,-0.542,49.583,7.387,6.109,4.23,16.797,7.871,6.523,6.109,6.077,6,15,22.222,55.556,13.0,14.0,594.0,604.0,93.1,87.3,89.1,93.1,90.6
abb83e27,2025,JM Bairstow,Yorkshire,2025,19,12,735,1120,45.938,89,False,89,0,7,65.625,96,10,444,60.408,9.464,28.698,Middle order,78.947,5.0,0.0,78.947,21.053,0.0,12.868,7.71,17.36,-9.65,27.891,6.612,6.092,4.859,16.667,7.101,6.49,4.913,8.323,5,10,26.316,52.632,7.0,12.0,205.0,530.0,81.4,87.3,93.8,90.9,88.4
218d4d78,2024,MT Renshaw,Somerset,2024,12,7,414,836,37.636,87,False,87,0,3,49.522,48,3,210,50.725,6.1,25.987,Opener,100.0,1.0,100.0,0.0,0.0,0.0,12.557,12.8,12.354,0.446,46.377,5.621,6.081,2.5,8.677,5.999,6.767,6.081,5.588,1,4,8.333,33.333,5.0,7.0,192.0,222.0,79.5,87.2,50.4,56.8,68.5
ad9c32a2,2015,DJ Malan,Middlesex,2015,15,8,629,1180,48.385,182,True,182*,2,3,53.305,85,0,340,54.054,7.203,26.393,Middle order,100.0,4.0,0.0,100.0,0.0,0.0,17.314,17.963,16.768,1.195,47.377,8.457,6.061,7.361,19.189,8.914,6.344,11.199,4.972,4,7,26.667,46.667,6.0,9.0,298.0,331.0,96.8,87.1,94.0,82.7,90.1
a15618fe,2016,JM Vince,Hampshire,2016,12,7,368,745,30.667,119,False,119,1,1,49.396,55,1,226,61.413,7.517,20.61,Middle order,100.0,3.0,0.0,100.0,0.0,0.0,11.125,14.026,9.201,4.825,50.272,5.47,6.046,3.605,9.683,5.902,6.562,6.158,3.424,1,6,8.333,50.0,6.0,6.0,185.0,183.0,70.1,87.1,50.4,87.1,73.7
1b77f62b,2019,MD Stoneman,Surrey,2019,18,10,575,966,31.944,100,False,100,1,3,59.524,86,1,350,60.87,9.006,25.597,Opener,100.0,2.0,100.0,0.0,0.0,0.0,11.418,11.876,10.987,0.889,50.435,6.438,6.036,4.115,12.424,6.901,6.461,6.855,5.131,3,6,16.667,33.333,8.0,10.0,290.0,285.0,72.8,87.0,78.4,56.8,73.8
f836b33d,2018,T Kohler-Cadmore,Yorkshire,2018,11,6,414,756,46.0,106,False,106,2,2,54.762,53,4,236,57.005,7.54,25.465,Middle order,81.818,5.0,0.0,81.818,18.182,0.0,14.202,15.767,11.477,4.29,70.531,7.313,6.021,6.846,19.377,7.924,6.486,6.021,5.812,2,5,18.182,45.455,8.0,3.0,292.0,122.0,88.4,86.9,82.2,80.9,84.6
1b77f62b,2015,MD Stoneman,Durham,2015,30,15,1039,1527,34.633,131,False,131,3,5,68.042,141,8,612,58.903,9.758,30.987,Opener,100.0,1.0,100.0,0.0,0.0,0.0,13.722,14.844,12.537,2.307,55.534,6.685,6.021,3.807,14.62,7.108,6.456,6.535,5.289,5,14,16.667,46.667,16.0,14.0,577.0,462.0,85.3,86.9,78.4,82.7,83.3
25a42048,2019,T Westley,Essex,2019,23,14,794,1666,36.091,141,False,141,1,3,47.659,114,2,468,58.942,6.963,21.032,Middle order,100.0,3.0,0.0,100.0,0.0,0.0,14.423,9.699,19.517,-9.818,34.887,7.126,6.005,6.07,23.824,7.646,6.316,3.459,7.88,5,12,21.739,52.174,12.0,11.0,277.0,517.0,89.5,86.8,88.3,90.0,88.6
c16d4035,2019,SW Billings,Kent,2019,7,4,366,496,61.0,138,False,138,3,0,73.79,47,2,200,54.645,9.879,37.136,Middle order,100.0,4.0,0.0,100.0,0.0,0.0,20.39,0.484,26.339,-25.854,0.546,8.443,6.004,10.238,21.577,8.964,6.463,0.314,16.573,2,3,28.571,42.857,3.0,4.0,2.0,364.0,98.9,86.8,95.2,75.7,89.1
a15aaa7f,2016,TR Ambrose,Warwickshire,2016,19,14,599,1351,39.933,104,False,104,1,6,44.338,68,1,278,46.411,5.107,25.039,All-rounder / keeper,89.474,6.0,0.0,5.263,89.474,5.263,10.824,12.552,9.242,3.31,55.426,5.175,5.999,3.995,13.235,5.511,6.4,6.816,5.863,2,8,10.526,42.105,10.0,9.0,332.0,267.0,67.7,86.7,58.4,74.3,71.8
a05d0552,2019,JJ Weatherley,Hampshire,2019,13,8,322,744,29.273,66,False,66,0,2,43.28,37,0,148,45.963,4.973,24.611,Opener,100.0,1.0,100.0,0.0,0.0,0.0,9.446,5.374,13.553,-8.179,28.571,6.264,5.969,5.779,18.431,6.903,6.478,1.35,7.381,4,4,30.769,30.769,5.0,8.0,92.0,230.0,56.0,86.6,96.2,51.5,72.6
f836b33d,2015,T Kohler-Cadmore,Worcestershire,2015,6,4,267,437,53.4,130,True,130*,1,1,61.098,30,1,126,47.191,7.094,34.729,Middle order,100.0,5.0,0.0,100.0,0.0,0.0,13.024,14.411,11.919,2.492,49.064,7.438,5.967,8.527,17.711,8.012,6.25,8.91,5.967,1,3,16.667,50.0,2.0,4.0,131.0,136.0,82.4,86.6,78.4,87.1,83.6
4b685e2d,2023,DW Lawrence,Essex,2023,21,11,801,1235,38.143,152,False,152,3,2,64.858,80,15,410,51.186,7.692,34.298,Middle order,95.238,4.0,4.762,95.238,0.0,0.0,14.809,13.016,17.086,-4.07,49.189,7.4,5.967,4.805,16.569,7.833,6.498,5.038,6.589,4,11,19.048,52.381,11.0,10.0,394.0,407.0,90.6,86.5,83.6,90.4,87.8
0d61d8f0,2025,JD Libby,Worcestershire,2025,26,14,1060,2053,44.167,228,True,228*,4,2,51.632,115,4,484,45.66,5.796,29.783,Opener,100.0,2.0,100.0,0.0,0.0,0.0,16.426,16.642,16.267,0.375,43.019,7.536,5.96,6.078,19.095,7.898,6.383,6.277,3.979,6,13,23.077,50.0,14.0,12.0,456.0,604.0,95.1,86.4,90.3,87.1,89.7
e94915e6,2025,SM Curran,Surrey,2025,6,4,307,388,51.167,108,False,108,1,2,79.124,40,3,178,57.98,11.082,37.391,Middle order,100.0,4.0,0.0,100.0,0.0,0.0,14.102,18.372,6.591,11.781,83.062,6.176,5.951,4.456,11.63,6.419,6.14,9.554,2.797,3,3,50.0,50.0,3.0,3.0,255.0,52.0,87.9,86.4,99.7,87.1,90.3
c5f1d2a1,2025,BT Slater,Nottinghamshire,2025,25,14,1000,1853,43.478,124,False,124,1,9,53.967,145,5,610,61.0,8.095,22.901,Opener,100.0,2.0,100.0,0.0,0.0,0.0,12.713,11.125,14.441,-3.317,45.6,6.743,5.95,4.027,14.847,7.163,6.525,4.713,8.344,5,14,20.0,56.0,13.0,12.0,456.0,544.0,80.4,86.3,85.2,93.5,86.4
c5f1d2a1,2021,BT Slater,Nottinghamshire,2021,22,13,793,1760,39.65,114,True,114*,2,5,45.057,107,2,440,55.485,6.193,21.381,Opener,100.0,1.0,100.0,0.0,0.0,0.0,13.206,7.385,19.886,-12.5,29.887,6.786,5.949,5.774,16.772,7.203,6.309,2.273,10.831,6,10,27.273,45.455,11.0,11.0,237.0,556.0,83.3,86.3,94.5,80.9,86.2
5f26f677,2019,BM Duckett,Nottinghamshire,2019,21,11,618,1005,29.429,140,False,140,1,2,61.493,82,8,376,60.841,8.955,26.448,Opener,71.429,2.0,71.429,19.048,9.524,0.0,13.963,10.149,17.165,-7.017,33.172,6.536,5.944,4.774,18.409,7.125,6.606,5.137,6.156,5,11,23.81,52.381,9.0,12.0,205.0,413.0,87.3,86.2,91.2,90.4,88.8
f3982af9,2025,DP Hughes,Sussex,2025,24,13,815,1573,35.435,151,False,151,1,4,51.812,132,0,528,64.785,8.392,19.917,Opener,100.0,1.0,100.0,0.0,0.0,0.0,12.267,14.69,9.793,4.897,60.491,5.954,5.941,3.614,12.5,6.352,6.263,6.116,5.037,5,11,20.833,45.833,12.0,12.0,493.0,322.0,78.3,86.1,86.5,81.7,83.1
e734d090,2024,CN Ackermann,Durham,2024,18,11,743,1466,46.438,186,False,186,2,2,50.682,73,2,304,40.915,5.116,31.56,Middle order,61.111,3.0,0.0,61.111,33.333,5.556,12.872,19.961,9.03,10.93,54.509,6.688,5.925,5.908,17.175,7.164,6.398,5.985,4.58,3,9,16.667,50.0,7.0,11.0,405.0,338.0,81.4,86.1,78.4,87.1,83.2
8728a058,2019,R Clarke,Surrey,2019,20,11,557,966,37.133,88,False,88,0,3,57.66,82,7,370,66.427,9.213,21.323,Lower order,60.0,8.0,0.0,0.0,40.0,60.0,10.127,7.74,12.034,-4.294,33.932,5.559,5.906,2.785,10.025,5.943,6.277,5.906,6.473,1,6,5.0,30.0,8.0,12.0,189.0,368.0,61.4,86.0,41.0,50.0,59.6
42a5c1c7,2025,JH Wharton,Yorkshire,2025,23,14,700,1472,33.333,85,False,85,0,7,47.554,77,6,344,49.143,5.639,25.63,Middle order,100.0,3.0,0.0,100.0,0.0,0.0,10.241,9.201,11.53,-2.328,49.714,5.017,5.905,3.739,11.946,5.331,6.392,6.024,5.787,3,9,13.043,39.13,11.0,12.0,348.0,352.0,62.5,85.9,67.1,69.5,71.2
73f1f6b0,2021,TA Lammonby,Somerset,2021,8,4,228,423,28.5,100,False,100,1,1,53.901,31,3,142,62.281,8.038,22.108,Opener,100.0,2.0,100.0,0.0,0.0,0.0,15.099,21.676,9.535,12.141,65.789,6.567,5.896,4.852,13.103,7.047,6.319,9.54,3.593,1,5,12.5,62.5,4.0,4.0,150.0,78.0,91.7,85.9,65.1,96.9,84.9
76cb1a7f,2015,SD Robson,Middlesex,2015,31,16,891,1628,30.724,178,False,178,1,4,54.73,130,0,520,58.361,7.985,24.766,Opener,100.0,1.0,100.0,0.0,0.0,0.0,11.307,14.084,8.167,5.918,66.105,6.099,5.895,5.211,21.265,6.469,6.378,6.824,3.559,4,14,12.903,45.161,16.0,15.0,589.0,302.0,71.5,85.8,66.7,80.2,76.0
8479a24a,2024,KK Jennings,Lancashire,2024,23,14,1006,1815,45.727,187,True,187*,4,3,55.427,136,7,586,58.25,7.879,25.12,Opener,100.0,2.0,100.0,0.0,0.0,0.0,17.483,24.246,10.998,13.248,67.893,7.811,5.889,7.701,24.967,8.383,6.545,7.692,1.27,7,10,30.435,43.478,12.0,11.0,683.0,323.0,96.9,85.8,96.0,77.2,89.0
c9c0fe50,2021,AZ Lees,Durham,2021,13,8,521,1287,43.417,129,False,129,1,4,40.482,55,2,232,44.53,4.429,23.496,Opener,100.0,1.0,100.0,0.0,0.0,0.0,14.484,20.621,7.103,13.518,77.735,7.222,5.888,6.311,19.695,7.732,6.525,10.371,2.673,4,7,30.769,53.846,7.0,6.0,405.0,116.0,89.6,85.7,96.2,91.7,90.8
d027ba9f,2014,KS Williamson,Yorkshire,2014,9,6,419,810,59.857,189,False,189,1,3,51.728,49,1,202,48.21,6.173,28.553,Middle order,100.0,3.0,0.0,100.0,0.0,0.0,13.778,15.096,8.865,6.231,86.396,6.677,5.882,6.323,17.043,7.031,6.185,6.998,4.766,2,4,22.222,44.444,7.0,2.0,362.0,57.0,85.7,85.6,89.1,79.1,84.9
1957c6b7,2021,LWP Wells,Lancashire,2021,6,4,254,488,42.333,103,False,103,1,1,52.049,45,0,180,70.866,9.221,16.704,Middle order,66.667,3.0,33.333,66.667,0.0,0.0,16.261,12.353,19.274,-6.921,33.071,7.306,5.88,3.658,12.732,7.787,6.223,5.255,9.357,1,4,16.667,66.667,3.0,3.0,84.0,170.0,94.8,85.6,78.4,98.0,89.2
141a340d,2014,J Harrison,Durham,2014,6,3,142,190,47.333,65,False,65,0,1,74.737,21,2,96,67.606,12.105,27.545,Lower order,100.0,9.0,0.0,0.0,0.0,100.0,8.363,11.708,6.882,4.826,42.958,4.298,5.864,3.195,6.408,4.652,6.224,6.408,3.243,0,2,0.0,33.333,2.0,4.0,61.0,81.0,46.6,85.5,18.9,56.8,52.0
bdadf7da,2022,JL Denly,Kent,2022,11,6,448,857,40.727,141,False,141,1,3,52.275,57,3,246,54.911,7.001,25.345,Middle order,81.818,4.0,18.182,81.818,0.0,0.0,15.243,10.838,18.742,-7.905,31.473,7.231,5.862,4.179,15.309,7.875,6.306,4.562,7.839,1,5,9.091,45.455,5.0,6.0,141.0,307.0,92.3,85.4,53.1,80.9,77.9
2baad3bd,2025,LW James,Nottinghamshire,2025,19,13,789,1318,46.412,203,True,203*,2,2,59.863,93,10,432,54.753,7.815,29.383,All-rounder / keeper,84.211,7.0,0.0,0.0,84.211,15.789,11.187,8.869,13.337,-4.468,38.15,5.756,5.861,4.451,17.807,6.082,6.077,3.777,6.552,2,9,10.526,47.368,8.0,11.0,301.0,488.0,70.6,85.4,58.4,83.3,74.4
42a5c1c7,2026,JH Wharton,Yorkshire,2026,18,10,461,1053,25.611,92,False,92,0,3,43.78,54,0,216,46.855,5.128,24.525,Middle order,100.0,4.0,0.0,100.0,0.0,0.0,10.893,6.15,14.257,-8.107,23.427,6.542,5.86,6.123,20.173,7.045,6.377,1.595,8.468,5,8,27.778,44.444,6.0,12.0,108.0,353.0,68.2,85.3,94.8,79.1,81.8
ba9258a7,2019,TB Abell,Somerset,2019,21,12,724,1571,34.476,101,False,101,1,5,46.085,98,1,398,54.972,6.302,22.147,Middle order,52.381,3.0,47.619,52.381,0.0,0.0,14.121,14.825,12.974,1.851,65.055,7.602,5.833,4.939,16.887,8.246,6.256,10.477,5.564,4,12,19.048,57.143,12.0,9.0,471.0,253.0,88.1,85.2,83.6,94.3,87.8
e94bc520,2026,OJ Pope,Surrey,2026,19,11,674,1038,42.125,111,False,111,2,4,64.933,93,4,396,58.754,9.345,29.543,Middle order,78.947,4.0,0.0,78.947,15.789,5.263,11.691,16.473,5.78,10.693,77.893,5.65,5.833,4.233,13.293,6.033,6.233,6.529,2.368,3,8,15.789,42.105,11.0,8.0,525.0,149.0,74.4,85.2,75.0,74.3,77.2
e68dd455,2018,JS Foster,Essex,2018,7,4,165,279,23.571,69,False,69,0,1,59.14,22,1,94,56.97,8.244,27.734,All-rounder / keeper,85.714,7.0,0.0,0.0,85.714,14.286,10.978,10.519,11.436,-0.917,47.879,5.149,5.827,3.524,8.492,5.503,6.194,4.471,5.827,1,2,14.286,28.571,4.0,3.0,79.0,86.0,69.0,85.1,70.7,47.1,68.0
f54dbda7,2024,WMH Rhodes,Warwickshire,2024,23,14,1020,1881,48.571,201,False,201,3,3,54.226,138,2,564,55.294,7.443,26.192,Middle order,91.304,3.0,8.696,91.304,0.0,0.0,15.19,17.232,13.347,3.885,53.824,7.723,5.818,6.865,24.542,8.099,6.228,6.478,5.158,3,10,13.043,43.478,10.0,13.0,549.0,471.0,92.2,85.1,67.1,77.2,80.4
cf494ffe,2017,PR Stirling,Middlesex,2017,13,8,454,648,34.923,111,False,111,1,3,70.062,60,12,312,68.722,11.111,24.653,Middle order,84.615,5.0,0.0,84.615,15.385,0.0,13.825,20.274,11.734,8.54,35.903,6.466,5.807,4.527,13.406,6.862,6.132,9.406,5.009,2,6,15.385,46.154,2.0,11.0,163.0,291.0,86.1,85.0,73.9,82.1,81.8
c96f6ac5,2026,PWA Mulder,Essex,2026,6,4,196,342,49.0,79,True,79*,0,2,57.31,24,1,102,52.041,7.31,29.653,All-rounder / keeper,50.0,6.0,0.0,33.333,50.0,16.667,12.258,15.729,3.688,12.042,91.327,5.938,5.793,3.549,10.0,6.281,6.136,7.667,2.166,1,3,16.667,50.0,5.0,1.0,179.0,17.0,78.3,84.9,78.4,87.1,82.2
e824e6ee,2023,TWM Latham,Surrey,2023,9,5,318,653,39.75,99,False,99,0,3,48.698,40,1,166,52.201,6.279,24.837,Middle order,100.0,3.0,0.0,100.0,0.0,0.0,11.937,8.692,14.361,-5.669,31.132,6.264,5.779,4.192,12.484,6.66,6.159,4.166,5.779,1,3,11.111,33.333,4.0,5.0,99.0,219.0,76.5,84.9,60.5,56.8,69.7
e94915e6,2019,SM Curran,Surrey,2019,8,4,251,411,31.375,80,False,80,0,2,61.071,31,6,160,63.745,9.002,24.332,All-rounder / keeper,100.0,6.0,0.0,0.0,100.0,0.0,10.994,12.302,9.961,2.341,49.402,5.59,5.774,1.616,7.332,6.008,6.255,6.363,4.818,1,4,12.5,50.0,4.0,4.0,124.0,127.0,69.1,84.8,65.1,87.1,76.5
42151725,2022,GK Berg,Northamptonshire,2022,8,5,207,377,29.571,75,False,75,0,2,54.907,23,5,122,58.937,7.427,24.355,Lower order,100.0,9.0,0.0,0.0,0.0,100.0,9.291,7.182,19.231,-12.049,63.768,4.478,5.759,3.464,8.233,4.823,6.151,3.595,8.233,1,3,12.5,37.5,7.0,1.0,132.0,75.0,54.0,84.7,65.1,65.8,67.4
961b8ff1,2025,TP Alsop,Sussex,2025,21,12,485,1115,25.526,82,True,82*,0,4,43.498,61,0,244,50.309,5.471,22.865,Middle order,90.476,4.0,0.0,90.476,9.524,0.0,8.767,11.354,6.462,4.893,61.031,4.449,5.748,2.699,7.74,4.768,6.157,6.478,3.156,3,9,14.286,42.857,9.0,12.0,296.0,189.0,49.5,84.6,70.7,75.7,70.1
087210b1,2021,DJ Vilas,Lancashire,2021,6,4,175,300,35.0,67,False,67,0,1,58.333,19,1,82,46.857,6.667,33.214,Middle order,66.667,5.0,0.0,66.667,33.333,0.0,11.204,17.794,6.122,11.672,69.143,5.276,5.748,2.869,8.0,5.601,6.12,7.523,3.029,1,2,16.667,33.333,3.0,3.0,121.0,54.0,70.9,84.7,78.4,56.8,72.7
81efec30,2017,NLJ Browne,Essex,2017,22,14,952,2111,43.273,221,False,221,1,5,45.097,129,2,528,55.462,6.206,21.414,Opener,100.0,2.0,100.0,0.0,0.0,0.0,15.563,19.01,11.488,7.523,66.176,7.558,5.739,6.247,21.048,7.931,6.13,9.15,5.495,4,14,18.182,63.636,10.0,12.0,630.0,322.0,92.9,84.6,82.2,97.5,89.3
58043739,2016,TT Bresnan,Yorkshire,2016,19,11,722,1513,48.133,142,True,142*,1,5,47.72,83,4,356,49.307,5.75,25.666,All-rounder / keeper,73.684,7.0,0.0,10.526,73.684,15.789,13.433,11.554,15.735,-4.181,47.368,6.467,5.732,4.876,16.458,6.832,6.016,5.294,7.258,4,9,21.053,47.368,11.0,8.0,342.0,380.0,84.2,84.5,86.9,83.3,84.7
ede05b97,2019,HG Kuhn,Kent,2019,22,13,597,965,27.136,95,False,95,0,5,61.865,82,0,328,54.941,8.497,30.464,Middle order,81.818,5.0,0.0,81.818,18.182,0.0,9.18,7.191,10.707,-3.516,34.003,4.585,5.727,2.501,7.739,4.934,6.202,3.44,6.054,0,8,0.0,36.364,10.0,12.0,203.0,394.0,53.1,84.4,18.9,63.9,55.1
8af86756,2026,BC Brown,Hampshire,2026,23,12,614,1034,30.7,103,True,103*,1,4,59.381,72,8,336,54.723,7.737,29.14,All-rounder / keeper,78.261,6.0,0.0,21.739,78.261,0.0,11.867,11.968,11.773,0.194,48.534,5.774,5.716,4.432,14.444,6.175,6.114,5.716,4.239,2,7,8.696,30.435,12.0,11.0,298.0,316.0,75.8,84.4,51.6,50.9,65.7
9679838c,2025,BL D'Oliveira,Worcestershire,2025,21,11,523,1245,24.905,121,False,121,1,2,42.008,57,1,234,44.742,4.659,24.347,All-rounder / keeper,61.905,6.0,0.0,28.571,61.905,9.524,10.408,4.269,14.436,-10.167,16.252,4.671,5.712,3.472,9.626,4.929,6.02,0.922,7.192,2,9,9.524,42.857,10.0,11.0,85.0,438.0,64.2,84.3,54.8,75.7,69.8
ea42ddb9,2018,ME Trescothick,Somerset,2018,18,10,491,949,27.278,100,False,100,1,4,51.739,78,2,324,65.988,8.43,19.217,Opener,100.0,1.0,100.0,0.0,0.0,0.0,10.832,8.123,12.936,-4.813,32.79,5.724,5.71,4.716,14.157,6.118,6.098,1.673,8.403,2,7,11.111,38.889,10.0,8.0,161.0,330.0,67.8,84.2,60.5,68.7,70.3
d4eef961,2021,M de Lange,Somerset,2021,6,3,85,72,14.167,36,False,36,0,0,118.056,8,6,68,80.0,19.444,29.31,Lower order,100.0,10.0,0.0,0.0,0.0,100.0,8.79,6.069,15.636,-9.567,49.412,4.361,5.707,3.868,7.376,4.62,6.043,2.853,7.376,1,2,16.667,33.333,4.0,2.0,42.0,43.0,49.9,84.1,78.4,56.8,67.3
0e0d43b4,2021,SJ Mullaney,Nottinghamshire,2021,21,13,602,1007,28.667,117,False,117,1,2,59.782,88,12,424,70.432,9.93,19.625,All-rounder / keeper,76.19,6.0,0.0,23.81,76.19,0.0,10.435,13.867,6.133,7.734,73.92,5.886,5.707,5.46,18.994,6.265,6.043,6.842,2.447,1,8,4.762,38.095,11.0,10.0,445.0,157.0,64.3,84.1,40.1,67.0,63.9
8fc65c2b,2016,SM Davies,Surrey,2016,26,15,923,1600,38.458,117,False,117,1,5,57.688,124,3,514,55.688,7.938,27.766,Middle order,73.077,5.0,0.0,73.077,26.923,0.0,11.927,13.289,10.522,2.767,56.555,5.988,5.695,4.423,15.448,6.339,6.008,6.0,4.633,3,10,11.538,38.462,13.0,13.0,522.0,401.0,76.4,84.1,62.0,67.8,72.6
035cb925,2014,AG Prince,Lancashire,2014,20,12,736,1306,38.737,257,True,257*,1,1,56.355,73,4,316,42.935,5.896,34.174,Middle order,100.0,4.0,0.0,100.0,0.0,0.0,13.557,18.583,9.823,8.759,58.424,6.295,5.675,5.82,23.364,6.715,6.08,6.343,5.236,1,7,5.0,35.0,9.0,11.0,430.0,306.0,84.6,84.0,41.0,60.6,67.6
3a60e0b5,2018,WD Parnell,Worcestershire,2018,10,5,273,470,39.0,58,True,58*,0,3,58.085,41,3,182,66.667,9.362,21.362,Lower order,90.0,8.0,0.0,0.0,10.0,90.0,12.569,11.013,15.14,-4.128,54.579,6.204,5.672,1.825,8.547,6.781,6.088,5.151,7.11,1,6,10.0,60.0,6.0,4.0,149.0,124.0,79.6,83.9,56.5,95.8,79.0
33085ffb,2025,D Elgar,Essex,2025,18,11,725,1533,40.278,150,False,150,2,2,47.293,93,3,390,53.793,6.262,23.312,Opener,100.0,1.0,100.0,0.0,0.0,0.0,13.421,13.152,13.679,-0.527,48.0,7.339,5.668,5.021,15.576,7.702,6.287,3.071,6.592,1,9,5.556,50.0,8.0,10.0,348.0,377.0,84.2,83.9,42.8,87.1,74.5
8fc65c2b,2018,SM Davies,Somerset,2018,25,14,756,1323,32.87,92,True,92*,0,5,57.143,115,1,466,61.64,8.768,24.027,All-rounder / keeper,88.0,6.0,12.0,0.0,88.0,0.0,11.233,10.668,11.677,-1.009,41.799,5.341,5.666,2.629,10.617,5.65,5.993,2.823,6.067,1,11,4.0,44.0,12.0,13.0,316.0,440.0,71.1,83.8,38.2,78.3,67.8
1732cd55,2025,Z Malik,Warwickshire,2025,15,9,502,837,38.615,142,False,142,2,0,59.976,62,8,296,58.964,8.363,26.858,Middle order,60.0,5.0,0.0,60.0,33.333,6.667,11.399,16.938,8.051,8.887,55.976,5.42,5.639,4.159,13.322,5.76,6.11,8.868,5.013,2,5,13.333,33.333,5.0,10.0,281.0,221.0,72.6,83.7,68.0,56.8,70.3
33085ffb,2026,D Elgar,Essex,2026,24,13,707,1564,30.739,113,False,113,2,2,45.205,102,2,420,59.406,6.65,19.658,Opener,100.0,1.5,100.0,0.0,0.0,0.0,12.36,14.518,10.422,4.096,55.587,6.009,5.638,4.999,16.822,6.373,6.051,6.265,2.938,1,11,4.167,45.833,13.0,11.0,393.0,314.0,78.8,83.7,38.4,81.7,70.6
ac7fa28f,2016,IJL Trott,Warwickshire,2016,24,16,975,1739,44.318,219,True,219*,2,6,56.067,132,1,534,54.769,7.648,27.46,Middle order,95.833,4.0,0.0,95.833,4.167,0.0,15.486,10.283,20.036,-9.753,30.974,6.529,5.633,4.638,17.892,6.917,6.01,3.233,7.112,3,13,12.5,54.167,12.0,12.0,302.0,673.0,92.7,83.6,65.1,92.0,83.4
22176fe7,2015,MJ Richardson,Durham,2015,30,15,893,1455,34.346,96,True,96*,0,5,61.375,125,3,518,58.007,8.797,28.259,Middle order,96.667,5.0,0.0,96.667,3.333,0.0,11.793,9.648,14.057,-4.409,41.993,5.789,5.623,2.282,9.018,6.14,5.831,3.961,7.805,1,19,3.333,63.333,16.0,14.0,375.0,518.0,75.3,83.6,37.7,97.3,73.5
2223b920,2017,KHD Barker,Warwickshire,2017,21,11,534,1053,31.412,70,True,70*,0,6,50.712,80,0,320,59.925,7.597,21.994,Lower order,80.952,8.0,0.0,0.0,19.048,80.952,10.851,10.117,11.7,-1.583,50.0,5.244,5.622,3.603,9.615,5.516,5.998,5.542,6.284,2,8,9.524,38.095,11.0,10.0,267.0,267.0,68.0,83.5,54.8,67.0,68.3
fe0c5457,2023,H Hameed,Nottinghamshire,2023,25,13,674,1394,28.083,97,False,97,0,4,48.35,108,0,432,64.095,7.747,18.818,Opener,100.0,2.0,100.0,0.0,0.0,0.0,10.751,11.016,10.365,0.65,60.831,5.394,5.61,3.844,12.874,5.788,5.877,5.61,4.924,3,10,12.0,40.0,14.0,11.0,410.0,264.0,66.9,83.4,63.1,71.0,71.1
ac7fa28f,2015,IJL Trott,Warwickshire,2015,18,11,451,909,25.056,87,False,87,0,2,49.615,64,1,262,58.093,7.151,22.393,Middle order,100.0,4.0,0.0,100.0,0.0,0.0,10.224,12.473,7.7,4.773,64.523,4.636,5.606,3.114,9.954,5.018,5.857,5.611,2.786,1,9,5.556,50.0,9.0,9.0,291.0,160.0,62.2,83.4,42.8,87.1,68.9
73f1f6b0,2022,TA Lammonby,Somerset,2022,25,14,685,1631,28.542,110,False,110,1,2,41.999,81,3,342,49.927,5.15,22.172,Opener,92.0,2.0,92.0,8.0,0.0,0.0,10.04,10.876,9.297,1.578,50.949,5.324,5.596,3.279,12.727,5.62,5.944,5.405,5.787,3,9,12.0,36.0,13.0,12.0,349.0,336.0,60.6,83.3,63.1,63.1,67.5
0e0d43b4,2015,SJ Mullaney,Nottinghamshire,2015,26,15,819,1527,31.5,112,False,112,1,4,53.635,119,3,494,60.317,7.99,23.132,Opener,61.538,1.0,61.538,38.462,0.0,0.0,10.161,11.813,8.724,3.089,54.09,5.304,5.593,2.799,10.399,5.63,5.973,6.607,4.968,0,11,0.0,42.308,12.0,14.0,443.0,376.0,61.6,83.2,18.9,74.7,59.6
15e375e1,2016,A Harinath,Surrey,2016,21,11,707,1497,35.35,137,False,137,1,4,47.228,97,1,394,55.728,6.546,22.373,Opener,85.714,2.0,85.714,14.286,0.0,0.0,12.602,11.918,13.992,-2.074,63.366,6.309,5.59,5.051,17.219,6.714,5.989,5.695,4.312,3,7,14.286,33.333,13.0,8.0,448.0,259.0,79.8,83.2,70.7,56.8,72.6
ab474682,2017,SJ Croft,Lancashire,2017,15,9,409,779,29.214,115,False,115,1,0,52.503,54,2,228,55.746,7.189,25.035,Middle order,93.333,4.0,0.0,93.333,6.667,0.0,10.921,10.254,11.603,-1.349,47.433,5.431,5.586,3.718,12.921,5.734,5.997,4.503,5.586,3,8,20.0,53.333,6.0,9.0,194.0,215.0,68.3,83.1,85.2,91.5,82.0
9c643d7b,2025,JM Coles,Sussex,2025,24,14,1032,1826,46.909,150,False,150,4,4,56.517,135,7,582,56.395,7.777,26.722,Middle order,95.833,4.0,0.0,95.833,4.167,0.0,15.156,14.547,15.704,-1.157,45.446,7.452,5.583,5.693,19.901,7.933,6.093,5.244,5.922,3,12,12.5,50.0,11.0,13.0,469.0,563.0,91.7,83.1,65.1,87.1,81.8
c5cc48bc,2026,MJJ Critchley,Essex,2026,23,13,860,1391,45.263,173,False,173,1,6,61.826,105,7,462,53.721,8.052,31.118,Middle order,82.609,5.0,0.0,82.609,17.391,0.0,15.873,14.555,17.189,-2.634,45.814,7.193,5.57,6.457,22.038,7.578,5.898,5.57,6.032,5,10,21.739,43.478,13.0,10.0,394.0,466.0,93.7,83.0,88.3,77.2,85.6
4b685e2d,2021,DW Lawrence,Essex,2021,10,7,495,812,55.0,152,True,152*,1,3,60.961,59,7,278,56.162,8.128,29.088,Middle order,100.0,4.0,0.0,100.0,0.0,0.0,16.848,20.712,12.563,8.149,64.646,8.295,5.561,5.796,18.789,8.666,5.682,8.999,5.561,2,7,20.0,70.0,5.0,5.0,320.0,175.0,95.8,82.9,85.2,98.5,90.6
f4427cc6,2023,SM Whiteman,Northamptonshire,2023,21,11,719,1542,37.842,130,True,130*,2,3,46.628,90,3,378,52.573,6.031,23.533,Middle order,100.0,3.0,0.0,100.0,0.0,0.0,16.179,16.194,16.167,0.027,46.036,7.161,5.542,4.679,14.826,7.654,5.812,5.076,7.513,5,11,23.81,52.381,11.0,10.0,331.0,388.0,94.7,82.8,91.2,90.4,89.8
29e8a62e,2017,RJ Burns,Surrey,2017,18,12,874,1773,51.412,219,True,219*,1,7,49.295,111,2,456,52.174,6.373,25.181,Opener,100.0,1.0,100.0,0.0,0.0,0.0,14.179,19.346,10.251,9.095,58.924,7.426,5.542,6.237,22.128,7.737,5.839,5.919,5.138,2,9,11.111,50.0,7.0,11.0,515.0,359.0,88.3,82.7,60.5,87.1,79.6
6b16f8ba,2023,HZ Finch,Kent,2023,10,6,390,820,39.0,114,False,114,1,2,47.561,44,1,182,46.667,5.488,26.839,Middle order,70.0,5.0,0.0,70.0,30.0,0.0,14.706,10.791,20.036,-9.244,42.308,6.298,5.542,3.051,11.692,6.698,5.87,4.716,7.569,3,6,30.0,60.0,5.0,5.0,165.0,225.0,90.4,82.9,95.7,95.8,91.2
f2ab7a69,2022,JA Leaning,Kent,2022,19,11,755,1705,41.944,128,False,128,2,4,44.282,91,3,382,50.596,5.513,23.153,Middle order,94.737,5.0,0.0,94.737,5.263,0.0,13.825,14.135,13.618,0.517,40.927,6.456,5.541,4.523,15.171,6.898,5.905,4.922,7.093,3,8,15.789,42.105,8.0,11.0,309.0,446.0,86.1,82.7,75.0,74.3,79.5
57590dbb,2021,PI Walter,Essex,2021,12,8,368,782,33.455,77,False,77,0,3,47.059,46,3,202,54.891,6.266,22.647,Middle order,100.0,5.0,0.0,100.0,0.0,0.0,10.757,10.097,11.301,-1.204,42.391,5.542,5.533,2.551,10.396,5.809,5.745,4.363,6.188,1,4,8.333,33.333,5.0,7.0,156.0,212.0,67.0,82.6,50.4,56.8,64.2
c654af19,2016,R McLaren,Hampshire,2016,22,14,819,1606,63.0,100,False,100,1,6,50.996,108,6,468,57.143,7.098,23.525,All-rounder / keeper,63.636,7.0,0.0,9.091,63.636,27.273,12.519,13.85,11.379,2.471,51.038,5.694,5.529,2.885,11.379,6.1,6.065,5.78,5.257,2,11,9.091,50.0,11.0,11.0,418.0,401.0,79.2,82.5,53.1,87.1,75.5
3581a798,2026,RM Yates,Warwickshire,2026,21,13,740,1465,38.947,109,False,109,1,5,50.512,108,2,444,60.0,7.509,21.845,Opener,100.0,1.0,100.0,0.0,0.0,0.0,13.005,10.516,15.038,-4.522,36.351,6.337,5.521,4.024,16.342,6.784,5.873,4.117,6.484,3,10,14.286,47.619,10.0,11.0,269.0,471.0,82.2,82.5,70.7,83.7,79.8
ddcd1520,2014,James Middlebrook,Northamptonshire,2014,29,15,764,1648,26.345,87,False,87,0,4,46.359,110,0,440,57.592,6.675,21.066,Opener,89.655,2.0,89.655,3.448,6.897,0.0,11.825,13.521,9.467,4.054,66.492,5.332,5.517,3.096,12.735,5.786,6.061,6.526,4.602,6,11,20.69,37.931,15.0,14.0,508.0,256.0,75.5,82.4,86.3,66.6,77.7
d027ba9f,2018,KS Williamson,Yorkshire,2018,6,3,218,388,36.333,87,False,87,0,3,56.186,33,2,144,66.055,9.021,20.963,Middle order,100.0,3.5,0.0,100.0,0.0,0.0,16.379,24.111,0.232,23.879,99.541,7.031,5.511,7.77,15.449,7.486,5.838,10.48,0.134,3,3,50.0,50.0,4.0,2.0,217.0,1.0,94.9,82.4,99.7,87.1,91.0
bdadf7da,2024,JL Denly,Kent,2024,19,10,620,1101,34.444,110,False,110,1,4,56.312,66,6,300,48.387,6.54,31.098,Middle order,89.474,5.0,0.0,89.474,10.526,0.0,11.861,10.774,13.483,-2.709,54.355,5.86,5.51,4.322,13.204,6.263,5.914,4.046,6.469,4,10,21.053,52.632,12.0,7.0,337.0,283.0,75.6,82.3,86.9,90.9,83.9
f2ab7a69,2017,JA Leaning,Yorkshire,2017,13,9,448,1044,34.462,118,False,118,1,2,42.912,55,5,250,55.804,5.747,20.122,Middle order,92.308,5.0,0.0,92.308,7.692,0.0,13.844,13.403,14.418,-1.015,54.688,6.495,5.508,4.919,13.492,6.839,6.103,5.508,4.23,3,4,23.077,30.769,8.0,5.0,245.0,203.0,86.5,82.2,90.3,51.5,77.6
73f1f6b0,2026,TA Lammonby,Somerset,2026,17,10,615,1035,38.438,95,False,95,0,6,59.42,74,1,302,49.106,7.246,32.604,Middle order,58.824,3.0,41.176,58.824,0.0,0.0,11.353,11.196,11.515,-0.319,50.081,6.382,5.505,4.836,14.577,6.813,5.749,5.844,4.39,3,7,17.647,41.176,8.0,9.0,308.0,307.0,72.1,82.2,81.3,72.6,77.1
f92c9151,2024,TC Bruce,Lancashire,2024,12,7,271,416,24.636,73,False,73,0,1,65.144,31,3,142,52.399,8.173,33.77,Middle order,75.0,5.0,0.0,75.0,25.0,0.0,9.364,9.657,9.015,0.642,56.089,4.822,5.502,3.022,7.834,5.09,5.923,6.023,4.921,1,5,8.333,41.667,7.0,5.0,152.0,119.0,55.2,82.1,50.4,73.4,65.3
33155d1b,2016,IR Bell,Warwickshire,2016,22,15,678,1570,33.9,174,False,174,1,3,43.185,83,0,332,48.968,5.287,23.268,Middle order,95.455,4.0,0.0,95.455,4.545,0.0,11.922,10.93,12.982,-2.052,47.345,5.405,5.493,5.782,23.293,5.758,5.797,5.846,5.329,3,10,13.636,45.455,12.0,10.0,321.0,357.0,76.3,82.0,68.6,80.9,77.0
92205bc7,2026,MG Booth,Warwickshire,2026,7,5,219,332,36.5,70,False,70,0,1,65.964,30,5,150,68.493,10.542,23.232,Lower order,100.0,9.0,0.0,0.0,0.0,100.0,12.966,14.163,12.121,2.042,45.205,5.271,5.49,3.228,9.02,5.637,5.828,6.849,5.097,2,4,28.571,57.143,4.0,3.0,99.0,120.0,81.9,82.0,95.2,94.3,88.4
af294a6c,2014,Craig Cachopa,Sussex,2014,10,5,441,801,49.0,84,False,84,0,5,55.056,69,5,306,69.388,9.238,18.569,Middle order,100.0,4.0,0.0,100.0,0.0,0.0,12.786,19.806,8.31,11.497,60.317,7.199,5.488,3.74,12.661,7.606,5.759,11.005,5.013,0,5,0.0,50.0,4.0,6.0,266.0,175.0,80.9,81.9,18.9,87.1,67.2
7bcde3fe,2014,AM Rossington,Middlesex/Northamptonshire,2014,13,7,430,582,33.077,103,False,103,1,2,73.883,60,8,288,66.977,11.684,27.626,All-rounder / keeper,46.154,6.0,0.0,38.462,46.154,15.385,14.993,20.082,9.687,10.395,68.372,5.755,5.487,5.493,15.288,6.215,5.916,9.197,3.674,3,7,23.077,53.846,5.0,8.0,294.0,136.0,91.3,81.9,90.3,91.7,88.8
11df3dc8,2014,MJ Lumb,Nottinghamshire,2014,20,11,592,1229,29.6,99,False,99,0,3,48.169,81,2,336,56.757,6.753,22.339,Middle order,90.0,3.0,10.0,90.0,0.0,0.0,10.371,8.787,11.972,-3.185,42.568,5.158,5.482,3.238,11.19,5.45,5.65,3.654,7.103,2,8,10.0,40.0,10.0,10.0,252.0,340.0,63.4,81.8,56.5,71.0,68.2
70b8fd28,2019,A Lyth,Yorkshire,2019,25,14,804,1653,34.957,95,False,95,0,7,48.639,107,12,500,62.189,7.199,19.817,Opener,100.0,1.0,100.0,0.0,0.0,0.0,12.324,13.177,11.25,1.928,59.577,6.554,5.481,4.623,18.734,6.957,5.863,4.666,6.297,6,13,24.0,52.0,13.0,12.0,479.0,325.0,78.7,81.7,91.6,89.8,85.4
bdd4bc21,2026,JF Thomas,Somerset,2026,22,12,815,1347,38.81,136,False,136,3,4,60.505,112,3,466,57.178,8.537,28.328,Opener,100.0,1.5,100.0,0.0,0.0,0.0,12.031,13.435,10.621,2.814,55.951,6.816,5.473,6.347,19.475,7.296,5.762,5.473,5.318,4,11,18.182,50.0,10.0,12.0,456.0,359.0,77.2,81.7,82.2,87.1,82.1
ad9c32a2,2017,DJ Malan,Middlesex,2017,16,8,493,887,35.214,115,False,115,1,2,55.581,63,5,282,57.201,7.666,25.763,Middle order,100.0,4.0,0.0,100.0,0.0,0.0,12.279,13.219,11.634,1.585,43.813,6.084,5.469,3.096,13.16,6.397,5.777,4.087,5.81,3,8,18.75,50.0,6.0,10.0,216.0,277.0,78.4,81.6,83.2,87.1,82.6
324a6ee1,2026,OB Cox,Leicestershire,2026,16,10,608,1061,43.429,162,False,162,1,2,57.304,77,2,320,52.632,7.446,29.328,All-rounder / keeper,81.25,7.0,0.0,0.0,81.25,18.75,12.087,10.472,13.603,-3.131,41.941,5.298,5.466,3.184,10.991,5.637,5.755,4.623,5.847,3,8,18.75,50.0,9.0,7.0,255.0,353.0,77.5,81.5,83.2,87.1,82.3
fe4ebca0,2024,JA Haynes,Nottinghamshire,2024,19,13,622,1249,32.737,77,False,77,0,7,49.8,72,2,300,48.232,5.925,27.404,All-rounder / keeper,52.632,6.0,0.0,47.368,52.632,0.0,11.451,11.915,10.823,1.093,59.807,4.895,5.465,2.848,8.852,5.218,5.734,5.465,4.853,2,9,10.526,47.368,10.0,9.0,372.0,250.0,72.9,81.5,58.4,83.3,74.0
2eca67f5,2024,JM Clarke,Nottinghamshire,2024,21,14,917,1662,50.944,213,True,213*,4,4,55.174,113,9,506,55.18,7.341,26.688,Middle order,100.0,4.0,0.0,100.0,0.0,0.0,15.018,11.883,18.298,-6.414,40.458,7.997,5.455,8.173,23.248,8.576,5.86,4.064,9.627,5,11,23.81,52.381,10.0,11.0,371.0,546.0,91.4,81.4,91.2,90.4,88.6
7a32c1c1,2023,ARI Umeed,Somerset,2023,6,4,160,364,32.0,49,False,49,0,0,43.956,22,2,100,62.5,6.593,17.647,Middle order,100.0,4.0,0.0,100.0,0.0,0.0,9.627,7.19,12.533,-5.343,40.625,4.902,5.452,2.473,7.174,5.244,5.757,4.353,5.452,1,2,16.667,33.333,2.0,4.0,65.0,95.0,57.4,81.4,78.4,56.8,68.5
ba9258a7,2024,TB Abell,Somerset,2024,15,8,658,1200,50.615,152,True,152*,3,2,54.833,70,2,292,44.377,6.0,32.447,Middle order,86.667,4.0,13.333,86.667,0.0,0.0,17.078,20.442,12.047,8.395,71.733,6.983,5.446,5.593,15.324,7.335,5.732,10.845,3.483,4,8,26.667,53.333,8.0,7.0,472.0,186.0,96.2,81.3,94.0,91.5,90.8
fd770945,2019,BT Foakes,Surrey,2019,18,10,479,977,28.176,69,False,69,0,4,49.028,64,1,262,54.697,6.653,23.794,Middle order,100.0,5.0,0.0,100.0,0.0,0.0,9.512,10.934,8.173,2.761,55.741,5.541,5.445,3.447,12.627,5.887,5.764,6.823,3.59,3,8,16.667,44.444,8.0,10.0,267.0,212.0,56.6,81.2,78.4,79.1,73.8
793977d8,2022,JA Tattersall,Yorkshire,2022,12,7,480,996,48.0,180,True,180*,1,1,48.193,62,0,248,51.667,6.225,24.839,All-rounder / keeper,58.333,6.0,0.0,33.333,58.333,8.333,16.661,17.575,14.706,2.869,71.875,6.764,5.433,3.408,13.073,7.27,5.932,6.714,4.649,1,6,8.333,50.0,8.0,4.0,345.0,135.0,95.5,81.2,50.4,87.1,78.6
e01aafc1,2014,AN Petersen,Somerset,2014,14,10,604,1099,46.462,155,False,155,1,4,54.959,66,7,306,50.662,6.642,29.045,Middle order,92.857,4.0,0.0,92.857,7.143,0.0,13.354,13.497,13.203,0.294,51.821,6.866,5.432,6.517,21.588,7.222,5.845,7.293,3.571,3,6,21.429,42.857,7.0,7.0,313.0,291.0,83.9,81.1,87.6,75.7,82.1
1957c6b7,2023,LWP Wells,Lancashire,2023,20,13,676,1173,33.8,119,False,119,2,3,57.63,97,10,448,66.272,9.122,21.388,Opener,100.0,1.0,100.0,0.0,0.0,0.0,10.253,14.842,7.226,7.616,57.544,5.5,5.425,4.397,12.647,5.899,5.798,8.55,3.011,1,6,5.0,30.0,8.0,12.0,389.0,287.0,62.6,81.0,41.0,50.0,58.6
755a77c6,2016,GS Ballance,Yorkshire,2016,25,13,780,1589,33.913,132,False,132,2,4,49.087,106,1,430,55.128,6.734,23.617,Middle order,100.0,3.0,0.0,100.0,0.0,0.0,10.818,8.854,13.424,-4.569,46.667,5.929,5.424,4.538,12.994,6.292,5.765,1.302,7.148,6,13,24.0,52.0,13.0,12.0,364.0,416.0,67.6,81.0,91.6,89.8,82.5
a15618fe,2017,JM Vince,Hampshire,2017,17,11,596,1085,35.059,147,False,147,2,1,54.931,91,0,364,61.074,8.387,23.34,Middle order,100.0,4.0,0.0,100.0,0.0,0.0,13.89,16.634,11.393,5.241,57.047,6.198,5.423,4.167,13.548,6.543,5.65,7.338,4.964,1,9,5.882,52.941,8.0,9.0,340.0,256.0,86.9,80.9,44.1,91.3,75.8
270e4c23,2024,MS Pepper,Essex,2024,14,10,523,659,43.583,115,False,115,2,1,79.363,57,8,276,52.772,9.863,41.582,All-rounder / keeper,100.0,7.0,0.0,0.0,100.0,0.0,11.24,12.579,8.816,3.763,72.084,5.712,5.423,4.809,13.839,6.043,5.713,5.423,5.219,1,6,7.143,42.857,9.0,5.0,377.0,146.0,71.2,80.9,47.5,75.7,68.8
33155d1b,2017,IR Bell,Warwickshire,2017,23,12,588,1003,26.727,99,False,99,0,5,58.624,89,2,368,62.585,9.073,24.123,Middle order,100.0,4.0,0.0,100.0,0.0,0.0,11.312,12.306,10.429,1.877,51.19,5.418,5.421,3.578,11.241,5.794,5.77,5.133,5.785,3,9,13.043,39.13,11.0,12.0,301.0,287.0,71.6,80.7,67.1,69.5,72.2
e2caec46,2018,GA Bartlett,Somerset,2018,11,6,306,560,27.818,110,False,110,1,0,54.643,37,3,166,54.248,7.143,26.923,Middle order,100.0,3.0,0.0,100.0,0.0,0.0,9.533,7.417,11.543,-4.126,37.908,4.587,5.421,3.594,9.748,4.852,5.637,5.621,5.222,1,4,9.091,36.364,5.0,6.0,116.0,190.0,56.7,80.8,53.1,63.9,63.6
29ede60b,2014,AL Davies,Lancashire,2014,11,7,359,779,32.636,62,False,62,0,3,46.085,54,1,222,61.838,7.06,18.923,Opener,81.818,2.0,81.818,0.0,9.091,9.091,11.336,12.291,10.799,1.493,38.997,5.797,5.41,3.095,9.331,6.163,5.888,8.149,5.153,3,5,27.273,45.455,4.0,7.0,140.0,219.0,71.8,80.7,94.5,80.9,82.0
23638956,2021,SR Harmer,Essex,2021,11,7,242,610,34.571,82,True,82*,0,2,39.672,21,4,108,44.628,4.098,22.906,Lower order,100.0,8.0,0.0,0.0,0.0,100.0,8.043,4.148,10.394,-6.246,19.421,4.326,5.408,3.567,8.909,4.531,5.706,0.743,5.817,1,4,9.091,36.364,4.0,7.0,47.0,195.0,43.9,80.6,53.1,63.9,60.4
0e0d43b4,2018,SJ Mullaney,Nottinghamshire,2018,20,11,601,1041,30.05,130,False,130,1,4,57.733,80,7,362,60.233,8.357,25.052,Opener,65.0,1.0,65.0,25.0,10.0,0.0,12.916,12.604,13.33,-0.726,55.574,5.62,5.4,3.604,11.959,6.031,5.977,4.598,5.4,2,10,10.0,50.0,11.0,9.0,334.0,267.0,81.7,80.5,56.5,87.1,76.4
864c199e,2017,AC Voges,Middlesex,2017,14,9,402,904,36.545,92,False,92,0,3,44.469,47,0,188,46.766,5.199,24.971,Middle order,100.0,5.0,0.0,100.0,0.0,0.0,10.789,7.795,14.673,-6.879,40.796,5.631,5.398,3.879,10.821,6.005,5.674,3.134,7.858,3,5,21.429,35.714,7.0,7.0,164.0,238.0,67.2,80.4,87.6,62.5,74.4
8af86756,2024,BC Brown,Hampshire,2024,18,13,657,1130,41.062,165,True,165*,2,2,58.142,70,2,292,44.444,6.372,34.499,Middle order,44.444,6.0,0.0,44.444,44.444,11.111,10.783,13.613,7.119,6.494,71.233,5.34,5.398,4.507,17.591,5.616,5.764,6.265,4.17,2,7,11.111,38.889,8.0,10.0,468.0,189.0,67.2,80.4,60.5,68.7,69.2
fd96de7c,2021,JJ Bohannon,Lancashire,2021,6,4,294,622,49.0,170,False,170,1,1,47.267,39,1,162,55.102,6.431,22.68,Middle order,100.0,4.0,0.0,100.0,0.0,0.0,18.822,29.559,10.544,19.015,68.367,8.122,5.387,6.575,17.876,8.621,5.754,11.234,5.01,2,2,33.333,33.333,3.0,3.0,201.0,93.0,98.1,80.4,97.3,56.8,83.2
ec02b798,2014,WTS Porterfield,Warwickshire,2014,23,14,778,1741,35.364,118,False,118,1,5,44.687,107,2,440,56.555,6.261,20.711,Opener,60.87,2.0,60.87,39.13,0.0,0.0,11.766,12.982,10.901,2.081,45.887,6.495,5.385,4.711,16.738,6.903,5.676,5.385,6.205,3,9,13.043,39.13,9.0,14.0,357.0,421.0,75.1,80.3,67.1,69.5,73.0
fd770945,2025,BT Foakes,Surrey,2025,18,11,683,1375,42.688,174,True,174*,1,5,49.673,89,3,374,54.758,6.691,24.084,Middle order,83.333,5.0,0.0,83.333,16.667,0.0,12.088,7.756,17.532,-9.776,35.725,5.914,5.383,4.448,14.696,6.335,5.73,4.129,5.676,3,4,16.667,22.222,10.0,8.0,244.0,439.0,77.6,80.2,78.4,36.3,68.1
961b8ff1,2016,TP Alsop,Hampshire,2016,18,11,654,1342,36.333,117,False,117,1,5,48.733,88,1,358,54.74,6.632,23.623,Middle order,72.222,3.0,16.667,72.222,11.111,0.0,11.526,10.982,12.038,-1.056,46.177,5.815,5.382,3.413,10.393,6.209,5.721,4.084,6.935,2,8,11.111,44.444,11.0,7.0,302.0,352.0,73.3,80.2,60.5,79.1,73.3
9e1b7792,2017,EJ Byrom,Somerset,2017,13,7,320,731,24.615,56,False,56,0,1,43.776,47,0,188,58.75,6.43,19.298,Opener,92.308,2.0,92.308,7.692,0.0,0.0,10.922,11.388,10.536,0.851,47.188,6.107,5.378,2.712,10.701,6.411,5.638,5.955,5.206,1,7,7.692,53.846,5.0,8.0,151.0,169.0,68.4,80.1,48.8,91.7,72.2
4b685e2d,2026,DW Lawrence,Surrey,2026,13,8,788,980,65.667,218,False,218,5,0,80.408,95,16,476,60.406,11.327,35.903,Middle order,100.0,5.0,0.0,100.0,0.0,0.0,16.795,19.085,14.052,5.033,61.929,8.297,5.371,9.398,28.636,8.839,5.71,6.335,5.371,4,5,30.769,38.462,6.0,7.0,488.0,300.0,95.7,80.0,96.2,67.8,84.9
90f47cf2,2015,MH Wessels,Nottinghamshire,2015,28,16,1033,1763,39.731,117,False,117,2,6,58.593,127,7,550,53.243,7.601,29.65,Middle order,71.429,5.0,0.0,71.429,28.571,0.0,11.92,10.973,12.877,-1.904,46.273,6.376,5.369,4.705,18.772,6.778,5.789,4.831,6.661,3,14,10.714,50.0,14.0,14.0,478.0,555.0,76.2,80.0,59.0,87.1,75.6
4a461c24,2015,LA Dawson,Hampshire,2015,23,13,695,1368,34.75,140,False,140,1,1,50.804,88,1,358,51.511,6.506,26.349,Opener,47.826,3.0,47.826,43.478,8.696,0.0,11.804,10.214,14.079,-3.866,50.935,5.517,5.359,4.129,17.456,5.913,5.808,3.092,6.565,2,9,8.696,39.13,14.0,9.0,354.0,341.0,75.3,79.9,51.6,69.5,69.1
b8d490fd,2014,AJ Finch,Yorkshire,2014,6,5,291,404,48.5,110,False,110,1,1,72.03,27,6,144,49.485,8.168,39.623,All-rounder / keeper,83.333,6.0,0.0,16.667,83.333,0.0,12.951,12.036,13.342,-1.306,27.835,6.272,5.357,4.937,13.158,6.643,5.682,4.515,8.875,3,5,50.0,83.333,2.0,4.0,81.0,210.0,81.8,79.8,99.7,99.7,90.2
8f938a32,2024,DJ Bell-Drummond,Kent,2024,26,13,853,1570,35.542,135,False,135,2,5,54.331,109,2,448,52.521,7.07,27.759,Middle order,100.0,3.0,0.0,100.0,0.0,0.0,12.24,12.02,12.474,-0.454,50.645,6.166,5.349,3.989,11.566,6.641,6.042,5.349,7.033,3,10,11.538,38.462,14.0,12.0,432.0,421.0,78.2,79.7,62.0,67.8,71.9
a15347c2,2015,GJ Muchall,Durham,2015,19,10,687,1259,38.167,145,False,145,2,2,54.567,90,3,378,55.022,7.387,26.501,All-rounder / keeper,89.474,6.0,0.0,10.526,89.474,0.0,13.882,9.193,20.307,-11.114,38.282,6.496,5.349,4.75,15.68,6.862,5.69,4.12,9.645,4,8,21.053,42.105,12.0,7.0,263.0,424.0,86.8,79.8,86.9,74.3,82.0
c9c0fe50,2024,AZ Lees,Durham,2024,21,13,924,1710,46.2,145,False,145,4,2,54.035,108,1,438,47.403,6.374,30.356,Opener,100.0,1.0,100.0,0.0,0.0,0.0,13.659,16.211,12.105,4.106,44.913,6.839,5.322,5.351,20.196,7.221,5.565,4.705,5.341,4,11,19.048,52.381,8.0,13.0,415.0,509.0,85.1,79.7,83.6,90.4,84.7
ba9258a7,2018,TB Abell,Somerset,2018,26,14,883,1727,40.136,132,True,132*,1,5,51.129,124,2,508,57.531,7.296,23.423,Middle order,96.154,5.0,0.0,96.154,3.846,0.0,12.801,12.332,13.19,-0.858,43.715,6.234,5.321,3.654,12.045,6.588,5.657,5.257,5.385,2,13,7.692,50.0,13.0,13.0,386.0,497.0,81.2,79.6,48.8,87.1,74.2
4ec07775,2017,RN ten Doeschate,Essex,2017,17,12,659,1077,41.188,168,True,168*,1,4,61.188,86,4,368,55.842,8.357,29.483,All-rounder / keeper,82.353,6.0,0.0,5.882,82.353,11.765,13.647,12.374,15.362,-2.988,52.049,6.538,5.319,5.754,16.667,6.811,5.478,5.67,3.153,3,10,17.647,58.824,9.0,8.0,343.0,316.0,84.9,79.5,81.3,95.2,85.2
ad46c747,2026,DM Bess,Yorkshire,2026,20,12,525,913,35.0,80,True,80*,0,1,57.503,68,4,296,56.381,7.886,27.229,Lower order,100.0,8.0,0.0,0.0,0.0,100.0,10.04,8.427,11.834,-3.406,44.19,5.584,5.311,3.325,11.869,6.036,5.694,5.364,4.856,2,7,10.0,35.0,8.0,12.0,232.0,293.0,60.6,79.5,56.5,60.6,64.3
1ab18b25,2025,AGH Orr,Hampshire,2025,9,5,223,461,24.778,48,False,48,0,0,48.373,31,2,136,60.987,7.158,20.327,Opener,100.0,1.0,100.0,0.0,0.0,0.0,10.382,15.926,6.204,9.722,65.919,5.103,5.289,3.139,9.569,5.329,5.644,7.59,4.232,1,2,11.111,22.222,4.0,5.0,147.0,76.0,63.8,79.4,60.5,36.3,60.0
9e707e02,2026,KS Carlson,Glamorgan,2026,23,12,778,1482,35.364,209,False,209,1,5,52.497,102,4,432,55.527,7.152,25.145,Middle order,100.0,3.0,0.0,100.0,0.0,0.0,14.959,11.442,18.168,-6.726,36.504,6.683,5.281,5.972,20.837,7.189,5.672,4.011,6.866,3,10,13.043,43.478,12.0,11.0,284.0,494.0,91.1,79.3,67.1,77.2,78.7
9e85455c,2022,MS Harris,Gloucestershire,2022,17,9,726,1297,42.706,159,False,159,3,2,55.975,106,5,454,62.534,8.558,22.934,Opener,100.0,2.0,100.0,0.0,0.0,0.0,15.921,16.049,15.752,0.297,57.3,7.851,5.279,6.122,20.431,8.466,5.778,5.279,5.248,3,6,17.647,35.294,9.0,8.0,416.0,310.0,93.8,79.3,81.3,61.6,79.0
f05fe9b1,2016,JA Simpson,Middlesex,2016,23,16,779,1544,43.278,100,True,100*,1,7,50.453,105,12,492,63.158,7.578,20.112,All-rounder / keeper,69.565,6.0,0.0,30.435,69.565,0.0,9.778,9.091,10.472,-1.381,46.727,5.245,5.277,3.727,12.225,5.547,5.516,4.398,5.632,1,8,4.348,34.783,11.0,12.0,364.0,415.0,58.8,79.2,38.9,60.0,59.2
d1c36f5c,2016,JJ Roy,Surrey,2016,19,11,745,1021,39.211,120,False,120,2,3,72.968,115,0,460,61.745,11.263,31.457,Middle order,94.737,5.0,0.0,94.737,5.263,0.0,12.651,13.43,12.292,1.138,33.423,5.83,5.276,5.386,16.968,6.161,5.732,6.943,4.915,3,10,15.789,52.632,6.0,13.0,249.0,496.0,80.0,79.2,75.0,90.9,81.3
71647ced,2016,AJA Wheater,Hampshire,2016,21,12,802,1307,47.176,204,True,204*,2,3,61.362,105,5,450,56.11,8.416,29.407,Middle order,47.619,6.0,0.0,47.619,47.619,4.762,12.68,8.626,15.657,-7.031,28.803,6.716,5.275,5.371,21.959,7.224,5.625,4.679,5.746,4,11,19.048,52.381,9.0,12.0,231.0,571.0,80.3,79.1,83.6,90.4,83.4
18fac429,2016,SR Patel,Nottinghamshire,2016,28,16,957,1597,34.179,124,False,124,2,6,59.925,120,15,570,59.561,8.453,26.471,All-rounder / keeper,92.857,6.0,0.0,7.143,92.857,0.0,13.246,14.224,11.497,2.727,68.861,6.103,5.274,4.635,15.44,6.483,5.578,6.872,3.661,4,12,14.286,42.857,15.0,13.0,659.0,298.0,83.4,79.0,70.7,75.7,77.2
ad962377,2015,WR Smith,Hampshire,2015,30,16,859,2284,34.36,93,False,93,0,6,37.609,104,2,428,49.825,4.641,19.789,Middle order,93.333,5.0,0.0,93.333,6.667,0.0,11.144,13.091,9.328,3.763,56.694,5.604,5.274,3.093,11.954,6.005,5.677,5.371,5.121,4,14,13.333,46.667,14.0,16.0,487.0,372.0,70.2,79.0,68.0,82.7,75.0
97905e64,2026,RS Patel,Surrey,2026,8,5,209,432,26.125,67,False,67,0,2,48.38,26,0,104,49.761,6.019,25.862,Middle order,75.0,3.0,0.0,75.0,12.5,12.5,9.016,10.518,8.447,2.071,32.057,3.987,5.267,2.592,6.243,4.257,5.593,5.267,4.133,0,2,0.0,25.0,2.0,6.0,67.0,142.0,51.6,78.9,18.9,40.4,47.4
c834c290,2023,JL Smith,Surrey,2023,19,13,736,1127,40.889,138,False,138,2,4,65.306,104,9,470,63.859,10.027,26.233,Middle order,73.684,4.0,5.263,73.684,21.053,0.0,13.115,9.03,16.509,-7.479,31.25,6.223,5.267,4.924,14.966,6.641,5.63,3.106,5.549,3,7,15.789,36.842,8.0,11.0,230.0,506.0,82.6,78.9,75.0,64.7,75.3
cca50cd6,2015,LJ Wright,Sussex,2015,28,16,1210,1782,46.538,226,True,226*,2,8,67.901,177,19,822,67.934,10.999,24.464,Middle order,53.571,5.0,0.0,53.571,46.429,0.0,14.767,12.353,16.892,-4.539,39.174,7.174,5.266,6.022,23.615,7.626,5.707,4.326,7.039,6,14,21.429,50.0,14.0,14.0,474.0,736.0,90.5,78.8,87.6,87.1,86.0
8cbcff3b,2023,JM De Caires,Middlesex,2023,14,8,317,594,28.818,49,False,49,0,0,53.367,36,3,162,51.104,6.566,27.928,Lower order,71.429,8.0,0.0,0.0,28.571,71.429,10.07,8.643,11.338,-2.695,40.379,4.51,5.261,1.811,6.293,4.756,5.584,5.369,5.152,1,7,7.143,50.0,6.0,8.0,128.0,189.0,61.0,78.7,47.5,87.1,68.6
bdadf7da,2014,JL Denly,Middlesex,2014,12,7,312,652,26.0,70,False,70,0,3,47.853,43,1,178,57.051,6.748,22.039,Middle order,75.0,5.0,0.0,75.0,25.0,0.0,8.089,4.221,8.927,-4.706,9.295,4.291,5.251,2.197,6.986,4.484,5.535,2.515,5.465,1,3,8.333,25.0,2.0,10.0,29.0,283.0,44.5,78.7,50.4,40.4,53.5
d70473e8,2026,AJ Neal,Hampshire,2026,8,4,150,262,18.75,47,False,47,0,0,57.252,17,6,104,69.333,8.779,19.247,Lower order,62.5,8.0,0.0,0.0,37.5,62.5,9.512,9.233,9.737,-0.504,43.333,5.061,5.25,3.262,8.696,5.442,5.698,3.715,6.407,0,3,0.0,37.5,4.0,4.0,65.0,85.0,56.6,78.6,18.9,65.8,55.0
cf494ffe,2014,PR Stirling,Middlesex,2014,8,5,235,429,33.571,66,True,66*,0,2,54.779,33,1,138,58.723,7.925,24.557,All-rounder / keeper,75.0,7.0,0.0,25.0,75.0,0.0,9.627,8.758,10.136,-1.378,33.617,3.999,5.24,2.46,6.238,4.204,5.707,3.911,5.567,1,3,12.5,37.5,3.0,5.0,79.0,156.0,57.5,78.5,65.1,65.8,66.7
211de69f,2021,Azhar Ali,Somerset,2021,6,3,177,398,29.5,60,False,60,0,2,44.472,23,1,98,55.367,6.03,21.123,Middle order,100.0,3.0,0.0,100.0,0.0,0.0,14.484,22.03,10.758,11.272,50.282,6.841,5.233,3.634,11.001,7.352,5.676,11.001,4.76,2,4,33.333,66.667,2.0,4.0,89.0,88.0,89.6,78.5,97.3,98.0,90.8
25a42048,2018,T Westley,Essex,2018,21,12,533,1121,26.65,110,True,110*,1,2,47.547,83,0,332,62.289,7.404,19.364,Middle order,95.238,3.0,4.762,95.238,0.0,0.0,10.172,8.274,12.882,-4.608,47.842,4.96,5.226,3.634,12.245,5.386,5.565,4.89,5.561,2,8,9.524,38.095,12.0,9.0,255.0,278.0,61.7,78.4,54.8,67.0,65.5
270e4c23,2025,MS Pepper,Essex,2025,21,14,816,1411,42.947,140,False,140,3,3,57.831,99,7,438,53.676,7.512,28.966,All-rounder / keeper,95.238,6.0,0.0,0.0,95.238,4.762,12.092,13.49,10.471,3.019,59.926,6.164,5.223,4.854,16.615,6.484,5.542,9.045,4.541,3,9,14.286,42.857,10.0,11.0,489.0,327.0,77.7,78.3,70.7,75.7,75.6
4a461c24,2018,LA Dawson,Hampshire,2018,15,9,338,621,26.0,72,False,72,0,1,54.428,30,2,132,39.053,5.153,34.975,Lower order,60.0,8.0,0.0,0.0,40.0,60.0,9.433,12.463,6.67,5.793,63.018,4.793,5.223,3.034,9.982,5.196,5.493,6.095,1.592,1,5,6.667,33.333,6.0,9.0,213.0,125.0,55.8,78.3,46.3,56.8,59.3
06c2de82,2022,L Gregory,Somerset,2022,18,11,532,888,35.467,110,True,110*,1,3,59.91,52,14,292,54.887,7.432,29.197,All-rounder / keeper,72.222,7.0,0.0,5.556,72.222,22.222,9.48,8.662,10.563,-1.902,52.068,4.746,5.222,3.713,9.557,5.058,5.421,2.467,6.073,2,6,11.111,33.333,12.0,6.0,277.0,255.0,56.4,78.2,60.5,56.8,63.0
50c6bc2b,2016,LS Livingstone,Lancashire,2016,23,15,815,1405,50.938,108,True,108*,2,6,58.007,89,8,404,49.571,6.904,31.422,All-rounder / keeper,73.913,7.0,0.0,21.739,73.913,4.348,11.706,11.824,11.608,0.216,45.89,5.576,5.216,3.607,13.566,5.891,5.541,5.846,5.021,5,13,21.739,56.522,9.0,14.0,374.0,441.0,74.6,78.2,88.3,93.8,83.7
be4cefab,2014,CMW Read,Nottinghamshire,2014,20,13,699,1209,43.688,96,False,96,0,5,57.816,96,4,408,58.369,8.271,26.24,All-rounder / keeper,75.0,7.0,0.0,0.0,75.0,25.0,11.888,9.517,14.261,-4.744,40.057,5.599,5.191,3.492,12.5,5.925,5.564,3.837,6.952,2,8,10.0,40.0,10.0,10.0,280.0,419.0,76.0,78.1,56.5,71.0,70.4
1d2f290a,2021,JA Thompson,Yorkshire,2021,7,4,175,346,25.0,57,False,57,0,1,50.578,25,4,124,70.857,8.382,16.088,All-rounder / keeper,57.143,7.0,0.0,0.0,57.143,42.857,11.24,15.009,9.277,5.732,45.714,6.071,5.184,2.524,9.777,6.501,5.655,6.957,5.184,1,3,14.286,42.857,3.0,4.0,80.0,95.0,71.1,78.0,70.7,75.7,73.9
fe0c5457,2017,H Hameed,Lancashire,2017,20,11,513,1523,30.176,88,False,88,0,3,33.684,62,2,260,50.682,4.202,17.341,Opener,95.0,2.0,95.0,5.0,0.0,0.0,10.484,8.274,12.381,-4.107,36.452,6.248,5.181,5.253,17.886,6.641,5.362,3.303,6.685,4,7,20.0,35.0,8.0,12.0,187.0,326.0,64.6,78.0,85.2,60.6,72.1
fd96de7c,2024,JJ Bohannon,Lancashire,2024,23,14,803,1529,34.913,205,False,205,1,3,52.518,100,7,442,55.044,6.998,25.387,Middle order,100.0,3.0,0.0,100.0,0.0,0.0,13.956,12.78,15.083,-2.304,44.832,8.162,5.181,9.999,38.71,8.676,5.648,5.662,2.999,2,11,8.696,47.826,12.0,11.0,360.0,443.0,87.3,77.9,51.6,84.1,75.2
07c8a2f4,2016,LA Procter,Lancashire,2016,25,16,822,1948,34.25,137,False,137,2,3,42.197,101,2,416,50.608,5.287,22.005,Middle order,88.0,3.0,8.0,88.0,4.0,0.0,11.176,14.004,8.529,5.476,60.584,5.202,5.176,4.826,16.748,5.595,5.453,5.862,3.67,4,9,16.0,36.0,11.0,14.0,498.0,324.0,70.4,77.8,75.9,63.1,71.8
8fc65c2b,2019,SM Davies,Somerset,2019,21,12,554,1148,27.7,109,False,109,1,3,48.258,80,2,332,59.928,7.143,20.826,All-rounder / keeper,66.667,6.0,33.333,0.0,66.667,0.0,10.806,8.782,14.103,-5.321,50.361,5.172,5.175,3.401,11.052,5.57,5.629,4.735,6.308,3,6,14.286,28.571,12.0,9.0,279.0,275.0,67.4,77.8,70.7,47.1,65.8
961b8ff1,2018,TP Alsop,Hampshire,2018,14,8,397,1019,30.538,99,False,99,0,4,38.96,53,1,218,54.912,5.299,18.549,Middle order,50.0,5.5,0.0,50.0,50.0,0.0,11.028,12.891,9.92,2.971,43.577,5.71,5.167,2.907,10.323,6.181,5.389,5.966,4.368,2,6,14.286,42.857,5.0,9.0,173.0,224.0,69.3,77.7,70.7,75.7,73.4
1d2f290a,2025,JA Thompson,Yorkshire,2025,11,8,323,498,32.3,70,False,70,0,3,64.859,43,8,220,68.111,10.241,23.043,Lower order,100.0,9.0,0.0,0.0,0.0,100.0,10.968,9.967,12.601,-2.633,56.347,5.039,5.157,3.071,9.913,5.428,5.469,5.157,5.745,1,6,9.091,54.545,6.0,5.0,182.0,141.0,68.7,77.7,53.1,92.4,73.0
4a461c24,2025,LA Dawson,Hampshire,2025,16,10,555,984,39.643,139,False,139,1,2,56.402,64,6,292,52.613,7.114,28.775,All-rounder / keeper,93.75,6.0,0.0,6.25,93.75,0.0,14.115,13.211,15.602,-2.391,58.198,6.22,5.156,4.247,12.556,6.555,5.479,6.291,4.326,2,8,12.5,50.0,10.0,6.0,323.0,232.0,88.0,77.6,65.1,87.1,79.4
97e434a6,2022,DP Sibley,Warwickshire,2022,25,14,935,2255,42.5,142,True,142*,3,5,41.463,104,0,416,44.492,4.612,24.128,Opener,100.0,2.0,100.0,0.0,0.0,0.0,13.982,11.102,17.12,-6.018,41.39,7.079,5.15,6.013,21.279,7.512,5.392,4.464,6.189,5,14,20.0,56.0,12.0,13.0,387.0,548.0,87.4,77.5,85.2,93.5,85.9
3987e390,2021,MJ Leach,Somerset,2021,6,3,133,260,22.167,49,False,49,0,0,51.154,19,1,82,61.654,7.692,21.25,Lower order,100.0,9.0,0.0,0.0,0.0,100.0,12.025,15.625,10.758,4.867,33.835,5.359,5.146,0.674,6.114,5.718,5.455,6.114,4.982,0,3,0.0,50.0,2.0,4.0,45.0,88.0,77.2,77.5,18.9,87.1,65.2
715941c3,2024,MGK Burgess,Warwickshire,2024,19,13,745,1202,43.824,147,False,147,2,3,61.98,75,12,372,49.933,7.238,33.453,Lower order,63.158,8.0,0.0,0.0,36.842,63.158,13.635,12.661,14.449,-1.788,42.282,5.852,5.144,4.401,12.805,6.153,5.309,6.87,3.883,2,11,10.526,57.895,9.0,10.0,315.0,430.0,84.8,77.4,58.4,94.8,78.8
1b77f62b,2014,MD Stoneman,Durham,2014,24,14,809,1259,33.708,187,False,187,2,4,64.257,106,4,448,55.377,8.737,31.419,Opener,95.833,1.0,95.833,4.167,0.0,0.0,11.186,14.305,8.047,6.259,64.153,5.944,5.137,5.617,18.927,6.331,5.566,5.495,3.23,1,7,4.167,29.167,12.0,12.0,519.0,290.0,70.6,77.3,38.4,48.4,58.7
ad9c32a2,2014,DJ Malan,Middlesex,2014,20,11,807,1669,42.474,154,True,154*,1,3,48.352,120,1,486,60.223,7.25,20.736,Middle order,90.0,3.0,10.0,90.0,0.0,0.0,14.564,21.775,11.665,10.11,42.875,7.174,5.134,4.795,16.565,7.526,5.412,11.907,4.848,4,11,20.0,55.0,5.0,15.0,346.0,461.0,89.8,77.3,85.2,92.7,86.2
71440756,2015,P Coughlin,Durham,2015,9,5,207,338,25.875,64,False,64,0,2,61.243,28,1,118,57.005,8.58,28.803,Lower order,100.0,8.0,0.0,0.0,0.0,100.0,8.367,10.736,7.763,2.973,26.087,4.007,5.12,2.071,6.095,4.275,5.401,6.095,3.487,0,3,0.0,33.333,2.0,7.0,54.0,153.0,46.6,77.2,18.9,56.8,49.9
43501c0d,2015,AW Gale,Yorkshire,2015,23,14,972,1765,42.261,164,False,164,3,3,55.071,131,0,524,53.909,7.422,27.417,Middle order,100.0,4.0,0.0,100.0,0.0,0.0,13.811,15.514,11.276,4.238,67.181,6.985,5.117,6.0,17.371,7.489,5.429,7.949,3.007,6,9,26.087,39.13,14.0,9.0,653.0,319.0,86.0,77.2,93.5,69.5,81.6
f2ab7a69,2018,JA Leaning,Yorkshire,2018,16,8,371,1123,26.5,68,False,68,0,2,33.037,45,0,180,48.518,4.007,17.718,All-rounder / keeper,68.75,6.0,0.0,31.25,68.75,0.0,9.636,5.695,12.433,-6.739,24.528,5.212,5.11,2.964,9.524,5.474,5.427,3.636,5.919,1,8,6.25,50.0,6.0,10.0,91.0,280.0,57.6,77.1,45.3,87.1,66.8
0207ff32,2026,TJ Prest,Hampshire,2026,19,10,441,846,23.211,55,False,55,0,2,52.128,56,1,230,52.154,6.738,26.743,Middle order,89.474,3.0,0.0,89.474,10.526,0.0,9.848,11.887,7.842,4.044,59.864,5.009,5.101,2.791,8.889,5.359,5.385,5.217,2.329,2,6,10.526,31.579,10.0,9.0,264.0,177.0,59.3,77.0,58.4,52.8,61.9
c96a215f,2016,JS Lehmann,Yorkshire,2016,8,5,384,581,54.857,116,False,116,1,2,66.093,51,0,204,53.125,8.778,33.962,Middle order,100.0,5.0,0.0,100.0,0.0,0.0,16.587,17.061,15.813,1.248,63.802,8.41,5.096,5.635,16.994,8.908,5.436,5.096,7.442,2,7,25.0,87.5,5.0,3.0,245.0,139.0,95.4,77.0,92.5,99.9,91.2
f2ab7a69,2015,JA Leaning,Yorkshire,2015,22,13,737,1526,36.85,116,False,116,2,2,48.296,94,4,400,54.274,6.422,23.599,Middle order,72.727,5.0,0.0,72.727,27.273,0.0,11.088,11.812,10.11,1.703,61.194,5.741,5.085,4.196,12.911,6.149,5.396,5.085,4.324,1,10,4.545,45.455,13.0,9.0,451.0,286.0,69.9,76.9,39.5,80.9,66.8
bdadcca1,2026,TJ Haines,Sussex,2026,21,11,572,922,30.105,67,False,67,0,5,62.039,93,0,372,65.035,10.087,24.125,Opener,100.0,2.0,100.0,0.0,0.0,0.0,10.145,11.948,8.977,2.971,46.329,5.632,5.085,4.243,15.89,6.085,5.654,5.085,3.596,5,9,23.81,42.857,9.0,12.0,265.0,307.0,61.5,76.9,91.2,75.7,76.3
7081848a,2025,GH Roderick,Worcestershire,2025,26,14,722,1557,28.88,151,False,151,1,4,46.371,89,1,362,50.139,5.78,24.54,Opener,73.077,1.0,73.077,3.846,23.077,0.0,11.189,9.964,12.093,-2.129,37.812,5.382,5.083,4.399,14.505,5.641,5.348,2.591,5.277,5,12,19.231,46.154,14.0,12.0,273.0,449.0,70.7,76.8,84.0,82.1,78.4
29e8a62e,2022,RJ Burns,Surrey,2022,23,14,842,1684,40.095,132,False,132,3,2,50.0,107,3,446,52.969,6.532,25.159,Opener,100.0,1.0,100.0,0.0,0.0,0.0,11.316,10.298,12.232,-1.934,43.112,5.731,5.079,4.225,13.425,6.142,5.291,3.871,6.287,7,10,30.435,43.478,11.0,12.0,363.0,479.0,71.6,76.7,96.0,77.2,80.4
10435ca2,2022,CDJ Dent,Gloucestershire,2022,19,10,714,1616,39.667,207,True,207*,2,4,44.183,99,1,402,56.303,6.188,20.58,Opener,100.0,2.0,100.0,0.0,0.0,0.0,13.932,19.434,8.363,11.071,70.168,7.11,5.076,6.186,19.79,7.657,5.473,10.794,4.712,3,9,15.789,47.368,9.0,10.0,501.0,213.0,87.1,76.6,75.0,83.3,80.5
819ae1ad,2022,FS Organ,Hampshire,2022,25,14,726,1413,31.565,118,False,118,2,3,51.38,94,6,412,56.749,7.077,23.915,Opener,76.0,1.0,76.0,0.0,24.0,0.0,10.939,10.442,11.457,-1.014,48.76,5.656,5.06,3.526,12.535,6.052,5.374,5.125,3.743,6,10,24.0,40.0,12.0,13.0,354.0,372.0,68.5,76.6,91.6,71.0,76.9
05f96194,2021,MA Jones,Durham,2021,9,5,215,505,26.875,78,False,78,0,1,42.574,34,0,136,63.256,6.733,16.773,Opener,66.667,2.0,66.667,33.333,0.0,0.0,10.612,14.041,9.025,5.015,41.86,4.946,5.058,4.506,11.953,5.467,5.579,5.369,1.633,1,4,11.111,44.444,4.0,5.0,90.0,125.0,65.7,76.5,60.5,79.1,70.4
9a963804,2016,LE Plunkett,Yorkshire,2016,13,8,449,554,44.9,126,False,126,1,3,81.047,54,8,264,58.797,11.191,37.602,Lower order,92.308,8.0,0.0,0.0,7.692,92.308,10.97,12.998,8.347,4.651,66.815,5.545,5.053,3.959,12.449,5.886,5.36,8.084,3.824,1,6,7.692,46.154,7.0,6.0,300.0,149.0,68.8,76.5,48.8,82.1,69.1
270e4c23,2023,MS Pepper,Essex,2023,7,4,145,167,29.0,52,True,52*,0,1,86.826,16,3,82,56.552,11.377,42.568,All-rounder / keeper,100.0,6.0,0.0,0.0,100.0,0.0,9.301,3.125,12.321,-9.196,11.034,5.578,5.036,3.817,10.474,5.94,5.335,1.768,6.557,0,3,0.0,42.857,2.0,5.0,16.0,129.0,54.2,76.4,18.9,75.7,56.3
86f84b37,2026,AM Tribe,Glamorgan,2026,23,12,570,1143,25.909,85,False,85,0,4,49.869,81,0,324,56.842,7.087,23.164,Opener,100.0,2.0,100.0,0.0,0.0,0.0,10.959,10.637,11.254,-0.618,46.316,5.093,5.035,2.814,8.907,5.489,5.485,5.035,5.951,5,9,21.739,39.13,12.0,11.0,264.0,306.0,68.6,76.3,88.3,69.5,75.7
4ae1755b,2021,HC Brook,Yorkshire,2021,7,4,221,389,31.571,118,False,118,1,0,56.812,36,1,150,67.873,9.512,20.17,Middle order,85.714,5.0,0.0,85.714,14.286,0.0,14.194,26.642,7.715,18.927,64.253,8.275,5.034,8.068,20.24,8.801,5.314,12.278,4.272,1,4,14.286,57.143,3.0,4.0,142.0,79.0,88.4,76.3,70.7,94.3,82.4
5f26f677,2021,BM Duckett,Nottinghamshire,2021,19,12,687,977,40.412,177,True,177*,1,4,70.317,97,0,388,56.477,9.928,33.977,Middle order,78.947,3.0,15.789,78.947,5.263,0.0,13.151,15.207,9.876,5.331,71.033,7.263,5.029,7.688,28.095,7.695,5.31,6.496,3.261,3,8,15.789,42.105,11.0,8.0,488.0,199.0,83.0,76.2,75.0,74.3,77.1
4fd09cfc,2025,G Clark,Durham,2025,20,13,768,1491,42.667,160,False,160,2,2,51.509,89,5,386,50.26,6.304,27.344,All-rounder / keeper,95.0,7.0,0.0,0.0,95.0,5.0,13.113,11.567,14.529,-2.961,42.188,5.749,5.029,3.473,15.355,6.085,5.282,4.826,5.4,1,9,5.0,45.0,8.0,12.0,324.0,444.0,82.5,76.1,41.0,80.0,69.9
1ab18b25,2026,AGH Orr,Hampshire,2026,10,5,215,466,23.889,53,True,53*,0,1,46.137,25,1,106,49.302,5.579,24.773,Opener,60.0,1.0,60.0,40.0,0.0,0.0,10.691,6.392,13.007,-6.615,20.93,5.6,5.027,3.594,11.646,5.991,5.405,2.894,5.54,1,3,10.0,30.0,4.0,6.0,45.0,170.0,66.5,76.1,56.5,50.0,62.3
97e434a6,2017,DP Sibley,Surrey/Warwickshire,2017,22,12,630,1436,31.5,92,True,92*,0,7,43.872,80,3,338,53.651,5.78,21.582,Opener,54.545,2.0,54.545,40.909,4.545,0.0,10.372,13.8,7.331,6.469,62.54,5.549,5.02,4.263,15.328,5.924,5.27,6.187,4.685,2,8,9.091,36.364,11.0,11.0,394.0,236.0,63.5,76.0,53.1,63.9,64.1
463ebce3,2022,MJ Lamb,Warwickshire,2022,11,8,487,858,48.7,155,True,155*,2,1,56.76,65,1,266,54.62,7.692,27.904,All-rounder / keeper,90.909,6.0,0.0,9.091,90.909,0.0,13.573,16.31,9.697,6.613,70.431,5.905,5.019,4.271,13.305,6.139,5.248,8.89,4.02,0,5,0.0,45.455,5.0,6.0,343.0,144.0,84.6,76.0,18.9,80.9,65.1
e9987a94,2026,C Overton,Somerset,2026,19,11,664,1010,41.5,141,False,141,3,2,65.743,91,9,418,62.952,9.901,27.033,All-rounder / keeper,68.421,7.0,0.0,0.0,68.421,31.579,10.791,12.261,9.547,2.714,52.108,6.415,5.012,5.332,17.826,6.832,5.311,6.331,3.82,1,6,5.263,31.579,8.0,11.0,346.0,318.0,67.3,75.9,41.8,52.8,59.4
ae01eb1e,2021,HR Hosein,Derbyshire,2021,14,8,371,797,41.222,83,True,83*,0,4,46.55,37,0,148,39.892,4.642,29.342,All-rounder / keeper,92.857,6.0,0.0,0.0,92.857,7.143,12.293,11.095,13.289,-2.194,40.97,5.462,5.008,4.767,12.103,5.78,5.351,2.706,6.474,0,6,0.0,42.857,6.0,8.0,152.0,219.0,78.6,75.8,18.9,75.7,62.2
e22d3b5c,2023,RI Keogh,Northamptonshire,2023,22,13,780,1310,39.0,172,False,172,2,3,59.542,104,8,464,59.487,8.55,26.377,Middle order,77.273,5.0,0.0,77.273,18.182,4.545,15.697,20.024,11.256,8.768,64.615,7.122,5.008,6.83,24.607,7.531,5.348,5.425,4.191,4,9,18.182,40.909,12.0,10.0,504.0,276.0,93.3,75.8,82.2,72.2,80.9
cc1e8c68,2023,UT Yadav,Essex,2023,6,3,121,96,30.25,51,False,51,0,1,126.042,10,8,88,72.727,18.75,42.308,Lower order,100.0,9.0,0.0,0.0,0.0,100.0,7.791,7.032,10.606,-3.574,71.074,4.225,5.007,1.565,5.246,4.438,5.263,3.835,5.007,0,2,0.0,33.333,4.0,2.0,86.0,35.0,41.5,75.7,18.9,56.8,48.2
63e1e352,2026,Zaman Akhter,Essex,2026,9,5,112,233,14.0,35,False,35,0,0,48.069,16,1,70,62.5,7.296,19.444,Lower order,100.0,9.0,0.0,0.0,0.0,100.0,6.538,3.491,11.485,-7.995,33.036,3.205,5.006,2.935,5.675,3.428,5.372,0.0,5.174,0,3,0.0,33.333,5.0,4.0,37.0,75.0,32.3,75.6,18.9,56.8,45.9
81efec30,2022,NLJ Browne,Essex,2022,26,14,797,1876,34.652,234,True,234*,2,2,42.484,107,0,428,53.701,5.704,20.859,Opener,100.0,1.0,100.0,0.0,0.0,0.0,12.892,16.253,9.229,7.024,65.747,6.27,5.006,5.126,20.526,6.666,5.293,4.831,5.079,3,12,11.538,46.154,14.0,12.0,524.0,273.0,81.5,75.6,62.0,82.1,75.3
90f47cf2,2014,MH Wessels,Nottinghamshire,2014,23,13,945,1489,47.25,158,False,158,1,6,63.465,122,18,596,63.069,9.402,25.871,All-rounder / keeper,82.609,6.0,0.0,17.391,82.609,0.0,13.897,14.809,13.022,1.787,52.169,6.902,5.0,4.84,19.554,7.348,5.303,3.706,6.677,3,13,13.043,56.522,11.0,12.0,493.0,452.0,87.0,75.5,67.1,93.8,80.8
7ca5e05d,2019,RS Bopara,Essex,2019,14,10,514,991,39.538,135,False,135,2,2,51.867,60,2,252,49.027,6.256,28.202,Middle order,92.857,5.0,0.0,92.857,7.143,0.0,14.582,11.722,16.767,-5.044,34.825,6.556,4.996,5.952,14.953,6.888,5.148,5.564,3.28,2,6,14.286,42.857,6.0,8.0,179.0,335.0,89.9,75.5,70.7,75.7,78.0
eba6a852,2016,SCJ Broad,Nottinghamshire,2016,6,4,191,216,31.833,55,False,55,0,1,88.426,29,1,122,63.874,13.889,37.097,Lower order,100.0,8.0,0.0,0.0,0.0,100.0,10.302,12.65,7.004,5.646,71.728,4.777,4.99,2.759,7.872,5.137,5.43,6.118,3.436,0,3,0.0,50.0,3.0,3.0,137.0,54.0,62.8,75.4,18.9,87.1,61.0
463ebce3,2021,MJ Lamb,Warwickshire,2021,23,13,565,1316,31.389,67,False,67,0,3,42.933,75,3,318,56.283,5.927,19.952,Middle order,69.565,5.0,0.0,69.565,30.435,0.0,10.106,10.37,9.793,0.577,55.575,4.929,4.987,2.076,8.169,5.23,5.3,4.987,4.752,1,8,4.348,34.783,12.0,11.0,314.0,251.0,61.3,75.3,38.9,60.0,58.9
6f049d41,2014,CD Nash,Sussex,2014,20,11,740,1185,37.0,178,False,178,1,5,62.447,119,0,476,64.324,10.042,24.765,Opener,100.0,1.0,100.0,0.0,0.0,0.0,11.943,10.082,13.475,-3.392,38.108,5.818,4.986,5.199,18.746,6.142,5.373,5.963,4.582,1,8,5.0,40.0,8.0,12.0,282.0,458.0,76.6,75.3,41.0,71.0,66.0
2223b920,2022,KHD Barker,Hampshire,2022,22,14,595,856,29.75,76,False,76,0,4,69.509,77,9,362,60.84,10.047,30.26,Lower order,90.909,8.0,0.0,9.091,0.0,90.909,9.398,6.062,13.028,-6.965,33.613,4.682,4.983,2.336,8.959,4.963,5.302,2.388,6.417,1,7,4.545,31.818,11.0,11.0,200.0,395.0,55.5,75.2,39.5,53.5,55.9
12963b14,2026,ARG Thomas,Surrey,2026,13,8,396,746,30.462,120,False,120,1,0,53.083,46,2,196,49.495,6.434,28.653,All-rounder / keeper,61.538,6.0,0.0,23.077,61.538,15.385,11.65,13.985,10.315,3.671,43.687,4.989,4.981,3.514,10.0,5.296,5.307,5.749,4.968,3,5,23.077,38.462,5.0,8.0,173.0,223.0,74.1,75.1,90.3,67.8,76.8
25f7b7d6,2019,T Banton,Somerset,2019,15,8,414,685,27.6,79,False,79,0,4,60.438,51,4,228,55.072,8.029,29.524,Middle order,100.0,5.0,0.0,100.0,0.0,0.0,11.698,11.195,12.346,-1.152,53.865,5.199,4.978,3.94,12.223,5.602,5.376,4.658,5.525,2,5,13.333,33.333,7.0,8.0,223.0,191.0,74.5,75.1,68.0,56.8,68.6
8159d5fc,2021,BD Guest,Derbyshire,2021,14,8,321,766,24.692,65,False,65,0,1,41.906,42,1,174,54.206,5.614,20.332,Middle order,50.0,3.0,21.429,50.0,14.286,14.286,12.743,11.369,13.515,-2.147,32.087,5.81,4.974,3.614,14.091,6.216,5.307,5.8,4.335,2,4,14.286,28.571,6.0,8.0,103.0,218.0,80.5,75.0,70.7,47.1,68.3
8479a24a,2015,KK Jennings,Durham,2015,18,9,400,853,22.222,98,False,98,0,2,46.893,54,0,216,54.0,6.331,23.029,Opener,100.0,2.0,100.0,0.0,0.0,0.0,8.654,10.556,6.412,4.144,66.0,4.579,4.967,3.767,10.687,4.836,5.151,5.643,1.569,2,7,11.111,38.889,10.0,8.0,264.0,136.0,48.8,75.0,60.5,68.7,63.2
ffe699c0,2015,CJ Jordan,Sussex,2015,8,5,177,208,29.5,56,True,56*,0,1,85.096,23,3,110,62.147,12.5,36.813,Lower order,75.0,8.0,25.0,0.0,0.0,75.0,8.518,8.496,8.553,-0.058,61.582,4.236,4.959,2.721,7.622,4.624,5.109,4.959,3.845,1,2,12.5,25.0,4.0,4.0,109.0,68.0,47.6,74.9,65.1,40.4,57.0
c5f1d2a1,2024,BT Slater,Nottinghamshire,2024,26,14,949,1841,45.19,168,True,168*,2,5,51.548,131,4,548,57.745,7.333,23.505,Opener,76.923,2.0,76.923,23.077,0.0,0.0,13.882,11.443,16.845,-5.402,45.205,7.585,4.952,5.845,19.869,8.189,5.193,2.999,10.814,6,13,23.077,50.0,13.0,13.0,429.0,520.0,86.8,74.8,90.3,87.1,84.8
7f048519,2019,DJ Willey,Yorkshire,2019,7,4,171,234,28.5,46,False,46,0,0,73.077,29,0,116,67.836,12.393,26.829,All-rounder / keeper,71.429,7.0,0.0,0.0,71.429,28.571,8.333,8.333,,,100.0,4.223,4.949,2.686,6.623,4.532,5.288,4.949,,0,3,0.0,42.857,7.0,,171.0,,46.3,74.8,18.9,75.7,53.9
8479a24a,2018,KK Jennings,Lancashire,2018,12,8,389,904,32.417,126,False,126,2,0,43.031,59,0,236,60.668,6.527,18.107,Opener,100.0,1.0,100.0,0.0,0.0,0.0,12.704,10.34,19.74,-9.4,60.925,6.545,4.947,6.573,20.69,7.245,5.228,4.659,11.797,2,4,16.667,33.333,9.0,3.0,237.0,152.0,80.4,74.7,78.4,56.8,72.6
782c0568,2019,JC Hildreth,Somerset,2019,21,12,483,820,23.0,105,False,105,1,2,58.902,65,2,272,56.315,8.171,28.021,Middle order,100.0,3.0,0.0,100.0,0.0,0.0,9.421,12.055,5.128,6.927,79.296,4.832,4.937,3.19,8.778,5.214,5.331,7.784,1.263,1,8,4.762,38.095,12.0,9.0,383.0,100.0,55.7,74.6,40.1,67.0,59.4
52d884b9,2024,BG Compton,Kent,2024,26,13,833,2030,32.038,165,False,165,1,5,41.034,106,1,430,51.621,5.271,20.957,Opener,96.154,2.0,96.154,0.0,3.846,0.0,11.953,8.987,15.111,-6.124,38.776,5.753,4.935,3.423,12.537,6.173,5.519,3.93,6.987,4,12,15.385,46.154,14.0,12.0,323.0,510.0,76.7,74.6,73.9,82.1,76.8
d1c36f5c,2017,JJ Roy,Surrey,2017,7,5,257,328,42.833,87,False,87,0,2,78.354,25,8,148,57.588,10.061,36.949,Middle order,100.0,4.0,0.0,100.0,0.0,0.0,11.322,15.393,8.501,6.892,55.642,7.015,4.934,6.319,16.022,7.281,5.157,7.798,3.329,1,3,14.286,42.857,3.0,4.0,143.0,114.0,71.7,74.5,70.7,75.7,73.1
10b79140,2022,TS Muyeye,Kent,2022,8,5,211,409,26.375,85,False,85,0,2,51.589,32,0,128,60.664,7.824,22.016,Middle order,62.5,3.5,37.5,62.5,0.0,0.0,7.971,6.985,9.557,-2.571,54.028,4.551,4.93,3.715,10.204,4.861,5.263,2.313,4.959,0,3,0.0,37.5,5.0,3.0,114.0,97.0,43.1,74.5,18.9,65.8,50.6
7081848a,2024,GH Roderick,Worcestershire,2024,23,14,695,1480,30.217,122,False,122,2,4,46.959,75,2,312,44.892,5.203,27.299,Opener,86.957,1.0,86.957,13.043,0.0,0.0,11.433,12.303,10.723,1.58,48.345,5.066,4.926,4.129,12.842,5.433,5.26,3.282,6.861,1,8,4.348,34.783,11.0,12.0,336.0,359.0,72.9,74.4,38.9,60.0,61.6
881a9bdd,2017,S Chanderpaul,Lancashire,2017,18,12,649,1111,43.267,117,True,117*,2,1,58.416,79,4,340,52.388,7.471,30.058,Middle order,94.444,5.0,0.0,94.444,5.556,0.0,13.269,12.932,13.644,-0.712,51.31,6.44,4.924,4.502,18.264,6.818,5.221,4.809,5.946,3,7,16.667,38.889,7.0,11.0,333.0,316.0,83.6,74.3,78.4,68.7,76.2
b7539620,2014,AP Agathangelou,Lancashire,2014,10,5,164,310,18.222,48,False,48,0,0,52.903,24,1,102,62.195,8.065,21.754,Middle order,80.0,3.0,20.0,80.0,0.0,0.0,7.516,9.65,5.045,4.605,68.902,3.857,4.921,2.977,6.685,4.019,5.203,6.265,2.528,1,2,10.0,20.0,6.0,4.0,113.0,51.0,39.5,74.3,56.5,33.2,50.9
1c513d54,2015,LJ Evans,Warwickshire,2015,27,15,826,1882,34.417,213,True,213*,1,4,43.889,110,0,440,53.269,5.845,21.783,Middle order,96.296,4.0,0.0,96.296,3.704,0.0,11.947,13.833,10.333,3.5,53.39,5.5,4.921,4.466,17.56,5.878,5.174,5.659,4.363,5,10,18.519,37.037,12.0,15.0,441.0,385.0,76.6,74.2,82.8,65.0,74.6
b26b1e3d,2021,BA Godleman,Derbyshire,2021,11,6,236,418,23.6,50,False,50,0,1,56.459,34,0,136,57.627,8.134,26.042,Opener,100.0,2.0,100.0,0.0,0.0,0.0,9.728,10.935,8.55,2.384,55.508,5.352,4.915,2.102,8.798,5.784,5.341,5.247,3.785,1,4,9.091,36.364,5.0,6.0,131.0,105.0,58.4,74.1,53.1,63.9,62.4
06c2de82,2025,L Gregory,Somerset,2025,16,9,470,808,39.167,89,True,89*,0,4,58.168,59,6,272,57.872,8.045,26.649,Lower order,56.25,8.0,37.5,0.0,6.25,56.25,10.624,12.087,9.544,2.543,48.298,5.299,4.914,3.642,10.667,5.713,5.162,5.134,4.914,1,7,6.25,43.75,6.0,10.0,227.0,243.0,65.9,74.1,45.3,77.8,65.8
c5f1d2a1,2026,BT Slater,Nottinghamshire,2026,19,11,654,1188,36.333,178,False,178,1,4,55.051,86,4,368,56.269,7.576,26.047,Opener,100.0,2.0,100.0,0.0,0.0,0.0,11.38,6.948,18.415,-11.467,37.462,5.613,4.91,5.584,20.372,5.963,5.138,3.138,7.305,4,6,21.053,31.579,11.0,8.0,245.0,409.0,72.4,74.0,86.9,52.8,71.5
793977d8,2018,JA Tattersall,Yorkshire,2018,12,7,350,942,31.818,70,False,70,0,2,37.155,49,0,196,56.0,5.202,17.245,All-rounder / keeper,100.0,6.0,0.0,0.0,100.0,0.0,10.383,13.755,6.368,7.388,72.0,5.606,4.909,3.14,9.873,6.029,5.28,7.869,2.652,1,6,8.333,50.0,8.0,4.0,252.0,98.0,63.8,73.9,50.4,87.1,68.8
fd770945,2022,BT Foakes,Surrey,2022,12,9,586,1212,73.25,132,True,132*,1,3,48.35,76,4,328,55.973,6.601,22.792,Middle order,91.667,5.0,0.0,91.667,8.333,0.0,13.089,8.918,19.055,-10.137,40.102,6.041,4.907,4.292,13.174,6.373,5.251,2.685,8.966,2,6,16.667,50.0,8.0,4.0,235.0,351.0,82.5,73.9,78.4,87.1,80.5
07c8a2f4,2014,LA Procter,Lancashire,2014,8,5,236,538,33.714,81,True,81*,0,1,43.866,25,0,100,42.373,4.647,26.511,Middle order,62.5,5.0,0.0,62.5,12.5,25.0,11.666,11.859,11.5,0.359,47.034,4.791,4.901,1.757,7.524,5.096,5.166,4.901,5.236,1,4,12.5,50.0,4.0,4.0,111.0,125.0,74.2,73.8,65.1,87.1,75.0
a4b810d0,2024,MJ Waite,Worcestershire,2024,14,10,433,623,33.308,100,True,100*,1,3,69.502,48,8,240,55.427,8.989,34.039,All-rounder / keeper,64.286,7.0,0.0,0.0,64.286,35.714,11.925,11.412,12.698,-1.287,57.506,5.434,4.9,4.875,16.724,5.835,5.239,5.374,4.225,3,7,21.429,50.0,9.0,5.0,249.0,184.0,76.3,73.8,87.6,87.1,81.2
dfc3f02d,2022,OJ Price,Gloucestershire,2022,15,8,386,896,25.733,68,False,68,0,5,43.08,53,0,212,54.922,5.915,20.641,Middle order,66.667,3.0,0.0,66.667,26.667,6.667,9.547,5.666,13.196,-7.53,28.756,5.069,4.899,4.126,11.918,5.404,5.219,1.401,7.179,2,6,13.333,40.0,7.0,8.0,111.0,275.0,56.9,73.7,68.0,71.0,67.4
353de846,2024,FW McCann,Nottinghamshire,2024,7,5,358,650,51.143,154,False,154,2,1,55.077,47,0,188,52.514,7.231,28.192,Middle order,100.0,3.0,0.0,100.0,0.0,0.0,16.177,31.839,5.602,26.237,79.33,7.043,4.88,6.434,15.116,7.45,5.152,13.828,1.805,1,3,14.286,42.857,2.0,5.0,284.0,74.0,94.6,73.6,70.7,75.7,78.6
93e06301,2015,PD Trego,Somerset,2015,26,15,861,1265,37.435,130,True,130*,2,4,68.063,125,9,554,64.344,10.593,27.144,All-rounder / keeper,100.0,7.0,0.0,0.0,100.0,0.0,12.13,12.739,11.31,1.43,60.279,6.221,4.878,5.07,17.639,6.568,5.112,6.572,4.326,4,11,15.385,42.308,12.0,14.0,519.0,342.0,77.8,73.6,73.9,74.7,75.0
ad212f96,2022,RF Higgins,Gloucestershire,2022,19,10,586,1099,32.556,139,False,139,1,3,53.321,65,3,278,47.44,6.187,29.874,All-rounder / keeper,73.684,6.0,0.0,21.053,73.684,5.263,11.56,9.212,13.821,-4.61,39.078,5.297,4.873,3.8,14.572,5.699,5.246,4.912,4.834,2,8,10.526,42.105,9.0,10.0,229.0,357.0,73.5,73.5,58.4,74.3,69.9
57590dbb,2023,PI Walter,Essex,2023,16,9,389,619,27.786,76,False,76,0,2,62.843,44,11,242,62.211,8.885,26.064,All-rounder / keeper,56.25,6.0,0.0,43.75,56.25,0.0,8.821,4.964,15.528,-10.564,35.733,5.018,4.869,5.122,16.309,5.297,5.063,2.248,7.304,2,6,12.5,37.5,9.0,7.0,139.0,250.0,50.2,73.4,65.1,65.8,63.6
1a2676c5,2023,SA Abbott,Surrey,2023,12,9,456,581,45.6,87,True,87*,0,3,78.485,51,10,264,57.895,10.499,36.923,Lower order,91.667,8.5,0.0,0.0,8.333,91.667,12.795,14.923,9.554,5.369,70.395,5.018,4.862,2.566,9.297,5.423,5.251,5.322,2.968,3,8,25.0,66.667,7.0,5.0,321.0,135.0,81.0,73.4,92.5,98.0,86.2
463ebce3,2017,MJ Lamb,Warwickshire,2017,14,7,329,875,23.5,71,False,71,0,2,37.6,49,0,196,59.574,5.6,16.102,Middle order,100.0,5.0,0.0,100.0,0.0,0.0,10.501,10.846,10.127,0.719,53.799,5.407,4.846,3.238,9.824,5.762,5.074,5.072,4.495,2,5,14.286,35.714,8.0,6.0,177.0,152.0,64.7,73.3,70.7,62.5,67.8
755a77c6,2017,GS Ballance,Yorkshire,2017,16,10,834,1555,64.154,203,True,203*,3,3,53.633,113,1,458,54.916,7.331,26.093,Middle order,100.0,4.0,0.0,100.0,0.0,0.0,19.55,16.869,21.103,-4.234,31.655,8.675,4.845,8.668,28.664,9.15,5.257,4.697,5.75,5,10,31.25,62.5,6.0,10.0,264.0,570.0,98.2,73.3,96.4,96.9,91.2
c88bc84a,2022,Miles Hammond,Gloucestershire,2022,27,14,836,1844,33.44,169,False,169,1,6,45.336,122,8,536,64.115,7.05,17.503,Middle order,96.296,4.0,0.0,96.296,3.704,0.0,11.714,13.765,9.73,4.035,57.775,5.77,4.843,4.913,19.22,6.225,5.137,4.094,5.592,2,12,7.407,44.444,13.0,14.0,483.0,353.0,74.8,73.2,48.2,79.1,68.8
a4a2a0c0,2016,JTA Burnham,Durham,2016,24,14,630,1435,27.391,135,False,135,1,3,43.902,86,4,368,58.413,6.272,19.48,Middle order,100.0,4.0,0.0,100.0,0.0,0.0,8.817,7.906,10.126,-2.22,52.857,4.431,4.838,3.047,10.321,4.706,5.125,4.853,4.052,2,10,8.333,41.667,14.0,10.0,333.0,297.0,50.1,73.1,50.4,73.4,61.8
70b8fd28,2017,A Lyth,Yorkshire,2017,21,12,521,1078,26.05,100,False,100,1,2,48.33,63,5,282,54.127,6.308,23.663,Opener,100.0,1.0,100.0,0.0,0.0,0.0,11.606,18.11,4.857,13.253,79.463,5.933,4.835,5.408,19.219,6.278,5.051,6.399,1.29,5,11,23.81,52.381,12.0,9.0,414.0,107.0,73.8,73.1,91.2,90.4,82.1
05c2ca46,2019,RE van der Merwe,Somerset,2019,6,4,132,171,26.4,60,False,60,0,1,77.193,9,6,72,54.545,8.772,38.462,Lower order,100.0,9.5,0.0,0.0,0.0,100.0,9.962,13.68,5.387,8.293,75.758,6.292,4.828,6.495,15.424,6.856,5.214,10.351,2.233,1,2,16.667,33.333,3.0,3.0,100.0,32.0,60.3,73.0,78.4,56.8,67.1
85afed77,2014,G Chapple,Lancashire,2014,17,11,367,549,28.231,45,True,45*,0,0,66.849,44,3,194,52.861,8.561,34.462,Lower order,100.0,8.0,0.0,0.0,0.0,100.0,8.279,10.07,7.297,2.773,43.052,3.787,4.826,2.26,6.62,4.043,5.263,5.104,3.762,0,6,0.0,35.294,7.0,10.0,158.0,209.0,45.8,72.9,18.9,61.6,49.8
07c8a2f4,2023,LA Procter,Northamptonshire,2023,19,11,480,1250,30.0,87,True,87*,0,4,38.4,44,0,176,36.667,3.52,25.207,Middle order,100.0,4.0,0.0,100.0,0.0,0.0,10.399,9.597,11.272,-1.675,48.125,4.732,4.808,3.989,11.467,5.007,5.043,3.701,5.128,2,8,10.526,42.105,11.0,8.0,231.0,249.0,64.0,72.9,58.4,74.3,67.4
0d61d8f0,2016,JD Libby,Nottinghamshire,2016,21,11,627,1520,29.857,144,False,144,1,3,41.25,64,0,256,40.829,4.211,25.481,Opener,100.0,2.0,100.0,0.0,0.0,0.0,13.147,10.246,17.457,-7.211,46.571,6.01,4.803,4.97,15.537,6.424,5.088,4.803,5.671,4,8,19.048,38.095,9.0,12.0,292.0,335.0,82.9,72.8,83.6,67.0,76.6
c672e80e,2019,J Clark,Surrey,2019,12,7,239,479,23.9,54,False,54,0,1,49.896,34,2,148,61.925,7.516,20.542,Lower order,100.0,9.0,0.0,0.0,0.0,100.0,7.715,5.862,10.036,-4.174,42.259,4.623,4.802,2.551,9.33,4.969,5.425,4.216,5.467,1,3,8.333,25.0,6.0,6.0,101.0,138.0,40.7,72.8,50.4,40.4,51.1
67b9536c,2015,SR Hain,Warwickshire,2015,17,10,547,1071,36.467,106,False,106,2,3,51.074,62,2,260,47.532,5.976,28.5,Middle order,94.118,5.0,0.0,94.118,5.882,0.0,13.876,17.786,9.866,7.919,64.899,5.885,4.797,4.463,12.929,6.275,5.122,5.802,4.627,4,6,23.529,35.294,9.0,8.0,355.0,192.0,86.7,72.7,90.8,61.6,78.0
c654af19,2017,R McLaren,Lancashire,2017,18,13,574,1273,33.765,107,False,107,1,2,45.09,71,1,290,50.523,5.656,23.647,All-rounder / keeper,94.444,7.0,0.0,0.0,94.444,5.556,11.242,12.534,9.448,3.086,64.808,5.141,4.796,3.034,9.256,5.469,5.092,4.796,4.538,3,8,16.667,44.444,8.0,10.0,372.0,202.0,71.2,72.6,78.4,79.1,75.3
ad9c32a2,2016,DJ Malan,Middlesex,2016,23,15,951,1673,43.227,147,False,147,3,5,56.844,130,4,544,57.203,8.01,26.446,Middle order,100.0,4.0,0.0,100.0,0.0,0.0,12.774,9.84,16.187,-6.347,41.43,6.788,4.792,6.01,17.971,7.202,4.971,1.9,9.238,6,10,26.087,43.478,11.0,12.0,394.0,557.0,80.9,72.6,93.5,77.2,81.0
81efec30,2019,NLJ Browne,Essex,2019,23,14,604,1531,27.455,163,False,163,1,2,39.451,93,2,384,63.576,6.205,15.32,Opener,100.0,1.0,100.0,0.0,0.0,0.0,10.972,10.049,11.967,-1.918,47.517,5.702,4.791,4.629,17.814,6.058,5.126,4.875,4.342,3,9,13.043,39.13,12.0,11.0,287.0,317.0,68.9,72.5,67.1,69.5,69.5
29ede60b,2025,AL Davies,Warwickshire,2025,24,13,649,1142,27.042,78,False,78,0,6,56.83,103,2,424,65.331,9.194,21.697,Opener,100.0,2.0,100.0,0.0,0.0,0.0,9.951,9.391,10.429,-1.038,43.451,4.484,4.789,2.722,8.942,4.772,5.126,4.295,4.903,2,6,8.333,25.0,11.0,13.0,282.0,367.0,60.1,72.4,50.4,40.4,55.8
f836b33d,2017,T Kohler-Cadmore,Yorkshire,2017,6,3,151,320,25.167,78,False,78,0,1,47.188,21,2,96,63.576,7.188,18.519,Middle order,66.667,4.0,33.333,66.667,0.0,0.0,11.544,9.637,13.333,-3.697,40.397,5.037,4.788,1.954,7.103,5.28,5.0,4.004,7.103,1,2,16.667,33.333,4.0,2.0,61.0,90.0,73.4,72.4,78.4,56.8,70.2
25a42048,2017,T Westley,Essex,2017,15,10,561,1160,43.154,111,False,111,2,2,48.362,90,1,366,65.241,7.845,18.241,Middle order,100.0,3.0,0.0,100.0,0.0,0.0,12.98,11.078,14.598,-3.52,39.216,6.367,4.787,5.492,17.817,6.733,5.069,1.743,5.469,1,4,6.667,26.667,6.0,9.0,220.0,341.0,82.0,72.3,46.3,43.0,60.9
715941c3,2021,MGK Burgess,Warwickshire,2021,21,14,607,1144,28.905,101,False,101,1,3,53.059,70,3,298,49.094,6.381,28.852,All-rounder / keeper,100.0,6.0,0.0,0.0,100.0,0.0,11.816,10.424,13.045,-2.621,41.351,5.965,4.784,5.859,18.525,6.322,5.081,1.661,5.047,2,10,9.524,47.619,9.0,12.0,251.0,356.0,75.5,72.3,54.8,83.7,71.6
a15aaa7f,2014,TR Ambrose,Warwickshire,2014,24,15,712,1334,32.364,167,False,167,1,4,53.373,100,1,406,57.022,7.571,24.818,All-rounder / keeper,70.833,6.0,4.167,25.0,70.833,0.0,10.045,11.963,7.866,4.097,63.343,4.945,4.781,4.535,19.042,5.238,5.124,4.313,4.781,6,10,25.0,41.667,12.0,12.0,451.0,261.0,60.7,72.2,92.5,73.4,74.7
521595e7,2023,JEK Rew,Somerset,2023,22,14,1086,2170,57.158,221,False,221,5,2,50.046,131,12,596,54.88,6.59,24.174,All-rounder / keeper,100.0,6.0,0.0,0.0,100.0,0.0,16.785,19.437,13.562,5.875,63.536,7.699,4.767,6.942,21.148,8.2,5.064,9.1,3.184,4,12,18.182,54.545,11.0,11.0,690.0,396.0,95.7,72.1,82.2,92.4,85.6
11df3dc8,2016,MJ Lumb,Nottinghamshire,2016,29,16,817,1676,28.172,108,False,108,1,3,48.747,107,2,440,53.856,6.504,24.059,Middle order,100.0,4.0,0.0,100.0,0.0,0.0,11.183,9.109,14.777,-5.669,51.652,5.468,4.752,3.455,14.004,5.806,5.13,4.283,6.166,2,13,6.897,44.828,15.0,14.0,422.0,395.0,70.4,72.1,46.8,79.7,67.2
876dbe2d,2025,DR Mousley,Warwickshire,2025,13,8,403,656,33.583,75,False,75,0,4,61.433,56,3,242,60.05,8.994,26.968,Middle order,69.231,5.0,0.0,69.231,23.077,7.692,11.384,12.844,10.529,2.315,41.687,5.037,4.748,2.74,10.318,5.33,5.136,4.992,4.11,1,5,7.692,38.462,5.0,8.0,168.0,235.0,72.5,72.0,48.8,67.8,65.3
97e434a6,2016,DP Sibley,Surrey,2016,13,7,377,1075,34.273,99,False,99,0,3,35.07,46,0,184,48.806,4.279,18.756,Opener,100.0,2.0,100.0,0.0,0.0,0.0,9.297,13.138,7.115,6.023,51.194,5.08,4.745,2.946,9.103,5.377,4.991,6.467,3.297,1,3,7.692,23.077,6.0,7.0,193.0,184.0,54.2,71.9,48.8,37.5,53.1
23638956,2022,SR Harmer,Essex,2022,18,11,396,876,26.4,75,True,75*,0,4,45.205,47,6,224,56.566,6.05,20.899,Lower order,100.0,8.0,0.0,0.0,0.0,100.0,9.074,8.073,10.26,-2.188,48.232,4.23,4.744,3.3,9.167,4.493,5.01,3.573,4.744,2,8,11.111,44.444,9.0,9.0,191.0,205.0,52.1,71.9,60.5,79.1,65.9
f41598c1,2023,AN Cook,Essex,2023,26,14,836,1659,33.44,128,False,128,1,6,50.392,113,0,452,54.067,6.811,24.838,Opener,100.0,2.0,100.0,0.0,0.0,0.0,12.291,14.001,10.233,3.768,62.201,6.103,4.728,5.25,15.169,6.457,5.033,7.182,4.539,4,12,15.385,46.154,13.0,13.0,520.0,316.0,78.5,71.8,73.9,82.1,76.6
fa92fc48,2014,GR Breese,Durham,2014,6,3,174,370,29.0,62,False,62,0,1,47.027,22,0,88,50.575,5.946,24.713,All-rounder / keeper,100.0,7.0,0.0,0.0,100.0,0.0,10.655,8.637,11.601,-2.963,25.862,5.379,4.727,1.887,7.506,5.76,5.214,4.727,5.706,0,3,0.0,50.0,2.0,4.0,45.0,129.0,66.0,71.8,18.9,87.1,61.0
8492a4de,2023,FS Middleton,Hampshire,2023,24,14,610,1321,25.417,77,False,77,0,4,46.177,93,0,372,60.984,7.04,19.381,Opener,100.0,2.0,100.0,0.0,0.0,0.0,9.696,11.724,8.117,3.608,52.951,5.25,4.715,4.197,17.103,5.599,4.928,4.766,4.663,2,7,8.333,29.167,12.0,12.0,323.0,287.0,58.0,71.7,50.4,48.4,57.1
e94915e6,2016,SM Curran,Surrey,2016,14,9,472,784,39.333,96,False,96,0,5,60.204,66,6,300,63.559,9.184,24.157,All-rounder / keeper,64.286,7.0,0.0,0.0,64.286,35.714,9.987,12.254,8.906,3.348,39.619,4.858,4.713,2.984,9.266,5.13,4.983,4.612,4.713,3,5,21.429,35.714,5.0,9.0,187.0,285.0,60.5,71.6,87.6,62.5,70.6
8fc65c2b,2017,SM Davies,Somerset,2017,17,10,509,891,33.933,142,False,142,2,0,57.127,64,1,262,51.473,7.295,29.903,All-rounder / keeper,58.824,6.0,5.882,35.294,58.824,0.0,12.754,18.963,8.422,10.541,61.1,6.556,4.707,5.477,18.182,6.889,4.967,9.248,4.412,3,5,17.647,29.412,6.0,11.0,311.0,198.0,80.7,71.6,81.3,48.9,70.6
a386e91b,2016,PD Collingwood,Durham,2016,22,12,589,1190,34.647,106,True,106*,1,3,49.496,63,7,294,49.915,5.882,26.339,All-rounder / keeper,81.818,6.0,0.0,18.182,81.818,0.0,9.176,8.52,9.956,-1.436,50.424,4.595,4.701,2.299,8.639,4.897,5.073,4.811,4.086,0,9,0.0,40.909,12.0,10.0,297.0,292.0,53.0,71.5,18.9,72.2,53.9
38c276e1,2022,N McAndrew,Warwickshire,2022,9,6,278,614,34.75,63,False,63,0,2,45.277,37,3,166,59.712,6.515,19.512,Lower order,88.889,8.0,0.0,0.0,11.111,88.889,11.765,,11.765,,0.0,4.785,4.691,3.092,9.881,5.051,4.913,,4.691,2,5,22.222,55.556,,9.0,,278.0,75.0,71.4,89.1,93.1,82.2
8f938a32,2022,DJ Bell-Drummond,Kent,2022,25,14,923,1764,43.952,149,False,149,4,3,52.324,125,1,506,54.821,7.143,25.458,Middle order,96.0,3.0,4.0,96.0,0.0,0.0,12.554,10.643,14.133,-3.49,38.353,5.708,4.689,4.434,15.311,6.087,5.001,2.032,7.566,5,12,20.0,48.0,12.0,13.0,354.0,569.0,79.4,71.4,85.2,84.4,80.1
aa710a58,2025,EN Gay,Durham,2025,23,13,954,1476,45.429,161,False,161,4,1,64.634,126,2,516,54.088,8.672,32.493,Opener,52.174,2.0,52.174,47.826,0.0,0.0,14.258,18.251,9.729,8.522,68.029,6.79,4.686,5.046,15.466,7.089,4.922,6.887,3.833,4,10,17.391,43.478,11.0,12.0,649.0,305.0,88.6,71.3,80.8,77.2,79.5
10b79140,2023,TS Muyeye,Kent,2023,16,9,571,785,35.688,179,False,179,1,1,72.739,74,7,338,59.194,10.318,33.097,Opener,68.75,1.0,68.75,31.25,0.0,0.0,13.175,10.878,16.39,-5.512,48.161,5.952,4.685,3.731,14.588,6.386,5.12,3.851,6.157,5,8,31.25,50.0,9.0,7.0,275.0,296.0,83.2,71.2,96.4,87.1,84.5
57590dbb,2022,PI Walter,Essex,2022,11,7,415,996,41.5,141,False,141,1,2,41.667,54,3,234,56.386,5.723,19.276,Middle order,81.818,5.0,9.091,81.818,9.091,0.0,13.387,16.682,4.943,11.739,89.639,6.081,4.683,4.933,13.623,6.514,4.964,8.86,2.81,3,4,27.273,36.364,8.0,3.0,372.0,43.0,84.1,71.2,94.5,63.9,78.4
214f6461,2026,GCH Hill,Yorkshire,2026,20,12,552,1050,30.667,65,True,65*,0,4,52.571,66,7,306,55.435,6.952,25.179,All-rounder / keeper,90.0,7.0,0.0,0.0,90.0,10.0,10.557,12.386,8.522,3.865,61.775,5.632,4.672,4.317,17.867,6.029,5.076,5.998,3.862,1,6,5.0,30.0,8.0,12.0,341.0,211.0,65.4,71.1,41.0,50.0,56.9
a48fc79d,2015,EC Joyce,Sussex,2015,25,14,786,1516,31.44,100,False,100,1,3,51.847,104,7,458,58.27,7.322,23.345,Opener,60.0,2.0,60.0,40.0,0.0,0.0,10.701,12.927,8.267,4.66,63.104,5.251,4.665,3.452,10.835,5.562,5.019,5.645,4.023,1,12,4.0,48.0,14.0,11.0,496.0,290.0,66.6,71.1,38.2,84.4,65.1
67b9536c,2014,SR Hain,Warwickshire,2014,18,12,823,1740,51.438,208,False,208,4,1,47.299,95,3,398,48.36,5.632,25.883,Middle order,94.444,5.0,0.0,94.444,5.556,0.0,13.83,13.263,14.494,-1.232,51.762,6.974,4.664,5.904,18.407,7.484,4.905,4.539,12.193,4,7,22.222,38.889,10.0,8.0,426.0,397.0,86.3,71.0,89.1,68.7,78.8
7ca5e05d,2018,RS Bopara,Essex,2018,20,12,743,1373,46.438,133,True,133*,2,4,54.115,86,4,368,49.529,6.555,29.228,Middle order,95.0,5.0,0.0,95.0,5.0,0.0,14.986,17.846,10.288,7.558,74.024,6.977,4.659,5.803,16.239,7.457,5.027,10.898,4.171,6,8,30.0,40.0,12.0,8.0,550.0,193.0,91.2,70.9,95.7,71.0,82.2
06c2de82,2023,L Gregory,Somerset,2023,12,8,343,613,31.182,65,False,65,0,1,55.954,50,0,200,58.309,8.157,25.4,All-rounder / keeper,83.333,7.0,0.0,0.0,83.333,16.667,10.4,9.727,11.014,-1.288,44.606,5.037,4.658,2.802,10.631,5.323,4.841,3.118,5.283,1,4,8.333,33.333,5.0,7.0,153.0,190.0,64.2,70.9,50.4,56.8,60.6
6f049d41,2018,CD Nash,Nottinghamshire,2018,17,9,383,768,22.529,139,False,139,1,2,49.87,60,0,240,62.663,7.812,20.198,Middle order,76.471,3.0,23.529,76.471,0.0,0.0,8.786,10.643,7.588,3.056,47.52,4.255,4.651,2.831,9.979,4.581,5.078,2.627,4.902,1,2,5.882,11.765,6.0,11.0,182.0,201.0,49.8,70.8,44.1,20.9,46.4
28217d89,2025,ML Revis,Yorkshire,2025,16,11,766,1434,63.833,152,True,152*,3,1,53.417,86,9,398,51.958,6.625,27.483,All-rounder / keeper,87.5,6.5,0.0,6.25,87.5,6.25,14.955,20.862,8.987,11.875,70.104,6.781,4.649,5.155,15.8,7.128,4.921,10.647,3.87,3,7,18.75,43.75,7.0,9.0,537.0,229.0,91.1,70.7,83.2,77.8,80.7
d8360178,2016,CJL Rogers,Somerset,2016,25,16,1010,1963,43.913,132,False,132,3,6,51.452,124,0,496,49.109,6.317,27.95,Middle order,96.0,3.0,4.0,96.0,0.0,0.0,13.146,15.931,9.919,6.013,65.05,6.708,4.647,5.598,22.502,7.062,4.885,7.406,3.984,4,10,16.0,40.0,14.0,11.0,657.0,353.0,82.8,70.7,75.9,71.0,75.1
97e434a6,2026,DP Sibley,Surrey,2026,21,12,769,1784,40.474,187,False,187,3,1,43.105,80,5,350,45.514,4.765,24.662,Opener,100.0,2.0,100.0,0.0,0.0,0.0,12.557,15.877,8.955,6.922,65.8,5.849,4.647,4.429,15.016,6.265,5.091,6.876,4.011,3,11,14.286,52.381,11.0,10.0,506.0,263.0,79.5,70.6,70.7,90.4,77.8
7e4c8ba3,2018,SA Northeast,Hampshire,2018,16,9,398,937,24.875,129,False,129,1,1,42.476,57,0,228,57.286,6.083,19.318,Middle order,87.5,4.5,0.0,87.5,12.5,0.0,10.076,5.437,14.272,-8.835,25.628,5.726,4.641,5.245,14.607,6.241,4.928,1.759,5.134,3,5,18.75,31.25,7.0,9.0,102.0,296.0,61.0,70.6,83.2,52.1,66.7
876dbe2d,2026,DR Mousley,Warwickshire,2026,21,13,645,1025,32.25,144,False,144,1,4,62.927,104,1,422,65.426,10.244,24.239,Middle order,100.0,3.0,0.0,100.0,0.0,0.0,11.336,15.051,8.301,6.749,59.69,5.397,4.634,3.937,11.918,5.782,5.057,6.178,3.843,1,10,4.762,47.619,10.0,11.0,385.0,260.0,71.8,70.5,40.1,83.7,66.5
e2caec46,2019,GA Bartlett,Somerset,2019,21,12,556,957,27.8,133,False,133,1,3,58.098,76,4,328,58.993,8.359,25.998,All-rounder / keeper,52.381,6.0,0.0,47.619,52.381,0.0,10.845,9.191,13.538,-4.347,52.518,5.416,4.631,4.729,16.793,5.853,5.089,4.161,5.1,2,5,9.524,23.81,12.0,9.0,292.0,264.0,67.9,70.4,54.8,38.7,58.0
755a77c6,2015,GS Ballance,Yorkshire,2015,13,8,458,921,35.231,165,False,165,1,2,49.729,59,2,248,54.148,6.623,24.419,Middle order,100.0,3.0,0.0,100.0,0.0,0.0,12.207,10.153,15.952,-5.799,53.712,6.555,4.625,6.273,16.717,6.958,4.953,3.39,5.86,3,6,23.077,46.154,8.0,5.0,246.0,212.0,77.9,70.4,90.3,82.1,80.2
6feb46a4,2022,LD McManus,Northamptonshire,2022,16,10,410,849,29.286,62,True,62*,0,4,48.292,57,2,240,58.537,6.949,21.519,All-rounder / keeper,75.0,7.0,0.0,0.0,75.0,25.0,7.98,11.678,4.808,6.87,67.561,3.848,4.609,2.278,7.448,4.107,4.961,5.183,1.631,1,5,6.25,31.25,8.0,8.0,277.0,133.0,43.3,70.3,45.3,52.1,52.7
e3bc992b,2019,WAR Fraine,Yorkshire,2019,15,8,393,742,28.071,106,False,106,1,0,52.965,57,4,252,64.122,8.221,20.705,Opener,93.333,2.0,93.333,0.0,6.667,0.0,11.03,11.367,9.915,1.452,79.135,5.353,4.607,3.255,12.065,5.708,4.872,4.654,3.805,1,6,6.667,40.0,9.0,6.0,311.0,82.0,69.4,70.2,46.3,71.0,64.2
9caf69a1,2023,WG Jacks,Surrey,2023,15,9,484,644,34.571,99,False,99,0,3,75.155,60,12,312,64.463,11.18,30.07,All-rounder / keeper,86.667,6.0,0.0,13.333,86.667,0.0,11.696,12.228,11.254,0.974,47.521,5.719,4.603,3.396,12.484,6.108,4.906,5.416,4.603,3,7,20.0,46.667,6.0,9.0,230.0,254.0,74.5,70.2,85.2,82.7,78.1
8af86756,2025,BC Brown,Hampshire,2025,23,14,758,1471,42.111,162,False,162,2,2,51.53,85,3,358,47.23,5.982,28.923,Middle order,69.565,5.0,0.0,69.565,26.087,4.348,13.151,16.799,9.459,7.34,64.248,6.251,4.595,5.257,16.694,6.605,4.848,6.305,3.794,5,7,21.739,30.435,11.0,12.0,487.0,271.0,82.9,70.1,88.3,50.9,73.0
c9c0fe50,2025,AZ Lees,Durham,2025,25,14,950,1693,41.304,172,False,172,3,3,56.113,125,2,512,53.895,7.501,27.969,Opener,100.0,1.0,100.0,0.0,0.0,0.0,13.699,12.598,14.856,-2.258,47.158,5.992,4.587,5.075,17.013,6.277,4.888,4.0,5.169,4,11,16.0,44.0,11.0,14.0,448.0,502.0,85.2,70.1,75.9,78.3,77.4
aa710a58,2022,EN Gay,Northamptonshire,2022,25,14,825,1692,33.0,145,False,145,2,4,48.759,121,1,490,59.394,7.21,21.338,Opener,68.0,2.0,68.0,32.0,0.0,0.0,11.345,10.787,11.934,-1.147,48.848,5.662,4.587,4.446,13.857,6.094,4.937,5.31,3.863,5,10,20.0,40.0,13.0,12.0,403.0,422.0,72.1,70.0,85.2,71.0,74.6
06c2de82,2019,L Gregory,Somerset,2019,17,10,439,593,29.267,129,True,129*,1,1,74.03,47,16,284,64.692,10.624,29.245,All-rounder / keeper,76.471,7.0,0.0,0.0,76.471,23.529,10.671,9.474,14.728,-5.254,68.565,5.411,4.586,3.258,12.488,5.803,4.943,4.348,6.313,2,6,11.765,35.294,12.0,5.0,301.0,138.0,66.3,69.9,62.5,61.6,65.1
4f034a50,2024,FIN Khushi,Essex/Kent,2024,10,6,285,358,28.5,107,False,107,1,2,79.609,46,2,196,68.772,13.408,28.71,Opener,90.0,2.0,90.0,10.0,0.0,0.0,8.249,4.285,11.902,-7.617,24.912,5.022,4.583,4.077,10.952,5.323,4.864,1.016,5.0,0,4,0.0,40.0,5.0,5.0,71.0,214.0,45.4,69.9,18.9,71.0,51.3
b9c7596f,2023,Hassan Azad,Northamptonshire,2023,16,9,290,788,19.333,51,False,51,0,1,36.802,36,0,144,49.655,4.569,19.415,Opener,100.0,2.0,100.0,0.0,0.0,0.0,8.73,9.234,8.364,0.87,44.483,4.278,4.578,2.451,7.413,4.533,4.812,3.806,4.806,0,8,0.0,50.0,7.0,9.0,129.0,161.0,49.3,69.8,18.9,87.1,56.3
8f938a32,2023,DJ Bell-Drummond,Kent,2023,15,9,579,969,44.538,300,True,300*,1,2,59.752,67,1,274,47.323,7.018,33.851,Middle order,100.0,3.0,0.0,100.0,0.0,0.0,14.07,8.448,22.444,-13.996,35.924,5.926,4.57,7.247,24.45,6.247,4.812,4.57,4.021,2,7,13.333,46.667,8.0,7.0,208.0,371.0,87.8,69.7,68.0,82.7,77.0
56b93d46,2025,BJ Webster,Warwickshire,2025,10,6,361,567,45.125,100,True,100*,1,2,63.668,41,4,188,52.078,7.937,33.142,Middle order,60.0,5.0,0.0,60.0,40.0,0.0,11.683,13.924,9.085,4.839,63.989,5.863,4.57,5.235,13.581,6.24,4.792,6.434,2.705,1,4,10.0,40.0,5.0,5.0,231.0,130.0,74.3,69.7,56.5,71.0,67.9
85d8110a,2014,KJ Coetzer,Northamptonshire,2014,16,8,313,608,19.562,54,False,54,0,2,51.48,52,1,214,68.371,8.717,17.838,Middle order,75.0,3.0,0.0,75.0,25.0,0.0,8.981,11.594,5.04,6.554,77.636,3.839,4.568,2.626,7.609,4.169,4.974,5.021,1.063,0,7,0.0,43.75,8.0,8.0,243.0,70.0,51.4,69.6,18.9,77.8,54.4
53597be1,2016,BRM Taylor,Nottinghamshire,2016,24,13,759,1482,34.5,114,False,114,2,3,51.215,103,10,472,62.187,7.625,20.964,Middle order,95.833,4.0,0.0,95.833,4.167,0.0,12.671,11.879,14.293,-2.414,62.978,5.681,4.567,4.567,17.244,6.073,4.876,4.567,5.058,3,14,12.5,58.333,13.0,11.0,478.0,281.0,80.2,69.6,65.1,95.0,77.5
399b0b94,2023,CT Bancroft,Somerset,2023,7,4,137,313,19.571,44,False,44,0,0,43.77,16,0,64,46.715,5.112,24.579,Middle order,100.0,3.0,0.0,100.0,0.0,0.0,7.307,5.976,14.238,-8.263,68.613,3.9,4.564,2.124,5.592,4.163,4.854,3.988,5.592,0,4,0.0,57.143,5.0,2.0,94.0,43.0,38.5,69.5,18.9,94.3,55.3
52d884b9,2023,BG Compton,Kent,2023,25,14,735,1909,30.625,114,True,114*,1,4,38.502,88,0,352,47.891,4.61,21.032,Opener,96.0,2.0,96.0,0.0,4.0,0.0,11.706,12.654,10.642,2.013,57.143,5.887,4.564,5.141,15.496,6.277,4.783,5.801,1.959,3,11,12.0,44.0,12.0,13.0,420.0,315.0,74.6,69.4,63.1,78.3,71.4
214f6461,2021,GCH Hill,Yorkshire,2021,7,4,159,425,22.714,55,False,55,0,1,37.412,23,0,92,57.862,5.412,16.667,Opener,100.0,2.0,100.0,0.0,0.0,0.0,10.212,6.379,12.207,-5.828,21.384,4.909,4.564,3.594,9.609,5.341,4.842,2.937,6.881,0,2,0.0,28.571,3.0,4.0,34.0,125.0,62.1,69.4,18.9,47.1,49.4
a343262c,2018,JE Root,Yorkshire,2018,6,3,97,194,16.167,35,False,35,0,0,50.0,11,0,44,45.361,5.67,28.962,Middle order,100.0,4.0,0.0,100.0,0.0,0.0,8.036,,8.036,,0.0,4.39,4.562,0.955,5.247,4.622,4.875,,4.562,0,1,0.0,16.667,,6.0,,97.0,43.8,69.3,18.9,28.6,40.2
922e1b19,2022,Z Crawley,Kent,2022,17,9,467,892,27.471,84,False,84,0,4,52.354,68,1,278,59.529,7.735,22.965,Opener,100.0,2.0,100.0,0.0,0.0,0.0,9.747,10.761,8.668,2.093,56.959,5.002,4.56,4.061,13.047,5.321,5.147,5.123,2.639,2,6,11.765,35.294,9.0,8.0,266.0,201.0,58.6,69.2,62.5,61.6,63.0
a15347c2,2014,GJ Muchall,Durham,2014,19,11,550,845,36.667,158,True,158*,1,2,65.089,79,3,334,60.727,9.704,28.309,All-rounder / keeper,47.368,7.0,0.0,42.105,47.368,10.526,9.885,6.759,13.838,-7.079,38.182,5.551,4.56,5.962,22.191,5.878,4.862,3.436,6.162,3,7,15.789,36.842,10.0,9.0,210.0,340.0,59.6,69.2,75.0,64.7,67.1
a6c17509,2026,TE Albert,Hampshire,2026,20,10,408,980,20.4,64,False,64,0,2,41.633,56,3,242,59.314,6.02,18.024,Opener,60.0,1.0,60.0,40.0,0.0,0.0,9.381,11.681,7.1,4.58,62.01,4.911,4.558,3.398,11.491,5.248,4.801,5.683,3.524,3,6,15.0,30.0,10.0,10.0,253.0,155.0,55.4,69.1,72.9,50.0,61.8
a386e91b,2014,PD Collingwood,Durham,2014,24,14,795,1405,37.857,101,False,101,2,5,56.584,90,9,414,52.075,7.046,29.173,All-rounder / keeper,100.0,6.0,0.0,0.0,100.0,0.0,10.993,11.329,10.655,0.674,51.698,6.124,4.557,4.891,17.876,6.526,4.886,4.057,5.056,3,9,12.5,37.5,12.0,12.0,411.0,384.0,69.1,69.1,65.1,65.8,67.3
b47cd52c,2022,TC Lace,Gloucestershire,2022,8,4,184,518,23.0,73,False,73,0,2,35.521,16,0,64,34.783,3.089,23.904,All-rounder / keeper,100.0,7.0,0.0,0.0,100.0,0.0,8.638,4.778,10.104,-5.325,15.217,4.148,4.556,3.221,6.981,4.448,4.898,2.383,6.73,1,3,12.5,37.5,2.0,6.0,28.0,156.0,48.6,69.0,65.1,65.8,62.1
18c78b11,2014,RE Levi,Northamptonshire,2014,6,3,120,226,20.0,59,False,59,0,1,53.097,20,0,80,66.667,8.85,19.417,Middle order,100.0,3.0,0.0,100.0,0.0,0.0,7.9,5.051,14.667,-9.615,45.0,3.628,4.55,2.943,6.0,3.918,5.01,2.442,6.0,1,2,16.667,33.333,4.0,2.0,54.0,66.0,42.2,68.9,78.4,56.8,61.6
1957c6b7,2024,LWP Wells,Lancashire,2024,23,14,674,1255,29.304,150,False,150,2,2,53.705,79,5,346,51.335,6.693,28.01,Opener,86.957,1.0,86.957,0.0,13.043,0.0,11.714,11.218,12.189,-0.972,46.884,6.415,4.55,5.887,18.433,6.878,4.917,3.76,5.34,3,10,13.043,43.478,12.0,11.0,316.0,358.0,74.7,68.9,67.1,77.2,72.0
c5cc48bc,2024,MJJ Critchley,Essex,2024,20,14,662,1220,36.778,151,True,151*,2,3,54.262,60,8,288,43.505,5.574,32.465,Middle order,70.0,5.0,0.0,70.0,30.0,0.0,10.076,13.324,6.362,6.962,70.544,5.035,4.544,4.798,14.452,5.331,4.83,4.021,5.068,1,8,5.0,40.0,10.0,10.0,467.0,195.0,61.1,68.8,41.0,71.0,60.5
23dee937,2023,GP Balderson,Lancashire,2023,16,11,702,1344,50.143,116,True,116*,2,4,52.232,98,4,416,59.259,7.589,23.027,All-rounder / keeper,43.75,6.5,31.25,6.25,43.75,18.75,12.799,8.981,15.114,-6.133,26.496,6.822,4.542,6.382,22.469,7.307,4.893,4.459,7.897,1,8,6.25,50.0,6.0,10.0,186.0,516.0,81.0,68.7,45.3,87.1,70.5
0e0d43b4,2016,SJ Mullaney,Nottinghamshire,2016,30,16,1009,1710,36.036,165,False,165,3,3,59.006,149,10,656,65.015,9.298,22.76,Opener,100.0,1.0,100.0,0.0,0.0,0.0,13.779,17.224,7.844,9.38,79.088,6.065,4.542,4.531,16.403,6.484,4.824,7.925,2.835,8,13,26.667,43.333,15.0,15.0,798.0,211.0,85.8,68.7,94.0,76.7,81.3
0e0d43b4,2023,SJ Mullaney,Nottinghamshire,2023,21,11,485,965,25.526,86,False,86,0,1,50.259,56,13,302,62.268,7.15,20.424,All-rounder / keeper,76.19,6.0,0.0,23.81,76.19,0.0,9.052,7.843,11.034,-3.192,53.814,4.244,4.541,2.296,8.646,4.518,4.757,3.855,5.445,1,9,4.762,42.857,12.0,9.0,261.0,224.0,51.9,68.6,40.1,75.7,59.1
97e434a6,2023,DP Sibley,Surrey,2023,25,14,746,1973,39.263,140,True,140*,1,5,37.81,84,3,354,47.453,4.41,20.785,Opener,100.0,2.0,100.0,0.0,0.0,0.0,11.521,14.975,8.036,6.939,65.282,5.608,4.537,4.851,14.474,6.033,4.902,9.232,1.387,3,11,12.0,44.0,13.0,12.0,487.0,259.0,73.3,68.5,63.1,78.3,70.8
7b1e20ea,2016,ZS Ansari,Surrey,2016,17,10,439,1172,27.438,53,False,53,0,2,37.457,51,3,222,50.569,4.608,19.41,Middle order,64.706,4.0,0.0,64.706,29.412,5.882,8.386,9.924,7.229,2.695,50.797,4.394,4.522,3.508,9.317,4.674,4.772,5.642,3.403,1,6,5.882,35.294,8.0,9.0,223.0,216.0,46.8,68.5,44.1,61.6,55.2
3385b875,2026,J Blake,Surrey,2026,8,4,149,478,21.286,43,True,43*,0,0,31.172,19,0,76,51.007,3.975,15.904,Middle order,50.0,5.5,0.0,50.0,37.5,12.5,10.241,13.008,8.214,4.794,53.691,5.277,4.522,2.123,8.38,5.75,4.845,6.286,4.268,1,4,12.5,50.0,4.0,4.0,80.0,69.0,62.4,68.4,65.1,87.1,70.8
31f671b7,2015,IJ Westwood,Warwickshire,2015,25,14,856,1871,35.667,196,False,196,1,4,45.751,111,2,456,53.271,6.04,22.753,Opener,96.0,2.0,96.0,0.0,0.0,4.0,13.589,10.75,17.011,-6.261,43.224,6.066,4.521,5.995,23.769,6.502,4.761,3.607,5.336,3,13,12.0,52.0,13.0,12.0,370.0,486.0,84.7,68.4,63.1,89.8,76.5
31b01074,2023,Kasey Aldridge,Somerset,2023,13,8,451,801,41.0,101,True,101*,1,3,56.305,54,4,240,53.215,7.241,28.398,All-rounder / keeper,76.923,7.0,0.0,0.0,76.923,23.077,10.667,10.999,10.091,0.909,65.41,5.43,4.517,4.609,13.548,5.792,4.835,5.755,0.986,1,6,7.692,46.154,8.0,5.0,295.0,156.0,66.2,68.3,48.8,82.1,66.4
42151725,2023,GK Berg,Northamptonshire,2023,7,4,131,247,21.833,56,False,56,0,1,53.036,19,1,82,62.595,8.097,21.586,Lower order,85.714,9.0,0.0,0.0,14.286,85.714,12.04,8.438,17.188,-8.75,41.221,4.521,4.513,3.421,8.584,4.817,4.91,3.458,8.584,0,4,0.0,57.143,5.0,2.0,54.0,77.0,77.4,68.2,18.9,94.3,64.7
f41598c1,2017,AN Cook,Essex,2017,10,7,667,1149,66.7,193,False,193,3,1,58.05,93,0,372,55.772,8.094,27.936,Opener,100.0,2.0,100.0,0.0,0.0,0.0,19.881,21.468,17.986,3.482,58.771,10.845,4.509,8.403,21.066,11.515,4.726,11.315,4.509,4,5,40.0,50.0,4.0,6.0,392.0,275.0,98.6,68.2,98.9,87.1,88.2
ab474682,2016,SJ Croft,Lancashire,2016,25,16,713,1756,29.708,100,False,100,1,4,40.604,73,8,340,47.686,4.613,22.269,Middle order,92.0,5.0,4.0,92.0,4.0,0.0,9.508,8.568,10.424,-1.856,44.46,4.568,4.508,3.206,9.69,4.849,4.785,3.87,4.508,3,8,12.0,32.0,11.0,14.0,317.0,396.0,56.5,68.1,63.1,53.8,60.4
c1a89821,2022,NRT Gubbins,Hampshire,2022,24,14,754,1464,35.905,130,False,130,2,2,51.503,121,1,490,64.987,8.333,19.672,Middle order,100.0,3.0,0.0,100.0,0.0,0.0,11.362,13.746,8.872,4.874,61.804,5.937,4.502,6.466,27.533,6.298,4.821,4.279,4.725,3,7,12.5,29.167,12.0,12.0,466.0,288.0,72.3,68.0,65.1,48.4,63.4
f54dbda7,2021,WMH Rhodes,Warwickshire,2021,26,14,633,1329,26.375,91,False,91,0,5,47.63,77,6,344,54.344,6.245,23.194,Opener,69.231,1.0,69.231,30.769,0.0,0.0,10.858,13.476,8.014,5.462,64.613,5.195,4.5,3.887,14.808,5.514,4.722,4.505,4.496,2,10,7.692,38.462,13.0,13.0,409.0,224.0,68.1,68.0,48.8,67.8,63.2
73f1f6b0,2025,TA Lammonby,Somerset,2025,25,14,810,1431,33.75,133,False,133,2,3,56.604,96,0,384,47.407,6.709,31.91,Middle order,96.0,3.0,4.0,96.0,0.0,0.0,11.41,6.669,15.967,-9.298,28.642,6.269,4.498,5.545,16.469,6.67,4.886,0.799,8.785,4,10,16.0,40.0,11.0,14.0,232.0,578.0,72.7,67.9,75.9,71.0,71.9
4ae1755b,2018,HC Brook,Yorkshire,2018,23,12,575,979,25.0,124,False,124,1,3,58.733,79,3,334,58.087,8.376,26.867,Middle order,60.87,3.0,39.13,60.87,0.0,0.0,10.357,4.223,17.24,-13.017,21.565,5.754,4.491,5.572,18.591,6.052,4.88,1.61,7.391,3,5,13.043,21.739,12.0,11.0,124.0,451.0,63.2,67.9,67.1,35.5,58.4
29e8a62e,2023,RJ Burns,Surrey,2023,27,14,631,1342,27.435,88,False,88,0,4,47.019,78,2,324,51.347,5.961,24.326,Opener,96.296,1.0,96.296,3.704,0.0,0.0,9.606,10.763,8.472,2.291,55.468,5.127,4.491,3.675,11.988,5.517,4.771,5.959,4.324,4,15,14.815,55.556,13.0,14.0,350.0,281.0,57.3,67.8,72.5,93.1,72.7
92aeac25,2014,AD Hales,Nottinghamshire,2014,16,9,710,1013,47.333,183,False,183,2,3,70.089,106,5,454,63.944,10.958,28.381,Opener,75.0,2.0,75.0,25.0,0.0,0.0,14.682,13.359,16.265,-2.907,49.577,6.345,4.49,5.27,16.944,6.699,4.712,4.49,5.66,4,7,25.0,43.75,8.0,8.0,352.0,358.0,90.2,67.7,92.5,77.8,82.0
0207ff32,2024,TJ Prest,Hampshire,2024,13,9,582,795,48.5,156,False,156,3,1,73.208,62,15,338,58.076,9.686,33.983,Middle order,53.846,5.0,0.0,53.846,46.154,0.0,14.693,17.692,9.54,8.152,76.117,6.882,4.467,6.23,18.097,7.218,4.771,10.231,2.653,2,8,15.385,61.538,7.0,6.0,443.0,139.0,90.3,67.7,73.9,96.4,82.1
f3b26fe4,2024,Kashif Ali,Worcestershire,2024,20,12,767,1180,42.611,133,False,133,2,5,65.0,100,9,454,59.192,9.237,29.225,Middle order,100.0,3.0,0.0,100.0,0.0,0.0,13.837,8.884,17.085,-8.201,25.424,6.907,4.465,7.431,24.595,7.397,4.726,2.329,4.509,6,7,30.0,35.0,8.0,12.0,195.0,572.0,86.4,67.6,95.7,60.6,77.6
2223b920,2021,KHD Barker,Hampshire,2021,8,4,145,374,18.125,75,False,75,0,1,38.77,15,1,66,45.517,4.278,22.067,Lower order,75.0,8.0,0.0,0.0,25.0,75.0,9.725,7.258,12.182,-4.924,37.241,4.957,4.462,4.457,10.236,5.237,4.661,3.834,6.081,1,2,12.5,25.0,4.0,4.0,54.0,91.0,58.2,67.5,65.1,40.4,57.8
4c5d73db,2014,CR Woakes,Warwickshire,2014,16,9,317,651,22.643,91,False,91,0,1,48.694,47,0,188,59.306,7.22,21.358,All-rounder / keeper,75.0,7.0,0.0,0.0,75.0,25.0,7.314,6.155,8.484,-2.329,42.271,3.534,4.459,2.408,7.205,3.771,4.91,2.118,4.862,1,5,6.25,31.25,7.0,9.0,134.0,183.0,38.6,67.4,45.3,52.1,50.8
3c55c703,2024,JG Bethell,Warwickshire,2024,16,10,466,975,31.067,93,False,93,0,4,47.795,60,3,258,55.365,6.462,22.807,All-rounder / keeper,81.25,7.0,0.0,18.75,81.25,0.0,9.365,12.108,7.015,5.093,59.657,4.677,4.459,3.408,11.124,4.911,4.64,5.882,4.098,3,6,18.75,37.5,7.0,9.0,278.0,188.0,55.2,67.5,83.2,65.8,67.9
6ce9f3eb,2025,EA Brookes,Worcestershire,2025,26,14,788,1306,31.52,140,False,140,2,2,60.337,89,24,500,63.452,8.652,24.141,All-rounder / keeper,57.692,7.0,0.0,19.231,57.692,23.077,12.211,8.759,14.759,-6.0,30.457,5.994,4.458,5.178,19.637,6.344,4.683,5.255,3.661,4,10,15.385,38.462,14.0,12.0,240.0,548.0,78.0,67.4,73.9,67.8,71.8
58043739,2021,TT Bresnan,Warwickshire,2021,15,10,311,718,23.923,68,True,68*,0,2,43.315,39,0,156,50.161,5.432,22.828,All-rounder / keeper,73.333,7.0,0.0,0.0,73.333,26.667,8.775,4.231,13.573,-9.342,24.759,4.543,4.447,3.563,11.136,4.775,4.721,1.946,7.194,3,5,20.0,33.333,6.0,9.0,77.0,234.0,49.7,67.3,85.2,56.8,64.8
819ae1ad,2021,FS Organ,Hampshire,2021,6,3,102,291,17.0,36,False,36,0,0,35.052,13,1,58,56.863,4.811,15.884,All-rounder / keeper,50.0,7.5,0.0,0.0,50.0,50.0,8.862,11.634,7.363,4.271,46.078,4.859,4.444,1.821,6.851,5.107,4.702,6.851,3.863,0,2,0.0,33.333,2.0,4.0,47.0,55.0,50.8,67.2,18.9,56.8,48.4
dd6e32da,2023,JB Cracknell,Middlesex,2023,6,3,90,174,15.0,33,False,33,0,0,51.724,10,1,46,51.111,6.322,26.994,Middle order,100.0,3.0,0.0,100.0,0.0,0.0,8.555,11.828,6.765,5.063,48.889,3.868,4.433,2.372,5.906,4.104,4.696,5.906,2.849,0,2,0.0,33.333,2.0,4.0,44.0,46.0,47.8,67.2,18.9,56.8,47.7
1957c6b7,2022,LWP Wells,Lancashire,2022,22,14,991,1780,52.158,175,True,175*,3,4,55.674,129,10,576,58.123,7.809,25.289,Opener,100.0,1.0,100.0,0.0,0.0,0.0,15.204,18.44,11.393,7.046,65.59,7.176,4.432,6.512,22.782,7.628,4.7,8.496,3.541,4,11,18.182,50.0,10.0,12.0,650.0,341.0,92.2,67.1,82.2,87.1,82.2
54745c20,2016,V Chopra,Warwickshire,2016,22,14,694,1282,34.7,107,False,107,1,5,54.134,94,1,382,55.043,7.41,26.285,Opener,95.455,1.0,95.455,4.545,0.0,0.0,12.545,14.613,10.91,3.704,51.441,5.421,4.427,4.052,12.281,5.779,4.642,4.198,4.657,4,11,18.182,50.0,11.0,11.0,357.0,337.0,79.3,67.0,82.2,87.1,78.9
a3c5e7a6,2014,JM Kettleborough,Northamptonshire,2014,14,7,349,783,24.929,73,False,73,0,3,44.572,52,1,214,61.318,6.769,18.493,Opener,71.429,2.0,71.429,28.571,0.0,0.0,11.387,8.844,13.984,-5.14,39.255,4.743,4.425,2.81,8.496,5.088,4.771,3.028,5.595,1,5,7.143,35.714,6.0,8.0,137.0,212.0,72.6,67.0,47.5,62.5,62.4
f5821615,2017,JS Patel,Warwickshire,2017,23,12,594,828,28.286,100,False,100,1,2,71.739,82,4,352,59.259,10.386,32.615,Lower order,100.0,9.0,0.0,0.0,0.0,100.0,11.115,8.828,14.071,-5.243,44.781,5.663,4.418,3.705,12.611,6.058,4.676,2.933,7.064,5,10,21.739,43.478,13.0,10.0,266.0,328.0,70.0,66.9,88.3,77.2,75.6
c5cc48bc,2025,MJJ Critchley,Essex,2025,22,14,859,1643,42.95,145,True,145*,3,3,52.282,105,8,468,54.482,6.878,25.556,Middle order,77.273,5.0,0.0,77.273,22.727,0.0,12.546,14.393,10.343,4.051,62.398,6.624,4.403,4.797,14.462,6.975,4.699,7.803,4.216,2,11,9.091,50.0,11.0,11.0,536.0,323.0,79.3,66.9,53.1,87.1,71.6
25a42048,2022,T Westley,Essex,2022,25,14,641,1601,29.136,90,False,90,0,4,40.037,88,0,352,54.914,5.497,19.101,Middle order,100.0,3.0,0.0,100.0,0.0,0.0,10.657,10.435,10.886,-0.451,49.766,5.476,4.402,3.246,14.286,5.822,4.724,4.324,4.479,3,9,12.0,36.0,13.0,12.0,319.0,322.0,66.1,66.8,63.1,63.1,64.8
4a461c24,2021,LA Dawson,Hampshire,2021,8,4,126,322,15.75,41,False,41,0,0,39.13,13,1,58,46.032,4.348,22.078,All-rounder / keeper,100.0,6.0,0.0,0.0,100.0,0.0,8.451,9.543,7.363,2.18,56.349,4.514,4.392,4.237,8.746,4.757,4.684,4.988,4.04,0,3,0.0,37.5,4.0,4.0,71.0,55.0,47.3,66.7,18.9,65.8,49.7
83e74e91,2015,TC Fell,Worcestershire,2015,22,14,868,1513,39.455,171,False,171,2,3,57.369,124,3,514,59.217,8.394,25.541,Middle order,100.0,3.0,0.0,100.0,0.0,0.0,13.942,10.56,16.434,-5.874,32.143,6.448,4.392,6.315,23.297,6.894,4.642,3.708,6.247,3,12,13.636,54.545,9.0,13.0,279.0,589.0,87.2,66.7,68.6,92.4,78.7
8492a4de,2025,FS Middleton,Hampshire,2025,24,14,665,1366,27.708,79,False,79,0,4,48.682,90,0,360,54.135,6.589,23.903,Opener,100.0,2.0,100.0,0.0,0.0,0.0,10.966,10.555,11.343,-0.787,46.015,5.211,4.39,3.228,10.467,5.476,4.604,4.561,4.219,2,12,8.333,50.0,11.0,13.0,306.0,359.0,68.7,66.6,50.4,87.1,68.2
75cbed9b,2026,SS Eskinazi,Leicestershire,2026,13,8,412,994,31.692,100,False,100,2,3,41.449,45,3,198,48.058,4.829,22.622,All-rounder / keeper,100.0,6.0,0.0,0.0,100.0,0.0,10.399,12.143,9.48,2.664,40.291,4.508,4.389,2.837,8.857,4.798,4.651,4.479,4.299,1,4,7.692,30.769,6.0,7.0,166.0,246.0,64.1,66.5,48.8,51.5,57.7
10b79140,2024,TS Muyeye,Kent,2024,17,9,572,869,33.647,211,False,211,1,3,65.823,75,6,336,58.741,9.321,29.949,Opener,70.588,2.0,70.588,0.0,29.412,0.0,12.437,10.784,13.755,-2.971,38.462,6.017,4.386,7.295,24.361,6.49,4.666,5.53,1.099,4,6,23.529,35.294,8.0,9.0,220.0,352.0,79.0,66.5,90.8,61.6,74.5
4ec07775,2021,RN ten Doeschate,Essex,2021,11,7,300,503,27.273,56,False,56,0,3,59.642,40,1,166,55.333,8.151,29.004,All-rounder / keeper,100.0,6.0,0.0,0.0,100.0,0.0,9.97,9.356,10.341,-0.985,35.333,5.75,4.383,3.525,12.472,6.03,4.631,3.021,5.111,0,3,0.0,27.273,4.0,7.0,106.0,194.0,60.3,66.4,18.9,44.3,47.5
29ede60b,2024,AL Davies,Warwickshire,2024,23,14,1115,1799,50.682,256,False,256,4,3,61.979,141,10,624,55.964,8.394,29.794,Opener,100.0,2.0,100.0,0.0,0.0,0.0,16.605,17.2,16.067,1.133,49.148,8.361,4.381,8.011,23.301,8.8,4.565,4.518,4.245,5,11,21.739,47.826,10.0,13.0,548.0,567.0,95.5,66.4,88.3,84.1,83.6
cf73ad76,2016,JEC Franklin,Middlesex,2016,19,12,641,1231,42.733,99,False,99,0,4,52.071,79,6,352,54.914,6.905,25.218,All-rounder / keeper,78.947,7.0,0.0,5.263,78.947,15.789,9.791,9.538,10.053,-0.515,49.61,5.109,4.376,2.434,9.761,5.356,4.527,5.022,4.299,0,6,0.0,31.579,9.0,10.0,318.0,323.0,58.9,66.3,18.9,52.8,49.2
c5f1d2a1,2023,BT Slater,Nottinghamshire,2023,25,13,825,1703,33.0,140,False,140,2,3,48.444,114,3,474,57.455,6.87,22.131,Opener,64.0,1.0,64.0,36.0,0.0,0.0,13.16,15.422,9.855,5.567,69.576,6.058,4.373,4.947,16.652,6.431,4.704,5.072,3.89,6,12,24.0,48.0,14.0,11.0,574.0,251.0,83.1,66.2,91.6,84.4,81.3
4ec07775,2018,RN ten Doeschate,Essex,2018,18,11,600,950,35.294,173,True,173*,1,3,63.158,73,6,328,54.667,8.316,31.228,All-rounder / keeper,88.889,6.0,0.0,11.111,88.889,0.0,13.007,12.934,13.113,-0.179,59.0,5.809,4.358,4.276,13.796,6.162,4.699,5.541,3.687,3,9,16.667,50.0,10.0,8.0,354.0,246.0,82.3,66.2,78.4,87.1,78.5
59559bc2,2019,J Overton,Somerset,2019,11,6,221,262,24.556,52,True,52*,0,1,84.351,23,8,140,63.348,11.832,35.065,Lower order,100.0,9.0,0.0,0.0,0.0,100.0,7.915,6.484,10.469,-3.985,52.489,4.242,4.353,3.448,7.652,4.589,4.796,6.76,1.945,1,3,9.091,27.273,6.0,5.0,116.0,105.0,42.4,66.1,53.1,44.3,51.5
ada15e88,2017,PSP Handscomb,Yorkshire,2017,12,7,346,535,31.455,101,True,101*,1,1,64.673,47,1,194,56.069,8.972,31.211,Middle order,100.0,3.5,0.0,100.0,0.0,0.0,11.086,5.802,13.974,-8.172,18.497,5.696,4.348,4.391,12.299,5.984,4.633,3.145,7.738,2,5,16.667,41.667,5.0,7.0,64.0,282.0,69.9,66.0,78.4,73.4,71.9
c9c0fe50,2016,AZ Lees,Yorkshire,2016,30,16,1165,2329,40.172,132,False,132,3,7,50.021,136,6,580,49.785,6.097,26.749,Opener,100.0,2.0,100.0,0.0,0.0,0.0,13.591,10.668,16.848,-6.179,41.373,6.714,4.348,6.242,19.264,7.131,4.622,3.67,4.348,7,12,23.333,40.0,15.0,15.0,482.0,683.0,84.7,66.0,90.6,71.0,78.1
c5f1d2a1,2019,BT Slater,Nottinghamshire,2019,24,13,471,1080,20.478,76,False,76,0,1,43.611,70,0,280,59.448,6.481,18.911,Opener,91.667,1.0,91.667,8.333,0.0,0.0,9.812,8.632,10.914,-2.282,42.463,4.18,4.338,3.049,10.999,4.515,4.665,3.481,4.714,2,10,8.333,41.667,11.0,13.0,200.0,271.0,59.1,65.9,50.4,73.4,62.2
0d61d8f0,2018,JD Libby,Nottinghamshire,2018,25,13,633,1338,27.522,100,True,100*,1,4,47.309,74,1,302,47.709,5.605,26.207,Opener,84.0,2.0,84.0,16.0,0.0,0.0,10.309,11.601,8.607,2.994,63.981,4.894,4.331,4.062,13.4,5.306,4.696,4.58,4.217,4,11,16.0,44.0,14.0,11.0,405.0,228.0,62.9,65.9,75.9,78.3,70.8
fd770945,2018,BT Foakes,Surrey,2018,15,10,544,1107,38.857,90,False,90,0,4,49.142,70,0,280,51.471,6.323,25.458,Middle order,86.667,5.0,0.0,86.667,6.667,6.667,11.039,12.662,9.776,2.886,50.184,5.982,4.316,4.437,13.274,6.354,4.706,5.852,3.747,2,7,13.333,46.667,7.0,8.0,273.0,271.0,69.6,65.8,68.0,82.7,71.5
818c9e0d,2016,KR Brown,Lancashire,2016,17,10,337,760,19.824,61,False,61,0,2,44.342,47,0,188,55.786,6.184,20.898,All-rounder / keeper,52.941,6.0,35.294,11.765,52.941,0.0,7.05,5.788,7.948,-2.161,34.125,3.399,4.308,2.116,6.008,3.629,4.498,2.923,4.308,1,4,5.882,23.529,7.0,10.0,115.0,222.0,36.9,65.7,44.1,38.2,46.2
ea42ddb9,2017,ME Trescothick,Somerset,2017,19,10,443,881,24.611,119,True,119*,1,0,50.284,67,1,274,61.851,7.719,20.787,Opener,100.0,1.0,100.0,0.0,0.0,0.0,10.243,10.006,10.398,-0.392,38.6,5.266,4.301,4.515,15.892,5.575,4.551,4.869,3.853,1,7,5.263,36.842,7.0,12.0,171.0,272.0,62.5,65.7,41.8,64.7,58.7
a05d0552,2021,JJ Weatherley,Hampshire,2021,8,4,141,421,17.625,43,False,43,0,0,33.492,19,0,76,53.901,4.513,16.169,Opener,87.5,1.0,87.5,12.5,0.0,0.0,9.457,8.333,10.576,-2.242,43.972,4.693,4.295,2.126,7.556,5.031,4.699,3.77,5.615,1,2,12.5,25.0,4.0,4.0,62.0,79.0,56.1,65.6,65.1,40.4,56.8
29e95537,2019,AM Rahane,Hampshire,2019,11,6,300,562,27.273,119,False,119,1,1,53.381,39,0,156,52.0,6.94,27.533,Middle order,100.0,3.0,0.0,100.0,0.0,0.0,11.862,12.428,11.179,1.249,57.333,6.134,4.295,5.218,13.333,6.821,4.667,7.441,4.295,0,5,0.0,45.455,4.0,7.0,172.0,128.0,75.7,65.5,18.9,80.9,60.2
18fac429,2018,SR Patel,Nottinghamshire,2018,24,13,619,1013,26.913,76,False,76,0,6,61.106,86,4,368,59.451,8.885,27.194,Middle order,83.333,5.0,0.0,83.333,12.5,4.167,10.236,13.508,6.04,7.468,74.152,4.792,4.294,3.009,10.478,5.187,4.527,5.994,2.839,3,8,12.5,33.333,13.0,11.0,459.0,160.0,62.3,65.5,65.1,56.8,62.4
54745c20,2017,V Chopra,Essex,2017,14,9,372,674,28.615,100,True,100*,1,1,55.193,42,7,210,56.452,7.27,25.92,Opener,85.714,1.0,85.714,14.286,0.0,0.0,9.675,7.779,13.501,-5.722,53.763,5.447,4.29,4.429,14.37,5.722,4.396,3.96,6.338,3,4,21.429,28.571,8.0,6.0,200.0,172.0,57.8,65.4,87.6,47.1,64.5
c9c0fe50,2017,AZ Lees,Yorkshire,2017,23,13,487,1011,24.35,102,False,102,1,2,48.17,68,3,290,59.548,7.023,20.957,Opener,69.565,2.0,69.565,30.435,0.0,0.0,9.431,5.774,12.335,-6.561,27.105,3.941,4.286,3.18,11.681,4.157,4.569,1.801,5.896,0,5,0.0,21.739,12.0,11.0,132.0,355.0,55.7,65.3,18.9,35.5,43.8
782c0568,2016,JC Hildreth,Somerset,2016,23,16,1012,1562,48.19,166,False,166,4,2,64.789,131,2,536,52.964,8.515,33.31,Middle order,100.0,4.0,0.0,100.0,0.0,0.0,14.172,15.578,12.756,2.821,55.138,6.686,4.286,6.12,17.552,7.034,4.603,4.744,4.286,6,10,26.087,43.478,12.0,11.0,558.0,454.0,88.3,65.3,93.5,77.2,81.1
2318ba22,2015,TLW Cooper,Somerset,2015,21,12,482,802,22.952,118,False,118,1,1,60.1,79,4,340,70.539,10.349,19.75,Middle order,100.0,3.0,0.0,100.0,0.0,0.0,8.134,9.633,5.827,3.806,71.784,4.126,4.285,2.774,9.212,4.373,4.468,5.653,2.803,1,7,4.762,33.333,10.0,11.0,346.0,136.0,45.0,65.2,40.1,56.8,51.8
7d5e0b78,2016,J Allenby,Somerset,2016,17,12,446,869,26.235,63,False,63,0,5,51.323,52,1,214,47.982,6.099,28.431,Middle order,88.235,5.0,0.0,88.235,11.765,0.0,7.849,10.778,5.383,5.395,62.78,3.862,4.283,2.588,8.075,4.113,4.515,5.03,2.54,1,4,5.882,23.529,8.0,9.0,280.0,166.0,41.7,65.2,44.1,38.2,47.3
49b6c09f,2014,JC Tredwell,Sussex,2014,8,5,218,399,31.143,50,True,50*,0,1,54.637,35,0,140,64.22,8.772,21.429,Lower order,100.0,8.0,0.0,0.0,0.0,100.0,9.222,8.049,10.863,-2.814,50.917,4.289,4.276,1.139,6.094,4.561,4.573,4.276,4.76,1,3,12.5,37.5,4.0,4.0,111.0,107.0,53.4,65.1,65.1,65.8,62.4
211de69f,2018,Azhar Ali,Somerset,2018,13,7,402,765,33.5,125,False,125,1,2,52.549,53,2,224,55.721,7.19,25.07,Middle order,100.0,3.0,0.0,100.0,0.0,0.0,12.442,9.378,14.043,-4.666,25.871,5.638,4.27,4.224,12.888,6.009,4.668,3.972,6.049,3,5,23.077,38.462,6.0,7.0,104.0,298.0,79.1,65.0,90.3,67.8,75.6
f32d890a,2021,PJ Malan,Warwickshire,2021,10,6,339,574,37.667,141,False,141,1,1,59.059,37,2,160,47.198,6.794,33.458,Middle order,100.0,3.0,0.0,100.0,0.0,0.0,13.78,9.084,18.672,-9.589,33.628,6.407,4.269,7.563,20.624,6.721,4.597,6.327,1.559,2,5,20.0,50.0,5.0,5.0,114.0,225.0,85.8,65.0,85.2,87.1,80.8
71647ced,2017,AJA Wheater,Essex,2017,10,7,223,551,22.3,88,False,88,0,2,40.472,31,0,124,55.605,5.626,19.038,All-rounder / keeper,60.0,6.0,0.0,40.0,60.0,0.0,9.679,7.77,12.094,-4.324,44.843,4.345,4.268,4.379,12.552,4.569,4.555,1.124,4.799,1,3,10.0,30.0,5.0,5.0,100.0,123.0,57.9,64.9,56.5,50.0,57.3
087210b1,2018,DJ Vilas,Lancashire,2018,20,12,729,1292,40.5,235,True,235*,3,1,56.424,97,4,412,56.516,7.817,26.616,Middle order,55.0,5.0,0.0,55.0,45.0,0.0,15.491,20.83,7.851,12.979,79.15,6.521,4.268,6.25,19.748,7.09,4.697,11.879,3.284,5,7,25.0,35.0,11.0,9.0,577.0,152.0,92.7,64.8,92.5,60.6,77.6
28217d89,2026,ML Revis,Yorkshire,2026,20,12,466,1008,23.3,61,False,61,0,2,46.23,67,1,274,58.798,6.746,20.426,Middle order,65.0,5.0,0.0,65.0,35.0,0.0,8.912,8.1,9.814,-1.714,47.854,4.559,4.266,2.659,9.05,4.907,4.556,3.848,4.944,2,7,10.0,35.0,8.0,12.0,223.0,243.0,51.0,64.8,56.5,60.6,58.2
f05fe9b1,2017,JA Simpson,Middlesex,2017,22,14,570,1193,28.5,90,False,90,0,3,47.779,78,3,330,57.895,6.79,21.583,All-rounder / keeper,90.909,6.0,0.0,9.091,90.909,0.0,9.962,9.816,10.083,-0.268,44.912,4.997,4.265,4.501,16.059,5.351,4.457,5.918,2.892,4,9,18.182,40.909,9.0,13.0,256.0,314.0,60.2,64.7,82.2,72.2,69.8
67b9536c,2024,SR Hain,Warwickshire,2024,13,8,430,1036,39.091,153,True,153*,2,0,41.506,41,2,176,40.93,4.151,25.579,Middle order,100.0,4.0,0.0,100.0,0.0,0.0,12.004,12.637,11.691,0.946,34.884,5.409,4.261,5.727,17.791,5.738,4.555,3.907,4.615,2,3,15.385,23.077,5.0,8.0,150.0,280.0,77.0,64.7,73.9,37.5,63.3
ab01e323,2023,SA Zaib,Northamptonshire,2023,19,11,514,976,28.556,57,True,57*,0,1,52.664,61,5,274,53.307,6.762,26.374,All-rounder / keeper,73.684,6.0,0.0,26.316,73.684,0.0,11.016,13.811,8.714,5.097,56.615,5.843,4.257,4.328,14.357,6.335,4.545,7.028,3.575,4,9,21.053,47.368,9.0,10.0,291.0,223.0,69.2,64.5,86.9,83.3,76.0
e087956b,2014,BA Stokes,Durham,2014,9,6,285,458,31.667,85,False,85,0,2,62.227,48,0,192,67.368,10.48,22.683,Middle order,88.889,5.0,0.0,88.889,11.111,0.0,8.724,5.484,16.004,-10.52,43.509,4.914,4.257,3.162,8.567,5.204,4.574,2.314,8.447,0,3,0.0,33.333,6.0,3.0,124.0,161.0,49.3,64.6,18.9,56.8,47.4
67b9536c,2019,SR Hain,Warwickshire,2019,15,9,497,1247,35.5,92,True,92*,0,2,39.856,67,0,268,53.924,5.373,19.407,Middle order,100.0,4.0,0.0,100.0,0.0,0.0,11.363,10.672,12.335,-1.662,54.93,6.188,4.253,4.615,15.782,6.792,4.664,4.386,3.876,1,7,6.667,46.667,8.0,7.0,273.0,224.0,72.3,64.5,46.3,82.7,66.4
0d61d8f0,2024,JD Libby,Worcestershire,2024,23,14,710,1479,32.273,101,True,101*,1,6,48.005,90,1,366,51.549,6.153,24.784,Opener,100.0,2.0,100.0,0.0,0.0,0.0,11.68,13.731,10.006,3.725,52.817,5.134,4.252,4.515,14.069,5.482,4.616,3.832,4.672,4,10,17.391,43.478,11.0,12.0,375.0,335.0,74.3,64.4,80.8,77.2,74.2
97e434a6,2024,DP Sibley,Surrey,2024,22,14,832,1758,43.789,150,False,150,3,3,47.327,113,3,470,56.49,6.598,22.046,Opener,95.455,2.0,95.455,0.0,4.545,0.0,13.198,10.065,17.177,-7.112,42.668,6.257,4.241,4.71,16.129,6.62,4.606,3.754,7.415,6,10,27.273,45.455,12.0,10.0,355.0,477.0,83.2,64.3,94.5,80.9,80.7
bf814547,2025,K Verreynne,Nottinghamshire,2025,16,10,500,853,33.333,128,True,128*,1,1,58.617,60,5,270,54.0,7.62,29.188,All-rounder / keeper,100.0,6.0,0.0,0.0,100.0,0.0,9.553,12.716,7.46,5.256,53.0,4.993,4.238,3.248,10.871,5.292,4.44,7.408,3.959,1,5,6.25,31.25,6.0,10.0,265.0,235.0,56.9,64.3,45.3,52.1,54.6
54745c20,2015,V Chopra,Warwickshire,2015,25,15,658,1513,27.417,119,True,119*,2,2,43.49,82,1,334,50.76,5.486,22.657,Opener,100.0,1.0,100.0,0.0,0.0,0.0,9.928,11.187,8.618,2.569,57.447,4.676,4.233,3.987,12.098,4.996,4.452,4.381,2.891,4,9,16.0,36.0,12.0,13.0,378.0,280.0,59.9,64.2,75.9,63.1,65.8
42151725,2018,GK Berg,Hampshire,2018,12,8,310,600,31.0,84,True,84*,0,2,51.667,41,3,182,58.71,7.333,23.022,Lower order,58.333,8.0,0.0,0.0,41.667,58.333,9.733,9.781,9.656,0.125,61.935,4.284,4.22,3.299,9.748,4.574,4.552,5.01,4.22,2,5,16.667,41.667,7.0,5.0,192.0,118.0,58.4,64.2,78.4,73.4,68.6
a1b69936,2025,DG Bedingham,Durham,2025,11,6,333,622,30.273,93,False,93,0,3,53.537,44,2,188,56.456,7.395,25.174,Middle order,81.818,4.0,0.0,81.818,9.091,9.091,11.804,12.008,11.557,0.451,55.856,5.444,4.214,4.572,13.355,5.646,4.361,5.572,1.661,1,5,9.091,45.455,5.0,6.0,186.0,147.0,75.4,64.1,53.1,80.9,68.4
0b60eb09,2019,KA Maharaj,Yorkshire,2019,9,5,239,259,26.556,85,False,85,0,2,92.278,23,11,158,66.109,13.127,36.0,Lower order,100.0,8.0,0.0,0.0,0.0,100.0,9.884,7.01,17.72,-10.71,51.883,5.239,4.213,5.27,13.199,5.615,4.545,4.213,6.863,1,2,11.111,22.222,5.0,4.0,124.0,115.0,59.5,64.0,60.5,36.3,55.1
c834c290,2019,JL Smith,Surrey,2019,12,7,302,659,27.455,57,False,57,0,2,45.827,36,1,150,49.669,5.615,24.437,All-rounder / keeper,58.333,6.5,0.0,41.667,58.333,0.0,9.748,6.21,14.182,-7.972,35.43,5.678,4.211,4.845,13.009,6.056,4.51,2.628,5.867,2,5,16.667,41.667,6.0,6.0,107.0,195.0,58.6,64.0,78.4,73.4,68.6
f836b33d,2019,T Kohler-Cadmore,Yorkshire,2019,22,14,828,1539,39.429,165,True,165*,2,3,53.801,118,3,490,59.179,7.862,23.836,Middle order,90.909,4.0,4.545,90.909,4.545,0.0,13.552,13.634,13.439,0.195,58.092,9.459,4.209,15.843,63.218,10.006,4.47,6.018,3.298,2,11,9.091,50.0,12.0,10.0,481.0,347.0,84.5,63.9,53.1,87.1,72.2
4b685e2d,2024,DW Lawrence,Surrey,2024,14,10,617,832,47.462,175,False,175,2,3,74.159,66,8,312,50.567,8.894,40.237,All-rounder / keeper,57.143,6.0,7.143,35.714,57.143,0.0,13.416,8.656,22.086,-13.43,41.653,6.205,4.194,6.738,17.949,6.54,4.39,1.197,7.79,3,6,21.429,42.857,9.0,5.0,257.0,360.0,84.1,63.8,87.6,75.7,77.8
f048bb41,2018,JM Mennie,Lancashire,2018,10,6,215,457,30.714,68,True,68*,0,2,47.046,20,3,98,45.581,5.033,26.959,Lower order,100.0,9.0,0.0,0.0,0.0,100.0,8.562,7.653,10.074,-2.421,55.814,4.12,4.193,3.387,7.789,4.444,4.617,3.312,5.112,1,3,10.0,30.0,6.0,4.0,120.0,95.0,47.9,63.8,56.5,50.0,54.6
06c2de82,2014,L Gregory,Somerset,2014,9,7,258,347,32.25,69,False,69,0,1,74.352,33,9,186,72.093,12.104,23.607,Lower order,100.0,9.0,0.0,0.0,0.0,100.0,8.339,7.789,9.229,-1.441,57.752,3.552,4.181,2.23,6.412,3.808,4.513,3.405,4.181,0,4,0.0,44.444,5.0,4.0,149.0,109.0,46.4,63.7,18.9,79.1,52.0
c374f37f,2014,JWA Taylor,Nottinghamshire,2014,24,13,803,1622,34.913,126,False,126,1,6,49.507,102,3,426,53.051,6.473,24.852,Middle order,100.0,4.0,0.0,100.0,0.0,0.0,11.619,14.826,8.441,6.384,63.512,6.136,4.18,4.24,12.36,6.506,4.271,8.224,3.856,4,8,16.667,33.333,12.0,12.0,510.0,293.0,73.9,63.7,78.4,56.8,68.2
9fd3a210,2022,Zafar Gohar,Gloucestershire,2022,21,11,493,858,27.389,81,False,81,0,4,57.459,55,9,274,55.578,7.459,27.582,Lower order,90.476,8.0,0.0,0.0,9.524,90.476,9.068,7.82,10.483,-2.663,45.842,4.603,4.179,4.008,14.157,4.937,4.575,3.792,4.288,1,6,4.762,28.571,11.0,10.0,226.0,267.0,51.9,63.6,40.1,47.1,50.7
70b8fd28,2018,A Lyth,Yorkshire,2018,25,13,656,1379,27.333,134,True,134*,1,2,47.571,98,1,398,60.671,7.179,20.156,Opener,100.0,1.0,100.0,0.0,0.0,0.0,10.724,12.67,8.928,3.742,56.707,6.185,4.174,6.134,25.0,6.624,4.468,4.432,4.174,3,10,12.0,40.0,12.0,13.0,372.0,284.0,66.8,63.5,63.1,71.0,66.1
f3abd0c9,2021,DR Briggs,Warwickshire,2021,19,12,411,811,27.4,66,True,66*,0,3,50.678,56,5,254,61.8,7.522,20.933,Lower order,89.474,8.0,5.263,5.263,0.0,89.474,9.18,10.465,7.685,2.78,61.314,4.163,4.17,2.219,9.354,4.399,4.479,3.937,4.798,2,5,10.526,26.316,9.0,10.0,252.0,159.0,53.0,63.5,58.4,42.3,54.3
4b685e2d,2017,DW Lawrence,Essex,2017,21,13,761,1656,44.765,141,True,141*,3,3,45.954,94,4,400,52.562,5.918,23.171,Middle order,100.0,4.0,0.0,100.0,0.0,0.0,13.648,13.812,13.486,0.326,50.329,6.553,4.167,5.77,16.022,6.843,4.297,5.688,4.167,5,10,23.81,47.619,9.0,12.0,383.0,378.0,84.9,63.4,91.2,83.7,80.8
83e74e91,2018,TC Fell,Worcestershire,2018,22,12,580,1174,26.364,89,False,89,0,3,49.404,83,1,338,58.276,7.155,22.202,Opener,50.0,2.5,50.0,50.0,0.0,0.0,10.91,12.598,9.866,2.732,44.138,4.956,4.166,3.92,14.616,5.297,4.413,3.552,4.697,2,9,9.091,40.909,10.0,12.0,256.0,324.0,68.2,63.3,53.1,72.2,64.2
85dcb721,2023,TJ Moores,Nottinghamshire,2023,16,9,415,722,27.667,94,False,94,0,2,57.479,59,3,254,61.205,8.587,24.394,All-rounder / keeper,93.75,6.0,0.0,6.25,93.75,0.0,9.795,12.379,5.751,6.629,77.108,4.831,4.161,4.253,12.279,5.15,4.463,5.63,2.028,4,7,25.0,43.75,9.0,7.0,320.0,95.0,58.9,63.3,92.5,77.8,73.1
3d284ca3,2022,PD Salt,Lancashire,2022,8,7,349,526,43.625,97,False,97,0,2,66.35,41,2,176,50.43,8.175,35.818,All-rounder / keeper,100.0,6.0,0.0,0.0,100.0,0.0,11.767,9.744,13.244,-3.499,34.957,5.478,4.153,3.202,10.331,5.839,4.606,3.023,5.354,1,4,12.5,50.0,4.0,4.0,122.0,227.0,75.1,63.2,65.1,87.1,72.6
70b8fd28,2015,A Lyth,Yorkshire,2015,12,7,315,656,26.25,67,False,67,0,3,48.018,46,0,184,58.413,7.012,21.475,Opener,100.0,1.0,100.0,0.0,0.0,0.0,9.457,10.577,6.108,4.469,83.81,5.053,4.15,3.772,9.492,5.341,4.398,7.273,2.502,1,4,8.333,33.333,8.0,4.0,264.0,51.0,56.1,63.2,50.4,56.8,56.6
819ae1ad,2025,FS Organ,Hampshire,2025,7,5,258,770,51.6,122,True,122*,1,1,33.506,27,2,120,46.512,3.766,18.623,All-rounder / keeper,57.143,7.0,0.0,0.0,57.143,42.857,10.951,20.779,4.609,16.17,74.419,4.724,4.145,4.131,10.702,4.912,4.222,8.71,1.693,1,3,14.286,42.857,2.0,5.0,192.0,66.0,68.5,63.1,70.7,75.7,69.5
00cada13,2024,JDM Evison,Kent,2024,23,13,753,1500,37.65,85,False,85,0,6,50.2,83,10,392,52.058,6.2,25.657,All-rounder / keeper,52.174,6.0,0.0,34.783,52.174,13.043,11.973,13.105,10.72,2.385,57.503,6.145,4.144,3.973,12.882,6.633,4.369,4.144,5.221,4,9,17.391,39.13,13.0,10.0,433.0,320.0,76.8,63.0,80.8,69.5,72.5
fd770945,2016,BT Foakes,Surrey,2016,24,15,759,1703,42.167,141,True,141*,1,3,44.568,90,2,372,49.012,5.402,24.022,All-rounder / keeper,95.833,6.0,0.0,4.167,95.833,0.0,10.496,8.033,12.727,-4.695,36.364,4.672,4.142,3.158,11.182,4.942,4.356,2.542,5.59,3,10,12.5,41.667,11.0,13.0,276.0,483.0,64.7,63.0,65.1,73.4,66.6
457cab44,2025,D Ibrahim,Sussex,2025,7,4,241,593,40.167,121,True,121*,1,1,40.641,31,0,124,51.452,5.228,20.819,Middle order,100.0,5.0,0.0,100.0,0.0,0.0,11.487,6.413,16.091,-9.678,26.556,5.912,4.141,4.516,12.475,6.232,4.338,2.935,8.888,1,3,14.286,42.857,3.0,4.0,64.0,177.0,73.1,62.9,70.7,75.7,70.6
51e1ed69,2019,SG Borthwick,Surrey,2019,18,10,510,1207,28.333,137,False,137,1,2,42.254,68,0,272,53.333,5.634,20.896,Middle order,83.333,3.0,16.667,83.333,0.0,0.0,10.667,9.983,11.053,-1.07,33.725,6.673,4.138,8.307,28.601,7.285,4.379,2.761,4.792,1,5,5.556,27.778,6.0,12.0,172.0,338.0,66.2,62.8,42.8,45.4,54.3
a386e91b,2015,PD Collingwood,Durham,2015,26,14,622,1030,28.273,109,True,109*,1,2,60.388,88,4,376,60.45,8.932,26.226,Middle order,69.231,4.0,0.0,69.231,30.769,0.0,9.226,8.108,10.526,-2.418,47.267,4.399,4.126,2.633,10.293,4.679,4.329,3.888,4.126,3,7,11.538,26.923,15.0,11.0,294.0,328.0,53.4,62.8,62.0,43.5,55.4
1b77f62b,2023,MD Stoneman,Middlesex,2023,28,14,612,1145,22.667,76,False,76,0,5,53.45,79,2,328,53.595,7.074,26.692,Opener,100.0,1.5,100.0,0.0,0.0,0.0,10.59,12.945,7.884,5.061,65.359,5.094,4.125,3.389,11.388,5.393,4.382,6.04,3.732,4,11,14.286,39.286,14.0,14.0,400.0,212.0,65.5,62.7,70.7,69.9,67.2
8fc65c2b,2021,SM Davies,Somerset,2021,8,4,131,281,18.714,52,False,52,0,1,46.619,20,0,80,61.069,7.117,19.54,All-rounder / keeper,75.0,6.0,25.0,0.0,75.0,0.0,8.675,3.757,12.836,-9.079,19.847,3.878,4.121,2.848,6.861,4.155,4.457,1.625,6.13,0,1,0.0,12.5,4.0,4.0,26.0,105.0,49.0,62.6,18.9,22.3,38.2
0e0d43b4,2019,SJ Mullaney,Nottinghamshire,2019,22,12,513,1074,23.318,102,False,102,1,2,47.765,62,9,302,58.869,6.611,21.037,Middle order,40.909,5.0,18.182,40.909,40.909,0.0,11.731,12.257,11.138,1.119,55.361,5.615,4.115,4.658,17.647,6.173,4.614,5.832,3.645,4,6,18.182,27.273,11.0,11.0,284.0,229.0,74.8,62.6,82.2,44.3,66.0
cd143bca,2015,J Leach,Worcestershire,2015,17,10,398,624,26.533,95,False,95,0,2,63.782,55,4,244,61.307,9.455,27.257,Lower order,88.235,8.0,0.0,0.0,11.765,88.235,8.567,11.081,6.283,4.798,61.558,4.306,4.112,3.489,12.803,4.582,4.394,4.711,2.366,0,5,0.0,29.412,8.0,9.0,245.0,153.0,48.0,62.5,18.9,48.9,44.6
29e8a62e,2025,RJ Burns,Surrey,2025,24,14,785,1441,37.381,78,False,78,0,6,54.476,107,5,458,58.344,7.772,24.605,Opener,91.667,1.0,91.667,8.333,0.0,0.0,10.605,11.494,9.559,1.935,58.599,5.556,4.11,3.4,11.925,5.929,4.289,4.272,3.947,4,11,16.667,45.833,12.0,12.0,460.0,325.0,65.7,62.5,78.4,81.7,72.1
97f437ed,2026,NF Kelly,Leicestershire,2026,9,6,306,532,34.0,121,False,121,1,1,57.519,43,5,202,66.013,9.023,21.488,Middle order,88.889,5.0,0.0,88.889,11.111,0.0,13.89,16.367,3.529,12.837,95.098,5.256,4.102,5.046,13.956,5.579,4.453,6.227,0.755,2,3,22.222,33.333,7.0,2.0,291.0,15.0,86.9,62.4,89.1,56.8,73.8
6ce9f3eb,2024,EA Brookes,Worcestershire,2024,12,7,345,621,31.364,132,False,132,1,1,55.556,55,0,220,63.768,8.857,22.085,All-rounder / keeper,83.333,7.0,0.0,8.333,83.333,8.333,11.489,5.481,18.736,-13.255,26.087,4.971,4.088,4.618,14.768,5.319,4.516,2.235,5.747,1,4,8.333,33.333,6.0,6.0,90.0,255.0,73.1,62.3,50.4,56.8,60.6
757502b5,2015,RD Pringle,Durham,2015,17,9,427,804,26.688,99,False,99,0,3,53.109,68,1,278,65.105,8.582,20.272,All-rounder / keeper,100.0,7.0,0.0,0.0,100.0,0.0,9.604,14.589,3.975,10.614,80.562,4.941,4.086,4.309,13.494,5.263,4.235,8.108,1.648,3,6,17.647,35.294,10.0,7.0,344.0,83.0,57.2,62.3,81.3,61.6,65.6
782c0568,2022,JC Hildreth,Somerset,2022,10,6,256,459,25.6,87,False,87,0,3,55.773,32,0,128,50.0,6.972,29.977,Middle order,100.0,5.0,0.0,100.0,0.0,0.0,10.445,4.296,14.69,-10.394,16.797,5.186,4.083,4.456,13.594,5.424,4.312,2.087,5.662,1,2,10.0,20.0,5.0,5.0,43.0,213.0,64.4,62.2,56.5,33.2,54.1
ec02b798,2017,WTS Porterfield,Warwickshire,2017,9,5,137,367,15.222,45,False,45,0,0,37.33,18,0,72,52.555,4.905,18.625,Opener,100.0,1.0,100.0,0.0,0.0,0.0,5.706,5.133,8.168,-3.034,72.993,2.96,4.079,2.564,5.341,3.094,4.277,2.624,4.079,0,4,0.0,44.444,7.0,2.0,100.0,37.0,26.2,62.1,18.9,79.1,46.6
2baad3bd,2021,LW James,Nottinghamshire,2021,17,11,504,1244,31.5,91,False,91,0,4,40.514,71,0,284,56.349,5.707,18.755,Middle order,100.0,5.0,0.0,100.0,0.0,0.0,10.046,15.444,3.556,11.888,83.929,5.316,4.076,4.012,12.381,5.644,4.317,8.5,1.782,1,5,5.882,29.412,9.0,8.0,423.0,81.0,60.8,62.1,44.1,48.9,54.0
81efec30,2024,NLJ Browne,Essex,2024,10,6,353,675,35.3,184,False,184,1,1,52.296,38,0,152,43.059,5.63,31.554,Opener,60.0,1.0,60.0,40.0,0.0,0.0,12.571,4.904,17.081,-12.178,14.448,6.172,4.075,6.435,18.833,6.617,4.464,2.282,5.695,1,4,10.0,40.0,4.0,6.0,51.0,302.0,79.7,62.0,56.5,71.0,67.3
97905e64,2022,RS Patel,Surrey,2022,23,14,719,1388,35.95,102,False,102,1,3,51.801,99,5,426,59.249,7.493,22.819,Opener,100.0,2.0,100.0,0.0,0.0,0.0,9.663,10.27,9.116,1.153,50.348,4.996,4.074,2.762,9.808,5.299,4.489,4.375,3.774,2,9,8.696,39.13,11.0,12.0,362.0,357.0,57.8,62.0,51.6,69.5,60.2
4f034a50,2022,FIN Khushi,Essex,2022,10,6,250,483,25.0,164,False,164,1,0,51.76,31,2,136,54.4,6.832,25.333,All-rounder / keeper,90.0,6.0,0.0,0.0,90.0,10.0,10.318,5.321,14.404,-9.082,23.2,5.291,4.072,6.806,18.51,5.625,4.4,4.281,3.863,1,2,10.0,20.0,5.0,5.0,58.0,192.0,63.0,61.9,56.5,33.2,53.6
8d92a2c3,2016,MA Wood,Durham,2016,6,3,130,169,21.667,36,False,36,0,0,76.923,21,2,96,73.846,13.609,23.288,Lower order,100.0,9.5,0.0,0.0,0.0,100.0,9.104,5.1,12.42,-7.32,25.385,4.537,4.064,2.22,6.956,4.688,4.167,2.592,5.51,0,1,0.0,16.667,2.0,4.0,33.0,97.0,52.5,61.8,18.9,28.6,40.4
d48c0f40,2025,LA Patterson-White,Nottinghamshire,2025,16,11,540,864,33.75,135,False,135,1,3,62.5,66,10,324,60.0,8.796,27.411,Lower order,87.5,8.0,0.0,0.0,12.5,87.5,9.515,17.415,3.797,13.618,76.852,5.059,4.061,4.964,16.97,5.337,4.199,7.598,1.423,2,7,12.5,43.75,6.0,10.0,415.0,125.0,56.7,61.7,65.1,77.8,65.3
353de846,2025,FW McCann,Nottinghamshire,2025,22,13,747,1422,37.35,138,False,138,1,4,52.532,97,1,394,52.744,6.892,26.662,Middle order,100.0,3.0,0.0,100.0,0.0,0.0,10.097,10.41,9.796,0.615,50.602,5.562,4.061,4.754,15.758,5.868,4.257,4.345,3.985,3,10,13.636,45.455,10.0,12.0,378.0,369.0,61.2,61.7,68.6,80.9,68.1
f05fe9b1,2023,JA Simpson,Middlesex,2023,25,14,564,1435,23.5,75,False,75,0,4,39.303,67,2,280,49.645,4.808,20.791,All-rounder / keeper,84.0,6.0,0.0,16.0,84.0,0.0,10.375,10.852,9.786,1.066,57.801,4.628,4.06,2.92,9.568,4.88,4.273,6.072,3.061,3,7,12.0,28.0,13.0,12.0,326.0,238.0,63.6,61.6,63.1,45.9,58.6
3581a798,2025,RM Yates,Warwickshire,2025,24,13,674,1297,30.636,115,False,115,1,3,51.966,102,0,408,60.534,7.864,22.259,Opener,100.0,1.0,100.0,0.0,0.0,0.0,10.334,11.255,9.548,1.707,50.148,4.663,4.056,3.375,12.866,4.984,4.199,3.239,4.076,4,7,16.667,29.167,11.0,13.0,338.0,336.0,63.2,61.6,78.4,48.4,62.9
22176fe7,2014,MJ Richardson,Durham,2014,24,14,749,1621,31.208,116,False,116,1,4,46.206,94,3,394,52.603,5.984,23.294,Middle order,100.0,4.0,0.0,100.0,0.0,0.0,10.357,6.918,13.818,-6.9,33.511,5.293,4.055,4.121,12.332,5.635,4.346,3.878,6.982,4,11,16.667,45.833,12.0,12.0,251.0,498.0,63.3,61.5,78.4,81.7,71.2
97905e64,2018,RS Patel,Surrey,2018,10,6,212,559,30.286,48,False,48,0,0,37.925,22,0,88,41.509,3.936,23.091,Middle order,60.0,4.0,0.0,60.0,20.0,20.0,7.359,6.886,7.935,-1.05,51.415,3.905,4.052,1.775,5.657,4.147,4.264,3.089,5.015,0,1,0.0,10.0,5.0,5.0,109.0,103.0,38.9,61.4,18.9,17.6,34.2
e94bc520,2023,OJ Pope,Surrey,2023,8,5,379,511,54.143,122,True,122*,1,1,74.168,46,6,220,58.047,10.176,34.641,Middle order,100.0,3.0,0.0,100.0,0.0,0.0,16.572,28.1,9.375,18.725,65.172,7.638,4.052,7.685,20.7,8.205,4.595,12.376,4.009,3,4,37.5,50.0,3.0,5.0,247.0,132.0,95.3,61.5,98.7,87.1,85.6
211de69f,2019,Azhar Ali,Somerset,2019,14,8,331,699,25.462,79,False,79,0,3,47.353,44,1,182,54.985,6.438,22.783,Opener,92.857,2.0,92.857,7.143,0.0,0.0,9.34,10.916,5.829,5.087,80.665,4.365,4.051,2.807,8.741,4.715,4.282,5.808,1.391,2,5,14.286,35.714,9.0,5.0,267.0,64.0,54.8,61.3,70.7,62.5,62.3
793977d8,2019,JA Tattersall,Yorkshire,2019,21,13,523,1246,26.15,92,False,92,0,3,41.974,60,0,240,45.889,4.815,23.862,All-rounder / keeper,90.476,6.0,4.762,0.0,90.476,4.762,8.942,9.921,7.454,2.467,66.922,4.071,4.047,2.701,9.93,4.364,4.469,5.583,3.343,3,5,14.286,23.81,12.0,9.0,350.0,173.0,51.2,61.3,70.7,38.7,55.5
50c6bc2b,2018,LS Livingstone,Lancashire,2018,14,9,242,407,18.615,48,False,48,0,0,59.459,37,2,160,66.116,9.582,22.283,Middle order,85.714,4.0,0.0,85.714,7.143,7.143,7.57,5.813,9.754,-3.942,42.562,3.668,4.037,2.603,7.435,3.956,4.414,3.431,5.147,2,5,14.286,35.714,7.0,7.0,103.0,139.0,40.0,61.2,70.7,62.5,58.6
71647ced,2018,AJA Wheater,Essex,2018,11,7,261,479,29.0,66,False,66,0,2,54.489,34,0,136,52.107,7.098,28.09,All-rounder / keeper,90.909,7.0,0.0,0.0,90.909,9.091,8.411,9.298,6.851,2.447,70.498,4.186,4.036,2.791,8.059,4.545,4.296,5.197,1.361,0,3,0.0,27.273,6.0,5.0,184.0,77.0,47.1,61.1,18.9,44.3,42.8
a4b810d0,2022,MJ Waite,Yorkshire,2022,8,5,198,391,28.286,59,True,59*,0,1,50.639,29,0,116,58.586,7.417,22.652,All-rounder / keeper,75.0,6.0,0.0,25.0,75.0,0.0,8.575,10.666,6.42,4.245,63.131,3.506,4.036,2.229,5.91,3.743,4.235,5.448,2.27,1,2,12.5,25.0,4.0,4.0,125.0,73.0,48.0,61.1,65.1,40.4,53.6
9caf69a1,2019,WG Jacks,Surrey,2019,14,8,414,749,29.571,120,False,120,1,3,55.274,67,3,286,69.082,9.346,18.851,All-rounder / keeper,92.857,6.0,0.0,7.143,92.857,0.0,10.518,11.088,10.192,0.896,38.406,5.016,4.035,3.893,12.168,5.304,4.316,3.549,4.336,1,6,7.143,42.857,4.0,10.0,159.0,255.0,64.8,61.0,47.5,75.7,62.2
2eca67f5,2015,JM Clarke,Worcestershire,2015,16,10,530,942,35.333,104,True,104*,1,4,56.263,69,1,282,53.208,7.431,28.44,Middle order,68.75,4.0,0.0,68.75,31.25,0.0,11.339,15.625,7.395,8.23,66.038,5.504,4.03,4.742,15.047,5.847,4.224,7.584,1.674,3,8,18.75,50.0,8.0,8.0,350.0,180.0,71.9,61.0,83.2,87.1,75.8
6b16f8ba,2024,HZ Finch,Kent,2024,26,14,656,1438,27.333,85,False,85,0,4,45.619,86,0,344,52.439,5.981,23.077,All-rounder / keeper,76.923,6.0,7.692,15.385,76.923,0.0,9.167,11.213,7.103,4.11,61.433,4.449,4.027,3.368,12.654,4.745,4.244,5.527,3.285,1,8,3.846,30.769,14.0,12.0,403.0,253.0,52.9,60.9,37.9,51.5,50.8
b9877635,2021,TE Bailey,Lancashire,2021,6,4,146,306,24.333,63,False,63,0,2,47.712,21,0,84,57.534,6.863,21.754,Lower order,100.0,9.5,0.0,0.0,0.0,100.0,9.347,4.559,13.039,-8.48,21.233,4.17,4.025,2.885,7.787,4.447,4.26,2.124,6.215,0,2,0.0,33.333,3.0,3.0,31.0,115.0,54.9,60.8,18.9,56.8,47.8
42151725,2015,GK Berg,Hampshire,2015,24,16,672,996,32.0,99,False,99,0,5,67.47,92,6,404,60.119,9.839,29.844,Lower order,100.0,8.0,0.0,0.0,0.0,100.0,10.604,11.654,9.498,2.157,56.399,4.405,4.022,3.927,15.14,4.694,4.246,5.018,2.914,3,7,12.5,29.167,12.0,12.0,379.0,293.0,65.6,60.8,65.1,48.4,60.0
f3b26fe4,2025,Kashif Ali,Worcestershire,2025,22,12,457,1011,20.773,65,False,65,0,3,45.203,56,2,236,51.641,5.737,23.19,Middle order,100.0,3.0,0.0,100.0,0.0,0.0,7.879,11.356,5.925,5.431,51.86,3.977,4.02,2.685,10.145,4.205,4.21,5.524,2.408,0,6,0.0,27.273,10.0,12.0,237.0,220.0,42.1,60.7,18.9,44.3,41.5
53597be1,2015,BRM Taylor,Nottinghamshire,2015,28,16,956,1687,34.143,152,False,152,3,3,56.669,126,2,516,53.975,7.587,28.223,Opener,100.0,2.0,100.0,0.0,0.0,0.0,11.032,9.894,12.181,-2.287,45.084,5.73,4.019,4.336,13.228,6.084,4.428,4.257,3.876,5,8,17.857,28.571,14.0,14.0,431.0,525.0,69.4,60.6,81.6,47.1,64.7
dda5aae5,2022,JK Fuller,Hampshire,2022,21,13,527,655,31.0,78,True,78*,0,2,80.458,67,8,316,59.962,11.45,36.379,Lower order,90.476,9.0,0.0,9.524,0.0,90.476,9.28,9.7,8.697,1.002,60.721,4.721,4.017,2.58,9.987,5.026,4.268,4.017,4.171,1,7,4.762,33.333,11.0,10.0,320.0,207.0,53.9,60.6,40.1,56.8,52.8
a15aaa7f,2015,TR Ambrose,Warwickshire,2015,22,14,651,1300,29.591,153,False,153,2,1,50.077,94,0,376,57.757,7.231,22.803,All-rounder / keeper,95.455,6.0,0.0,4.545,95.455,0.0,10.762,13.839,7.78,6.059,63.287,4.933,4.015,4.813,14.038,5.27,4.509,1.449,4.205,2,7,9.091,31.818,9.0,13.0,412.0,239.0,67.1,60.5,53.1,53.5,58.6
2eca67f5,2018,JM Clarke,Worcestershire,2018,24,13,822,1304,35.739,177,True,177*,3,1,63.037,110,0,440,53.528,8.436,31.993,Middle order,95.833,4.0,0.0,95.833,0.0,4.167,13.994,8.958,17.966,-9.008,28.224,6.458,4.014,5.363,15.467,6.936,4.342,3.808,4.014,6,10,25.0,41.667,12.0,12.0,232.0,590.0,87.5,60.5,92.5,73.4,78.5
85dcb721,2018,TJ Moores,Nottinghamshire,2018,20,12,567,958,29.842,103,False,103,1,2,59.186,81,14,408,71.958,9.916,18.424,All-rounder / keeper,80.0,7.0,0.0,0.0,80.0,20.0,10.535,6.891,15.674,-8.783,38.272,5.053,4.013,3.333,11.604,5.456,4.282,2.692,8.207,3,7,15.0,35.0,12.0,8.0,217.0,350.0,65.0,60.4,72.9,60.6,64.7
42151725,2017,GK Berg,Hampshire,2017,18,13,509,706,31.812,99,True,99*,0,2,72.096,58,12,304,59.725,9.915,32.233,Lower order,100.0,8.0,0.0,0.0,0.0,100.0,10.482,11.165,9.779,1.387,54.028,4.61,4.011,2.913,10.39,4.919,4.175,2.995,5.109,3,7,16.667,38.889,8.0,10.0,275.0,234.0,64.5,60.3,78.4,68.7,68.0
7f87204d,2015,SP Terry,Hampshire,2015,10,5,232,483,25.778,62,True,62*,0,2,48.033,31,1,130,56.034,6.625,22.616,Opener,100.0,2.0,100.0,0.0,0.0,0.0,10.816,6.601,11.809,-5.207,11.638,5.11,4.009,3.91,9.259,5.448,4.338,3.297,6.449,2,4,20.0,40.0,2.0,8.0,27.0,205.0,67.5,60.3,85.2,71.0,71.0
1957c6b7,2014,LWP Wells,Sussex,2014,25,14,868,1989,36.167,162,False,162,1,6,43.64,118,4,496,57.143,6.134,19.925,Opener,92.0,2.0,92.0,0.0,4.0,4.0,11.566,10.948,12.118,-1.17,44.7,6.184,4.003,6.552,22.294,6.53,4.358,3.586,4.42,4,9,16.0,36.0,11.0,14.0,388.0,480.0,73.6,60.2,75.9,63.1,68.2
a15618fe,2015,JM Vince,Hampshire,2015,28,15,743,1225,28.577,125,True,125*,1,5,60.653,117,2,480,64.603,9.714,23.779,Middle order,100.0,4.0,0.0,100.0,0.0,0.0,10.179,9.212,10.983,-1.771,41.05,4.957,3.996,4.13,13.696,5.31,4.192,3.292,5.032,4,10,14.286,35.714,12.0,16.0,305.0,438.0,61.9,60.1,70.7,62.5,63.8
fd770945,2017,BT Foakes,Surrey,2017,17,12,603,1148,43.071,110,False,110,1,4,52.526,83,1,338,56.053,7.317,24.906,All-rounder / keeper,70.588,6.0,0.0,29.412,70.588,0.0,10.053,12.019,8.652,3.367,49.751,5.305,3.992,4.73,16.883,5.558,4.135,5.018,2.561,1,6,5.882,35.294,6.0,11.0,300.0,303.0,60.8,60.1,44.1,61.6,56.6
a15618fe,2018,JM Vince,Hampshire,2018,23,13,921,1601,41.864,201,True,201*,3,2,57.527,140,3,578,62.758,8.932,23.525,Middle order,100.0,3.0,0.0,100.0,0.0,0.0,15.984,17.028,15.163,1.865,46.906,7.247,3.981,6.757,20.958,7.711,4.371,6.707,3.667,6,11,26.087,47.826,10.0,13.0,432.0,489.0,94.1,60.0,93.5,84.1,82.9
81efec30,2018,NLJ Browne,Essex,2018,15,9,400,906,26.667,86,False,86,0,3,44.15,67,0,268,67.0,7.395,15.733,Opener,100.0,1.0,100.0,0.0,0.0,0.0,9.918,8.769,12.346,-3.577,60.0,4.546,3.972,3.584,10.99,4.793,4.2,3.26,3.994,2,4,13.333,26.667,10.0,5.0,240.0,160.0,59.8,59.9,68.0,43.0,57.7
9679838c,2015,BL D'Oliveira,Worcestershire,2015,11,7,267,583,24.273,49,False,49,0,0,45.798,37,0,148,55.431,6.346,21.795,Opener,72.727,2.0,72.727,18.182,9.091,0.0,8.236,6.886,10.189,-3.303,49.438,3.75,3.971,2.362,7.489,3.985,4.162,3.63,4.263,1,3,9.091,27.273,6.0,5.0,132.0,135.0,45.3,59.8,53.1,44.3,50.6
4b685e2d,2019,DW Lawrence,Essex,2019,22,14,725,1391,38.158,147,False,147,1,5,52.121,97,2,400,55.172,7.117,25.155,Middle order,100.0,4.0,0.0,100.0,0.0,0.0,13.278,16.842,9.37,7.472,66.345,6.414,3.971,5.731,19.6,6.732,4.245,6.162,2.903,1,12,4.545,54.545,12.0,10.0,481.0,244.0,83.6,59.9,39.5,92.4,68.8
6c6aca89,2014,TS Roland-Jones,Middlesex,2014,17,11,461,661,30.733,77,False,77,0,3,69.743,64,6,292,63.341,10.59,28.596,Lower order,100.0,8.0,0.0,0.0,0.0,100.0,9.362,8.345,9.762,-1.417,25.163,4.107,3.967,2.114,7.169,4.301,4.182,2.948,4.378,1,4,5.882,23.529,4.0,13.0,116.0,345.0,55.1,59.8,44.1,38.2,49.3
ab474682,2018,SJ Croft,Lancashire,2018,13,8,276,649,21.231,62,False,62,0,2,42.527,32,1,134,48.551,5.085,23.052,All-rounder / keeper,53.846,6.0,0.0,46.154,53.846,0.0,8.779,7.866,9.774,-1.908,46.739,4.425,3.962,3.869,12.082,4.707,4.309,3.274,3.962,1,5,7.692,38.462,6.0,7.0,129.0,147.0,49.8,59.7,48.8,67.8,56.5
7cc15633,2015,JHK Adams,Hampshire,2015,29,15,760,1821,27.143,136,False,136,1,5,41.735,109,0,436,57.368,5.986,18.925,Opener,96.552,1.0,96.552,0.0,3.448,0.0,10.316,9.949,10.697,-0.747,49.079,5.036,3.961,3.787,11.163,5.4,4.244,4.487,3.961,3,11,10.345,37.931,15.0,14.0,373.0,387.0,63.0,59.6,57.9,66.6,61.8
6b0c3a20,2014,AJ Hall,Northamptonshire,2014,28,15,662,1356,26.48,75,False,75,0,4,48.82,84,2,348,52.568,6.342,24.724,All-rounder / keeper,64.286,7.0,0.0,0.0,64.286,35.714,10.378,8.491,13.082,-4.591,48.187,4.245,3.96,2.349,8.364,4.577,4.378,3.526,4.414,3,11,10.714,39.286,15.0,13.0,319.0,343.0,63.7,59.6,59.0,69.9,63.0
42ee1d76,2025,CWJ Allison,Essex,2025,20,12,735,1307,38.684,140,False,140,3,1,56.236,100,9,454,61.769,8.34,23.456,Opener,45.0,4.0,45.0,30.0,25.0,0.0,12.283,11.574,13.451,-1.878,58.639,7.275,3.944,8.097,30.154,7.598,4.154,4.461,3.237,5,7,25.0,35.0,11.0,9.0,431.0,304.0,78.5,59.5,92.5,60.6,72.8
7ffe4817,2026,C Tear,Sussex,2026,12,7,328,820,27.333,89,False,89,0,2,40.0,32,0,128,39.024,3.902,25.381,Middle order,58.333,4.0,0.0,58.333,33.333,8.333,10.55,16.613,6.528,10.085,62.805,4.854,3.935,4.517,14.529,5.176,4.203,3.935,3.003,2,5,16.667,41.667,4.0,8.0,206.0,122.0,65.3,59.4,78.4,73.4,69.1
70b8fd28,2022,A Lyth,Yorkshire,2022,24,14,790,1849,32.917,183,False,183,2,3,42.726,114,5,486,61.519,6.436,17.572,Opener,100.0,1.0,100.0,0.0,0.0,0.0,11.428,15.378,7.303,8.075,68.734,5.385,3.935,4.948,15.344,5.727,4.157,6.952,3.377,3,9,12.5,37.5,12.0,12.0,543.0,247.0,72.8,59.4,65.1,65.8,65.8
2223b920,2015,KHD Barker,Warwickshire,2015,20,13,516,819,30.353,102,True,102*,1,2,63.004,72,5,318,61.628,9.402,26.685,Lower order,95.0,8.0,0.0,0.0,5.0,95.0,9.584,11.457,8.367,3.09,47.093,4.291,3.932,2.928,9.951,4.601,4.322,3.677,3.932,2,7,10.0,35.0,7.0,13.0,243.0,273.0,57.1,59.3,56.5,60.6,58.4
51e1ed69,2016,SG Borthwick,Durham,2016,26,15,957,1833,39.875,188,True,188*,3,4,52.209,132,2,540,56.426,7.31,24.544,Middle order,100.0,3.0,0.0,100.0,0.0,0.0,12.811,11.23,14.856,-3.626,49.425,5.993,3.928,5.813,19.315,6.376,4.153,3.007,5.429,6,9,23.077,34.615,14.0,12.0,473.0,484.0,81.2,59.3,90.3,59.7,72.6
2344bdd1,2026,SR Dickson,Glamorgan,2026,21,12,491,950,25.842,90,False,90,0,3,51.684,64,2,268,54.582,6.947,25.226,All-rounder / keeper,85.714,6.0,0.0,14.286,85.714,0.0,9.736,9.466,9.967,-0.5,44.807,4.265,3.921,2.809,8.0,4.611,4.334,2.683,4.759,1,9,4.762,42.857,10.0,11.0,220.0,271.0,58.5,59.2,40.1,75.7,58.4
e5437a99,2016,NRD Compton,Middlesex,2016,17,10,436,1134,27.25,131,False,131,1,2,38.448,48,1,198,45.413,4.321,21.935,Middle order,100.0,3.0,0.0,100.0,0.0,0.0,8.62,8.163,9.141,-0.978,50.459,4.571,3.92,3.831,13.206,4.778,4.101,2.636,5.476,1,6,5.882,35.294,8.0,9.0,220.0,216.0,48.3,59.1,44.1,61.6,53.3
353de846,2026,FW McCann,Nottinghamshire,2026,13,8,234,546,21.273,38,True,38*,0,0,42.857,31,0,124,52.991,5.678,21.359,Middle order,92.308,3.0,7.692,92.308,0.0,0.0,6.787,6.603,6.923,-0.32,41.453,3.17,3.918,2.129,5.846,3.355,4.14,4.004,3.832,0,4,0.0,30.769,6.0,7.0,97.0,137.0,34.5,59.1,18.9,51.5,41.0
56b93d46,2026,BJ Webster,Warwickshire,2026,12,8,403,680,33.583,91,False,91,0,3,59.265,53,4,236,58.561,8.382,26.806,Middle order,91.667,5.0,0.0,91.667,8.333,0.0,10.544,11.28,9.812,1.468,53.35,4.942,3.916,3.68,13.479,5.279,4.136,3.769,4.212,1,5,8.333,41.667,6.0,6.0,215.0,188.0,65.2,59.0,50.4,73.4,62.0
23dee937,2024,GP Balderson,Lancashire,2024,22,14,454,1185,20.636,48,False,48,0,0,38.312,56,2,236,51.982,4.895,19.343,All-rounder / keeper,54.545,6.0,0.0,31.818,54.545,13.636,8.014,7.955,8.069,-0.115,47.797,4.251,3.914,2.203,9.677,4.562,4.225,5.286,3.689,1,7,4.545,31.818,11.0,11.0,217.0,237.0,43.5,58.9,39.5,53.5,48.8
249d60c9,2017,AU Rashid,Yorkshire,2017,10,6,211,416,23.444,65,False,65,0,1,50.721,31,0,124,58.768,7.452,22.597,All-rounder / keeper,70.0,7.0,0.0,0.0,70.0,30.0,8.851,7.265,9.978,-2.713,34.123,4.378,3.911,3.364,9.644,4.59,4.144,2.273,4.227,2,5,20.0,50.0,5.0,5.0,72.0,139.0,50.6,58.9,85.2,87.1,70.4
f54dbda7,2022,WMH Rhodes,Warwickshire,2022,24,14,689,1523,31.318,111,True,111*,1,2,45.24,79,5,346,50.218,5.515,23.836,Middle order,95.833,5.0,0.0,95.833,4.167,0.0,10.476,9.064,11.965,-2.901,44.412,4.913,3.898,4.062,14.815,5.185,4.076,4.591,3.72,1,9,4.167,37.5,11.0,13.0,306.0,383.0,64.5,58.8,38.4,65.8,56.9
f54dbda7,2023,WMH Rhodes,Warwickshire,2023,20,14,618,1219,30.9,102,False,102,1,2,50.697,85,0,340,55.016,6.973,24.515,Middle order,90.0,3.0,10.0,90.0,0.0,0.0,11.747,13.815,10.276,3.539,48.867,5.786,3.894,4.537,13.691,6.156,4.045,7.266,3.109,6,8,30.0,40.0,11.0,9.0,302.0,316.0,74.9,58.8,95.7,71.0,75.1
3581a798,2024,RM Yates,Warwickshire,2024,21,13,738,1116,36.9,191,False,191,1,5,66.129,101,7,446,60.434,9.677,28.968,Opener,100.0,1.0,100.0,0.0,0.0,0.0,12.02,13.481,10.938,2.543,47.696,5.244,3.883,4.373,14.927,5.517,4.181,3.758,3.883,4,10,19.048,47.619,8.0,13.0,352.0,386.0,77.0,58.7,83.6,83.7,75.8
521595e7,2024,JEK Rew,Somerset,2024,23,14,726,1092,36.3,114,False,114,2,3,66.484,84,9,390,53.719,8.516,33.634,All-rounder / keeper,95.652,6.0,0.0,0.0,95.652,4.348,11.157,11.978,10.131,1.846,59.642,4.76,3.88,3.247,11.175,5.036,4.231,5.396,3.855,1,8,4.348,34.783,12.0,11.0,433.0,293.0,70.3,58.6,38.9,60.0,57.0
104e88a4,2024,AJ Hose,Worcestershire,2024,22,14,526,1084,25.048,90,False,90,0,4,48.524,72,4,312,59.316,7.011,21.23,Middle order,90.909,5.0,0.0,90.909,9.091,0.0,8.8,9.814,8.005,1.809,49.049,4.365,3.876,2.925,9.655,4.692,4.142,4.105,3.646,0,6,0.0,27.273,10.0,12.0,258.0,268.0,50.0,58.6,18.9,44.3,43.0
8c7d6cbe,2015,MW Machan,Sussex,2015,24,14,955,1194,39.792,192,False,192,3,3,79.983,125,9,554,58.01,11.223,37.83,Middle order,100.0,3.0,0.0,100.0,0.0,0.0,13.255,12.731,13.737,-1.006,46.073,6.147,3.875,5.39,16.271,6.508,4.098,3.6,4.15,5,10,20.833,41.667,12.0,12.0,440.0,515.0,83.5,58.5,86.5,73.4,75.5
a6c17509,2025,TE Albert,Hampshire,2025,18,10,341,822,20.059,78,True,78*,0,1,41.484,37,3,166,48.68,4.866,22.379,Middle order,50.0,5.0,0.0,50.0,44.444,5.556,8.449,4.56,12.013,-7.454,25.806,4.006,3.871,3.338,8.926,4.229,4.065,0.96,7.092,1,6,5.556,33.333,8.0,10.0,88.0,253.0,47.3,58.4,42.8,56.8,51.3
0207ff32,2025,TJ Prest,Hampshire,2025,19,12,485,838,26.944,57,False,57,0,2,57.876,63,1,258,53.196,7.637,29.328,Middle order,68.421,5.0,0.0,68.421,31.579,0.0,9.721,9.422,9.957,-0.535,42.68,4.323,3.862,3.184,11.223,4.561,3.99,3.731,4.478,2,6,10.526,31.579,8.0,11.0,207.0,278.0,58.1,58.4,58.4,52.8,56.9
1957c6b7,2015,LWP Wells,Sussex,2015,22,13,615,1338,27.955,108,False,108,1,4,45.964,98,2,404,65.691,7.474,17.044,Opener,100.0,2.0,100.0,0.0,0.0,0.0,9.126,10.384,7.816,2.568,58.049,4.609,3.857,3.984,14.586,4.951,4.012,3.857,4.223,3,5,13.636,22.727,12.0,10.0,357.0,258.0,52.7,58.3,68.6,37.0,54.2
e2caec46,2022,GA Bartlett,Somerset,2022,12,7,456,769,41.455,111,False,111,1,2,59.298,49,11,262,57.456,7.802,27.362,Middle order,100.0,4.0,0.0,100.0,0.0,0.0,12.041,15.157,9.704,5.453,53.947,6.563,3.842,4.949,14.486,7.001,4.092,7.182,3.129,2,6,16.667,50.0,5.0,7.0,246.0,210.0,77.5,58.3,78.4,87.1,75.3
25a42048,2025,T Westley,Essex,2025,24,14,841,1980,40.048,148,False,148,3,2,42.475,107,0,428,50.892,5.404,22.05,Middle order,100.0,3.0,0.0,100.0,0.0,0.0,11.931,13.717,9.817,3.9,62.307,5.912,3.835,4.781,16.822,6.221,4.084,3.431,4.92,3,7,12.5,29.167,12.0,12.0,524.0,317.0,76.5,58.2,65.1,48.4,62.0
ecdd6cc9,2026,VL Jani,Warwickshire,2026,6,5,149,265,24.833,62,False,62,0,1,56.226,21,1,90,60.403,8.302,24.28,Middle order,100.0,5.0,0.0,100.0,0.0,0.0,9.726,17.029,5.612,11.417,63.087,4.682,3.834,3.691,10.411,5.124,4.078,6.97,3.834,1,2,16.667,33.333,3.0,3.0,94.0,55.0,58.3,58.1,78.4,56.8,62.9
34b37279,2021,BGF Green,Somerset,2021,6,3,108,237,21.6,32,False,32,0,0,45.57,14,1,62,57.407,6.329,20.721,Opener,66.667,1.0,66.667,0.0,0.0,33.333,8.838,7.673,9.413,-1.74,28.704,4.736,3.832,2.649,7.719,5.062,4.122,3.832,5.188,1,3,16.667,50.0,2.0,4.0,31.0,77.0,50.5,58.1,78.4,87.1,68.5
f05fe9b1,2015,JA Simpson,Middlesex,2015,29,16,619,1553,28.136,64,False,64,0,3,39.858,82,6,364,58.805,5.666,17.406,All-rounder / keeper,89.655,7.0,0.0,0.0,89.655,10.345,8.101,8.794,7.296,1.498,58.32,4.205,3.824,2.797,10.49,4.505,4.099,4.801,2.999,5,8,17.241,27.586,15.0,14.0,361.0,258.0,44.6,58.0,80.7,45.0,57.1
c16d4035,2022,SW Billings,Kent,2022,7,4,143,364,23.833,44,False,44,0,0,39.286,16,2,76,53.147,4.945,19.364,All-rounder / keeper,85.714,7.0,0.0,0.0,85.714,14.286,7.44,7.502,7.286,0.216,72.028,3.164,3.818,2.226,5.021,3.438,4.213,3.292,4.343,0,1,0.0,14.286,5.0,2.0,103.0,40.0,39.2,57.9,18.9,24.8,35.2
324a6ee1,2015,OB Cox,Worcestershire,2015,22,14,670,1005,39.412,109,False,109,1,4,66.667,92,6,404,60.299,9.751,29.327,All-rounder / keeper,81.818,7.0,0.0,4.545,81.818,13.636,10.761,12.377,9.57,2.807,48.806,5.294,3.814,3.848,14.69,5.644,4.035,5.439,3.395,4,10,18.182,45.455,9.0,13.0,327.0,343.0,67.0,57.9,82.2,80.9,72.0
4e18e961,2026,WCF Smeed,Somerset,2026,7,4,139,308,23.167,39,False,39,0,0,45.13,22,0,88,63.309,7.143,17.832,All-rounder / keeper,85.714,7.0,0.0,0.0,85.714,14.286,7.343,12.445,5.714,6.731,41.007,3.637,3.813,2.091,5.752,3.872,3.996,5.752,2.696,0,1,0.0,14.286,2.0,5.0,57.0,82.0,38.8,57.8,18.9,24.8,35.1
8c7d6cbe,2014,MW Machan,Sussex,2014,12,7,218,443,24.222,44,True,44*,0,0,49.21,30,0,120,55.046,6.772,23.729,Middle order,91.667,5.0,0.0,91.667,8.333,0.0,6.679,5.178,8.515,-3.337,42.661,3.825,3.807,1.943,6.768,4.061,3.947,2.31,4.107,0,4,0.0,33.333,6.0,6.0,93.0,125.0,34.0,57.7,18.9,56.8,41.8
47b4ad09,2014,JG Myburgh,Somerset,2014,15,11,422,785,30.143,91,False,91,0,2,53.758,61,0,244,57.82,7.771,24.586,Opener,73.333,2.0,73.333,0.0,20.0,6.667,8.777,10.523,6.275,4.247,70.616,3.995,3.807,2.441,8.601,4.236,3.947,3.967,2.311,1,5,6.667,33.333,9.0,6.0,298.0,124.0,49.7,57.7,46.3,56.8,52.6
ba9258a7,2023,TB Abell,Somerset,2023,21,13,622,1412,31.1,151,False,151,1,2,44.051,89,1,362,58.199,6.374,19.667,Middle order,95.238,3.0,4.762,95.238,0.0,0.0,10.261,9.851,10.685,-0.835,48.875,4.987,3.806,4.109,15.268,5.293,4.059,2.459,4.516,2,7,9.524,33.333,9.0,12.0,304.0,318.0,62.6,57.6,54.8,56.8,58.0
dda5aae5,2023,JK Fuller,Hampshire,2023,17,11,384,482,25.6,52,True,52*,0,2,79.668,48,4,216,56.25,10.788,39.07,Lower order,70.588,8.0,0.0,5.882,23.529,70.588,8.832,8.619,9.001,-0.382,43.229,4.363,3.804,2.734,10.841,4.657,4.006,3.615,4.47,0,6,0.0,35.294,9.0,8.0,166.0,218.0,50.5,57.6,18.9,61.6,47.2
f54dbda7,2019,WMH Rhodes,Warwickshire,2019,19,11,650,1221,34.211,109,False,109,1,4,53.235,89,8,404,62.154,7.944,21.886,Opener,100.0,1.0,100.0,0.0,0.0,0.0,12.77,10.345,15.982,-5.637,46.154,6.022,3.804,4.437,11.802,6.459,4.185,3.205,9.405,3,7,15.789,36.842,10.0,9.0,300.0,350.0,80.7,57.5,75.0,64.7,69.5
7bcde3fe,2023,AM Rossington,Essex,2023,15,8,315,620,22.5,104,False,104,1,0,50.806,35,3,158,50.159,6.129,26.976,All-rounder / keeper,80.0,6.0,13.333,0.0,80.0,6.667,8.527,10.204,6.418,3.786,66.667,4.33,3.799,2.741,8.659,4.582,4.022,4.736,3.105,3,4,20.0,26.667,8.0,7.0,210.0,105.0,47.7,57.4,85.2,43.0,58.3
81c42e35,2014,SD Peters,Northamptonshire,2014,24,12,548,997,23.826,88,False,88,0,3,54.965,76,0,304,55.474,7.623,26.493,Opener,100.0,1.0,100.0,0.0,0.0,0.0,10.532,10.442,10.628,-0.187,50.912,4.658,3.795,3.33,13.861,5.014,4.104,4.535,3.589,3,9,12.5,37.5,12.0,12.0,279.0,269.0,64.9,57.4,65.1,65.8,63.3
54745c20,2014,V Chopra,Warwickshire,2014,25,16,785,1554,34.13,160,False,160,2,4,50.515,102,1,414,52.739,6.628,25.569,Opener,100.0,1.0,100.0,0.0,0.0,0.0,10.537,9.814,11.277,-1.463,47.134,5.14,3.785,4.878,18.935,5.453,4.001,3.785,3.527,4,10,16.0,40.0,12.0,13.0,370.0,415.0,65.0,57.3,75.9,71.0,67.3
29e8a62e,2026,RJ Burns,Surrey,2026,21,12,507,1064,24.143,115,False,115,1,2,47.65,71,2,296,58.383,6.861,21.292,Opener,100.0,1.0,100.0,0.0,0.0,0.0,8.279,6.809,9.874,-3.065,42.801,4.193,3.782,2.928,10.93,4.48,4.082,3.777,3.782,1,8,4.762,38.095,11.0,10.0,217.0,290.0,45.9,57.3,40.1,67.0,52.6
881a9bdd,2018,S Chanderpaul,Lancashire,2018,11,7,229,625,20.818,65,False,65,0,2,36.64,32,0,128,55.895,5.12,17.032,Middle order,90.909,5.0,0.0,90.909,9.091,0.0,8.038,9.566,6.167,3.399,65.502,4.002,3.777,3.024,8.333,4.373,4.291,4.911,3.777,0,2,0.0,18.182,6.0,5.0,150.0,79.0,43.8,57.2,18.9,31.0,37.7
7ca5e05d,2017,RS Bopara,Essex,2017,20,14,576,1362,32.0,192,False,192,1,2,42.291,62,6,284,49.306,4.993,22.566,Middle order,90.0,5.0,0.0,90.0,10.0,0.0,10.273,9.807,10.946,-1.139,56.424,4.773,3.773,5.171,20.915,5.063,3.934,3.692,4.356,2,7,10.0,35.0,10.0,10.0,325.0,251.0,62.7,57.1,56.5,60.6,59.2
05c2ca46,2022,RE van der Merwe,Somerset,2022,6,3,105,188,17.5,55,False,55,0,1,55.851,11,3,62,59.048,7.447,24.713,Lower order,66.667,8.0,0.0,0.0,33.333,66.667,6.783,1.742,9.754,-8.011,9.524,3.286,3.769,2.216,5.222,3.416,3.883,0.869,4.495,0,2,0.0,33.333,2.0,4.0,10.0,95.0,34.5,57.1,18.9,56.8,41.8
ba9258a7,2016,TB Abell,Somerset,2016,22,13,538,1180,25.619,135,False,135,2,1,45.593,70,1,286,53.16,6.017,22.723,Opener,95.455,2.0,95.455,4.545,0.0,0.0,8.771,6.13,12.147,-6.017,39.219,4.825,3.768,5.154,16.852,5.088,3.873,3.768,3.346,3,7,13.636,31.818,12.0,10.0,211.0,327.0,49.6,57.0,68.6,53.5,57.2
d3868bd0,2025,JH Davey,Somerset,2025,15,8,294,618,19.6,64,False,64,0,1,47.573,36,3,162,55.102,6.311,22.798,Opener,66.667,2.0,66.667,13.333,6.667,13.333,7.918,10.082,7.151,2.932,33.333,3.896,3.767,1.933,6.083,4.163,4.009,3.077,4.457,1,5,6.667,33.333,5.0,10.0,98.0,196.0,42.6,56.9,46.3,56.8,50.7
81efec30,2021,NLJ Browne,Essex,2021,14,9,376,1029,31.333,68,False,68,0,4,36.54,52,0,208,55.319,5.053,17.195,Opener,100.0,1.0,100.0,0.0,0.0,0.0,10.636,6.357,14.067,-7.71,26.596,6.26,3.761,6.009,18.994,6.619,4.149,2.107,7.044,3,7,21.429,50.0,6.0,8.0,100.0,276.0,65.9,56.8,87.6,87.1,74.4
dc670143,2015,NJ Dexter,Middlesex,2015,19,10,473,986,27.824,112,False,112,1,1,47.972,64,1,262,55.391,6.592,22.91,All-rounder / keeper,78.947,6.0,0.0,21.053,78.947,0.0,9.844,8.156,10.721,-2.565,28.33,5.621,3.761,5.448,15.323,6.017,4.0,4.253,3.27,3,9,15.789,47.368,6.0,13.0,134.0,339.0,59.3,56.9,75.0,83.3,68.6
2c86c8f2,2014,RJ Hamilton-Brown,Sussex,2014,12,6,247,458,20.583,62,False,62,0,2,53.93,28,2,124,50.202,6.55,28.738,Middle order,100.0,3.5,0.0,100.0,0.0,0.0,8.949,12.265,7.332,4.934,44.939,4.283,3.753,4.393,10.552,4.518,4.055,5.549,3.753,0,5,0.0,41.667,4.0,8.0,111.0,136.0,51.3,56.7,18.9,73.4,50.1
88a004e9,2016,AM Lilley,Lancashire,2016,7,4,129,137,21.5,45,False,45,0,0,94.161,16,5,94,72.868,15.328,30.172,Lower order,100.0,8.0,0.0,0.0,0.0,100.0,6.988,5.337,9.254,-3.917,44.186,3.184,3.745,1.368,4.084,3.371,3.941,2.347,4.021,1,2,14.286,28.571,3.0,4.0,57.0,72.0,36.3,56.7,70.7,47.1,52.7
214f6461,2022,GCH Hill,Yorkshire,2022,24,14,729,1566,31.696,151,True,151*,2,0,46.552,100,5,430,58.985,6.705,20.465,Opener,50.0,2.5,50.0,50.0,0.0,0.0,10.545,6.769,14.488,-7.72,32.785,5.026,3.741,4.014,12.663,5.351,3.994,2.646,4.162,3,11,12.5,45.833,12.0,12.0,239.0,490.0,65.2,56.6,65.1,81.7,67.2
ba377b40,2022,GL van Buuren,Gloucestershire,2022,20,10,502,895,27.889,127,True,127*,1,1,56.089,78,1,318,63.347,8.827,22.549,All-rounder / keeper,60.0,6.0,0.0,40.0,60.0,0.0,9.682,16.033,4.971,11.061,70.518,4.911,3.726,3.489,10.337,5.269,3.994,9.064,2.3,2,7,10.0,35.0,8.0,12.0,354.0,148.0,57.9,56.6,56.5,60.6,57.9
e2caec46,2017,GA Bartlett,Somerset,2017,6,3,68,112,13.6,27,True,27*,0,0,60.714,10,2,52,76.471,10.714,16.0,Middle order,100.0,3.0,0.0,100.0,0.0,0.0,4.732,6.742,1.463,5.279,88.235,2.879,3.722,1.751,4.049,3.042,3.911,3.885,0.865,1,1,16.667,16.667,4.0,2.0,60.0,8.0,21.2,56.5,78.4,28.6,46.2
f2ab7a69,2019,JA Leaning,Yorkshire,2019,12,8,295,749,26.818,77,True,77*,0,3,39.386,37,0,148,50.169,4.94,20.646,Middle order,83.333,5.0,0.0,83.333,16.667,0.0,7.922,6.238,9.988,-3.75,43.39,3.649,3.719,3.598,7.251,3.943,4.022,3.497,4.026,1,4,8.333,33.333,7.0,5.0,128.0,167.0,42.6,56.4,50.4,56.8,51.6
c163432a,2014,TC Smith,Lancashire,2014,19,11,458,1096,26.941,79,False,79,0,4,41.788,57,3,246,53.712,5.474,20.463,All-rounder / keeper,89.474,7.0,0.0,5.263,89.474,5.263,9.016,9.703,8.599,1.103,40.611,4.766,3.717,2.942,9.578,5.123,3.98,3.717,5.009,0,6,0.0,31.579,7.0,12.0,186.0,272.0,51.5,56.4,18.9,52.8,44.9
18fac429,2014,SR Patel,Nottinghamshire,2014,24,13,815,1206,33.958,132,False,132,1,5,67.579,123,2,504,61.84,10.365,28.77,Middle order,75.0,5.0,0.0,75.0,25.0,0.0,11.793,14.012,9.594,4.418,59.141,6.101,3.713,5.346,17.784,6.433,4.104,5.273,3.115,3,10,12.5,41.667,12.0,12.0,482.0,333.0,75.2,56.3,65.1,73.4,67.5
d48c0f40,2021,LA Patterson-White,Nottinghamshire,2021,19,12,507,861,31.688,101,False,101,1,3,58.885,83,1,338,66.667,9.756,21.75,Lower order,68.421,8.0,0.0,0.0,31.579,68.421,9.998,7.328,12.617,-5.289,36.292,4.867,3.705,4.172,13.723,5.192,3.919,2.851,6.414,3,4,15.789,21.053,9.0,10.0,184.0,323.0,60.5,56.2,75.0,34.6,56.6
a4b810d0,2025,MJ Waite,Worcestershire,2025,24,13,518,1117,25.9,87,True,87*,0,3,46.374,61,4,268,51.737,5.819,23.764,Lower order,62.5,8.0,0.0,0.0,37.5,62.5,8.814,11.715,6.28,5.435,61.969,4.525,3.696,3.792,10.672,4.815,4.018,4.374,0.918,3,9,12.5,37.5,14.0,10.0,321.0,197.0,50.0,56.1,65.1,65.8,59.2
72898514,2018,WT Root,Nottinghamshire,2018,10,5,190,417,19.0,36,False,36,0,0,45.564,21,5,114,60.0,6.235,19.437,Middle order,50.0,5.5,0.0,50.0,20.0,30.0,6.671,4.322,8.279,-3.958,26.316,3.511,3.696,1.87,6.054,3.749,4.061,2.311,4.067,0,3,0.0,30.0,4.0,6.0,50.0,140.0,33.8,56.2,18.9,50.0,39.7
22b98d7c,2024,TW Hartley,Lancashire,2024,11,6,162,422,16.2,50,False,50,0,1,38.389,18,1,78,48.148,4.502,20.844,Lower order,90.909,8.0,0.0,0.0,9.091,90.909,6.607,6.442,6.716,-0.275,38.889,3.776,3.693,2.204,7.373,3.998,4.037,4.113,3.273,0,2,0.0,18.182,5.0,6.0,63.0,99.0,33.1,56.1,18.9,31.0,34.8
73f1f6b0,2023,TA Lammonby,Somerset,2023,24,14,657,1382,29.864,109,False,109,1,4,47.54,88,2,364,55.403,6.512,22.678,Opener,100.0,1.0,100.0,0.0,0.0,0.0,9.93,10.254,9.556,0.697,55.403,5.293,3.684,4.702,15.959,5.639,3.903,3.038,4.069,2,9,8.333,37.5,11.0,13.0,364.0,293.0,59.9,56.0,50.4,65.8,58.0
e94915e6,2017,SM Curran,Surrey,2017,15,11,392,688,28.0,90,False,90,0,4,56.977,62,3,266,67.857,9.448,20.225,All-rounder / keeper,86.667,7.0,0.0,0.0,86.667,13.333,7.104,4.327,9.398,-5.071,27.551,3.561,3.683,2.643,8.992,3.69,3.774,0.925,4.343,1,4,6.667,26.667,6.0,9.0,108.0,284.0,37.5,55.9,46.3,43.0,45.7
cfe70281,2015,VD Philander,Nottinghamshire,2015,9,5,177,410,25.286,41,False,41,0,0,43.171,20,1,86,48.588,5.122,23.393,Lower order,100.0,9.0,0.0,0.0,0.0,100.0,6.769,8.2,5.693,2.506,51.977,3.69,3.679,2.498,6.257,3.98,3.846,4.73,2.627,1,2,11.111,22.222,4.0,5.0,92.0,85.0,34.4,55.9,60.5,36.3,46.8
23638956,2023,SR Harmer,Essex,2023,23,14,524,1010,30.824,83,True,83*,0,3,51.881,59,9,290,55.344,6.733,24.841,All-rounder / keeper,65.217,7.0,0.0,0.0,65.217,34.783,8.058,8.398,7.662,0.736,56.107,4.0,3.676,2.349,8.513,4.243,3.87,3.793,3.151,1,5,4.348,21.739,11.0,12.0,294.0,230.0,44.1,55.8,38.9,35.5,43.6
9c643d7b,2026,JM Coles,Sussex,2026,22,12,659,1046,34.684,224,True,224*,1,2,63.002,74,13,374,56.753,8.317,29.718,Middle order,95.455,5.0,0.0,95.455,4.545,0.0,10.738,13.802,8.304,5.498,56.904,5.516,3.674,6.392,23.729,5.968,3.945,3.75,3.432,2,6,9.091,27.273,10.0,12.0,375.0,284.0,66.9,55.7,53.1,44.3,55.0
d3868bd0,2023,JH Davey,Somerset,2023,9,6,218,362,27.25,60,False,60,0,1,60.221,30,2,132,60.55,8.84,26.061,Lower order,100.0,9.0,0.0,0.0,0.0,100.0,9.582,6.764,11.644,-4.88,29.817,4.68,3.657,3.649,10.013,4.97,3.827,3.657,4.962,1,4,11.111,44.444,3.0,6.0,65.0,153.0,57.1,55.7,60.5,79.1,63.1
efe3fcc5,2023,R Vasconcelos,Northamptonshire,2023,20,10,389,804,19.45,78,False,78,0,3,48.383,56,0,224,57.584,6.965,22.059,Opener,90.0,1.0,90.0,10.0,0.0,0.0,9.329,10.678,8.333,2.345,48.586,4.902,3.655,4.596,12.99,5.299,3.862,3.47,3.84,4,4,20.0,20.0,10.0,10.0,189.0,200.0,54.6,55.6,85.2,33.2,57.2
ed47cb25,2021,LP Goldsworthy,Somerset,2021,6,3,96,273,16.0,31,False,31,0,0,35.165,15,0,60,62.5,5.495,13.953,Middle order,66.667,5.0,0.0,66.667,33.333,0.0,7.773,7.514,8.103,-0.589,54.167,3.426,3.654,1.155,4.45,3.684,3.964,3.312,3.654,1,2,16.667,33.333,4.0,2.0,52.0,44.0,41.2,55.6,78.4,56.8,58.0
961b8ff1,2017,TP Alsop,Hampshire,2017,7,5,118,285,16.857,40,False,40,0,0,41.404,19,0,76,64.407,6.667,15.789,Middle order,71.429,3.0,28.571,71.429,0.0,0.0,7.702,7.814,7.44,0.374,71.186,3.108,3.65,2.095,5.729,3.366,3.88,3.687,3.061,0,2,0.0,28.571,4.0,3.0,84.0,34.0,40.7,55.5,18.9,47.1,40.6
6c908ffc,2017,CJC Wright,Warwickshire,2017,16,8,241,461,18.538,41,False,41,0,0,52.278,38,1,158,65.56,8.46,19.668,Lower order,100.0,9.5,0.0,0.0,0.0,100.0,6.399,7.174,5.681,1.494,53.942,3.482,3.646,1.781,6.122,3.722,3.811,3.715,2.832,1,3,6.25,18.75,8.0,8.0,130.0,111.0,31.4,55.4,45.3,31.7,40.9
51e1ed69,2021,SG Borthwick,Durham,2021,16,10,368,824,23.0,100,False,100,1,0,44.66,52,0,208,56.522,6.311,20.725,Middle order,100.0,3.0,0.0,100.0,0.0,0.0,8.756,7.208,10.657,-3.45,45.38,4.633,3.644,4.218,15.347,4.973,3.904,3.206,4.082,2,3,12.5,18.75,9.0,7.0,167.0,201.0,49.5,55.4,65.1,31.7,50.4
8108e2d2,2015,DKH Mitchell,Worcestershire,2015,21,13,732,1979,40.667,206,True,206*,2,1,36.988,90,0,360,49.18,4.548,19.693,Opener,100.0,1.0,100.0,0.0,0.0,0.0,12.833,13.647,12.365,1.282,38.798,5.953,3.639,6.433,22.319,6.395,3.89,3.639,3.618,3,8,14.286,38.095,7.0,14.0,284.0,448.0,81.3,55.3,70.7,67.0,68.6
51e1ed69,2017,SG Borthwick,Surrey,2017,17,11,319,828,18.765,50,False,50,0,1,38.527,40,0,160,50.157,4.831,20.178,Middle order,100.0,3.0,0.0,100.0,0.0,0.0,5.725,4.831,6.254,-1.423,31.348,3.013,3.636,1.866,5.709,3.123,3.811,2.887,3.854,0,3,0.0,17.647,6.0,11.0,100.0,219.0,26.5,55.2,18.9,30.4,32.8
8108e2d2,2018,DKH Mitchell,Worcestershire,2018,24,13,676,1487,28.167,178,False,178,2,1,45.461,91,0,364,53.846,6.12,22.35,Opener,100.0,1.0,100.0,0.0,0.0,0.0,11.508,10.888,11.998,-1.11,41.716,5.303,3.635,5.299,18.58,5.698,3.815,4.602,3.635,2,10,8.333,41.667,12.0,12.0,282.0,394.0,73.2,55.2,50.4,73.4,63.0
bdadcca1,2025,TJ Haines,Sussex,2025,26,14,843,1411,36.652,174,False,174,2,4,59.745,118,4,496,58.837,8.646,26.92,Opener,100.0,2.0,100.0,0.0,0.0,0.0,12.105,17.253,7.317,9.936,68.683,5.998,3.631,5.688,22.99,6.441,3.935,5.131,2.673,5,10,19.231,38.462,12.0,14.0,579.0,264.0,77.7,55.1,84.0,67.8,71.2
bd93fea4,2018,PM Siddle,Essex,2018,11,6,158,258,17.556,33,True,33*,0,0,61.24,14,4,80,50.633,6.977,32.5,Lower order,100.0,9.0,0.0,0.0,0.0,100.0,6.394,7.087,5.252,1.835,68.987,3.328,3.621,1.734,5.847,3.559,3.909,3.9,2.671,1,3,9.091,27.273,7.0,4.0,109.0,49.0,31.2,55.1,53.1,44.3,45.9
a15618fe,2019,JM Vince,Hampshire,2019,6,4,211,314,42.2,142,False,142,1,0,67.197,32,0,128,60.664,10.191,29.433,Opener,50.0,3.5,50.0,50.0,0.0,0.0,13.728,14.001,8.75,5.251,96.682,7.411,3.619,9.061,20.904,7.881,3.861,4.154,3.084,1,2,16.667,33.333,5.0,1.0,204.0,7.0,85.4,54.9,78.4,56.8,68.9
60938c83,2017,AJ Hodd,Yorkshire,2017,17,11,368,641,23.0,57,False,57,0,3,57.41,51,1,210,57.065,8.112,26.825,All-rounder / keeper,64.706,7.0,0.0,0.0,64.706,35.294,9.228,8.963,9.553,-0.59,53.533,3.998,3.619,1.773,8.095,4.214,3.75,3.522,4.154,0,4,0.0,23.529,10.0,7.0,197.0,171.0,53.5,55.0,18.9,38.2,41.4
d34a2268,2023,MDE Holden,Middlesex,2023,23,13,437,877,19.0,55,False,55,0,2,49.829,58,0,232,53.089,6.613,25.031,Middle order,100.0,5.0,0.0,100.0,0.0,0.0,8.63,10.866,6.209,4.657,65.446,3.536,3.617,2.428,7.933,3.758,3.79,4.758,2.208,1,6,4.348,26.087,11.0,12.0,286.0,151.0,48.5,54.9,38.9,41.9,46.1
7d5e0b78,2015,J Allenby,Somerset,2015,26,15,537,991,21.48,64,False,64,0,4,54.188,62,7,290,54.004,6.963,26.79,Middle order,69.231,5.0,0.0,69.231,30.769,0.0,7.566,6.848,8.532,-1.683,51.955,3.825,3.614,2.946,9.594,4.09,3.794,3.614,3.003,1,5,3.846,19.231,12.0,14.0,279.0,258.0,39.9,54.8,37.9,32.1,41.2
76cb1a7f,2016,SD Robson,Middlesex,2016,21,14,899,1759,44.95,231,False,231,3,4,51.109,121,3,502,55.84,7.049,24.281,Opener,100.0,1.0,100.0,0.0,0.0,0.0,13.001,19.779,8.113,11.666,63.737,6.99,3.612,8.292,27.533,7.276,3.862,6.072,3.612,5,8,23.81,38.095,8.0,13.0,573.0,326.0,82.1,54.7,91.2,67.0,73.8
bdc0670a,2023,LBK Hollman,Middlesex,2023,15,8,244,494,17.429,63,True,63*,0,1,49.393,34,2,148,60.656,7.287,20.961,Lower order,80.0,8.0,0.0,0.0,20.0,80.0,8.21,10.506,5.797,4.708,65.574,3.786,3.605,2.182,7.818,4.017,3.782,4.305,2.488,1,4,6.667,26.667,7.0,8.0,160.0,84.0,45.2,54.7,46.3,43.0,47.3
a23fda4a,2014,MNW Spriegel,Northamptonshire,2014,24,12,494,1412,22.455,97,False,97,0,2,34.986,72,0,288,58.3,5.099,15.373,Middle order,91.667,4.0,0.0,91.667,0.0,8.333,9.086,9.876,7.7,2.176,69.231,4.111,3.602,2.457,9.249,4.432,3.832,5.278,3.296,4,6,16.667,25.0,14.0,10.0,342.0,152.0,52.3,54.6,78.4,40.4,56.4
c4450a69,2014,SP Crook,Northamptonshire,2014,15,8,373,433,26.643,131,False,131,1,1,86.143,57,3,246,65.952,13.857,34.048,Lower order,100.0,8.0,0.0,0.0,0.0,100.0,11.252,4.989,15.962,-10.972,19.035,4.775,3.599,3.986,11.362,5.165,3.905,1.82,4.636,2,6,13.333,40.0,6.0,9.0,71.0,302.0,71.3,54.6,68.0,71.0,66.2
85ebf2be,2019,LC Norwell,Warwickshire,2019,6,4,120,160,30.0,64,False,64,0,1,75.0,17,4,92,76.667,13.125,20.144,Lower order,100.0,10.0,0.0,0.0,0.0,100.0,8.403,11.529,3.806,7.723,81.667,3.829,3.597,3.346,8.122,4.153,4.04,6.08,1.578,1,3,16.667,50.0,3.0,3.0,98.0,22.0,47.0,54.5,78.4,87.1,66.8
3f659464,2024,OP Stone,Nottinghamshire,2024,9,6,315,688,35.0,90,False,90,0,3,45.785,48,0,192,60.952,6.977,19.219,Lower order,88.889,9.0,0.0,11.111,0.0,88.889,11.364,15.012,5.288,9.723,82.54,4.582,3.596,4.41,11.633,4.879,3.82,7.712,0.957,1,3,11.111,33.333,5.0,4.0,260.0,55.0,72.4,54.4,60.5,56.8,61.0
efe3fcc5,2022,R Vasconcelos,Northamptonshire,2022,23,13,576,1068,25.043,156,False,156,1,2,53.933,84,3,354,61.458,8.146,22.63,Opener,60.87,1.0,60.87,13.043,26.087,0.0,8.743,8.565,8.976,-0.411,55.556,4.177,3.595,3.515,13.391,4.444,3.816,4.029,2.64,1,6,4.348,26.087,13.0,10.0,320.0,256.0,49.4,54.4,38.9,41.9,46.2
876dbe2d,2022,DR Mousley,Warwickshire,2022,7,4,110,253,18.333,43,False,43,0,0,43.478,14,0,56,50.909,5.534,22.594,All-rounder / keeper,71.429,6.0,0.0,28.571,71.429,0.0,6.071,6.139,5.87,0.269,75.455,2.924,3.593,1.912,4.291,3.069,3.762,4.255,2.932,0,0,0.0,0.0,5.0,2.0,83.0,27.0,28.6,54.3,18.9,5.8,26.9
876dbe2d,2024,DR Mousley,Warwickshire,2024,18,11,402,708,25.125,62,False,62,0,3,56.78,44,2,188,46.766,6.497,32.326,Middle order,88.889,5.0,0.0,88.889,11.111,0.0,7.024,11.189,3.62,7.569,71.642,3.389,3.589,2.223,7.089,3.571,3.704,4.468,2.136,0,5,0.0,27.778,7.0,11.0,288.0,114.0,36.7,54.2,18.9,45.4,38.8
d52db29b,2014,DJG Sales,Northamptonshire,2014,6,3,103,184,17.167,43,False,43,0,0,55.978,15,1,66,64.078,8.696,22.024,Middle order,100.0,3.0,0.0,100.0,0.0,0.0,8.117,8.506,7.268,1.238,71.845,3.641,3.589,3.119,6.786,3.844,3.967,3.668,3.589,0,2,0.0,33.333,4.0,2.0,74.0,29.0,44.8,54.2,18.9,56.8,43.7
e68dd455,2017,JS Foster,Essex,2017,12,9,357,602,29.75,121,False,121,1,1,59.302,56,3,242,67.787,9.801,21.179,All-rounder / keeper,83.333,7.0,0.0,0.0,83.333,16.667,9.884,10.48,9.194,1.286,56.863,5.028,3.586,4.367,13.181,5.325,3.768,4.139,3.455,0,4,0.0,33.333,6.0,6.0,203.0,154.0,59.4,54.1,18.9,56.8,47.3
43501c0d,2016,AW Gale,Yorkshire,2016,26,15,525,1252,21.0,83,False,83,0,2,41.933,68,0,272,51.81,5.431,21.368,Middle order,76.923,4.0,0.0,76.923,19.231,3.846,6.895,4.909,8.82,-3.911,35.048,3.444,3.584,1.989,7.821,3.648,3.776,1.958,3.804,1,7,3.846,26.923,12.0,14.0,184.0,341.0,35.3,54.0,37.9,43.5,42.7
71647ced,2022,AJA Wheater,Essex,2022,7,4,118,369,19.667,37,False,37,0,0,31.978,17,0,68,57.627,4.607,14.205,All-rounder / keeper,57.143,7.0,0.0,0.0,57.143,42.857,6.592,8.116,4.503,3.613,71.186,3.411,3.583,1.614,5.159,3.678,3.828,4.17,2.652,0,2,0.0,28.571,3.0,4.0,84.0,34.0,33.0,53.9,18.9,47.1,38.2
29ede60b,2022,AL Davies,Warwickshire,2022,24,13,649,1322,28.217,121,False,121,1,3,49.092,80,4,344,53.005,6.354,24.637,Opener,70.833,1.0,70.833,29.167,0.0,0.0,10.543,12.047,9.153,2.894,54.854,4.939,3.583,3.066,10.654,5.205,3.796,5.105,3.477,4,8,16.667,33.333,11.0,13.0,356.0,293.0,65.1,54.0,78.4,56.8,63.6
8af86756,2014,BC Brown,Sussex,2014,22,14,570,1061,28.5,163,False,163,1,0,53.723,68,3,290,50.877,6.692,28.283,All-rounder / keeper,100.0,7.0,0.0,0.0,100.0,0.0,8.516,10.506,6.836,3.67,56.491,4.283,3.582,4.546,17.05,4.55,3.801,5.229,1.934,1,6,4.545,27.273,9.0,13.0,322.0,248.0,47.6,53.8,39.5,44.3,46.3
ed47cb25,2024,LP Goldsworthy,Somerset,2024,8,5,191,445,23.875,58,False,58,0,1,42.921,21,1,90,47.12,4.944,23.877,Opener,50.0,3.0,50.0,50.0,0.0,0.0,6.848,5.029,9.913,-4.885,46.073,3.352,3.582,2.712,6.245,3.527,3.933,0.927,4.656,0,2,0.0,25.0,5.0,3.0,88.0,103.0,35.2,53.9,18.9,40.4,37.1
b82e3032,2018,J Shaw,Yorkshire,2018,6,3,104,254,20.8,42,False,42,0,0,40.945,17,0,68,65.385,6.693,15.19,Lower order,83.333,9.5,0.0,16.667,0.0,83.333,6.929,6.793,7.305,-0.511,72.115,3.331,3.576,0.968,4.153,3.558,3.821,3.209,3.576,0,2,0.0,33.333,4.0,2.0,75.0,29.0,35.9,53.7,18.9,56.8,41.3
c9c0fe50,2015,AZ Lees,Yorkshire,2015,23,14,621,1490,29.571,100,False,100,1,3,41.678,80,2,332,53.462,5.503,20.526,Opener,100.0,2.0,100.0,0.0,0.0,0.0,8.824,5.298,14.069,-8.77,35.91,4.311,3.572,2.535,9.083,4.578,3.762,2.215,6.267,2,8,8.696,34.783,14.0,9.0,223.0,398.0,50.3,53.7,51.6,60.0,53.9
99b75528,2017,JC Buttler,Lancashire,2017,6,4,103,174,17.167,49,False,49,0,0,59.195,12,3,66,64.078,8.621,23.27,All-rounder / keeper,66.667,6.0,16.667,16.667,66.667,0.0,6.03,7.809,4.486,3.323,60.194,3.264,3.569,2.259,5.531,3.517,3.877,3.569,2.96,0,2,0.0,33.333,2.0,4.0,62.0,41.0,28.4,53.6,18.9,56.8,39.4
25a42048,2026,T Westley,Essex,2026,19,11,431,890,23.944,136,False,136,1,0,48.427,66,2,276,64.037,7.64,18.856,Middle order,100.0,3.0,0.0,100.0,0.0,0.0,9.039,8.522,9.455,-0.934,41.995,3.885,3.567,3.498,11.581,4.106,3.723,3.836,3.567,2,4,10.526,21.053,10.0,9.0,181.0,250.0,51.8,53.5,58.4,34.6,49.6
a6c17509,2023,TE Albert,Hampshire/Kent,2023,8,4,154,368,19.25,39,False,39,0,0,41.848,20,1,86,55.844,5.707,19.597,Opener,100.0,1.0,100.0,0.0,0.0,0.0,7.582,6.9,8.283,-1.384,46.104,3.567,3.562,1.368,5.225,3.737,3.722,3.571,3.562,0,0,0.0,0.0,4.0,4.0,71.0,83.0,40.1,53.5,18.9,5.8,29.6
85dcb721,2021,TJ Moores,Nottinghamshire,2021,18,11,474,839,31.6,97,False,97,0,3,56.496,74,9,350,73.84,9.893,16.402,All-rounder / keeper,100.0,7.0,0.0,0.0,100.0,0.0,9.64,9.201,10.273,-1.072,56.329,4.335,3.561,3.312,9.732,4.596,3.842,2.633,6.25,2,6,11.111,33.333,10.0,8.0,267.0,207.0,57.6,53.4,60.5,56.8,57.1
54745c20,2018,V Chopra,Essex,2018,13,7,201,438,15.462,61,False,61,0,1,45.89,30,0,120,59.701,6.849,19.853,Opener,100.0,2.0,100.0,0.0,0.0,0.0,6.841,7.586,5.957,1.629,60.199,3.269,3.555,2.301,7.457,3.524,3.841,2.829,3.555,0,2,0.0,15.385,7.0,6.0,121.0,80.0,35.0,53.4,18.9,26.4,33.4
a510bdd3,2018,EG Barnard,Worcestershire,2018,22,12,494,895,24.7,66,False,66,0,3,55.196,64,2,268,54.251,7.374,27.262,All-rounder / keeper,59.091,7.0,0.0,0.0,59.091,40.909,9.465,7.143,11.754,-4.611,37.449,4.355,3.552,2.878,11.432,4.663,3.814,2.941,5.044,2,6,9.091,27.273,12.0,10.0,185.0,309.0,56.3,53.2,53.1,44.3,51.7
60f4c586,2025,OG Robinson,Durham,2025,22,14,594,874,28.286,141,False,141,1,3,67.963,79,3,334,56.229,9.382,32.828,Middle order,68.182,5.0,0.0,68.182,31.818,0.0,9.11,9.296,8.901,0.395,54.209,4.003,3.552,3.015,9.714,4.222,3.691,2.714,4.154,2,7,9.091,31.818,10.0,12.0,322.0,272.0,52.6,53.3,53.1,53.5,53.1
ab01e323,2022,SA Zaib,Northamptonshire,2022,13,7,301,635,25.083,124,False,124,1,1,47.402,34,2,148,49.169,5.669,25.543,All-rounder / keeper,76.923,6.0,0.0,23.077,76.923,0.0,9.031,10.861,5.603,5.257,78.405,4.055,3.545,3.419,10.373,4.326,3.718,5.483,1.756,1,3,7.692,23.077,8.0,5.0,236.0,65.0,51.7,53.2,48.8,37.5,47.8
cf494ffe,2015,PR Stirling,Middlesex,2015,14,7,224,379,16.0,41,False,41,0,0,59.103,36,1,150,66.964,9.763,21.637,Opener,71.429,2.0,71.429,28.571,0.0,0.0,6.594,6.345,7.075,-0.73,63.393,3.782,3.542,2.396,7.098,4.018,3.886,3.492,3.542,0,2,0.0,14.286,8.0,6.0,142.0,82.0,33.1,53.1,18.9,24.8,32.5
47b4ad09,2015,JG Myburgh,Somerset,2015,17,9,369,613,23.062,118,False,118,1,2,60.196,51,3,222,60.163,8.809,26.297,Middle order,70.588,3.0,29.412,70.588,0.0,0.0,8.939,9.091,8.769,0.322,53.659,4.294,3.541,3.651,11.992,4.58,3.771,2.965,3.541,2,4,11.765,23.529,7.0,10.0,198.0,171.0,51.2,53.0,62.5,38.2,51.2
00cada13,2023,JDM Evison,Kent,2023,22,14,597,1170,31.421,99,False,99,0,4,51.026,76,7,346,57.956,7.094,23.091,All-rounder / keeper,77.273,7.0,0.0,0.0,77.273,22.727,10.384,7.766,12.929,-5.163,36.851,4.43,3.539,3.386,11.099,4.746,3.854,2.533,4.809,2,8,9.091,36.364,10.0,12.0,220.0,377.0,63.9,53.0,53.1,63.9,58.5
3581a798,2023,RM Yates,Warwickshire,2023,19,13,583,1250,34.294,228,True,228*,2,0,46.64,72,2,300,51.458,5.92,24.065,Opener,100.0,1.0,100.0,0.0,0.0,0.0,11.614,11.619,11.609,0.01,43.568,5.189,3.533,6.167,21.673,5.465,3.72,3.979,2.505,1,6,5.263,31.579,11.0,8.0,254.0,329.0,73.8,52.9,41.8,52.8,55.3
4c5d73db,2026,CR Woakes,Warwickshire,2026,9,7,227,339,28.375,64,False,64,0,2,66.962,37,1,154,67.841,11.209,24.252,Lower order,100.0,8.0,0.0,0.0,0.0,100.0,7.879,2.964,10.152,-7.189,11.894,3.717,3.528,1.922,6.491,3.994,3.752,1.727,4.381,1,4,11.111,44.444,3.0,6.0,27.0,200.0,42.0,52.9,60.5,79.1,58.6
fd770945,2024,BT Foakes,Surrey,2024,16,11,404,1042,26.933,82,False,82,0,4,38.772,42,1,174,43.069,4.127,23.023,Middle order,100.0,5.0,0.0,100.0,0.0,0.0,7.446,7.915,6.894,1.022,57.426,3.765,3.518,2.78,9.939,3.997,3.667,3.422,3.518,0,4,0.0,25.0,8.0,8.0,232.0,172.0,39.3,52.8,18.9,40.4,37.8
9789e56e,2021,LM Reece,Derbyshire,2021,15,8,207,598,13.8,63,False,63,0,1,34.615,31,0,124,59.903,5.184,14.638,Opener,100.0,1.0,100.0,0.0,0.0,0.0,6.905,4.815,8.617,-3.802,31.401,3.868,3.515,3.327,9.985,4.087,3.679,2.385,4.299,0,4,0.0,26.667,7.0,8.0,65.0,142.0,35.5,52.7,18.9,43.0,37.5
d12143bf,2014,JM Anderson,Lancashire,2014,6,3,81,73,20.25,28,False,28,0,0,110.959,15,0,60,74.074,20.548,36.207,Lower order,100.0,11.0,0.0,0.0,0.0,100.0,5.294,1.129,6.992,-5.863,6.173,2.613,3.506,1.765,3.753,2.815,3.75,0.58,3.63,1,1,16.667,16.667,2.0,4.0,5.0,76.0,23.9,52.7,78.4,28.6,45.9
1f1b4c89,2025,JC Tongue,Nottinghamshire,2025,7,5,144,273,28.8,55,False,55,0,1,52.747,20,0,80,55.556,7.326,25.296,Lower order,100.0,10.0,0.0,0.0,0.0,100.0,6.936,10.694,4.177,6.517,65.278,2.941,3.504,1.761,4.358,3.167,3.659,4.239,2.725,0,1,0.0,14.286,2.0,5.0,94.0,50.0,36.0,52.6,18.9,24.8,33.1
f05fe9b1,2014,JA Simpson,Middlesex,2014,18,11,476,915,28.0,110,False,110,1,3,52.022,63,2,264,55.462,7.104,24.941,All-rounder / keeper,100.0,6.0,0.0,0.0,100.0,0.0,9.291,9.125,9.366,-0.241,30.462,4.029,3.501,4.482,15.746,4.242,3.69,5.786,2.648,2,5,11.111,27.778,5.0,13.0,145.0,331.0,54.0,52.5,60.5,45.4,53.1
4c5d73db,2016,CR Woakes,Warwickshire,2016,7,5,252,518,42.0,121,False,121,1,1,48.649,30,1,126,50.0,5.985,25.873,All-rounder / keeper,71.429,7.0,14.286,0.0,71.429,14.286,12.657,4.403,21.362,-16.959,17.857,5.41,3.498,4.852,12.103,5.734,3.723,1.676,10.469,1,4,14.286,57.143,4.0,3.0,45.0,207.0,80.0,52.5,70.7,94.3,74.4
ba9258a7,2015,TB Abell,Somerset,2015,22,12,663,1341,34.895,131,False,131,1,4,49.441,95,0,380,57.315,7.084,22.713,Opener,100.0,2.0,100.0,0.0,0.0,0.0,11.575,12.248,10.844,1.404,55.053,5.468,3.495,4.931,13.309,5.817,3.737,4.407,2.583,3,8,13.636,36.364,9.0,13.0,365.0,298.0,73.7,52.4,68.6,63.9,64.6
40e4cf47,2024,MF Hurst,Lancashire,2024,23,14,677,1408,32.238,104,False,104,1,5,48.082,67,9,322,47.563,5.398,26.652,All-rounder / keeper,47.826,6.0,0.0,39.13,47.826,13.043,11.766,7.632,15.73,-8.098,31.758,5.156,3.49,4.897,14.497,5.529,3.788,3.304,4.926,6,11,26.087,47.826,12.0,11.0,215.0,462.0,75.0,52.4,93.5,84.1,76.2
8305580c,2016,MA Carberry,Hampshire,2016,15,8,411,894,29.357,107,False,107,1,1,45.973,53,0,212,51.582,5.928,23.662,Opener,66.667,1.0,66.667,33.333,0.0,0.0,11.078,12.013,10.099,1.913,55.474,5.344,3.484,3.9,11.708,5.76,3.832,5.216,3.484,2,4,13.333,26.667,8.0,7.0,228.0,183.0,69.8,52.3,68.0,43.0,58.3
75cbed9b,2017,SS Eskinazi,Middlesex,2017,25,14,793,1412,34.478,179,False,179,2,4,56.161,109,8,484,61.034,8.286,23.861,Middle order,100.0,3.0,0.0,100.0,0.0,0.0,13.071,10.295,15.703,-5.409,38.335,5.586,3.48,5.227,15.771,5.903,3.84,1.226,7.429,1,12,4.0,48.0,12.0,13.0,304.0,489.0,82.4,52.2,38.2,84.4,64.3
fe4ebca0,2025,JA Haynes,Nottinghamshire,2025,20,14,825,1476,41.25,157,False,157,4,1,55.894,107,4,452,54.788,7.52,27.326,Middle order,95.0,5.0,0.0,95.0,5.0,0.0,11.22,11.911,10.522,1.389,53.333,5.358,3.475,4.89,13.943,5.654,3.798,3.911,3.04,2,5,10.0,25.0,9.0,11.0,440.0,385.0,70.9,52.2,56.5,40.4,55.0
4167f30b,2017,IG Holland,Hampshire,2017,11,8,233,538,33.286,58,True,58*,0,2,43.309,26,0,104,44.635,4.833,25.195,All-rounder / keeper,72.727,7.0,0.0,0.0,72.727,27.273,8.409,7.803,9.321,-1.518,55.794,3.838,3.467,1.916,6.623,4.129,3.653,3.419,4.472,1,3,9.091,27.273,7.0,4.0,130.0,103.0,47.0,52.1,53.1,44.3,49.1
7cc15633,2018,JHK Adams,Hampshire,2018,23,13,569,1415,25.864,147,False,147,1,1,40.212,88,0,352,61.863,6.219,16.353,Opener,78.261,2.0,78.261,21.739,0.0,0.0,9.875,14.939,5.891,9.047,66.608,5.42,3.464,4.888,13.92,5.79,3.686,9.274,2.908,3,7,13.043,30.435,10.0,13.0,379.0,190.0,59.4,52.0,67.1,50.9,57.4
b9877635,2023,TE Bailey,Lancashire,2023,18,13,467,659,33.357,78,False,78,0,3,70.865,52,10,268,57.388,9.408,33.333,Lower order,94.444,9.0,0.0,0.0,5.556,94.444,7.518,3.427,10.132,-6.705,17.773,4.273,3.462,3.518,10.402,4.603,3.657,1.344,5.806,0,4,0.0,22.222,7.0,11.0,83.0,384.0,39.6,52.0,18.9,36.3,36.7
782c0568,2021,JC Hildreth,Somerset,2021,6,3,70,175,11.667,26,False,26,0,0,40.0,6,0,24,34.286,3.429,27.219,Middle order,100.0,4.0,0.0,100.0,0.0,0.0,7.239,6.358,9.455,-3.096,62.857,3.365,3.461,1.146,4.46,3.584,3.723,2.817,4.46,1,2,16.667,33.333,4.0,2.0,44.0,26.0,38.2,51.9,78.4,56.8,56.3
bca21d18,2019,DI Stevens,Kent,2019,17,11,587,812,36.688,237,False,237,1,2,72.291,68,17,374,63.714,10.468,29.298,Lower order,52.941,8.0,0.0,0.0,47.059,52.941,11.288,2.92,15.157,-12.238,8.177,5.586,3.459,5.993,21.411,5.973,3.708,1.561,4.549,3,5,17.647,29.412,6.0,11.0,48.0,539.0,71.4,51.9,81.3,48.9,63.4
11df3dc8,2015,MJ Lumb,Nottinghamshire,2015,9,5,195,369,21.667,73,False,73,0,1,52.846,31,0,124,63.59,8.401,21.006,Middle order,77.778,3.0,22.222,77.778,0.0,0.0,7.406,3.849,13.014,-9.165,31.795,3.73,3.458,2.667,6.572,4.006,3.654,1.339,6.455,0,3,0.0,33.333,5.0,4.0,62.0,133.0,39.2,51.8,18.9,56.8,41.7
c6a9148d,2014,SA Piolet,Sussex,2014,10,6,180,463,18.0,32,False,32,0,0,38.877,18,1,78,43.333,4.104,22.973,All-rounder / keeper,50.0,7.0,0.0,10.0,50.0,40.0,6.369,5.728,7.044,-1.316,46.111,3.374,3.449,0.737,4.315,3.582,3.706,3.724,3.175,0,3,0.0,30.0,4.0,6.0,83.0,97.0,31.0,51.7,18.9,50.0,37.9
59559bc2,2023,J Overton,Surrey,2023,8,6,186,237,31.0,51,False,51,0,1,78.481,24,4,120,64.516,11.814,31.579,Lower order,100.0,9.0,0.0,0.0,0.0,100.0,7.699,7.915,7.456,0.459,54.301,3.649,3.447,2.451,7.456,3.906,3.679,3.465,3.428,1,1,12.5,12.5,4.0,4.0,101.0,85.0,40.6,51.7,65.1,22.3,44.9
71440756,2014,P Coughlin,Durham,2014,7,4,191,311,31.833,85,False,85,0,1,61.415,22,1,94,49.215,7.395,33.681,Lower order,100.0,9.0,0.0,0.0,0.0,100.0,9.281,11.569,3.069,8.501,91.099,4.27,3.446,3.124,8.453,4.576,3.629,4.86,1.735,1,2,14.286,28.571,5.0,2.0,174.0,17.0,53.9,51.5,70.7,47.1,55.8
8728a058,2015,R Clarke,Warwickshire,2015,26,16,535,1015,23.261,67,False,67,0,2,52.709,73,6,328,61.308,7.783,22.115,All-rounder / keeper,92.308,7.0,0.0,0.0,92.308,7.692,7.609,5.567,9.42,-3.853,34.393,3.677,3.446,2.849,10.106,3.96,3.687,2.686,5.173,3,10,11.538,38.462,11.0,15.0,184.0,351.0,40.2,51.6,62.0,67.8,55.4
a510bdd3,2023,EG Barnard,Warwickshire,2023,20,13,482,931,30.125,95,False,95,0,2,51.772,57,3,246,51.037,6.445,27.095,All-rounder / keeper,80.0,6.0,0.0,20.0,80.0,0.0,9.905,14.945,7.118,7.827,53.734,5.291,3.445,4.598,12.908,5.626,3.641,7.299,2.683,5,9,25.0,45.0,10.0,10.0,259.0,223.0,59.6,51.5,92.5,80.0,70.9
1e0d4dcb,2026,FJ Bean,Yorkshire,2026,9,5,227,478,25.222,105,False,105,1,0,47.49,31,2,136,59.912,6.904,20.449,Opener,100.0,2.0,100.0,0.0,0.0,0.0,10.225,15.462,6.662,8.8,61.233,4.028,3.434,2.461,7.853,4.289,3.704,5.644,2.741,2,3,22.222,33.333,3.0,6.0,139.0,88.0,62.3,51.4,89.1,56.8,64.9
ad8cb396,2016,RP Jones,Lancashire,2016,7,4,212,650,42.4,106,True,106*,1,0,32.615,27,2,120,56.604,4.462,14.815,Opener,71.429,1.0,71.429,0.0,28.571,0.0,13.775,21.682,6.041,15.641,77.83,5.726,3.433,5.887,14.459,5.972,3.589,8.973,2.48,1,2,14.286,28.571,3.0,4.0,165.0,47.0,85.6,51.3,70.7,47.1,63.7
93e06301,2014,PD Trego,Somerset,2014,17,13,603,768,37.688,107,True,107*,1,3,78.516,73,8,340,56.385,10.547,38.282,All-rounder / keeper,82.353,7.0,0.0,0.0,82.353,17.647,10.814,11.513,10.284,1.229,45.937,4.415,3.426,2.818,9.457,4.677,3.578,3.777,3.4,3,6,17.647,35.294,7.0,10.0,277.0,326.0,67.5,51.3,81.3,61.6,65.4
f2ab7a69,2023,JA Leaning,Kent,2023,25,14,563,1306,25.591,68,True,68*,0,4,43.109,68,1,278,49.378,5.283,23.04,Middle order,96.0,4.0,0.0,96.0,4.0,0.0,8.966,11.118,6.554,4.564,65.542,4.437,3.421,3.9,12.655,4.753,3.761,6.114,3.385,3,8,12.0,32.0,12.0,13.0,369.0,194.0,51.3,51.2,63.1,53.8,54.8
28217d89,2022,ML Revis,Yorkshire,2022,11,8,267,659,33.375,53,True,53*,0,2,40.516,30,4,144,53.933,5.159,19.68,Lower order,45.455,7.0,0.0,18.182,36.364,45.455,7.672,8.22,7.06,1.16,56.554,3.197,3.419,1.709,5.608,3.369,3.561,3.846,2.831,1,3,9.091,27.273,6.0,5.0,151.0,116.0,40.5,51.2,53.1,44.3,47.3
d510d457,2021,EJH Eckersley,Durham,2021,14,10,434,699,33.385,113,True,113*,1,2,62.089,49,7,238,54.839,8.011,30.482,All-rounder / keeper,92.857,6.0,0.0,0.0,92.857,7.143,11.302,8.598,14.104,-5.506,38.71,5.498,3.411,5.403,17.597,5.966,3.681,2.853,5.51,1,4,7.143,28.571,7.0,7.0,168.0,266.0,71.4,51.1,47.5,47.1,54.3
e22d3b5c,2014,RI Keogh,Northamptonshire,2014,12,6,283,524,25.727,129,False,129,1,1,54.008,38,1,158,55.83,7.443,25.773,Middle order,100.0,4.0,0.0,100.0,0.0,0.0,10.822,12.202,7.26,4.941,81.272,4.554,3.407,4.24,12.202,4.874,3.662,4.155,3.407,1,5,8.333,41.667,8.0,4.0,230.0,53.0,67.7,51.0,50.4,73.4,60.6
d12cead8,2026,Zain-ul-Hassan,Glamorgan,2026,14,8,311,845,22.214,143,False,143,1,0,36.805,39,1,162,52.09,4.734,18.509,Opener,71.429,1.0,71.429,28.571,0.0,0.0,8.653,6.949,9.564,-2.616,27.974,3.847,3.402,4.661,14.257,4.141,3.67,3.095,3.708,1,3,7.143,21.429,5.0,9.0,87.0,224.0,48.7,51.0,47.5,35.1,45.6
c1a89821,2025,NRT Gubbins,Hampshire,2025,24,14,623,1513,25.958,117,False,117,1,3,41.176,79,0,316,50.722,5.221,21.409,Middle order,100.0,3.0,0.0,100.0,0.0,0.0,10.274,9.038,11.406,-2.368,42.055,4.79,3.396,4.166,14.363,5.052,3.622,2.973,4.362,3,7,12.5,29.167,11.0,13.0,262.0,361.0,62.8,50.9,65.1,48.4,56.8
23638956,2018,SR Harmer,Essex,2018,18,12,358,598,22.375,57,False,57,0,1,59.866,43,1,178,49.721,7.358,32.491,Lower order,94.444,8.0,0.0,0.0,5.556,94.444,8.262,8.07,8.541,-0.471,57.821,3.468,3.39,2.335,6.96,3.731,3.666,2.338,3.554,0,5,0.0,27.778,11.0,7.0,207.0,151.0,45.7,50.8,18.9,45.4,40.2
6c6aca89,2023,TS Roland-Jones,Middlesex,2023,18,11,300,397,17.647,39,False,39,0,0,75.567,38,7,194,64.667,11.335,30.114,Lower order,100.0,9.0,0.0,0.0,0.0,100.0,7.788,8.759,7.065,1.694,48.0,3.327,3.39,2.543,8.302,3.491,3.591,3.379,3.39,1,6,5.556,33.333,7.0,11.0,144.0,156.0,41.4,50.8,42.8,56.8,48.0
aa710a58,2023,EN Gay,Northamptonshire,2023,18,10,589,1190,34.647,144,False,144,1,3,49.496,65,1,266,45.161,5.546,28.737,Opener,100.0,2.0,100.0,0.0,0.0,0.0,14.118,5.933,22.47,-16.537,21.222,6.504,3.383,6.412,18.653,6.974,3.765,1.956,9.432,3,7,16.667,38.889,9.0,9.0,125.0,464.0,88.1,50.7,78.4,68.7,71.5
012829ff,2014,JW Hastings,Durham,2014,12,7,238,376,21.636,51,False,51,0,2,63.298,33,4,156,65.546,9.84,24.189,Lower order,100.0,8.5,0.0,0.0,0.0,100.0,6.646,7.81,4.408,3.402,77.311,3.419,3.381,2.264,7.143,3.643,3.68,3.846,2.38,1,4,8.333,33.333,8.0,4.0,184.0,54.0,33.6,50.7,50.4,56.8,47.9
c1a89821,2015,NRT Gubbins,Middlesex,2015,13,7,354,846,27.231,92,False,92,0,2,41.844,48,4,216,61.017,6.147,17.38,Opener,100.0,2.0,100.0,0.0,0.0,0.0,9.24,7.14,12.292,-5.152,45.763,4.153,3.381,3.679,11.806,4.42,3.507,3.699,1.667,0,3,0.0,23.077,8.0,5.0,162.0,192.0,53.5,50.6,18.9,37.5,40.1
ff154ecd,2023,JM Cox,Kent,2023,17,10,385,755,24.062,133,False,133,1,0,50.993,52,4,232,60.26,7.417,21.888,All-rounder / keeper,76.471,6.0,0.0,23.529,76.471,0.0,8.859,11.036,6.886,4.15,59.221,3.857,3.373,2.856,10.457,4.113,3.533,3.405,3.341,1,6,5.882,35.294,8.0,9.0,228.0,157.0,50.7,50.5,44.1,61.6,51.7
4ae1755b,2017,HC Brook,Yorkshire,2017,6,3,82,198,13.667,38,False,38,0,0,41.414,11,0,44,53.659,5.556,20.321,Middle order,100.0,3.0,0.0,100.0,0.0,0.0,8.079,6.951,9.948,-2.997,53.659,3.475,3.373,1.067,4.589,3.651,3.523,2.918,4.589,0,2,0.0,33.333,4.0,2.0,44.0,38.0,44.3,50.5,18.9,56.8,42.6
a05d0552,2018,JJ Weatherley,Hampshire,2018,19,11,436,997,24.222,126,True,126*,1,2,43.731,57,0,228,52.294,5.717,22.128,Opener,100.0,1.0,100.0,0.0,0.0,0.0,9.181,6.84,10.889,-4.049,31.422,4.51,3.371,3.108,11.465,4.821,3.686,3.371,3.628,3,6,15.789,31.579,8.0,11.0,137.0,299.0,53.2,50.4,75.0,52.8,57.8
2223b920,2016,KHD Barker,Warwickshire,2016,22,16,608,908,32.0,113,False,113,1,4,66.96,76,3,322,52.961,8.7,34.499,Lower order,100.0,8.0,0.0,0.0,0.0,100.0,10.166,6.745,13.211,-6.466,31.25,4.051,3.366,2.878,10.215,4.293,3.606,2.379,5.847,1,6,4.545,27.273,11.0,11.0,190.0,418.0,61.6,50.3,39.5,44.3,48.9
95a15317,2022,CG Benjamin,Warwickshire,2022,9,5,175,456,21.875,47,False,47,0,0,38.377,19,0,76,43.429,4.167,22.654,Middle order,77.778,3.0,0.0,77.778,22.222,0.0,7.612,4.301,8.251,-3.95,9.143,3.669,3.366,2.682,8.023,3.952,3.576,1.737,3.672,0,1,0.0,11.111,2.0,7.0,16.0,159.0,40.3,50.3,18.9,19.6,32.3
c995d726,2026,CA Ingram,Glamorgan,2026,22,12,628,1095,31.4,103,False,103,2,3,57.352,84,6,372,59.236,8.219,25.473,Middle order,100.0,5.0,0.0,100.0,0.0,0.0,12.401,17.399,8.091,9.308,64.968,5.586,3.364,5.517,18.071,5.97,3.634,5.003,3.215,4,10,18.182,45.455,11.0,11.0,408.0,220.0,78.8,50.2,82.2,80.9,73.0
4c0f3806,2024,BA Raine,Durham,2024,14,10,374,546,31.167,93,False,93,0,3,68.498,39,10,216,57.754,8.974,31.791,Lower order,92.857,9.0,0.0,0.0,7.143,92.857,8.106,5.332,9.493,-4.161,21.925,3.606,3.364,2.757,8.779,3.801,3.58,1.553,4.568,0,5,0.0,35.714,5.0,9.0,82.0,292.0,44.7,50.2,18.9,62.5,44.1
75cbed9b,2023,SS Eskinazi,Middlesex,2023,18,10,283,673,17.688,58,False,58,0,1,42.051,33,0,132,46.643,4.903,23.594,Middle order,83.333,4.0,11.111,83.333,0.0,5.556,7.196,5.09,9.663,-4.574,38.163,3.365,3.358,1.602,5.836,3.558,3.594,2.703,3.39,1,7,5.556,38.889,9.0,9.0,108.0,175.0,37.9,50.1,42.8,68.7,49.9
8728a058,2018,R Clarke,Surrey,2018,14,11,447,651,34.385,111,False,111,1,2,68.664,70,6,316,70.694,11.674,22.783,Lower order,71.429,8.0,0.0,0.0,28.571,71.429,8.857,8.067,9.597,-1.53,44.072,4.502,3.354,3.452,11.089,4.858,3.586,3.354,3.485,0,5,0.0,35.714,7.0,7.0,197.0,250.0,50.7,50.0,18.9,62.5,45.5
97905e64,2019,RS Patel,Surrey,2019,11,6,200,623,20.0,100,True,100*,1,0,32.103,33,0,132,66.0,5.297,11.525,Middle order,54.545,4.0,18.182,54.545,18.182,9.091,6.631,11.628,4.032,7.596,60.0,3.292,3.352,3.196,8.655,3.459,3.597,6.262,1.483,1,1,9.091,9.091,3.0,8.0,120.0,80.0,33.5,50.0,53.1,16.4,38.2
60f4c586,2019,OG Robinson,Kent,2019,23,13,720,1209,34.286,143,False,143,2,3,59.553,87,2,360,50.0,7.361,32.143,All-rounder / keeper,73.913,6.0,0.0,21.739,73.913,4.348,10.976,10.592,11.266,-0.674,41.528,5.188,3.351,3.963,11.636,5.591,3.592,4.61,3.351,3,8,13.043,34.783,10.0,13.0,299.0,421.0,68.9,49.9,67.1,60.0,61.5
e59077ea,2026,SSE Gumbs,Leicestershire,2026,9,6,246,637,30.75,93,False,93,0,1,38.619,37,0,148,60.163,5.808,16.333,Opener,100.0,2.0,100.0,0.0,0.0,0.0,11.046,11.08,10.913,0.167,80.081,5.678,3.342,6.127,14.858,6.117,3.516,3.195,6.123,1,5,11.111,55.556,7.0,2.0,197.0,49.0,69.7,49.8,60.5,93.1,68.3
b3544c5d,2021,BA Hutton,Nottinghamshire,2021,10,7,164,328,16.4,51,False,51,0,1,50.0,24,0,96,58.537,7.317,22.368,Lower order,100.0,9.0,0.0,0.0,0.0,100.0,5.951,5.672,6.275,-0.603,51.22,2.787,3.341,1.646,4.212,2.966,3.672,2.469,3.341,0,3,0.0,30.0,5.0,5.0,84.0,80.0,27.9,49.8,18.9,50.0,36.6
58c481c6,2022,JJ Cobb,Northamptonshire,2022,14,8,327,538,25.154,88,False,88,0,2,60.781,43,4,196,59.939,8.736,26.68,All-rounder / keeper,57.143,6.0,0.0,42.857,57.143,0.0,7.195,8.068,6.147,1.921,61.162,3.672,3.34,2.573,8.237,3.89,3.655,4.188,2.972,0,4,0.0,28.571,7.0,7.0,200.0,127.0,37.9,49.7,18.9,47.1,38.4
cad00a4d,2018,RR Rossouw,Hampshire,2018,17,9,489,966,34.929,120,True,120*,1,1,50.621,71,2,296,60.532,7.557,21.613,All-rounder / keeper,70.588,6.0,0.0,23.529,70.588,5.882,10.696,9.246,11.699,-2.453,35.378,5.637,3.326,4.046,12.537,5.985,3.598,3.927,3.178,2,9,11.765,52.941,7.0,10.0,173.0,316.0,66.5,49.7,62.5,91.3,67.5
1b77f62b,2018,MD Stoneman,Surrey,2018,18,11,428,702,25.176,86,False,86,0,3,60.969,72,0,288,67.29,10.256,22.222,Opener,100.0,2.0,100.0,0.0,0.0,0.0,7.888,5.38,9.541,-4.161,27.103,4.072,3.322,3.162,10.638,4.368,3.486,2.735,4.141,0,5,0.0,27.778,7.0,11.0,116.0,312.0,42.2,49.6,18.9,45.4,39.0
65b6943c,2018,L Wood,Nottinghamshire/Worcestershire,2018,10,6,202,269,28.857,65,True,65*,0,1,75.093,35,0,140,69.307,13.011,26.496,Lower order,100.0,9.0,0.0,0.0,0.0,100.0,8.129,9.091,5.401,3.69,82.673,3.407,3.321,2.027,6.205,3.667,3.629,4.492,2.193,2,3,20.0,30.0,7.0,3.0,167.0,35.0,44.9,49.5,85.2,50.0,57.4
00cada13,2021,JDM Evison,Nottinghamshire,2021,6,4,121,294,20.167,58,False,58,0,1,41.156,17,2,80,66.116,6.463,14.909,Lower order,83.333,8.0,0.0,0.0,16.667,83.333,8.462,12.769,5.32,7.449,63.636,3.789,3.32,1.658,6.177,4.029,3.491,4.732,2.846,0,2,0.0,33.333,2.0,4.0,77.0,44.0,47.5,49.5,18.9,56.8,43.2
e9987a94,2015,C Overton,Somerset,2015,13,8,289,272,26.273,55,False,55,0,3,106.25,43,6,208,71.972,18.015,36.323,Lower order,100.0,9.0,0.0,0.0,0.0,100.0,9.186,8.518,9.456,-0.938,26.644,4.099,3.313,2.502,7.011,4.388,3.463,3.183,4.5,2,4,15.385,30.769,2.0,11.0,77.0,212.0,53.2,49.4,73.9,51.5,57.0
d99cc23a,2026,T van der Gugten,Glamorgan,2026,19,12,299,742,18.688,52,False,52,0,1,40.296,37,2,160,53.512,5.256,19.772,Lower order,100.0,8.0,0.0,0.0,0.0,100.0,6.461,8.119,5.296,2.823,51.839,2.678,3.301,1.788,5.012,2.863,3.647,3.787,2.445,0,4,0.0,21.053,8.0,11.0,155.0,144.0,31.8,49.3,18.9,34.6,33.6
f2ab7a69,2024,JA Leaning,Kent,2024,20,11,728,1532,38.316,179,True,179*,3,1,47.52,85,1,346,47.527,5.614,26.418,Middle order,100.0,4.0,0.0,100.0,0.0,0.0,13.302,15.722,11.286,4.436,53.709,6.357,3.297,4.938,15.286,6.796,3.596,5.148,3.154,4,7,20.0,35.0,9.0,11.0,391.0,337.0,83.8,49.3,85.2,60.6,69.7
ad212f96,2017,RF Higgins,Middlesex,2017,7,4,129,250,18.429,45,False,45,0,0,51.6,17,0,68,52.713,6.8,26.18,All-rounder / keeper,100.0,7.0,0.0,0.0,100.0,0.0,7.092,7.537,6.784,0.753,43.411,3.411,3.294,1.879,5.485,3.593,3.456,3.527,3.294,0,2,0.0,28.571,3.0,4.0,56.0,73.0,37.4,49.2,18.9,47.1,38.2
8728a058,2014,R Clarke,Warwickshire,2014,18,12,550,865,34.375,94,False,94,0,5,63.584,82,4,352,64.0,9.942,25.417,All-rounder / keeper,88.889,7.0,0.0,0.0,88.889,11.111,9.378,6.258,13.414,-7.157,37.636,4.492,3.289,3.747,10.748,4.837,3.555,2.059,7.143,1,7,5.556,38.889,11.0,7.0,207.0,343.0,55.4,49.2,42.8,68.7,54.0
1db6e336,2025,BS McKinney,Durham,2025,18,10,565,1117,31.389,153,False,153,2,0,50.582,79,4,340,60.177,7.431,21.76,Opener,66.667,2.0,66.667,33.333,0.0,0.0,11.129,9.198,14.502,-5.304,52.566,5.723,3.287,5.276,13.964,6.025,3.497,2.485,7.942,3,5,16.667,27.778,10.0,8.0,297.0,268.0,70.1,49.1,78.4,45.4,60.8
087210b1,2022,DJ Vilas,Lancashire,2022,18,13,567,829,31.5,124,False,124,2,2,68.396,60,4,264,46.561,7.72,39.608,Middle order,88.889,5.0,0.0,88.889,5.556,5.556,9.623,8.933,10.312,-1.379,46.384,4.529,3.286,4.055,11.471,4.808,3.429,4.027,3.053,1,7,5.556,38.889,8.0,10.0,263.0,304.0,57.4,49.0,42.8,68.7,54.5
dda5aae5,2025,JK Fuller,Hampshire,2025,18,11,368,586,24.533,52,True,52*,0,1,62.799,49,7,238,64.674,9.556,24.528,Lower order,94.444,8.0,0.0,0.0,5.556,94.444,8.394,6.329,9.751,-3.421,29.891,4.028,3.286,3.317,11.074,4.218,3.523,2.196,5.553,2,5,11.111,27.778,7.0,11.0,110.0,258.0,46.9,49.0,60.5,45.4,50.4
18fac429,2015,SR Patel,Nottinghamshire,2015,28,16,650,1189,24.074,100,False,100,2,2,54.668,86,6,380,58.462,7.738,24.613,All-rounder / keeper,71.429,6.0,0.0,28.571,71.429,0.0,7.501,11.478,3.48,7.998,76.923,4.056,3.264,3.572,13.978,4.341,3.464,5.406,1.571,4,8,14.286,28.571,14.0,14.0,500.0,150.0,39.4,48.9,70.7,47.1,51.5
c163432a,2016,TC Smith,Lancashire,2016,13,8,417,1040,32.077,87,False,87,0,4,40.096,51,2,216,51.799,5.096,20.365,Opener,100.0,1.0,100.0,0.0,0.0,0.0,10.221,9.592,10.979,-1.387,51.319,5.146,3.263,5.022,13.378,5.499,3.459,5.28,3.157,1,5,7.692,38.462,7.0,6.0,214.0,203.0,62.1,48.8,48.8,67.8,56.9
8d14b938,2015,RK Oliver,Worcestershire,2015,17,10,404,676,23.765,101,False,101,1,1,59.763,55,1,226,55.941,8.284,28.71,Opener,100.0,2.0,100.0,0.0,0.0,0.0,8.692,2.438,12.517,-10.08,10.644,3.868,3.261,3.76,10.587,4.12,3.542,0.558,4.222,2,5,11.765,29.412,6.0,11.0,43.0,361.0,49.1,48.8,62.5,48.9,52.3
4c1e18e8,2014,CR Jones,Somerset,2014,10,7,313,722,31.3,87,False,87,0,3,43.352,45,1,186,59.425,6.371,18.787,Opener,100.0,2.0,100.0,0.0,0.0,0.0,9.109,7.366,10.366,-2.999,33.866,3.911,3.256,3.173,7.943,4.173,3.592,1.718,5.175,1,4,10.0,40.0,3.0,7.0,106.0,207.0,52.5,48.7,56.5,71.0,57.2
33a6488e,2026,AM Vaughan,Somerset,2026,18,11,398,772,24.875,68,False,68,0,2,51.554,49,4,220,55.276,6.865,24.757,Middle order,33.333,3.5,27.778,33.333,33.333,5.556,7.147,4.73,9.169,-4.439,30.151,3.851,3.251,2.927,8.691,4.098,3.511,1.12,5.138,1,4,5.556,22.222,7.0,11.0,120.0,278.0,37.6,48.7,42.8,36.3,41.4
a63dfe8a,2022,JJG Sales,Northamptonshire,2022,8,4,159,335,19.875,71,False,71,0,1,47.463,23,0,92,57.862,6.866,21.474,All-rounder / keeper,75.0,7.0,0.0,0.0,75.0,25.0,7.324,5.316,9.352,-4.036,36.478,3.646,3.249,2.149,6.452,3.952,3.451,3.249,4.042,0,2,0.0,25.0,4.0,4.0,58.0,101.0,38.7,48.6,18.9,40.4,36.7
23638956,2026,SR Harmer,Essex,2026,16,11,445,902,31.786,80,True,80*,0,2,49.335,55,4,244,54.831,6.541,23.843,Lower order,81.25,8.0,0.0,0.0,18.75,81.25,10.32,8.991,11.584,-2.592,42.472,4.561,3.248,3.243,10.27,4.827,3.386,2.888,3.466,2,4,12.5,25.0,9.0,7.0,189.0,256.0,63.1,48.5,65.1,40.4,54.3
abb83e27,2014,JM Bairstow,Yorkshire,2014,15,11,492,820,41.0,161,True,161*,1,2,60.0,57,5,258,52.439,7.561,30.871,Middle order,93.333,5.0,0.0,93.333,6.667,0.0,9.313,7.145,12.583,-5.438,46.138,4.518,3.247,4.469,15.878,4.734,3.552,3.247,5.622,1,3,6.667,20.0,10.0,5.0,227.0,265.0,54.5,48.5,46.3,33.2,45.6
f0a0204e,2026,MS Crane,Glamorgan,2026,20,12,473,1043,29.562,106,False,106,1,2,45.35,54,0,216,45.666,5.177,25.986,Lower order,85.0,9.0,15.0,0.0,0.0,85.0,10.174,14.715,6.951,7.764,60.042,4.109,3.239,3.055,9.575,4.388,3.439,3.753,3.134,3,7,15.0,35.0,9.0,11.0,284.0,189.0,61.8,48.4,72.9,60.6,60.9
23dee937,2021,GP Balderson,Lancashire,2021,7,4,145,427,24.167,77,False,77,0,1,33.958,24,0,96,66.207,5.621,12.159,Opener,85.714,1.0,85.714,14.286,0.0,0.0,9.097,2.5,14.004,-11.504,11.724,3.761,3.237,3.599,8.571,3.998,3.46,1.259,6.263,1,2,14.286,28.571,3.0,4.0,17.0,128.0,52.4,48.3,70.7,47.1,54.6
34b37279,2022,BGF Green,Somerset,2022,8,4,92,230,11.5,20,False,20,0,0,40.0,17,0,68,73.913,7.391,11.268,Opener,75.0,1.0,75.0,0.0,25.0,0.0,6.162,4.898,7.774,-2.876,44.565,3.023,3.236,0.841,3.795,3.193,3.391,2.81,3.236,0,3,0.0,37.5,4.0,4.0,41.0,51.0,29.5,48.3,18.9,65.8,40.6
a24be938,2024,VR Iyer,Lancashire,2024,6,3,116,154,19.333,35,False,35,0,0,75.325,9,3,54,46.552,7.792,43.662,All-rounder / keeper,50.0,7.0,0.0,16.667,50.0,33.333,9.332,17.614,6.061,11.553,53.448,4.634,3.232,3.266,8.367,4.916,3.369,8.367,2.767,0,1,0.0,16.667,2.0,4.0,62.0,54.0,54.7,48.2,18.9,28.6,37.6
087210b1,2017,DJ Vilas,Lancashire,2017,21,13,658,1072,34.632,244,False,244,1,2,61.381,75,4,324,49.24,7.369,33.635,All-rounder / keeper,66.667,6.0,0.0,33.333,66.667,0.0,11.66,10.664,12.799,-2.135,48.784,5.233,3.23,6.168,21.107,5.52,3.484,1.423,4.813,3,5,14.286,23.81,9.0,12.0,321.0,337.0,74.1,48.1,70.7,38.7,57.9
c2e5539b,2026,LM Benkenstein,Essex,2026,9,5,152,375,16.889,42,False,42,0,0,40.533,21,1,90,59.211,5.867,17.564,All-rounder / keeper,66.667,6.0,0.0,22.222,66.667,11.111,9.263,9.919,8.27,1.65,64.474,3.919,3.221,1.783,6.381,4.147,3.426,3.221,3.606,1,3,11.111,33.333,5.0,4.0,98.0,54.0,53.7,48.1,60.5,56.8,54.8
2223b920,2019,KHD Barker,Hampshire,2019,14,9,297,608,29.7,64,False,64,0,1,48.849,34,0,136,45.791,5.592,28.049,Lower order,85.714,9.0,0.0,0.0,14.286,85.714,7.98,9.095,5.769,3.325,75.758,3.274,3.219,2.625,6.921,3.495,3.351,5.459,1.424,0,2,0.0,14.286,8.0,6.0,225.0,72.0,43.2,48.0,18.9,24.8,33.7
5f26f677,2014,BM Duckett,Northamptonshire,2014,22,12,471,913,21.409,71,False,71,0,5,51.588,68,1,278,59.023,7.558,22.867,All-rounder / keeper,77.273,7.0,0.0,9.091,77.273,13.636,9.642,10.184,9.023,1.161,56.263,4.051,3.219,3.314,11.15,4.345,3.513,5.543,2.06,2,8,9.091,36.364,11.0,11.0,265.0,206.0,57.7,48.0,53.1,63.9,55.7
54c2b697,2024,M Pretorius,Somerset,2024,11,8,324,338,32.4,95,True,95*,0,3,95.858,38,8,200,61.728,13.609,42.466,Lower order,81.818,9.0,0.0,0.0,18.182,81.818,9.028,5.691,13.241,-7.549,35.185,4.235,3.217,3.725,10.115,4.496,3.431,1.177,6.364,1,4,9.091,36.364,6.0,5.0,114.0,210.0,51.7,47.9,53.1,63.9,54.2
05b1aef8,2024,NG Smith,Worcestershire,2024,8,6,214,391,30.571,60,False,60,0,3,54.731,25,4,124,57.944,7.417,24.862,Lower order,100.0,8.0,0.0,0.0,0.0,100.0,12.427,16.978,10.371,6.607,42.523,3.581,3.205,3.682,8.204,3.818,3.355,4.261,3.205,0,4,0.0,50.0,3.0,5.0,91.0,123.0,78.9,47.8,18.9,87.1,58.2
eddf25bd,2014,CAJ Meschede,Somerset,2014,6,5,142,202,28.4,59,True,59*,0,1,70.297,19,4,100,70.423,11.386,23.464,Lower order,100.0,8.0,0.0,0.0,0.0,100.0,7.04,11.52,3.83,7.69,68.31,2.991,3.203,1.986,4.933,3.13,3.3,4.878,1.576,0,2,0.0,33.333,2.0,4.0,97.0,45.0,36.7,47.7,18.9,56.8,40.0
e5437a99,2017,NRD Compton,Middlesex,2017,19,11,446,1161,26.235,120,False,120,1,0,38.415,51,2,216,48.43,4.565,20.758,Opener,94.737,2.0,94.737,5.263,0.0,0.0,10.443,6.434,14.729,-8.295,31.839,4.847,3.203,3.259,11.619,5.162,3.365,2.923,6.667,3,8,15.789,42.105,10.0,9.0,142.0,304.0,64.3,47.8,75.0,74.3,65.4
bd93fea4,2019,PM Siddle,Essex,2019,11,8,227,425,32.429,60,False,60,0,1,53.412,20,5,110,48.458,5.882,29.25,Lower order,100.0,9.0,0.0,0.0,0.0,100.0,6.829,4.541,10.502,-5.961,40.969,3.299,3.2,2.421,7.444,3.451,3.327,2.259,3.607,0,3,0.0,27.273,8.0,3.0,93.0,134.0,34.8,47.6,18.9,44.3,36.4
fe2ac1a8,2026,TE Lawes,Surrey,2026,11,8,341,533,34.1,83,False,83,0,2,63.977,51,3,222,65.103,10.131,24.843,Lower order,90.909,8.0,0.0,0.0,9.091,90.909,10.71,6.783,14.711,-7.929,31.965,4.284,3.198,3.304,10.789,4.562,3.505,2.743,6.127,0,4,0.0,36.364,6.0,5.0,109.0,232.0,66.7,47.6,18.9,63.9,49.3
31f671b7,2014,IJ Westwood,Warwickshire,2014,11,8,370,801,33.636,129,False,129,1,1,46.192,53,0,212,57.297,6.617,21.123,Opener,90.909,2.0,90.909,9.091,0.0,0.0,9.499,8.476,10.342,-1.866,40.27,5.177,3.194,5.013,14.043,5.542,3.409,2.858,4.065,1,4,9.091,36.364,4.0,7.0,149.0,221.0,56.4,47.5,53.1,63.9,55.2
72918338,2022,AHT Donald,Hampshire,2022,14,9,398,485,28.429,94,False,94,0,3,82.062,50,7,242,60.804,11.753,36.449,All-rounder / keeper,71.429,7.0,0.0,0.0,71.429,28.571,10.176,10.302,10.0,0.302,59.045,5.232,3.187,4.112,11.809,5.659,3.368,2.883,4.281,3,4,21.429,28.571,8.0,6.0,235.0,163.0,61.8,47.5,87.6,47.1,61.0
57590dbb,2024,PI Walter,Essex,2024,12,9,490,724,40.833,134,False,134,1,4,67.68,59,7,278,56.735,9.116,32.219,All-rounder / keeper,83.333,6.0,0.0,16.667,83.333,0.0,12.039,11.648,12.589,-0.94,56.531,5.228,3.183,4.721,12.834,5.543,3.346,3.183,4.762,3,5,25.0,41.667,6.0,6.0,277.0,213.0,77.3,47.4,92.5,73.4,72.6
556302a7,2015,SM Ervine,Hampshire,2015,19,12,508,849,33.867,102,False,102,1,1,59.835,70,2,292,57.48,8.481,27.799,All-rounder / keeper,84.211,7.0,0.0,0.0,84.211,15.789,9.56,9.077,10.045,-0.968,47.638,4.194,3.182,2.776,9.609,4.487,3.359,3.182,4.058,3,6,15.789,31.579,10.0,9.0,242.0,266.0,57.0,47.3,75.0,52.8,58.0
a77472dc,2022,G Stewart,Kent,2022,10,6,231,295,25.667,90,False,90,0,3,78.305,24,10,156,67.532,11.525,28.736,Lower order,90.0,8.0,0.0,0.0,10.0,90.0,7.77,1.092,13.5,-12.408,6.494,3.456,3.177,3.305,7.251,3.698,3.383,0.586,6.544,0,2,0.0,20.0,5.0,5.0,15.0,216.0,41.1,47.3,18.9,33.2,35.1
6e6fb538,2021,JL du Plooy,Derbyshire,2021,16,9,307,804,19.188,98,False,98,0,1,38.184,34,1,142,46.254,4.353,21.456,Middle order,100.0,3.0,0.0,100.0,0.0,0.0,8.987,13.139,6.207,6.931,58.632,5.153,3.175,5.989,18.534,5.508,3.342,5.906,3.175,2,6,12.5,37.5,6.0,10.0,180.0,127.0,51.5,47.2,65.1,65.8,57.4
81efec30,2023,NLJ Browne,Essex,2023,24,13,543,1210,24.682,159,False,159,1,1,44.876,75,2,312,57.459,6.364,20.388,Opener,95.833,1.0,95.833,0.0,0.0,4.167,8.674,7.598,9.78,-2.182,44.383,4.933,3.169,5.364,20.05,5.221,3.339,3.135,3.169,4,5,16.667,20.833,11.0,13.0,241.0,302.0,49.0,47.1,78.4,34.3,52.2
2baad3bd,2023,LW James,Nottinghamshire,2023,24,13,405,912,17.609,50,False,50,0,1,44.408,51,2,216,53.333,5.811,22.002,All-rounder / keeper,50.0,6.0,0.0,41.667,50.0,8.333,6.584,5.776,7.822,-2.046,53.086,3.154,3.169,1.745,5.837,3.386,3.339,2.857,3.809,0,5,0.0,20.833,14.0,10.0,215.0,190.0,33.0,47.1,18.9,34.3,33.3
a77472dc,2023,G Stewart,Kent,2023,10,6,206,266,20.6,50,False,50,0,1,77.444,19,11,142,68.932,11.278,27.119,Lower order,100.0,8.0,0.0,0.0,0.0,100.0,10.098,12.683,8.361,4.322,50.485,3.946,3.168,3.319,8.555,4.251,3.392,1.926,4.41,1,4,10.0,40.0,4.0,6.0,104.0,102.0,61.3,47.0,56.5,71.0,59.0
4a461c24,2022,LA Dawson,Hampshire,2022,18,12,587,1062,34.529,171,False,171,1,3,55.273,77,5,338,57.581,7.721,25.408,Middle order,66.667,5.0,0.0,66.667,33.333,0.0,10.615,12.101,8.926,3.175,60.647,4.686,3.161,4.528,13.647,4.992,3.377,5.749,1.292,2,6,11.111,33.333,9.0,9.0,356.0,231.0,65.8,47.0,60.5,56.8,57.5
ad8cb396,2024,RP Jones,Worcestershire,2024,22,13,456,802,21.714,90,False,90,0,1,56.858,58,3,250,54.825,7.606,27.8,Middle order,95.455,4.0,0.0,95.455,4.545,0.0,7.9,8.086,7.766,0.32,42.982,3.926,3.16,2.771,9.945,4.208,3.413,5.181,2.829,2,7,9.091,31.818,10.0,12.0,196.0,260.0,42.3,46.9,53.1,53.5,48.9
e22d3b5c,2022,RI Keogh,Northamptonshire,2022,25,14,804,1314,32.16,130,False,130,3,2,61.187,96,2,396,49.254,7.458,33.553,Middle order,88.0,5.0,0.0,88.0,12.0,0.0,11.056,17.505,4.242,13.263,81.343,5.271,3.152,4.849,16.318,5.616,3.393,7.326,2.091,3,8,12.0,32.0,13.0,12.0,654.0,150.0,69.7,46.8,63.1,53.8,58.4
85dcb721,2016,TJ Moores,Lancashire/Nottinghamshire,2016,10,6,201,478,20.1,41,False,41,0,0,42.05,29,2,128,63.682,6.485,16.331,Middle order,70.0,3.0,0.0,70.0,20.0,10.0,8.698,10.216,7.502,2.714,51.741,3.584,3.152,3.043,8.153,3.796,3.351,5.075,1.547,1,3,10.0,30.0,4.0,6.0,104.0,97.0,49.2,46.8,56.5,50.0,50.6
25f7b7d6,2025,T Banton,Somerset,2025,17,10,669,1030,44.6,371,False,371,1,1,64.951,88,3,370,55.306,8.835,31.842,All-rounder / keeper,58.824,6.0,0.0,41.176,58.824,0.0,13.845,23.188,5.028,18.16,81.315,5.888,3.138,8.211,28.342,6.219,3.461,6.38,2.26,3,5,17.647,29.412,8.0,9.0,544.0,125.0,86.6,46.7,81.3,48.9,65.9
76cb1a7f,2014,SD Robson,Middlesex,2014,14,8,316,596,24.308,75,False,75,0,2,53.02,43,0,172,54.43,7.215,26.04,Opener,100.0,2.0,100.0,0.0,0.0,0.0,8.669,7.206,9.151,-1.944,20.57,4.239,3.137,3.614,9.568,4.457,3.269,2.862,4.27,2,5,14.286,35.714,3.0,11.0,65.0,251.0,48.8,46.6,70.7,62.5,57.2
92aeac25,2015,AD Hales,Nottinghamshire,2015,18,11,892,1396,49.556,236,False,236,3,2,63.897,139,3,574,64.35,10.172,25.359,Middle order,66.667,3.0,33.333,66.667,0.0,0.0,14.403,17.04,12.074,4.965,55.493,7.582,3.136,8.628,24.177,7.958,3.348,3.549,2.866,3,5,16.667,27.778,8.0,10.0,495.0,397.0,89.2,46.6,78.4,45.4,64.9
3e7534f7,2023,GJ Bell,Lancashire,2023,16,12,447,775,27.938,91,False,91,0,3,57.677,66,2,276,61.745,8.774,24.187,All-rounder / keeper,68.75,6.0,0.0,25.0,68.75,6.25,7.947,10.586,6.226,4.359,52.573,4.48,3.132,4.418,12.818,4.837,3.37,3.938,2.34,1,3,6.25,18.75,6.0,10.0,235.0,212.0,42.9,46.5,45.3,31.7,41.6
521595e7,2022,JEK Rew,Somerset,2022,12,7,337,849,37.444,101,True,101*,1,1,39.694,42,0,168,49.852,4.947,20.942,All-rounder / keeper,100.0,6.0,0.0,0.0,100.0,0.0,8.899,5.853,11.183,-5.33,28.19,4.476,3.121,2.683,8.86,4.718,3.325,3.091,5.185,0,4,0.0,33.333,5.0,7.0,95.0,242.0,51.0,46.5,18.9,56.8,43.3
8fc65c2b,2022,SM Davies,Somerset,2022,14,8,234,550,16.714,51,False,51,0,1,42.545,31,1,130,55.556,5.818,20.077,All-rounder / keeper,85.714,6.0,14.286,0.0,85.714,0.0,6.352,10.921,2.94,7.981,73.504,3.999,3.116,3.659,10.247,4.234,3.301,6.494,1.219,2,4,14.286,28.571,7.0,7.0,172.0,62.0,30.9,46.4,70.7,47.1,48.8
9679838c,2024,BL D'Oliveira,Worcestershire,2024,17,12,518,875,32.375,97,False,97,0,6,59.2,60,2,252,48.649,7.086,32.718,All-rounder / keeper,82.353,6.0,0.0,17.647,82.353,0.0,10.672,11.474,10.037,1.437,47.49,4.529,3.114,4.022,11.063,4.789,3.264,3.905,3.114,3,8,17.647,47.059,8.0,9.0,246.0,272.0,66.4,46.3,81.3,83.1,69.3
f1541912,2026,BA Mayes,Hampshire,2026,14,7,257,527,19.769,59,False,59,0,1,48.767,33,3,150,58.366,6.831,21.792,All-rounder / keeper,57.143,6.0,0.0,42.857,57.143,0.0,8.258,9.486,6.901,2.585,60.311,3.998,3.111,1.945,7.278,4.252,3.31,4.177,3.111,1,5,7.143,35.714,8.0,6.0,155.0,102.0,45.6,46.3,47.5,62.5,50.5
7a32c1c1,2024,ARI Umeed,Somerset,2024,19,10,410,635,22.778,73,True,73*,0,2,64.567,54,7,258,62.927,9.606,26.481,Middle order,52.632,3.0,47.368,52.632,0.0,0.0,8.441,8.244,8.713,-0.468,56.585,4.364,3.101,4.068,11.263,4.679,3.244,2.59,3.612,1,7,5.263,36.842,10.0,9.0,232.0,178.0,47.2,46.2,41.8,64.7,50.0
e5437a99,2014,NRD Compton,Somerset,2014,21,14,698,1543,36.737,156,False,156,2,2,45.237,86,4,368,52.722,5.833,22.712,Middle order,95.238,3.0,0.0,95.238,0.0,4.762,10.368,5.247,15.34,-10.092,24.928,5.42,3.1,5.209,14.428,5.738,3.355,2.148,11.134,3,6,14.286,28.571,10.0,11.0,174.0,524.0,63.3,46.1,70.7,47.1,56.8
932d3cc9,2025,FJ Hudson-Prentice,Sussex,2025,21,13,488,1088,24.4,74,False,74,0,2,44.853,56,3,242,49.59,5.423,23.907,All-rounder / keeper,61.905,7.0,0.0,0.0,61.905,38.095,7.731,5.86,9.584,-3.724,37.705,4.059,3.098,2.879,11.581,4.338,3.373,3.074,4.776,0,5,0.0,23.81,10.0,11.0,184.0,304.0,40.8,46.1,18.9,38.7,36.1
b3544c5d,2015,BA Hutton,Nottinghamshire,2015,13,9,278,675,25.273,72,False,72,0,1,41.185,36,0,144,51.799,5.333,20.97,Lower order,100.0,8.0,0.0,0.0,0.0,100.0,6.284,8.114,3.318,4.796,79.856,2.956,3.094,2.334,7.539,3.117,3.269,3.435,0.815,0,2,0.0,15.385,8.0,5.0,222.0,56.0,30.4,46.0,18.9,26.4,30.4
961b8ff1,2021,TP Alsop,Hampshire,2021,8,4,109,379,13.625,33,False,33,0,0,28.76,14,0,56,51.376,3.694,14.521,Middle order,100.0,3.0,0.0,100.0,0.0,0.0,7.311,4.704,9.906,-5.202,32.11,3.652,3.092,1.926,6.299,3.892,3.252,2.228,5.076,0,2,0.0,25.0,4.0,4.0,35.0,74.0,38.5,46.0,18.9,40.4,36.0
29ede60b,2016,AL Davies,Lancashire,2016,6,5,187,318,31.167,55,False,55,0,1,58.805,28,0,112,59.893,8.805,25.862,All-rounder / keeper,100.0,6.0,0.0,0.0,100.0,0.0,8.304,7.191,9.533,-2.342,45.455,3.865,3.092,2.147,6.571,4.141,3.178,2.078,4.398,0,2,0.0,33.333,3.0,3.0,85.0,102.0,46.1,45.9,18.9,56.8,41.9
e94bc520,2017,OJ Pope,Surrey,2017,6,4,163,296,32.6,100,True,100*,1,0,55.068,24,0,96,58.896,8.108,24.632,All-rounder / keeper,100.0,6.0,0.0,0.0,100.0,0.0,9.081,2.867,14.951,-12.084,15.337,5.215,3.091,6.477,14.675,5.497,3.233,1.687,8.742,1,2,16.667,33.333,2.0,4.0,25.0,138.0,52.2,45.8,78.4,56.8,58.3
35f9a295,2026,LJ Hill,Leicestershire,2026,9,6,294,635,32.667,127,False,127,1,1,46.299,36,0,144,48.98,5.669,25.042,Middle order,88.889,4.0,0.0,88.889,11.111,0.0,8.622,8.861,8.222,0.638,64.286,3.962,3.09,4.314,12.165,4.186,3.246,1.861,3.943,1,2,11.111,22.222,7.0,2.0,189.0,105.0,48.4,45.6,60.5,36.3,47.7
29ede60b,2021,AL Davies,Lancashire,2021,6,3,73,102,14.6,44,False,44,0,0,71.569,9,1,42,57.534,9.804,33.696,Opener,100.0,2.0,100.0,0.0,0.0,0.0,5.826,14.159,2.735,11.424,65.753,3.4,3.09,3.566,7.111,3.616,3.324,7.111,1.545,1,2,16.667,33.333,2.0,4.0,48.0,25.0,27.0,45.7,78.4,56.8,52.0
60f4c586,2022,OG Robinson,Kent,2022,20,12,497,897,27.611,85,True,85*,0,4,55.407,60,2,252,50.704,6.912,29.341,All-rounder / keeper,70.0,6.0,20.0,10.0,70.0,0.0,8.098,8.163,8.044,0.119,46.479,3.829,3.09,3.003,11.394,4.044,3.284,3.394,2.527,1,7,5.0,35.0,10.0,10.0,231.0,266.0,44.6,45.8,41.0,60.6,48.0
fd96de7c,2022,JJ Bohannon,Lancashire,2022,20,14,805,1712,40.25,231,False,231,3,1,47.021,111,3,462,57.391,6.659,21.464,Middle order,100.0,3.0,0.0,100.0,0.0,0.0,12.436,16.0,8.175,7.825,70.062,5.898,3.09,7.022,21.896,6.333,3.281,3.505,1.758,4,8,20.0,40.0,10.0,10.0,564.0,241.0,79.0,45.6,85.2,71.0,70.2
4ec07775,2019,RN ten Doeschate,Essex,2019,19,14,483,826,26.833,130,False,130,2,1,58.475,55,4,244,50.518,7.143,31.16,All-rounder / keeper,100.0,6.0,0.0,0.0,100.0,0.0,9.465,9.861,9.035,0.826,54.244,4.072,3.086,4.21,13.733,4.289,3.243,3.316,2.404,1,5,5.263,26.316,10.0,9.0,262.0,221.0,56.2,45.5,41.8,42.3,46.4
6f4775f7,2014,PJ Horton,Lancashire,2014,22,12,640,1512,32.0,140,False,140,1,3,42.328,75,0,300,46.875,4.96,23.66,Opener,100.0,1.0,100.0,0.0,0.0,0.0,11.645,10.459,12.52,-2.061,38.125,6.108,3.085,6.677,19.374,6.495,3.302,1.871,5.875,5,10,22.727,45.455,10.0,12.0,244.0,396.0,74.0,45.4,89.8,80.9,72.5
932d3cc9,2021,FJ Hudson-Prentice,Derbyshire,2021,15,9,209,429,16.077,31,True,31*,0,0,48.718,30,0,120,57.416,6.993,22.306,Lower order,66.667,8.0,0.0,0.0,33.333,66.667,6.665,6.35,6.908,-0.558,41.627,3.601,3.083,2.078,6.747,3.855,3.339,3.912,3.053,1,3,6.667,20.0,6.0,9.0,87.0,122.0,33.8,45.4,46.3,33.2,39.7
4167f30b,2022,IG Holland,Hampshire,2022,24,14,519,1228,22.565,99,False,99,0,3,42.264,58,1,238,45.857,4.805,24.038,Opener,100.0,2.0,100.0,0.0,0.0,0.0,7.918,6.696,9.226,-2.53,43.738,4.382,3.081,4.027,11.835,4.613,3.293,0.834,4.457,2,7,8.333,29.167,12.0,12.0,227.0,292.0,42.5,45.3,50.4,48.4,46.6
f2ab7a69,2026,JA Leaning,Sussex,2026,18,10,415,886,25.938,120,True,120*,1,2,46.84,56,1,230,55.422,6.433,22.316,Middle order,72.222,5.0,0.0,72.222,27.778,0.0,7.747,9.696,6.281,3.415,53.735,3.877,3.074,3.647,12.606,4.124,3.355,2.225,3.924,2,4,11.111,22.222,8.0,10.0,223.0,192.0,41.0,45.3,60.5,36.3,45.8
7bcde3fe,2022,AM Rossington,Essex,2022,18,12,424,627,24.941,100,False,100,1,2,67.624,50,8,248,58.491,9.25,30.931,All-rounder / keeper,83.333,7.0,0.0,5.556,83.333,11.111,8.576,7.969,9.13,-1.16,44.34,4.154,3.068,3.252,10.729,4.425,3.237,3.025,4.286,2,6,11.111,33.333,8.0,10.0,188.0,236.0,48.1,45.1,60.5,56.8,52.6
8479a24a,2014,KK Jennings,Durham,2014,24,14,584,1455,24.333,103,False,103,1,3,40.137,86,0,344,58.904,5.911,17.531,Opener,100.0,2.0,100.0,0.0,0.0,0.0,8.075,10.006,6.132,3.873,62.158,4.245,3.068,3.889,12.71,4.559,3.267,3.178,1.36,3,6,12.5,25.0,12.0,12.0,363.0,221.0,44.3,45.2,65.1,40.4,48.8
556302a7,2017,SM Ervine,Hampshire,2017,19,13,537,1031,29.833,203,False,203,1,2,52.085,60,1,246,45.81,5.917,30.0,All-rounder / keeper,52.632,6.0,0.0,47.368,52.632,0.0,10.844,14.381,7.062,7.318,68.529,4.529,3.057,5.591,21.688,4.768,3.266,4.424,2.149,1,5,5.263,26.316,9.0,10.0,368.0,169.0,67.9,45.1,41.8,42.3,49.3
58043739,2018,TT Bresnan,Yorkshire,2018,22,12,385,961,20.263,80,False,80,0,2,40.062,47,1,194,50.39,4.995,20.92,Lower order,54.545,8.0,0.0,0.0,45.455,54.545,7.044,8.051,6.242,1.809,50.649,3.528,3.056,2.958,7.7,3.761,3.168,4.618,2.419,0,7,0.0,31.818,10.0,12.0,195.0,190.0,36.8,45.0,18.9,53.5,38.6
c2b6764d,2022,GFB Scott,Gloucestershire,2022,8,4,160,311,20.0,77,False,77,0,1,51.447,28,0,112,70.0,9.003,16.961,Opener,100.0,1.0,100.0,0.0,0.0,0.0,8.13,4.312,11.081,-6.769,23.125,3.854,3.056,3.324,8.557,4.19,3.335,2.013,5.695,1,1,12.5,12.5,4.0,4.0,37.0,123.0,44.9,44.9,65.1,22.3,44.3
7671203a,2023,M Montgomery,Nottinghamshire,2023,18,10,458,933,26.941,177,False,177,1,1,49.089,65,0,260,56.769,6.967,22.811,Middle order,100.0,4.0,0.0,100.0,0.0,0.0,9.957,13.146,6.047,7.099,72.707,4.472,3.055,4.95,16.597,4.787,3.231,4.194,1.921,1,7,5.556,38.889,10.0,8.0,333.0,125.0,60.1,44.9,42.8,68.7,54.1
c15fb753,2026,W Luxton,Yorkshire,2026,13,8,394,633,30.308,167,False,167,1,2,62.243,54,4,240,60.914,9.163,26.783,Opener,84.615,2.0,84.615,15.385,0.0,0.0,11.341,15.965,6.049,9.916,75.127,4.98,3.055,5.784,18.002,5.376,3.295,4.183,3.055,3,3,23.077,23.077,5.0,8.0,296.0,98.0,72.0,44.8,90.3,37.5,61.2
7a32c1c1,2017,ARI Umeed,Warwickshire,2017,13,7,301,973,23.154,113,False,113,1,0,30.935,28,0,112,37.209,2.878,20.0,Opener,100.0,1.0,100.0,0.0,0.0,0.0,9.725,12.48,7.818,4.662,52.492,4.864,3.05,4.502,14.637,5.133,3.294,2.27,3.502,2,3,15.385,23.077,5.0,8.0,158.0,143.0,58.3,44.8,73.9,37.5,53.6
ed47cb25,2022,LP Goldsworthy,Somerset,2022,17,10,558,1322,37.2,130,False,130,1,3,42.209,76,1,310,55.556,5.825,19.92,Middle order,82.353,5.0,0.0,82.353,17.647,0.0,12.125,7.113,16.418,-9.305,27.061,5.313,3.039,4.872,15.822,5.612,3.156,2.0,5.242,3,5,17.647,29.412,8.0,9.0,151.0,407.0,77.8,44.7,81.3,48.9,63.2
ed47cb25,2026,LP Goldsworthy,Somerset,2026,10,6,245,569,27.222,90,False,90,0,1,43.058,29,1,122,49.796,5.272,22.82,Middle order,70.0,4.0,0.0,70.0,30.0,0.0,7.157,8.05,5.035,3.015,79.184,3.978,3.033,3.526,10.271,4.215,3.163,3.033,3.094,1,2,10.0,20.0,7.0,3.0,194.0,51.0,37.7,44.6,56.5,33.2,43.0
2223b920,2023,KHD Barker,Hampshire,2023,13,10,301,587,25.083,58,False,58,0,1,51.278,40,2,172,57.143,7.155,23.67,Lower order,100.0,8.0,0.0,0.0,0.0,100.0,7.88,6.038,8.858,-2.82,26.578,3.288,3.03,2.395,6.344,3.528,3.255,2.319,3.968,1,2,7.692,15.385,4.0,9.0,80.0,221.0,42.1,44.5,48.8,26.4,40.4
23638956,2025,SR Harmer,Essex,2025,18,11,300,770,20.0,53,False,53,0,1,38.961,38,4,176,58.667,5.455,17.033,Lower order,83.333,8.0,0.0,16.667,0.0,83.333,5.726,8.275,3.503,4.773,67.333,2.787,3.03,2.245,6.328,2.952,3.249,4.517,1.125,0,5,0.0,27.778,8.0,10.0,202.0,98.0,26.6,44.6,18.9,45.4,33.9
f836b33d,2024,T Kohler-Cadmore,Somerset,2024,9,5,233,434,25.889,63,False,63,0,1,53.687,29,4,140,60.086,7.604,23.192,Opener,55.556,1.0,55.556,44.444,0.0,0.0,10.139,14.906,6.381,8.525,64.807,5.07,3.028,4.405,12.638,5.303,3.256,8.873,2.863,1,1,11.111,11.111,4.0,5.0,151.0,82.0,61.5,44.4,60.5,19.6,46.5
2eca67f5,2025,JM Clarke,Nottinghamshire,2025,21,14,664,1180,33.2,119,False,119,1,3,56.271,79,7,358,53.916,7.288,27.971,Middle order,100.0,4.0,0.0,100.0,0.0,0.0,8.922,7.084,10.823,-3.738,40.361,4.339,3.025,3.596,14.643,4.602,3.289,2.905,3.145,3,5,14.286,23.81,10.0,11.0,268.0,396.0,51.1,44.4,70.7,38.7,51.2
47190c4a,2015,AWR Barrow,Somerset,2015,10,5,120,244,15.0,28,False,28,0,0,49.18,18,0,72,60.0,7.377,21.239,All-rounder / keeper,60.0,6.0,0.0,0.0,60.0,40.0,4.912,2.887,7.023,-4.136,30.0,2.767,3.022,2.198,5.904,2.998,3.178,1.65,3.504,0,2,0.0,20.0,4.0,6.0,36.0,84.0,22.0,44.3,18.9,33.2,29.6
ec02b798,2015,WTS Porterfield,Warwickshire,2015,11,6,196,563,17.818,61,False,61,0,1,34.813,19,2,88,44.898,3.73,19.926,Middle order,72.727,3.0,27.273,72.727,0.0,0.0,6.518,3.678,11.229,-7.551,35.204,2.961,3.022,2.431,5.757,3.131,3.181,1.5,5.637,1,3,9.091,27.273,7.0,4.0,69.0,127.0,32.2,44.3,53.1,44.3,43.5
c5cc48bc,2022,MJJ Critchley,Essex,2022,20,13,446,901,22.3,132,False,132,1,1,49.501,53,2,224,50.224,6.104,26.241,Middle order,55.0,5.0,0.0,55.0,45.0,0.0,8.295,8.971,7.742,1.229,48.655,3.765,3.021,3.591,11.35,4.03,3.307,1.4,3.147,2,6,10.0,30.0,8.0,12.0,217.0,229.0,46.0,44.2,56.5,50.0,49.2
2223b920,2014,KHD Barker,Warwickshire,2014,20,14,444,705,29.6,102,True,102*,1,1,62.979,59,1,242,54.505,8.511,31.318,Lower order,95.0,8.0,0.0,0.0,5.0,95.0,7.063,4.956,9.53,-4.575,37.838,3.351,3.012,2.777,9.281,3.588,3.165,1.607,3.274,0,4,0.0,20.0,10.0,10.0,168.0,276.0,37.1,44.1,18.9,33.2,33.3
58043739,2019,TT Bresnan,Yorkshire,2019,8,4,143,319,17.875,58,False,58,0,1,44.828,20,1,86,60.14,6.583,19.128,All-rounder / keeper,62.5,7.0,0.0,0.0,62.5,37.5,7.668,10.356,4.84,5.515,69.231,3.491,3.003,1.768,6.018,3.77,3.222,4.627,2.355,0,2,0.0,25.0,4.0,4.0,99.0,44.0,40.4,44.1,18.9,40.4,36.0
4fd09cfc,2024,G Clark,Durham,2024,12,8,255,599,23.182,76,False,76,0,2,42.571,21,2,96,37.647,3.84,27.604,All-rounder / keeper,91.667,7.0,0.0,8.333,91.667,0.0,6.329,2.874,8.37,-5.495,16.863,2.828,3.002,2.234,5.769,3.017,3.176,0.488,4.112,0,3,0.0,25.0,5.0,7.0,43.0,212.0,30.8,44.0,18.9,40.4,33.5
59559bc2,2016,J Overton,Somerset,2016,9,6,161,274,23.0,51,False,51,0,1,58.759,15,5,90,55.901,7.299,27.953,Lower order,88.889,9.0,0.0,0.0,11.111,88.889,5.538,6.276,4.013,2.263,76.398,3.001,2.997,1.721,4.928,3.181,3.216,2.997,2.847,0,2,0.0,22.222,6.0,3.0,123.0,38.0,25.2,43.9,18.9,36.3,31.1
4fad64fd,2024,R Flintoff,Lancashire,2024,7,4,87,266,12.429,32,False,32,0,0,32.707,11,0,44,50.575,4.135,16.863,Middle order,100.0,4.0,0.0,100.0,0.0,0.0,6.008,4.719,8.065,-3.345,48.276,2.736,2.993,1.331,3.879,2.964,3.281,2.412,3.06,0,1,0.0,14.286,4.0,3.0,42.0,45.0,28.3,43.9,18.9,24.8,29.0
324a6ee1,2021,OB Cox,Worcestershire,2021,14,10,270,692,20.769,60,True,60*,0,1,39.017,39,0,156,57.778,5.636,17.458,All-rounder / keeper,92.857,7.0,0.0,0.0,92.857,7.143,6.619,5.808,7.51,-1.702,45.926,2.85,2.988,2.392,7.0,3.051,3.15,3.51,2.96,2,2,14.286,14.286,6.0,8.0,124.0,146.0,33.4,43.8,70.7,24.8,43.2
58043739,2014,TT Bresnan,Yorkshire,2014,9,9,337,745,37.444,95,False,95,0,4,45.235,44,3,194,57.567,6.309,20.487,Lower order,88.889,8.0,0.0,0.0,11.111,88.889,10.388,8.262,14.323,-6.061,51.632,4.015,2.976,3.813,10.417,4.19,3.157,2.409,6.706,0,3,0.0,33.333,6.0,3.0,174.0,163.0,64.0,43.8,18.9,56.8,45.9
71647ced,2021,AJA Wheater,Essex,2021,11,7,281,517,25.545,87,False,87,0,2,54.352,30,1,126,44.84,5.996,31.893,All-rounder / keeper,100.0,7.0,0.0,0.0,100.0,0.0,9.339,9.797,9.062,0.735,39.502,4.454,2.97,4.272,11.543,4.731,3.069,2.97,3.547,1,4,9.091,36.364,4.0,7.0,111.0,170.0,54.7,43.7,53.1,63.9,53.8
1d2f290a,2026,JA Thompson,Warwickshire,2026,11,8,250,342,25.0,57,False,57,0,1,73.099,26,8,152,60.8,9.942,31.818,Lower order,100.0,8.0,0.0,0.0,0.0,100.0,7.329,7.604,6.894,0.71,63.6,3.334,2.962,1.485,5.87,3.565,3.176,3.03,2.894,1,2,9.091,18.182,7.0,4.0,159.0,91.0,38.7,43.6,53.1,31.0,41.6
ad8cb396,2022,RP Jones,Lancashire,2022,7,5,206,399,34.333,66,False,66,0,2,51.629,25,0,100,48.544,6.266,28.342,Middle order,42.857,6.0,0.0,42.857,42.857,14.286,9.376,8.548,10.383,-1.835,50.0,3.657,2.962,3.328,7.587,3.913,3.074,4.804,0.733,0,2,0.0,28.571,3.0,4.0,103.0,103.0,55.3,43.6,18.9,47.1,41.2
ad46c747,2022,DM Bess,Yorkshire,2022,19,13,499,972,29.353,89,False,89,0,4,51.337,61,2,256,51.303,6.481,26.733,All-rounder / keeper,57.895,7.0,0.0,5.263,57.895,36.842,8.595,9.475,7.554,1.922,59.719,3.831,2.957,3.278,10.024,4.044,3.086,4.533,2.957,2,5,10.526,26.316,10.0,9.0,298.0,201.0,48.1,43.5,58.4,42.3,48.1
0ecb4de6,2026,Rehan Ahmed,Leicestershire,2026,11,7,312,473,28.364,128,False,128,1,1,65.962,47,1,194,62.179,10.148,27.765,Middle order,100.0,3.0,0.0,100.0,0.0,0.0,9.35,10.872,6.061,4.812,79.487,4.585,2.956,4.718,14.764,4.857,3.176,2.956,3.056,1,3,9.091,27.273,9.0,2.0,248.0,64.0,55.0,43.4,53.1,44.3,49.0
1f28c0f2,2014,RI Newton,Northamptonshire,2014,24,12,473,1086,21.5,114,False,114,1,0,43.554,67,1,274,57.928,6.262,19.548,Middle order,70.833,5.0,0.0,70.833,29.167,0.0,9.437,11.274,6.986,4.288,68.288,3.747,2.954,3.233,10.555,4.046,3.142,4.824,2.011,3,4,12.5,16.667,12.0,12.0,323.0,150.0,55.9,43.4,65.1,28.6,48.2
e9987a94,2018,C Overton,Somerset,2018,18,11,331,462,19.471,80,False,80,0,1,71.645,47,4,212,64.048,11.039,28.954,Lower order,88.889,8.0,0.0,0.0,11.111,88.889,6.612,7.091,6.241,0.849,46.828,3.153,2.949,2.019,6.843,3.345,3.1,2.067,3.355,0,4,0.0,22.222,9.0,9.0,155.0,176.0,33.3,43.3,18.9,36.3,33.0
58043739,2017,TT Bresnan,Yorkshire,2017,15,10,284,683,18.933,61,False,61,0,1,41.581,42,1,174,61.268,6.296,17.188,All-rounder / keeper,93.333,6.0,0.0,0.0,93.333,6.667,7.011,5.778,8.473,-2.695,44.718,3.348,2.945,3.21,9.05,3.552,3.09,1.959,3.659,0,4,0.0,26.667,10.0,5.0,127.0,157.0,36.6,43.3,18.9,43.0,35.4
a4b810d0,2018,MJ Waite,Yorkshire,2018,6,4,96,189,16.0,42,False,42,0,0,50.794,11,2,56,58.333,6.878,22.727,Lower order,66.667,8.0,0.0,0.0,33.333,66.667,6.571,5.564,7.412,-1.848,38.542,2.914,2.942,1.05,4.042,3.138,3.157,2.617,3.212,0,1,0.0,16.667,3.0,3.0,37.0,59.0,32.7,43.2,18.9,28.6,30.8
f5821615,2014,JS Patel,Warwickshire,2014,20,15,510,635,30.0,105,False,105,1,2,80.315,57,11,294,57.647,10.709,38.095,Lower order,100.0,9.0,0.0,0.0,0.0,100.0,8.014,11.512,4.689,6.823,70.0,3.625,2.936,3.381,11.973,3.84,3.095,5.325,2.328,1,4,5.0,20.0,9.0,11.0,357.0,153.0,43.4,43.1,41.0,33.2,40.2
1a2676c5,2024,SA Abbott,Surrey,2024,6,4,118,164,23.6,50,True,50*,0,1,71.951,12,3,66,55.932,9.146,34.899,Lower order,100.0,8.5,0.0,0.0,0.0,100.0,6.133,8.152,3.415,4.738,76.271,2.86,2.925,1.666,4.525,3.055,3.083,4.264,1.456,0,0,0.0,0.0,3.0,3.0,90.0,28.0,29.2,43.1,18.9,5.8,24.2
43501c0d,2014,AW Gale,Yorkshire,2014,14,11,432,738,39.273,126,True,126*,1,1,58.537,60,1,246,56.944,8.266,27.474,Middle order,100.0,4.0,0.0,100.0,0.0,0.0,9.213,11.365,5.326,6.039,79.398,4.442,2.924,5.465,15.422,4.731,3.059,2.924,1.71,2,3,14.286,21.429,9.0,5.0,343.0,89.0,53.3,43.0,70.7,35.1,50.5
b9877635,2017,TE Bailey,Lancashire,2017,11,8,216,398,21.6,58,False,58,0,1,54.271,28,2,124,57.407,7.538,25.0,Lower order,100.0,9.0,0.0,0.0,0.0,100.0,8.136,12.548,3.909,8.64,75.463,3.508,2.92,2.316,6.938,3.719,3.049,5.347,1.918,0,3,0.0,27.273,4.0,7.0,163.0,53.0,45.1,42.9,18.9,44.3,37.8
3581a798,2019,RM Yates,Warwickshire,2019,16,9,442,1150,27.625,141,False,141,1,1,38.435,59,0,236,53.394,5.13,18.882,Middle order,100.0,3.0,0.0,100.0,0.0,0.0,11.198,15.253,7.945,7.308,60.633,4.949,2.919,4.914,17.153,5.311,3.141,2.885,4.813,3,6,18.75,37.5,7.0,9.0,268.0,174.0,70.7,42.9,83.2,65.8,65.6
d86f6c69,2016,GP Smith,Nottinghamshire,2016,12,7,257,647,21.417,54,False,54,0,1,39.722,36,0,144,56.031,5.564,18.494,Opener,50.0,2.5,50.0,50.0,0.0,0.0,6.674,5.519,11.284,-5.765,66.148,3.79,2.918,1.987,6.93,4.051,3.102,2.846,6.068,2,3,16.667,25.0,9.0,3.0,170.0,87.0,33.9,42.8,78.4,40.4,48.9
1732cd55,2026,Z Malik,Warwickshire,2026,14,8,234,502,18.0,57,False,57,0,2,46.614,27,5,138,58.974,6.375,20.426,All-rounder / keeper,57.143,7.0,35.714,0.0,57.143,7.143,6.608,7.287,5.96,1.327,53.846,3.415,2.912,2.927,8.589,3.672,3.125,3.659,2.07,1,4,7.143,28.571,7.0,7.0,126.0,108.0,33.2,42.7,47.5,47.1,42.6
0d61d8f0,2019,JD Libby,Nottinghamshire,2019,10,5,189,508,18.9,77,False,77,0,1,37.205,22,0,88,46.561,4.331,20.782,Opener,70.0,2.0,70.0,20.0,10.0,0.0,10.183,9.795,10.384,-0.59,32.804,4.312,2.909,3.044,8.974,4.704,3.139,3.892,2.909,1,3,10.0,30.0,4.0,6.0,62.0,127.0,62.0,42.7,56.5,50.0,52.8
715941c3,2023,MGK Burgess,Warwickshire,2023,19,14,476,759,29.75,88,False,88,0,4,62.714,50,6,236,49.58,7.378,34.139,All-rounder / keeper,73.684,7.0,0.0,0.0,73.684,26.316,9.308,6.572,11.122,-4.55,28.151,4.304,2.907,4.371,12.093,4.552,3.019,1.248,5.374,2,6,10.526,31.579,10.0,9.0,134.0,342.0,54.4,42.6,58.4,52.8,52.0
f1ba9ed7,2017,JAR Harris,Middlesex,2017,10,6,110,299,12.222,19,False,19,0,0,36.789,12,3,66,60.0,5.017,15.493,Lower order,80.0,8.0,0.0,0.0,20.0,80.0,5.238,0.34,7.148,-6.808,1.818,2.236,2.905,1.715,4.318,2.378,3.083,0.136,3.003,0,2,0.0,20.0,3.0,7.0,2.0,108.0,23.7,42.6,18.9,33.2,29.6
7671203a,2024,M Montgomery,Nottinghamshire,2024,7,4,119,353,17.0,48,False,48,0,0,33.711,16,0,64,53.782,4.533,16.32,Middle order,71.429,5.0,0.0,71.429,28.571,0.0,7.301,2.709,13.296,-10.587,21.008,2.858,2.901,1.792,4.416,3.007,3.043,1.308,4.409,1,3,14.286,42.857,4.0,3.0,25.0,94.0,38.4,42.5,70.7,75.7,56.8
26db69e6,2025,OJ Carter,Sussex,2025,9,5,127,247,14.111,46,False,46,0,0,51.417,19,1,82,64.567,8.097,19.824,Middle order,55.556,3.0,22.222,55.556,22.222,0.0,7.763,5.921,8.475,-2.554,21.26,3.364,2.893,1.828,6.48,3.623,3.175,2.356,3.281,2,3,22.222,33.333,3.0,6.0,27.0,100.0,41.1,42.4,89.1,56.8,57.4
cd882d22,2015,WRS Gidman,Nottinghamshire,2015,11,6,185,421,16.818,57,False,57,0,1,43.943,23,0,92,49.73,5.463,23.367,Lower order,54.545,8.0,0.0,18.182,27.273,54.545,5.486,6.094,5.115,0.979,42.162,3.046,2.891,2.17,6.81,3.254,3.052,4.264,2.891,0,2,0.0,18.182,4.0,7.0,78.0,107.0,25.0,42.4,18.9,31.0,29.3
782c0568,2014,JC Hildreth,Somerset,2014,20,13,619,1236,32.579,182,False,182,1,2,50.081,75,3,318,51.373,6.311,25.993,Middle order,90.0,5.0,0.0,90.0,10.0,0.0,9.807,11.58,7.844,3.736,62.036,4.802,2.89,5.102,16.946,5.082,3.022,3.525,2.673,2,5,10.0,25.0,10.0,10.0,384.0,235.0,59.0,42.3,56.5,40.4,49.6
eba6a852,2018,SCJ Broad,Nottinghamshire,2018,8,5,123,184,15.375,38,False,38,0,0,66.848,13,2,64,52.033,8.152,34.911,Lower order,100.0,8.0,0.0,0.0,0.0,100.0,5.668,4.545,12.667,-8.121,69.106,3.132,2.884,2.442,6.798,3.424,3.063,2.262,6.798,0,2,0.0,25.0,7.0,1.0,85.0,38.0,25.9,42.2,18.9,40.4,31.8
9bab2b81,2015,Ashar Zaidi,Sussex,2015,10,7,354,541,39.333,106,False,106,1,1,65.434,55,2,232,65.537,10.536,25.207,Lower order,60.0,8.0,0.0,0.0,40.0,60.0,10.523,10.92,10.345,0.575,32.203,4.891,2.883,3.92,10.744,5.105,2.98,6.323,2.883,1,3,10.0,30.0,3.0,7.0,114.0,240.0,64.8,42.2,56.5,50.0,53.4
4167f30b,2023,IG Holland,Hampshire,2023,14,9,313,791,28.455,138,True,138*,1,0,39.57,33,2,144,46.006,4.425,22.354,All-rounder / keeper,35.714,7.0,28.571,0.0,35.714,35.714,9.091,4.023,13.319,-9.296,20.128,4.215,2.882,4.508,15.265,4.533,2.999,1.383,5.298,1,3,7.143,21.429,8.0,6.0,63.0,250.0,52.4,42.1,47.5,35.1,44.3
4ae1755b,2019,HC Brook,Yorkshire,2019,16,9,353,530,22.062,101,False,101,1,0,66.604,50,0,200,56.657,9.434,31.875,Opener,43.75,5.0,43.75,37.5,18.75,0.0,7.952,10.055,6.245,3.81,56.657,3.918,2.87,3.007,10.445,4.193,3.106,3.468,2.452,2,5,12.5,31.25,7.0,9.0,200.0,153.0,43.0,42.1,65.1,52.1,50.6
7bdb73e9,2018,AG Milton,Worcestershire,2018,13,7,250,542,22.727,104,True,104*,1,0,46.125,36,1,150,60.0,6.827,19.802,Middle order,69.231,5.0,0.0,69.231,23.077,7.692,7.571,8.687,6.039,2.648,66.4,3.451,2.868,2.783,8.91,3.72,3.054,2.402,3.887,1,4,7.692,30.769,8.0,5.0,166.0,84.0,40.1,42.0,48.8,51.5,45.6
15de1f5d,2023,WA Agar,Kent,2023,8,5,112,182,16.0,51,False,51,0,1,61.538,15,2,72,64.286,9.341,24.242,Lower order,87.5,9.5,0.0,12.5,0.0,87.5,5.349,6.892,4.505,2.387,45.536,2.297,2.862,1.734,3.95,2.505,3.152,1.975,2.862,0,3,0.0,37.5,3.0,5.0,51.0,61.0,24.2,41.9,18.9,65.8,37.7
254db476,2015,APR Gidman,Worcestershire,2015,15,10,368,764,28.308,78,False,78,0,3,48.168,48,0,192,52.174,6.283,24.581,Middle order,86.667,5.0,0.0,86.667,13.333,0.0,9.307,14.31,5.403,8.907,67.391,3.884,2.859,3.459,10.512,4.121,3.044,7.537,1.977,2,3,13.333,20.0,7.0,8.0,248.0,120.0,54.4,41.9,68.0,33.2,49.4
6755cd5c,2026,CB Cooke,Glamorgan,2026,19,12,372,835,20.667,101,False,101,1,0,44.551,40,3,178,47.849,5.15,24.495,All-rounder / keeper,84.211,7.0,0.0,0.0,84.211,15.789,8.038,10.948,5.995,4.953,56.183,3.312,2.856,2.402,9.124,3.583,3.076,2.856,2.886,0,6,0.0,31.579,8.0,11.0,209.0,163.0,43.9,41.8,18.9,52.8,39.3
9a089b15,2025,GS Drissell,Durham,2025,9,7,214,435,26.75,69,False,69,0,1,49.195,25,3,118,55.14,6.437,23.587,Lower order,88.889,8.0,0.0,0.0,11.111,88.889,7.129,5.146,8.105,-2.959,23.832,3.138,2.848,2.536,6.622,3.366,3.05,1.82,3.521,1,3,11.111,33.333,2.0,7.0,51.0,163.0,37.5,41.7,60.5,56.8,49.1
6f049d41,2015,CD Nash,Sussex,2015,26,15,833,1404,33.32,142,True,142*,2,3,59.33,116,7,506,60.744,8.761,25.527,Middle order,65.385,4.0,30.769,65.385,3.846,0.0,11.02,7.683,13.473,-5.79,29.532,5.206,2.847,4.122,15.0,5.532,3.074,2.497,5.594,1,9,3.846,34.615,12.0,14.0,246.0,587.0,69.2,41.7,37.9,59.7,52.1
e94bc520,2024,OJ Pope,Surrey,2024,10,6,206,390,22.889,63,False,63,0,1,52.821,19,1,82,39.806,5.128,33.514,Middle order,100.0,3.0,0.0,100.0,0.0,0.0,7.048,7.418,6.098,1.32,75.728,3.422,2.846,2.05,6.406,3.632,3.0,3.506,2.637,0,5,0.0,50.0,7.0,3.0,156.0,50.0,36.8,41.6,18.9,87.1,46.1
03521fd3,2025,HM Nicholls,Worcestershire,2025,11,6,176,429,16.0,42,False,42,0,0,41.026,18,0,72,40.909,4.196,25.304,Middle order,90.909,3.0,9.091,90.909,0.0,0.0,6.748,7.66,5.631,2.029,62.5,4.35,2.845,5.264,13.758,4.675,3.038,2.845,3.195,3,5,27.273,45.455,8.0,3.0,110.0,66.0,34.2,41.6,94.5,80.9,62.8
96824e68,2023,CP Tremain,Northamptonshire,2023,6,3,56,115,9.333,16,False,16,0,0,48.696,8,0,32,57.143,6.957,22.43,Lower order,83.333,9.0,0.0,16.667,0.0,83.333,5.726,8.868,2.009,6.859,83.929,2.674,2.839,1.594,4.179,2.787,2.965,3.509,1.003,0,2,0.0,33.333,4.0,2.0,47.0,9.0,26.6,41.5,18.9,56.8,36.0
2344bdd1,2023,SR Dickson,Somerset,2023,20,11,410,804,22.778,82,True,82*,0,3,50.995,56,2,236,57.561,7.214,23.324,Opener,100.0,2.0,100.0,0.0,0.0,0.0,8.12,3.751,15.344,-11.593,28.78,4.13,2.827,3.162,9.363,4.372,2.974,1.874,6.92,3,6,15.0,30.0,10.0,10.0,118.0,292.0,44.8,41.4,72.9,50.0,52.3
a15aaa7f,2019,TR Ambrose,Warwickshire,2019,18,10,383,887,21.278,107,False,107,1,0,43.179,51,0,204,53.264,5.75,21.411,All-rounder / keeper,88.889,7.0,0.0,0.0,88.889,11.111,8.375,9.442,7.215,2.227,58.747,3.609,2.823,3.247,12.041,3.883,3.057,2.375,3.365,2,5,11.111,27.778,9.0,9.0,225.0,158.0,46.7,41.4,60.5,45.4,48.5
1b6fef02,2014,P Mustard,Durham,2014,17,10,395,874,24.688,91,False,91,0,3,45.195,51,0,204,51.646,5.835,23.208,Middle order,35.294,7.0,5.882,35.294,29.412,29.412,7.643,6.393,8.658,-2.264,37.468,3.584,2.819,2.702,8.053,3.832,2.965,2.308,3.331,1,3,5.882,17.647,8.0,9.0,148.0,247.0,40.4,41.3,44.1,30.4,39.0
76dc16d4,2023,JLB Davies,Middlesex,2023,10,5,149,408,18.625,65,True,65*,0,1,36.52,22,1,94,63.087,5.637,14.286,Middle order,100.0,4.0,0.0,100.0,0.0,0.0,8.019,4.308,11.373,-7.065,25.503,4.047,2.819,3.451,8.996,4.257,2.991,2.242,6.122,1,2,10.0,20.0,4.0,6.0,38.0,111.0,43.6,41.2,56.5,33.2,43.6
4b685e2d,2018,DW Lawrence,Essex,2018,19,11,441,949,24.5,124,False,124,1,1,46.47,56,2,236,53.515,6.112,23.008,Middle order,100.0,4.0,0.0,100.0,0.0,0.0,9.767,11.073,8.341,2.732,59.184,4.821,2.818,5.242,15.159,5.165,3.095,2.626,2.818,3,7,15.789,36.842,10.0,9.0,261.0,180.0,58.7,41.2,75.0,64.7,59.9
e2caec46,2023,GA Bartlett,Somerset,2023,13,8,395,768,30.385,134,False,134,2,1,51.432,53,2,224,56.709,7.161,23.983,Middle order,100.0,4.0,0.0,100.0,0.0,0.0,9.907,9.229,10.615,-1.386,47.595,5.643,2.817,6.326,15.393,5.911,2.937,2.432,4.28,2,3,15.385,23.077,7.0,6.0,188.0,207.0,59.8,41.1,73.9,37.5,53.1
0f3ee070,2026,OE Robinson,Sussex,2026,9,6,313,483,62.6,100,True,100*,1,0,64.803,41,2,176,56.23,8.903,31.136,Lower order,100.0,10.0,0.0,0.0,0.0,100.0,10.185,9.148,10.455,-1.307,18.53,4.239,2.812,3.859,11.164,4.503,2.985,2.682,4.006,1,4,11.111,44.444,2.0,7.0,58.0,255.0,62.0,41.1,60.5,79.1,60.7
e798611a,2022,HM Amla,Surrey,2022,21,14,718,1442,39.889,133,False,133,2,3,49.792,76,3,322,44.847,5.479,29.054,Middle order,95.238,3.0,0.0,95.238,4.762,0.0,9.778,10.893,8.779,2.115,52.646,4.491,2.787,3.57,11.426,4.819,3.001,2.917,2.433,2,8,9.524,38.095,10.0,11.0,378.0,340.0,58.8,41.0,54.8,67.0,55.4
ed12fcd7,2026,BWM Mike,Leicestershire,2026,6,3,65,132,10.833,28,False,28,0,0,49.242,6,0,24,36.923,4.545,32.54,Lower order,100.0,8.0,0.0,0.0,0.0,100.0,5.893,6.056,5.598,0.458,66.154,2.68,2.785,1.509,4.134,2.9,2.949,2.628,2.785,0,1,0.0,16.667,4.0,2.0,43.0,22.0,27.4,40.9,18.9,28.6,28.9
1b77f62b,2025,MD Stoneman,Hampshire,2025,12,7,259,675,21.583,57,False,57,0,1,38.37,30,3,138,53.282,4.889,18.847,Opener,100.0,1.0,100.0,0.0,0.0,0.0,9.069,9.658,8.396,1.263,56.757,4.15,2.783,1.973,7.188,4.418,2.969,3.987,2.783,0,2,0.0,16.667,6.0,6.0,147.0,112.0,52.0,40.9,18.9,28.6,35.1
e84ac20c,2023,MJ Henry,Somerset,2023,9,6,149,136,21.286,50,True,50*,0,1,109.559,20,5,110,73.826,18.382,35.135,Lower order,100.0,10.0,0.0,0.0,0.0,100.0,5.676,4.567,6.443,-1.877,32.886,2.724,2.779,1.921,5.031,2.872,2.937,2.779,2.736,0,1,0.0,11.111,4.0,5.0,49.0,100.0,26.0,40.8,18.9,19.6,26.3
fd770945,2023,BT Foakes,Surrey,2023,19,13,716,1403,39.778,125,False,125,3,1,51.033,88,3,370,51.676,6.486,26.372,Middle order,89.474,5.0,0.0,89.474,10.526,0.0,12.659,12.388,12.868,-0.48,42.598,5.792,2.77,5.256,17.986,6.182,2.926,4.314,2.652,2,7,10.526,36.842,8.0,11.0,305.0,411.0,80.1,40.7,58.4,64.7,61.0
c672e80e,2024,J Clark,Surrey,2024,17,12,467,665,33.357,106,True,106*,1,2,70.226,51,10,264,56.531,9.173,33.609,Lower order,70.588,8.0,0.0,0.0,29.412,70.588,8.073,10.76,4.529,6.231,75.803,4.22,2.767,5.047,14.993,4.492,3.006,3.03,1.333,1,4,5.882,23.529,9.0,8.0,354.0,113.0,44.2,40.7,44.1,38.2,41.8
58043739,2015,TT Bresnan,Yorkshire,2015,19,14,637,1217,42.467,169,True,169*,1,3,52.342,95,1,386,60.597,7.888,22.391,Lower order,52.632,8.0,0.0,0.0,47.368,52.632,10.375,8.396,12.69,-4.294,43.642,4.6,2.762,4.162,15.839,4.881,2.891,2.712,4.32,1,8,5.263,42.105,10.0,9.0,278.0,359.0,63.5,40.6,41.8,74.3,55.0
1917d713,2024,Hamza Shaikh,Warwickshire,2024,6,3,81,252,16.2,33,True,33*,0,0,32.143,10,0,40,49.383,3.968,16.942,Middle order,100.0,5.0,0.0,100.0,0.0,0.0,6.87,4.631,11.579,-6.948,45.679,3.683,2.757,2.397,6.405,3.844,2.909,2.322,6.405,0,1,0.0,16.667,4.0,2.0,37.0,44.0,35.3,40.6,18.9,28.6,30.8
06c2de82,2026,L Gregory,Somerset,2026,13,9,275,404,25.0,45,False,45,0,0,68.069,38,4,176,64.0,10.396,27.348,Lower order,100.0,8.0,0.0,0.0,0.0,100.0,6.538,5.121,7.699,-2.578,35.273,3.124,2.752,2.155,8.0,3.374,2.957,2.723,2.752,0,1,0.0,7.692,5.0,8.0,97.0,178.0,32.4,40.5,18.9,14.9,26.7
3812d56b,2014,MH Yardy,Sussex,2014,13,8,361,719,27.769,139,False,139,1,1,50.209,36,0,144,39.889,5.007,31.772,Middle order,61.538,3.0,7.692,61.538,30.769,0.0,8.454,3.381,11.765,-8.384,15.789,5.407,2.75,8.362,25.414,5.797,2.918,1.829,5.184,2,4,15.385,30.769,5.0,8.0,57.0,304.0,47.4,40.4,73.9,51.5,53.3
3c55c703,2023,JG Bethell,Warwickshire,2023,6,4,138,238,23.0,37,False,37,0,0,57.983,24,2,108,78.261,10.924,14.151,Middle order,50.0,5.5,0.0,50.0,33.333,16.667,7.788,5.137,8.311,-3.174,10.87,3.618,2.749,2.111,6.753,3.775,2.864,2.551,2.947,0,1,0.0,16.667,2.0,4.0,15.0,123.0,41.4,40.4,18.9,28.6,32.3
e91de70e,2017,OP Rayner,Middlesex,2017,15,10,274,453,21.077,52,True,52*,0,1,60.486,42,0,168,61.314,9.272,25.791,Lower order,100.0,9.0,0.0,0.0,0.0,100.0,6.452,5.82,6.918,-1.097,38.321,3.51,2.744,3.181,9.177,3.736,2.987,2.473,4.011,0,3,0.0,20.0,6.0,9.0,105.0,169.0,31.8,40.2,18.9,33.2,31.0
f3abd0c9,2023,DR Briggs,Warwickshire,2023,10,8,238,400,29.75,99,False,99,0,1,59.5,36,0,144,60.504,9.0,25.824,Lower order,80.0,8.0,0.0,0.0,20.0,80.0,9.161,7.478,10.219,-2.742,31.513,4.165,2.744,4.189,13.289,4.43,2.933,2.554,3.113,0,3,0.0,30.0,5.0,5.0,75.0,163.0,52.9,40.3,18.9,50.0,40.5
e9987a94,2025,C Overton,Somerset,2025,13,10,312,505,34.667,60,False,60,0,3,61.782,36,3,162,51.923,7.723,32.189,Lower order,100.0,9.0,0.0,0.0,0.0,100.0,7.911,9.836,6.137,3.699,59.615,3.191,2.741,2.39,6.952,3.392,2.885,2.872,2.623,0,3,0.0,23.077,6.0,7.0,186.0,126.0,42.4,40.2,18.9,37.5,34.8
0207ff32,2023,TJ Prest,Hampshire,2023,9,5,173,273,21.625,108,False,108,1,0,63.37,22,2,100,57.803,8.791,29.317,Middle order,88.889,5.0,0.0,88.889,11.111,0.0,7.096,4.059,10.896,-6.837,31.792,3.233,2.74,3.658,9.409,3.382,2.894,2.74,5.065,1,1,11.111,11.111,6.0,3.0,55.0,118.0,37.4,40.1,60.5,19.6,39.4
f8a63b6f,2025,NRM Thain,Essex,2025,19,13,394,1031,24.625,54,False,54,0,3,38.215,49,0,196,49.746,4.753,20.163,All-rounder / keeper,63.158,7.0,5.263,0.0,63.158,31.579,7.051,6.207,7.717,-1.51,38.832,3.284,2.739,2.092,6.328,3.487,2.936,2.319,4.385,2,6,10.526,31.579,8.0,11.0,153.0,241.0,37.0,40.1,58.4,52.8,47.1
29ede60b,2023,AL Davies,Warwickshire,2023,17,12,437,706,25.706,118,False,118,1,2,61.898,68,2,284,64.989,9.915,24.057,Opener,88.235,2.0,88.235,11.765,0.0,0.0,9.304,5.475,11.821,-6.346,23.341,4.317,2.735,3.97,13.785,4.552,2.898,1.844,5.461,0,3,0.0,17.647,9.0,8.0,102.0,335.0,54.3,40.0,18.9,30.4,35.9
f5821615,2019,JS Patel,Warwickshire,2019,19,11,282,502,17.625,51,True,51*,0,1,56.175,37,4,172,60.993,8.167,23.861,Lower order,100.0,9.0,0.0,0.0,0.0,100.0,5.54,6.276,4.566,1.71,64.539,2.528,2.732,1.282,5.105,2.729,3.01,2.825,2.502,0,3,0.0,15.789,10.0,9.0,182.0,100.0,25.3,39.9,18.9,26.9,27.8
22b98d7c,2023,TW Hartley,Lancashire,2023,13,10,371,484,37.1,73,True,73*,0,2,76.653,49,8,244,65.768,11.777,29.742,Lower order,100.0,8.0,0.0,0.0,0.0,100.0,7.804,5.263,9.965,-4.702,30.997,3.76,2.729,3.399,11.713,4.052,2.907,2.184,2.74,0,4,0.0,30.769,6.0,7.0,115.0,256.0,41.6,39.9,18.9,51.5,38.0
22176fe7,2016,MJ Richardson,Durham,2016,23,14,411,920,18.682,68,False,68,0,2,44.674,53,0,212,51.582,5.761,22.953,Middle order,56.522,5.0,0.0,56.522,39.13,4.348,6.201,5.46,6.967,-1.508,44.769,3.057,2.728,1.938,7.024,3.242,2.959,2.5,2.884,1,5,4.348,21.739,11.0,12.0,184.0,227.0,29.8,39.8,38.9,35.5,36.0
e3bc992b,2022,WAR Fraine,Yorkshire,2022,13,7,203,567,16.917,53,False,53,0,1,35.802,28,1,118,58.128,5.115,15.799,Middle order,100.0,5.0,0.0,100.0,0.0,0.0,6.047,6.776,4.963,1.813,66.995,3.111,2.718,2.041,7.3,3.275,2.852,3.387,2.3,0,2,0.0,15.385,7.0,6.0,136.0,67.0,28.5,39.7,18.9,26.4,28.4
9e1b7792,2018,EJ Byrom,Somerset,2018,15,8,309,806,20.6,54,False,54,0,2,38.337,45,0,180,58.252,5.583,16.951,Opener,100.0,2.0,100.0,0.0,0.0,0.0,6.842,5.068,8.428,-3.36,34.951,3.558,2.718,3.143,8.363,3.74,2.88,1.833,4.898,3,4,20.0,26.667,7.0,8.0,108.0,201.0,35.1,39.7,85.2,43.0,50.8
a73321d3,2014,A Shahzad,Nottinghamshire,2014,11,7,201,359,33.5,68,True,68*,0,1,55.989,22,3,106,52.736,6.964,28.443,Lower order,72.727,8.0,9.091,18.182,0.0,72.727,5.835,5.449,6.085,-0.636,36.816,2.796,2.715,1.825,5.681,3.002,2.839,2.715,2.397,0,4,0.0,36.364,4.0,7.0,74.0,127.0,27.1,39.6,18.9,63.9,37.4
7a5f232a,2015,JA Burns,Middlesex,2015,11,7,320,620,29.091,87,False,87,0,3,51.613,33,2,144,45.0,5.645,30.085,Opener,63.636,2.0,63.636,36.364,0.0,0.0,10.649,13.84,5.692,8.148,79.062,4.666,2.712,4.446,13.151,5.005,2.878,5.356,2.712,1,4,9.091,36.364,7.0,4.0,253.0,67.0,66.0,39.5,53.1,63.9,55.6
abb83e27,2026,JM Bairstow,Yorkshire,2026,16,10,413,597,25.812,120,False,120,1,2,69.179,53,6,248,60.048,9.883,30.669,All-rounder / keeper,75.0,6.0,0.0,18.75,75.0,6.25,9.438,11.078,7.509,3.57,63.438,4.274,2.712,4.531,14.201,4.635,2.979,0.742,2.98,0,6,0.0,37.5,6.0,10.0,262.0,151.0,55.9,39.5,18.9,65.8,45.0
443b47a6,2022,HG Duke,Yorkshire,2022,12,8,239,731,21.727,48,False,48,0,0,32.695,30,0,120,50.209,4.104,16.976,All-rounder / keeper,91.667,6.0,0.0,0.0,91.667,8.333,6.083,5.575,6.595,-1.02,46.025,2.705,2.711,1.849,5.079,2.866,2.856,2.518,2.711,0,1,0.0,8.333,6.0,6.0,110.0,129.0,28.8,39.4,18.9,15.5,25.6
dda5aae5,2024,JK Fuller,Hampshire,2024,19,13,383,515,29.462,77,True,77*,0,1,74.369,42,6,204,53.264,9.32,38.33,Lower order,63.158,8.0,5.263,5.263,26.316,63.158,6.201,4.892,8.053,-3.161,46.214,3.243,2.708,2.53,10.101,3.441,2.845,2.621,3.527,1,4,5.263,21.053,9.0,10.0,177.0,206.0,29.8,39.4,41.8,34.6,36.4
2e6a4807,2019,L Banks,Warwickshire,2019,12,7,179,454,14.917,50,False,50,0,1,39.427,24,1,102,56.983,5.507,17.949,All-rounder / keeper,50.0,5.5,16.667,33.333,50.0,0.0,5.902,3.597,13.61,-10.013,46.927,2.925,2.705,2.204,6.203,3.171,2.875,1.777,5.756,1,3,8.333,25.0,8.0,4.0,84.0,95.0,27.5,39.3,50.4,40.4,39.4
b3544c5d,2016,BA Hutton,Nottinghamshire,2016,19,12,337,817,21.062,74,False,74,0,2,41.248,41,0,164,48.665,5.018,22.294,Lower order,100.0,8.0,0.0,0.0,0.0,100.0,6.841,8.029,4.887,3.142,72.997,2.918,2.695,1.988,5.827,3.091,2.845,4.363,1.986,0,3,0.0,15.789,9.0,10.0,246.0,91.0,35.0,39.2,18.9,26.9,30.0
71440756,2016,P Coughlin,Durham,2016,10,6,198,394,19.8,39,False,39,0,0,50.254,29,0,116,58.586,7.36,22.466,Lower order,70.0,8.0,0.0,0.0,30.0,70.0,7.686,4.853,10.387,-5.534,30.808,3.558,2.693,2.197,7.661,3.722,2.906,2.156,4.354,0,3,0.0,30.0,4.0,6.0,61.0,137.0,40.6,39.2,18.9,50.0,37.2
31f671b7,2016,IJ Westwood,Warwickshire,2016,16,10,367,883,24.467,127,False,127,1,1,41.563,51,0,204,55.586,5.776,19.591,Opener,100.0,2.0,100.0,0.0,0.0,0.0,9.415,11.025,8.027,2.998,54.223,4.693,2.683,5.853,16.22,4.998,2.847,4.253,0.268,5,7,31.25,43.75,9.0,7.0,199.0,168.0,55.6,39.1,96.4,77.8,67.2
6c6aca89,2015,TS Roland-Jones,Middlesex,2015,19,13,416,602,27.733,103,True,103*,1,1,69.103,60,3,258,62.019,10.465,29.314,Lower order,100.0,10.0,0.0,0.0,0.0,100.0,8.21,9.11,7.384,1.726,53.125,3.382,2.681,2.619,9.263,3.613,2.848,3.018,2.681,0,5,0.0,26.316,8.0,11.0,221.0,195.0,45.3,39.0,18.9,42.3,36.4
a05d0552,2022,JJ Weatherley,Hampshire,2022,13,8,396,729,30.462,168,False,168,1,2,54.321,51,3,222,56.061,7.407,25.778,Middle order,53.846,3.0,46.154,53.846,0.0,0.0,10.552,13.465,7.937,5.527,60.354,6.049,2.676,7.453,22.611,6.352,2.802,4.419,2.676,2,4,15.385,30.769,6.0,7.0,239.0,157.0,65.3,39.0,73.9,51.5,57.4
e9987a94,2023,C Overton,Somerset,2023,14,9,249,363,22.636,70,True,70*,0,1,68.595,30,8,168,67.47,10.468,24.923,Lower order,100.0,8.0,0.0,0.0,0.0,100.0,6.547,7.337,5.717,1.62,57.43,3.115,2.658,2.846,9.458,3.309,2.895,3.082,2.622,1,3,7.143,21.429,7.0,7.0,143.0,106.0,32.5,38.9,47.5,35.1,38.5
a9da7784,2018,KJ Abbott,Hampshire,2018,20,13,405,847,25.312,60,True,60*,0,2,47.816,58,2,244,60.247,7.084,20.457,Lower order,90.0,9.0,0.0,5.0,5.0,90.0,8.071,9.951,6.26,3.691,60.494,3.49,2.655,2.546,8.133,3.722,2.808,4.582,1.82,1,5,5.0,25.0,9.0,11.0,245.0,160.0,44.1,38.9,41.0,40.4,41.1
ad46c747,2018,DM Bess,Somerset,2018,11,7,226,408,22.6,92,False,92,0,1,55.392,37,0,148,65.487,9.069,21.024,Lower order,90.909,8.0,0.0,9.091,0.0,90.909,7.777,8.487,5.897,2.59,79.204,3.163,2.654,2.184,7.87,3.309,2.793,2.654,2.071,1,2,9.091,18.182,8.0,3.0,179.0,47.0,41.2,38.8,53.1,31.0,41.0
e91de70e,2015,OP Rayner,Middlesex,2015,23,14,360,788,17.143,52,False,52,0,1,45.685,53,0,212,58.889,6.726,20.136,Lower order,100.0,8.0,0.0,0.0,0.0,100.0,6.077,6.301,5.877,0.425,48.889,3.017,2.652,2.362,7.098,3.231,2.838,3.169,2.26,0,4,0.0,17.391,10.0,13.0,176.0,184.0,28.8,38.7,18.9,30.1,29.1
819ae1ad,2026,FS Organ,Hampshire,2026,11,6,206,518,20.6,55,False,55,0,1,39.768,20,0,80,38.835,3.861,25.301,Lower order,54.545,8.0,18.182,0.0,27.273,54.545,8.26,9.675,6.661,3.014,62.136,4.636,2.644,4.791,12.154,5.029,2.885,4.29,0.991,1,4,9.091,36.364,6.0,5.0,128.0,78.0,45.6,38.7,53.1,63.9,50.3
012829ff,2015,JW Hastings,Durham,2015,23,13,449,587,19.522,91,False,91,0,3,76.491,58,9,286,63.697,11.414,31.346,Lower order,95.652,9.0,0.0,4.348,0.0,95.652,7.747,8.479,7.064,1.415,52.784,3.317,2.644,3.674,12.077,3.527,2.778,1.771,2.742,2,4,8.696,17.391,12.0,11.0,237.0,212.0,40.9,38.6,51.6,30.1,40.3
59559bc2,2022,J Overton,Surrey,2022,15,10,355,448,29.583,93,False,93,0,2,79.241,36,13,222,62.535,10.938,33.333,Lower order,80.0,8.0,0.0,13.333,6.667,80.0,7.218,6.483,8.007,-1.523,46.479,3.441,2.637,2.794,9.163,3.65,2.839,2.637,3.194,0,3,0.0,20.0,8.0,7.0,165.0,190.0,38.1,38.5,18.9,33.2,32.2
9bab2b81,2014,Ashar Zaidi,Sussex,2014,11,9,266,470,24.182,88,False,88,0,2,56.596,34,2,148,55.639,7.66,27.189,Lower order,54.545,8.0,0.0,0.0,45.455,54.545,7.151,5.452,9.331,-3.879,42.857,2.801,2.637,2.748,8.899,2.984,2.767,3.001,2.147,1,2,9.091,18.182,6.0,5.0,114.0,152.0,37.7,38.5,53.1,31.0,40.1
f5821615,2015,JS Patel,Warwickshire,2015,23,15,543,765,25.857,98,False,98,0,2,70.98,66,15,354,65.193,10.588,27.632,Lower order,100.0,9.0,0.0,0.0,0.0,100.0,9.117,7.064,10.55,-3.486,31.86,3.805,2.632,2.799,11.585,4.097,2.818,2.536,3.371,1,9,4.348,39.13,9.0,14.0,173.0,370.0,52.7,38.4,38.9,69.5,49.9
4167f30b,2018,IG Holland,Hampshire,2018,9,6,130,371,16.25,31,False,31,0,0,35.04,16,0,64,49.231,4.313,18.592,All-rounder / keeper,66.667,7.0,0.0,22.222,66.667,11.111,5.947,5.584,6.082,-0.498,25.385,2.459,2.629,1.419,4.55,2.656,2.777,1.693,2.694,0,2,0.0,22.222,2.0,7.0,33.0,97.0,27.8,38.4,18.9,36.3,30.4
a15aaa7f,2017,TR Ambrose,Warwickshire,2017,23,12,450,1020,20.455,104,False,104,1,1,44.118,58,0,232,51.556,5.686,22.661,All-rounder / keeper,95.652,6.0,0.0,4.348,95.652,0.0,8.254,7.667,8.83,-1.163,46.0,3.678,2.627,3.28,10.275,3.94,2.788,2.582,3.563,1,5,4.348,21.739,11.0,12.0,207.0,243.0,45.4,38.3,38.9,35.5,39.5
e91de70e,2019,OP Rayner,Kent,2019,10,7,152,219,16.889,40,True,40*,0,0,69.406,23,0,92,60.526,10.502,30.612,Lower order,100.0,8.5,0.0,0.0,0.0,100.0,5.02,7.341,4.293,3.048,34.868,4.098,2.627,5.898,17.181,4.463,2.863,2.627,2.432,2,3,20.0,30.0,4.0,6.0,53.0,99.0,22.8,38.2,85.2,50.0,49.0
9789e56e,2014,LM Reece,Lancashire,2014,9,5,136,401,17.0,45,False,45,0,0,33.915,15,0,60,44.118,3.741,19.689,Opener,100.0,2.0,100.0,0.0,0.0,0.0,7.857,8.901,6.572,2.328,62.5,3.616,2.624,1.543,5.357,3.878,2.836,2.624,3.885,0,3,0.0,33.333,5.0,4.0,85.0,51.0,41.9,38.2,18.9,56.8,39.0
a05d0552,2023,JJ Weatherley,Hampshire,2023,7,5,121,260,17.286,58,False,58,0,1,46.538,17,0,68,56.198,6.538,21.811,Opener,85.714,1.0,85.714,14.286,0.0,0.0,5.458,4.453,6.01,-1.557,28.926,3.193,2.624,2.934,7.978,3.462,2.83,2.635,2.624,0,1,0.0,14.286,2.0,5.0,35.0,86.0,24.8,38.1,18.9,24.8,26.6
1db6e336,2024,BS McKinney,Durham,2024,7,5,190,261,27.143,121,False,121,1,0,72.797,29,1,122,64.211,11.494,29.437,Opener,85.714,2.0,85.714,14.286,0.0,0.0,8.034,10.383,4.218,6.165,80.0,3.879,2.617,4.421,11.579,4.116,2.922,3.226,1.925,0,1,0.0,14.286,3.0,4.0,152.0,38.0,43.7,38.0,18.9,24.8,31.4
025c4400,2026,MJ Suthar,Warwickshire,2026,6,5,132,211,22.0,37,False,37,0,0,62.559,17,4,92,69.697,9.953,21.053,Lower order,100.0,9.0,0.0,0.0,0.0,100.0,6.925,,6.925,,0.0,2.746,2.614,1.632,5.339,2.968,2.806,,2.614,0,1,0.0,16.667,,6.0,,132.0,35.8,38.0,18.9,28.6,30.3
1e0d4dcb,2025,FJ Bean,Yorkshire,2025,22,13,555,1373,26.429,224,False,224,1,1,40.422,79,3,334,60.18,5.972,17.119,Opener,100.0,2.0,100.0,0.0,0.0,0.0,8.619,5.346,12.25,-6.905,32.613,4.216,2.61,4.87,19.563,4.473,2.832,2.681,2.61,2,6,9.091,27.273,10.0,12.0,181.0,374.0,48.3,37.9,53.1,44.3,45.9
ac3c3cab,2026,TAR Scriven,Leicestershire,2026,12,7,259,524,21.583,54,False,54,0,2,49.427,36,0,144,55.598,6.87,23.566,Lower order,91.667,9.0,0.0,8.333,0.0,91.667,6.992,6.561,7.55,-0.988,52.896,3.619,2.606,2.419,7.494,3.875,2.812,2.357,5.085,0,3,0.0,25.0,8.0,4.0,137.0,122.0,36.4,37.9,18.9,40.4,33.4
18fac429,2019,SR Patel,Nottinghamshire,2019,16,9,258,654,17.2,52,False,52,0,1,39.45,30,0,120,46.512,4.587,22.115,All-rounder / keeper,62.5,6.0,0.0,37.5,62.5,0.0,7.851,9.541,5.287,4.253,73.256,3.832,2.605,3.379,9.412,4.169,2.762,6.448,0.633,0,4,0.0,25.0,9.0,7.0,189.0,69.0,41.8,37.8,18.9,40.4,34.7
1066a976,2021,AL Hughes,Derbyshire,2021,7,4,78,253,13.0,25,False,25,0,0,30.83,8,1,38,48.718,3.557,16.393,Lower order,57.143,8.0,0.0,14.286,28.571,57.143,6.042,3.226,7.799,-4.573,20.513,2.617,2.605,1.379,3.907,2.795,2.798,1.426,3.808,0,2,0.0,28.571,3.0,4.0,16.0,62.0,28.4,37.7,18.9,47.1,33.0
3dcd1e8d,2022,ME Milnes,Kent,2022,17,10,268,607,19.143,67,False,67,0,1,44.152,40,3,178,66.418,7.084,15.957,Lower order,88.235,9.0,0.0,5.882,5.882,88.235,5.358,4.9,5.967,-1.067,52.239,2.388,2.601,1.507,5.761,2.551,2.831,2.686,2.365,0,2,0.0,11.765,11.0,6.0,140.0,128.0,24.3,37.6,18.9,20.9,25.4
5ac8f17b,2016,GJ Batty,Surrey,2016,25,16,478,864,22.762,110,True,110*,1,0,55.324,61,5,274,57.322,7.639,25.564,Lower order,100.0,9.0,0.0,0.0,0.0,100.0,6.284,5.937,6.569,-0.632,42.678,2.792,2.601,2.167,8.723,2.961,2.788,2.317,2.666,0,5,0.0,20.0,11.0,14.0,204.0,274.0,30.3,37.7,18.9,33.2,30.0
4167f30b,2019,IG Holland,Hampshire,2019,10,6,239,535,26.556,69,False,69,0,2,44.673,24,1,102,42.678,4.673,26.863,Opener,50.0,4.0,50.0,0.0,30.0,20.0,9.61,10.228,6.977,3.252,86.192,3.487,2.598,3.84,9.78,3.77,2.796,3.75,1.821,1,3,10.0,30.0,7.0,3.0,206.0,33.0,57.3,37.5,56.5,50.0,50.3
6c6aca89,2017,TS Roland-Jones,Middlesex,2017,14,9,252,436,21.0,53,False,53,0,1,57.798,34,5,166,65.873,8.945,21.662,Lower order,100.0,8.0,0.0,0.0,0.0,100.0,6.108,6.455,5.745,0.709,53.968,3.105,2.597,2.803,8.447,3.298,2.671,2.597,2.665,1,2,7.143,14.286,6.0,8.0,136.0,116.0,29.0,37.5,47.5,24.8,34.7
f655d740,2023,CG Harrison,Nottinghamshire,2023,11,7,208,467,23.111,39,False,39,0,0,44.54,32,1,134,64.423,7.066,17.051,Lower order,100.0,8.0,0.0,0.0,0.0,100.0,6.098,6.711,4.644,2.067,77.404,2.65,2.585,1.39,4.454,2.828,2.724,2.585,1.975,0,1,0.0,9.091,8.0,3.0,161.0,47.0,28.9,37.4,18.9,16.4,25.4
a77472dc,2024,G Stewart,Kent,2024,12,7,241,360,21.909,45,False,45,0,0,66.944,29,7,158,65.56,10.0,25.617,Lower order,75.0,8.5,0.0,0.0,25.0,75.0,6.925,5.657,7.136,-1.479,11.618,3.466,2.578,2.165,6.113,3.704,2.718,2.578,3.919,0,3,0.0,25.0,2.0,10.0,28.0,213.0,35.8,37.4,18.9,40.4,33.1
eec81780,2023,Hamidullah Qadri,Kent,2023,9,6,169,283,21.125,72,False,72,0,1,59.717,23,2,104,61.538,8.834,25.194,Lower order,100.0,9.0,0.0,0.0,0.0,100.0,6.276,7.95,3.881,4.069,74.556,2.56,2.577,2.167,5.964,2.699,2.704,2.577,2.121,0,1,0.0,11.111,6.0,3.0,126.0,43.0,30.3,37.3,18.9,19.6,26.5
d3868bd0,2021,JH Davey,Somerset,2021,6,3,66,201,22.0,20,True,20*,0,0,32.836,11,0,44,66.667,5.473,11.579,Lower order,100.0,10.0,0.0,0.0,0.0,100.0,5.967,9.028,4.89,4.138,39.394,2.55,2.575,0.995,3.533,2.723,2.793,3.533,2.059,0,0,0.0,0.0,2.0,4.0,26.0,40.0,28.1,37.2,18.9,5.8,22.5
ad46c747,2019,DM Bess,Somerset/Yorkshire,2019,18,11,389,770,27.786,91,True,91*,0,3,50.519,52,0,208,53.47,6.753,25.209,Lower order,77.778,8.0,0.0,0.0,22.222,77.778,8.296,7.413,9.36,-1.947,48.843,3.953,2.571,3.6,11.29,4.233,2.817,2.275,4.975,1,6,5.556,33.333,9.0,9.0,190.0,199.0,46.0,37.2,42.8,56.8,45.7
ad962377,2016,WR Smith,Hampshire,2016,26,15,707,2018,27.192,210,False,210,1,2,35.035,87,0,348,49.222,4.311,18.591,Opener,61.538,2.0,61.538,38.462,0.0,0.0,9.297,12.618,6.645,5.974,60.255,4.715,2.564,5.127,20.251,5.077,2.74,3.647,2.412,2,6,7.692,23.077,13.0,13.0,426.0,281.0,54.1,37.1,48.8,37.5,44.4
d4f9dbd4,2018,CA Pujara,Yorkshire,2018,12,6,172,519,14.333,41,False,41,0,0,33.141,23,1,98,56.977,4.624,14.949,Middle order,100.0,3.0,0.0,100.0,0.0,0.0,6.207,5.535,6.639,-1.104,34.884,3.409,2.563,2.171,7.496,3.578,2.679,3.004,2.563,0,2,0.0,16.667,4.0,8.0,60.0,112.0,29.9,37.0,18.9,28.6,28.6
1f1b4c89,2021,JC Tongue,Worcestershire,2021,6,3,66,156,13.2,17,False,17,0,0,42.308,7,0,28,42.424,4.487,25.503,Lower order,83.333,10.0,0.0,16.667,0.0,83.333,6.145,5.139,6.919,-1.78,36.364,2.497,2.561,0.405,2.866,2.714,2.854,2.561,2.465,0,0,0.0,0.0,2.0,4.0,24.0,42.0,29.3,37.0,18.9,5.8,22.7
098229a5,2024,CH Stobo,Kent,2024,8,4,159,358,19.875,64,False,64,0,1,44.413,21,0,84,52.83,5.866,22.255,Lower order,62.5,8.0,0.0,0.0,37.5,62.5,7.597,12.562,2.957,9.604,79.874,3.742,2.558,4.252,9.852,4.077,2.726,6.315,1.17,1,2,12.5,25.0,4.0,4.0,127.0,32.0,40.2,36.9,65.1,40.4,45.6
2911de16,2023,Hasan Ali,Warwickshire,2023,7,5,150,162,25.0,54,False,54,0,2,92.593,9,11,102,68.0,12.346,33.803,Lower order,100.0,9.0,0.0,0.0,0.0,100.0,7.371,12.758,5.459,7.299,45.333,3.561,2.551,2.666,7.76,3.804,2.727,5.155,1.752,0,2,0.0,28.571,3.0,4.0,68.0,82.0,39.0,36.8,18.9,47.1,35.4
71647ced,2015,AJA Wheater,Hampshire,2015,22,14,563,828,26.81,111,False,111,1,4,67.995,67,1,274,48.668,8.213,38.026,All-rounder / keeper,90.909,6.0,0.0,4.545,90.909,4.545,9.72,8.099,11.404,-3.305,42.451,4.269,2.548,3.595,11.208,4.561,2.749,2.083,3.012,3,6,13.636,27.273,11.0,11.0,239.0,324.0,58.1,36.8,68.6,44.3,52.0
3e7534f7,2024,GJ Bell,Lancashire,2024,20,12,428,1025,21.4,99,False,99,0,2,41.756,51,1,210,49.065,5.073,22.405,All-rounder / keeper,55.0,6.0,0.0,40.0,55.0,5.0,8.277,8.719,7.825,0.894,53.271,4.223,2.547,3.299,9.612,4.542,2.812,4.988,2.266,3,6,15.0,30.0,11.0,9.0,228.0,200.0,45.8,36.7,72.9,50.0,51.4
06c2de82,2024,L Gregory,Somerset,2024,17,11,385,651,25.667,80,False,80,0,4,59.14,44,5,206,53.506,7.527,29.734,All-rounder / keeper,52.941,7.0,0.0,0.0,52.941,47.059,8.312,8.136,8.548,-0.413,56.104,3.637,2.547,4.158,11.848,3.817,2.654,2.878,1.336,2,6,11.765,35.294,9.0,8.0,216.0,169.0,46.2,36.7,62.5,61.6,51.8
15101f12,2019,ME Claydon,Kent,2019,7,4,50,62,16.667,13,True,13*,0,0,80.645,9,0,36,72.0,14.516,26.415,Lower order,100.0,11.0,0.0,0.0,0.0,100.0,3.968,3.261,5.882,-2.621,60.0,2.522,2.546,1.56,4.405,2.748,2.744,2.439,2.653,0,0,0.0,0.0,5.0,2.0,30.0,20.0,16.4,36.6,18.9,5.8,19.4
344c6d55,2025,JJ Carson,Sussex,2025,23,14,454,942,23.895,102,False,102,1,0,48.195,53,6,248,54.626,6.263,23.33,Lower order,73.913,8.0,0.0,8.696,17.391,73.913,6.751,9.363,4.463,4.9,64.758,3.275,2.539,3.341,13.65,3.498,2.719,2.683,2.504,1,6,4.348,26.087,10.0,13.0,294.0,160.0,34.3,36.5,38.9,41.9,37.9
8afe73e2,2024,WA Young,Nottinghamshire,2024,12,7,377,828,41.889,174,True,174*,1,1,45.531,47,2,200,53.05,5.918,22.721,Middle order,100.0,3.0,0.0,100.0,0.0,0.0,10.846,8.274,13.65,-5.376,39.788,4.995,2.537,6.359,18.491,5.276,2.774,4.199,1.587,0,4,0.0,33.333,6.0,6.0,150.0,227.0,68.0,36.5,18.9,56.8,45.0
c672e80e,2017,J Clark,Lancashire,2017,13,10,224,419,18.667,38,False,38,0,0,53.461,32,2,140,62.5,8.115,21.818,Lower order,100.0,8.0,0.0,0.0,0.0,100.0,6.07,4.365,8.79,-4.425,44.196,2.911,2.536,2.136,6.607,3.115,2.675,2.076,2.911,0,5,0.0,38.462,6.0,7.0,99.0,125.0,28.6,36.4,18.9,67.8,37.9
c3ce33a2,2014,JE Anyon,Sussex,2014,8,6,141,349,17.625,50,False,50,0,1,40.401,19,0,76,53.901,5.444,19.697,Lower order,87.5,9.0,12.5,0.0,0.0,87.5,6.495,6.789,6.094,0.696,60.284,3.216,2.535,2.72,7.752,3.419,2.661,2.406,2.665,0,3,0.0,37.5,4.0,4.0,85.0,56.0,32.0,36.3,18.9,65.8,38.2
af294a6c,2015,Craig Cachopa,Sussex,2015,16,8,220,487,13.75,54,False,54,0,1,45.175,39,2,168,76.364,8.419,11.659,Middle order,56.25,5.0,0.0,56.25,43.75,0.0,5.331,3.507,6.86,-3.353,30.0,2.801,2.529,1.855,6.452,3.059,2.919,1.903,3.707,1,2,6.25,12.5,8.0,8.0,66.0,154.0,24.1,36.3,45.3,22.3,32.0
249d60c9,2016,AU Rashid,Yorkshire,2016,16,10,393,828,28.071,88,False,88,0,3,47.464,54,0,216,54.962,6.522,22.868,All-rounder / keeper,93.75,7.0,0.0,0.0,93.75,6.25,8.086,10.239,5.361,4.878,70.738,4.045,2.527,3.902,13.363,4.289,2.703,4.557,1.73,1,6,6.25,37.5,9.0,7.0,278.0,115.0,44.4,36.2,45.3,65.8,47.9
4167f30b,2026,IG Holland,Leicestershire,2026,13,8,257,631,19.769,79,False,79,0,2,40.729,30,0,120,46.693,4.754,22.795,Middle order,76.923,4.0,0.0,76.923,15.385,7.692,6.318,4.549,7.322,-2.773,26.07,3.021,2.514,2.259,6.793,3.214,2.684,2.117,2.911,2,4,15.385,30.769,6.0,7.0,67.0,190.0,30.7,36.2,73.9,51.5,48.1
52912da9,2026,EV Jack,Hampshire,2026,15,8,159,317,13.25,36,False,36,0,0,50.158,17,5,98,61.635,6.94,20.678,Lower order,93.333,10.0,0.0,0.0,6.667,93.333,5.043,5.306,4.771,0.535,53.459,2.407,2.511,1.803,4.713,2.55,2.65,2.037,2.644,0,2,0.0,13.333,8.0,7.0,85.0,74.0,22.9,36.1,18.9,23.6,25.4
7f048519,2014,DJ Willey,Northamptonshire,2014,14,7,233,359,16.643,53,False,53,0,2,64.903,30,7,162,69.528,10.306,22.05,Lower order,78.571,8.0,0.0,0.0,21.429,78.571,6.815,9.926,3.541,6.384,74.678,3.114,2.506,2.91,8.863,3.382,2.778,3.926,1.708,1,2,7.143,14.286,6.0,8.0,174.0,59.0,34.8,36.0,47.5,24.8,35.8
324a6ee1,2018,OB Cox,Worcestershire,2018,20,11,314,525,15.7,65,False,65,0,1,59.81,48,2,204,64.968,9.524,23.158,All-rounder / keeper,85.0,6.0,0.0,5.0,85.0,10.0,6.573,4.019,7.734,-3.716,19.108,3.102,2.504,2.224,7.454,3.343,2.734,2.005,3.706,1,3,5.0,15.0,8.0,12.0,60.0,254.0,32.8,36.0,41.0,25.9,33.9
214f6461,2025,GCH Hill,Yorkshire,2025,19,13,420,783,22.105,88,False,88,0,4,53.64,58,1,238,56.667,7.535,25.138,All-rounder / keeper,84.211,7.0,0.0,0.0,84.211,15.789,7.274,9.223,5.401,3.822,62.143,3.37,2.502,3.477,9.713,3.549,2.673,4.286,1.085,0,3,0.0,15.789,8.0,11.0,261.0,159.0,38.3,35.9,18.9,26.9,30.0
087210b1,2023,DJ Vilas,Lancashire,2023,16,10,363,619,25.929,124,False,124,1,1,58.643,38,3,170,46.832,6.624,33.391,Middle order,87.5,4.5,0.0,87.5,12.5,0.0,7.164,9.565,5.135,4.43,61.157,3.94,2.501,4.826,16.167,4.203,2.654,1.382,3.62,2,3,12.5,18.75,8.0,8.0,222.0,141.0,37.8,35.8,65.1,31.7,42.6
f2ab7a69,2016,JA Leaning,Yorkshire,2016,15,9,233,697,17.923,51,False,51,0,1,33.429,29,1,122,52.361,4.304,16.642,Middle order,53.333,5.0,0.0,53.333,46.667,0.0,5.258,4.313,6.253,-1.94,42.06,2.754,2.5,2.153,5.875,2.93,2.618,2.047,2.5,1,2,6.667,13.333,8.0,7.0,98.0,135.0,23.7,35.8,46.3,23.6,32.4
c672e80e,2025,J Clark,Surrey,2025,17,12,413,670,29.5,82,False,82,0,3,61.642,43,6,208,50.363,7.313,33.011,Lower order,64.706,8.0,0.0,0.0,35.294,64.706,6.45,5.573,7.507,-1.934,47.215,3.289,2.492,2.796,8.442,3.479,2.571,1.437,3.676,0,4,0.0,23.529,9.0,8.0,195.0,218.0,31.7,35.7,18.9,38.2,31.1
51e1ed69,2024,SG Borthwick,Durham,2024,18,11,356,672,19.778,75,False,75,0,2,52.976,45,1,186,52.247,6.845,27.157,Opener,66.667,2.0,66.667,33.333,0.0,0.0,5.967,2.773,7.833,-5.061,17.135,2.844,2.488,1.985,6.837,3.012,2.626,1.126,3.456,1,2,5.556,11.111,7.0,11.0,61.0,295.0,28.0,35.7,42.8,19.6,31.5
2eca67f5,2019,JM Clarke,Nottinghamshire,2019,19,10,384,726,21.333,112,False,112,1,1,52.893,55,0,220,57.292,7.576,24.441,Middle order,100.0,4.0,0.0,100.0,0.0,0.0,9.543,13.882,5.335,8.547,71.615,3.831,2.483,4.696,16.015,4.098,2.746,2.628,1.204,3,5,15.789,26.316,9.0,10.0,275.0,109.0,56.8,35.6,75.0,42.3,52.4
894b2d25,2024,MJ Potts,Durham,2024,12,8,333,564,37.0,149,True,149*,1,0,59.043,39,4,180,54.054,7.624,29.367,Lower order,75.0,9.0,0.0,25.0,0.0,75.0,7.967,2.907,10.182,-7.276,11.111,3.347,2.482,4.091,12.798,3.525,2.625,0.409,2.959,1,2,8.333,16.667,4.0,8.0,37.0,296.0,43.1,35.5,50.4,28.6,39.4
4b685e2d,2022,DW Lawrence,Essex,2022,19,12,420,913,22.105,120,False,120,1,1,46.002,56,0,224,53.333,6.134,22.87,Middle order,94.737,4.0,0.0,94.737,5.263,0.0,8.547,3.425,11.934,-8.508,15.952,4.34,2.481,4.763,16.529,4.618,2.601,1.538,4.896,2,5,10.526,26.316,7.0,12.0,67.0,353.0,47.8,35.5,58.4,42.3,46.0
54c2b697,2025,M Pretorius,Somerset,2025,12,8,226,237,22.6,59,False,59,0,2,95.359,27,1,114,50.442,11.814,53.589,Lower order,100.0,9.0,0.0,0.0,0.0,100.0,6.92,3.218,8.137,-4.919,11.504,3.087,2.48,2.753,6.881,3.32,2.683,1.388,3.586,2,4,16.667,33.333,3.0,9.0,26.0,200.0,35.7,35.4,78.4,56.8,51.6
c672e80e,2022,J Clark,Surrey,2022,14,11,481,810,43.727,137,False,137,1,4,59.383,58,6,268,55.717,7.901,28.552,Lower order,64.286,8.0,0.0,0.0,35.714,64.286,9.347,5.572,11.875,-6.304,23.909,4.296,2.476,3.75,13.098,4.563,2.629,1.527,5.155,0,3,0.0,21.429,6.0,8.0,115.0,366.0,54.9,35.3,18.9,35.1,36.0
f3abd0c9,2022,DR Briggs,Warwickshire,2022,20,12,297,674,16.5,65,False,65,0,1,44.065,45,2,192,64.646,6.973,16.746,Lower order,90.0,8.0,5.0,5.0,0.0,90.0,5.846,4.495,7.193,-2.698,38.384,2.653,2.473,2.25,8.065,2.829,2.629,2.028,2.747,0,4,0.0,20.0,9.0,11.0,114.0,183.0,27.1,35.3,18.9,33.2,28.6
894b2d25,2025,MJ Potts,Durham,2025,16,10,295,619,26.818,70,False,70,0,1,47.658,30,6,156,52.881,5.816,23.842,Lower order,100.0,9.0,0.0,0.0,0.0,100.0,6.242,8.098,4.979,3.12,52.542,2.72,2.47,2.295,8.108,2.841,2.592,2.256,2.47,0,4,0.0,25.0,6.0,10.0,155.0,140.0,30.1,35.2,18.9,40.4,31.2
70b8fd28,2026,A Lyth,Yorkshire,2026,20,12,560,1292,28.0,141,False,141,1,4,43.344,77,0,308,55.0,5.96,20.741,Opener,100.0,1.0,100.0,0.0,0.0,0.0,10.71,11.696,9.612,2.084,57.5,5.216,2.469,5.547,16.686,5.601,2.653,5.097,2.076,4,6,20.0,30.0,8.0,12.0,322.0,238.0,66.7,35.2,85.2,50.0,59.3
cdf59953,2016,SW Poynter,Durham,2016,7,4,119,220,17.0,42,False,42,0,0,54.091,19,0,76,63.866,8.636,21.393,All-rounder / keeper,42.857,7.0,0.0,14.286,42.857,42.857,6.582,6.743,5.846,0.897,84.034,3.274,2.464,2.325,6.674,3.49,2.572,2.171,2.758,0,1,0.0,14.286,5.0,2.0,100.0,19.0,32.9,35.1,18.9,24.8,27.9
83e74e91,2021,TC Fell,Worcestershire,2021,15,10,295,759,19.667,69,False,69,0,2,38.867,48,0,192,65.085,6.324,14.487,Middle order,100.0,3.0,0.0,100.0,0.0,0.0,7.01,5.521,8.745,-3.224,42.373,2.996,2.461,2.869,8.349,3.206,2.661,1.465,3.651,2,6,13.333,40.0,7.0,8.0,125.0,170.0,36.5,35.0,68.0,71.0,52.6
34b37279,2026,BGF Green,Leicestershire,2026,13,8,198,509,16.5,43,True,43*,0,0,38.9,20,1,86,43.434,4.126,22.951,Lower order,100.0,8.0,0.0,0.0,0.0,100.0,4.538,7.032,2.152,4.88,75.758,2.235,2.457,1.638,4.886,2.38,2.591,3.058,0.773,0,1,0.0,7.692,7.0,6.0,150.0,48.0,20.1,35.0,18.9,14.9,22.2
ab474682,2023,SJ Croft,Lancashire,2023,11,7,228,578,22.8,56,True,56*,0,1,39.446,25,0,100,43.86,4.325,23.146,Middle order,100.0,4.0,0.0,100.0,0.0,0.0,6.518,8.69,4.51,4.18,64.035,4.765,2.457,5.616,16.544,5.188,2.614,3.862,1.321,0,2,0.0,18.182,5.0,6.0,146.0,82.0,32.1,34.9,18.9,31.0,29.2
60938c83,2016,AJ Hodd,Yorkshire,2016,18,12,391,782,26.067,96,True,96*,0,2,50.0,44,1,182,46.547,5.754,28.358,Lower order,66.667,8.0,0.0,0.0,33.333,66.667,7.541,8.936,6.029,2.907,61.637,3.332,2.448,3.57,12.229,3.516,2.62,3.227,1.411,1,2,5.556,11.111,10.0,8.0,241.0,150.0,39.7,34.8,42.8,19.6,34.2
218d4d78,2019,MT Renshaw,Kent,2019,6,3,118,212,23.6,48,True,48*,0,0,55.66,22,0,88,74.576,10.377,15.789,Middle order,100.0,3.0,0.0,100.0,0.0,0.0,8.0,5.72,9.194,-3.474,24.576,3.269,2.445,3.101,6.699,3.548,2.7,2.445,3.681,1,1,16.667,16.667,2.0,4.0,29.0,89.0,43.3,34.8,78.4,28.6,46.3
3987e390,2023,MJ Leach,Somerset,2023,7,6,126,133,31.5,40,True,40*,0,0,94.737,23,1,98,77.778,18.045,25.688,Lower order,100.0,10.0,0.0,0.0,0.0,100.0,5.717,7.74,3.561,4.178,69.841,2.178,2.439,1.048,3.197,2.321,2.634,3.154,1.006,0,1,0.0,14.286,3.0,4.0,88.0,38.0,26.4,34.7,18.9,24.8,26.2
a1d95bd8,2022,LB Williams,Northamptonshire,2022,6,3,69,190,13.8,30,False,30,0,0,36.316,8,0,32,46.377,4.211,20.33,Lower order,100.0,9.0,0.0,0.0,0.0,100.0,4.495,3.922,5.065,-1.143,43.478,2.062,2.431,1.168,3.0,2.202,2.609,2.431,1.877,0,0,0.0,0.0,2.0,4.0,30.0,39.0,19.8,34.7,18.9,5.8,19.8
85dcb721,2019,TJ Moores,Nottinghamshire,2019,23,12,323,910,14.043,48,False,48,0,0,35.495,48,4,216,66.873,5.714,12.471,All-rounder / keeper,60.87,7.0,0.0,13.043,60.87,26.087,6.839,5.654,7.98,-2.326,40.557,3.113,2.43,1.702,6.944,3.372,2.72,2.249,3.097,1,4,4.348,17.391,11.0,12.0,131.0,192.0,34.9,34.6,38.9,30.1,34.6
ea27a674,2019,AJ Blake,Kent,2019,7,4,107,278,15.286,34,False,34,0,0,38.489,13,0,52,48.598,4.676,20.755,All-rounder / keeper,57.143,7.0,0.0,14.286,57.143,28.571,6.903,5.551,10.831,-5.28,59.813,2.54,2.425,1.994,4.722,2.754,2.587,2.654,2.425,0,3,0.0,42.857,4.0,3.0,64.0,43.0,35.4,34.5,18.9,75.7,41.1
e86754b2,2017,TK Curran,Surrey,2017,10,8,214,399,23.778,53,False,53,0,1,53.634,32,1,134,62.617,8.271,21.858,Lower order,100.0,8.0,0.0,0.0,0.0,100.0,5.759,5.87,5.721,0.148,25.701,3.053,2.424,2.531,8.103,3.163,2.516,2.153,2.424,0,1,0.0,10.0,2.0,8.0,55.0,159.0,26.9,34.5,18.9,17.6,24.5
6feb46a4,2018,LD McManus,Hampshire,2018,10,6,167,421,16.7,66,False,66,0,1,39.667,21,3,102,61.078,5.701,16.373,All-rounder / keeper,50.0,6.0,40.0,0.0,50.0,10.0,6.979,4.351,9.599,-5.248,31.138,2.792,2.414,1.644,5.768,2.969,2.553,2.458,2.37,0,2,0.0,20.0,5.0,5.0,52.0,115.0,36.3,34.4,18.9,33.2,30.7
6c908ffc,2015,CJC Wright,Warwickshire,2015,16,11,300,686,30.0,65,False,65,0,2,43.732,35,1,146,48.667,5.248,23.692,Lower order,81.25,10.0,0.0,18.75,0.0,81.25,6.807,8.86,4.674,4.186,66.333,3.063,2.413,2.33,7.786,3.284,2.581,3.792,2.043,0,2,0.0,12.5,8.0,8.0,199.0,101.0,34.7,34.3,18.9,22.3,27.6
06c2de82,2018,L Gregory,Somerset,2018,21,12,411,627,21.632,65,False,65,0,3,65.55,48,13,270,65.693,9.729,24.912,All-rounder / keeper,95.238,7.0,0.0,0.0,95.238,4.762,7.294,6.859,7.657,-0.798,42.822,3.857,2.408,4.204,14.126,4.052,2.53,2.165,2.408,1,5,4.762,23.81,10.0,11.0,176.0,235.0,38.4,34.3,40.1,38.7,37.9
782fb776,2024,LV van Beek,Worcestershire,2024,7,4,144,279,24.0,48,False,48,0,0,51.613,16,2,76,52.778,6.452,26.054,Lower order,100.0,8.0,0.0,0.0,0.0,100.0,8.333,15.211,3.536,11.675,75.0,5.349,2.402,7.053,15.862,5.776,2.515,9.096,1.602,1,2,14.286,28.571,3.0,4.0,108.0,36.0,46.3,34.2,70.7,47.1,49.6
269ff06e,2022,TJ Price,Gloucestershire,2022,15,8,190,305,14.615,39,False,39,0,0,62.295,22,7,130,68.421,9.508,21.739,Lower order,93.333,9.0,0.0,0.0,6.667,93.333,4.699,3.165,6.142,-2.977,32.632,2.374,2.401,1.876,5.314,2.528,2.573,0.737,3.359,0,2,0.0,13.333,7.0,8.0,62.0,128.0,20.8,34.1,18.9,23.6,24.4
6feb46a4,2017,LD McManus,Hampshire,2017,12,9,272,547,27.2,41,True,41*,0,0,49.726,38,1,158,58.088,7.13,22.441,All-rounder / keeper,50.0,7.0,16.667,0.0,50.0,33.333,7.198,3.961,10.279,-6.318,26.838,3.718,2.399,3.912,12.199,3.913,2.486,1.892,5.537,3,5,25.0,41.667,5.0,7.0,73.0,199.0,38.0,34.1,92.5,73.4,59.5
31f671b7,2017,IJ Westwood,Warwickshire,2017,6,3,232,430,38.667,153,False,153,1,1,53.953,30,2,132,56.897,7.442,25.126,Opener,100.0,2.0,100.0,0.0,0.0,0.0,14.824,26.728,3.383,23.344,88.362,6.652,2.397,9.032,17.027,6.959,2.588,17.027,1.465,1,1,16.667,16.667,2.0,4.0,205.0,27.0,90.8,34.0,78.4,28.6,58.0
5f966ec0,2018,JA Raval,Yorkshire,2018,7,4,84,185,12.0,21,False,21,0,0,45.405,13,0,52,61.905,7.027,18.605,Opener,100.0,2.0,100.0,0.0,0.0,0.0,4.169,3.676,4.61,-0.933,41.667,2.312,2.392,0.699,3.02,2.507,2.621,2.392,2.232,0,0,0.0,0.0,4.0,3.0,35.0,49.0,18.1,34.0,18.9,5.8,19.2
31b01074,2024,Kasey Aldridge,Somerset,2024,14,10,306,629,21.857,84,False,84,0,2,48.649,32,3,146,47.712,5.564,26.936,All-rounder / keeper,50.0,7.0,0.0,7.143,50.0,42.857,7.537,5.756,8.735,-2.979,30.719,2.944,2.389,2.429,7.985,3.125,2.571,2.156,2.87,1,2,7.143,14.286,6.0,8.0,94.0,212.0,39.7,33.9,47.5,24.8,36.5
f54dbda7,2015,WMH Rhodes,Yorkshire,2015,11,7,275,572,27.5,79,False,79,0,1,48.077,32,0,128,46.545,5.594,27.222,Opener,72.727,2.0,72.727,0.0,0.0,27.273,8.029,6.286,10.267,-3.981,44.0,3.891,2.373,3.531,10.723,4.159,2.518,2.082,3.352,1,3,9.091,27.273,7.0,4.0,121.0,154.0,43.6,33.8,53.1,44.3,43.7
8728a058,2017,R Clarke,Surrey/Warwickshire,2017,19,12,315,740,16.579,83,False,83,0,1,42.568,39,6,192,60.952,6.081,17.698,All-rounder / keeper,73.684,7.0,0.0,0.0,73.684,26.316,6.227,7.27,4.913,2.357,65.079,2.72,2.369,1.965,7.841,2.852,2.466,2.953,2.103,1,4,5.263,21.053,9.0,10.0,205.0,110.0,29.9,33.8,41.8,34.6,35.0
be4cefab,2016,CMW Read,Nottinghamshire,2016,21,12,492,996,28.941,101,False,101,1,3,49.398,62,5,278,56.504,6.727,23.036,All-rounder / keeper,85.714,7.0,0.0,0.0,85.714,14.286,9.458,10.641,7.342,3.3,72.154,4.061,2.364,3.537,9.2,4.335,2.513,4.696,0.946,3,7,14.286,33.333,12.0,9.0,355.0,137.0,56.2,33.7,70.7,56.8,54.4
06c2de82,2016,L Gregory,Somerset,2016,16,12,329,594,27.417,73,True,73*,0,2,55.387,49,0,196,59.574,8.249,24.404,All-rounder / keeper,75.0,7.0,0.0,0.0,75.0,25.0,5.907,4.923,6.517,-1.595,31.915,2.991,2.358,2.48,8.439,3.165,2.508,2.358,3.091,1,3,6.25,18.75,6.0,10.0,105.0,224.0,27.6,33.6,45.3,31.7,34.6
757502b5,2016,RD Pringle,Durham,2016,11,8,243,349,27.0,57,True,57*,0,1,69.628,32,4,152,62.551,10.315,29.073,All-rounder / keeper,72.727,7.0,0.0,0.0,72.727,27.273,6.557,4.301,8.613,-4.312,31.276,2.766,2.357,1.323,5.079,2.956,2.5,1.771,3.637,1,1,9.091,9.091,5.0,6.0,76.0,167.0,32.6,33.6,53.1,16.4,33.9
a4a2a0c0,2015,JTA Burnham,Durham,2015,8,4,115,260,14.375,50,False,50,0,1,44.231,17,0,68,59.13,6.538,19.342,Opener,75.0,2.0,75.0,0.0,25.0,0.0,5.946,3.466,8.499,-5.034,29.565,2.762,2.353,1.524,4.897,2.94,2.483,1.692,3.833,1,1,12.5,12.5,4.0,4.0,34.0,81.0,27.7,33.5,65.1,22.3,37.2
5bb5a915,2018,M Morkel,Surrey,2018,10,8,166,251,20.75,29,False,29,0,0,66.135,23,3,110,66.265,10.359,24.889,Lower order,100.0,9.0,0.0,0.0,0.0,100.0,4.636,7.377,3.608,3.769,43.373,2.133,2.334,1.587,5.058,2.296,2.496,3.707,1.594,0,0,0.0,0.0,3.0,7.0,72.0,94.0,20.5,33.5,18.9,5.8,19.7
60dd8960,2014,Kabir Ali,Lancashire,2014,9,6,122,229,20.333,26,False,26,0,0,53.275,11,1,50,40.984,5.24,33.18,Lower order,100.0,10.0,0.0,0.0,0.0,100.0,5.483,5.845,5.339,0.506,30.328,2.247,2.334,0.821,3.466,2.406,2.449,2.334,2.204,0,1,0.0,11.111,3.0,6.0,37.0,85.0,25.0,33.4,18.9,19.6,24.2
104e88a4,2019,AJ Hose,Warwickshire,2019,18,10,324,782,18.0,111,False,111,1,0,41.432,42,2,180,55.556,5.627,19.512,Middle order,94.444,5.0,0.0,94.444,5.556,0.0,7.085,9.652,4.292,5.359,70.988,3.504,2.334,3.698,13.183,3.793,2.49,2.951,1.812,1,2,5.556,11.111,9.0,9.0,230.0,94.0,37.2,33.3,42.8,19.6,33.2
d48c0f40,2026,LA Patterson-White,Nottinghamshire,2026,17,12,454,687,30.267,111,True,111*,1,2,66.084,55,7,262,57.709,9.025,30.72,Lower order,64.706,8.0,0.0,0.0,35.294,64.706,8.344,8.419,8.244,0.175,57.709,4.279,2.332,4.29,11.167,4.523,2.441,2.37,2.332,2,4,11.765,23.529,10.0,7.0,262.0,192.0,46.5,33.3,62.5,38.2,45.1
f3abd0c9,2015,DR Briggs,Hampshire,2015,13,8,231,457,21.0,48,False,48,0,0,50.547,31,0,124,53.68,6.783,25.117,Lower order,92.308,9.0,0.0,0.0,7.692,92.308,6.956,4.357,8.904,-4.547,26.84,2.921,2.33,2.167,6.853,3.113,2.464,1.549,4.321,0,2,0.0,15.385,6.0,7.0,62.0,169.0,36.2,33.2,18.9,26.4,28.7
b9877635,2018,TE Bailey,Lancashire,2018,19,12,284,538,16.706,66,False,66,0,1,52.788,43,1,178,62.676,8.178,21.457,Lower order,84.211,9.0,0.0,5.263,10.526,84.211,6.471,7.256,5.475,1.781,62.676,2.976,2.326,2.667,7.56,3.188,2.516,0.546,2.529,0,3,0.0,15.789,10.0,9.0,178.0,106.0,32.0,33.1,18.9,26.9,27.7
d3868bd0,2022,JH Davey,Somerset,2022,11,8,187,425,31.167,31,True,31*,0,0,44.0,25,1,106,56.684,6.118,20.301,Lower order,100.0,9.0,0.0,0.0,0.0,100.0,5.756,7.138,4.486,2.652,59.358,2.569,2.322,1.341,5.169,2.719,2.477,2.172,2.473,0,1,0.0,9.091,6.0,5.0,111.0,76.0,26.8,33.1,18.9,16.4,23.8
0e0d43b4,2014,SJ Mullaney,Nottinghamshire,2014,17,9,288,512,16.941,91,False,91,0,2,56.25,45,1,186,64.583,8.984,21.888,Opener,100.0,1.0,100.0,0.0,0.0,0.0,6.292,7.23,5.766,1.464,41.319,3.207,2.32,3.809,11.15,3.396,2.426,1.791,2.32,1,2,5.882,11.765,7.0,10.0,119.0,169.0,30.5,33.0,44.1,20.9,32.1
5fcb6fb1,2016,Azeem Rafiq,Yorkshire,2016,8,6,201,297,33.5,74,False,74,0,2,67.677,28,1,118,58.706,9.764,30.97,Lower order,100.0,8.0,0.0,0.0,0.0,100.0,7.818,9.658,5.892,3.766,63.184,3.406,2.318,3.712,9.427,3.583,2.481,3.94,0.606,0,2,0.0,25.0,4.0,4.0,127.0,74.0,41.6,33.0,18.9,40.4,33.5
f4427cc6,2026,SM Whiteman,Yorkshire,2026,15,9,338,637,22.533,101,False,101,1,1,53.061,44,1,182,53.846,7.064,26.351,Middle order,100.0,3.0,0.0,100.0,0.0,0.0,8.696,10.19,6.605,3.585,68.343,4.396,2.307,4.615,14.121,4.665,2.43,4.805,1.978,0,6,0.0,40.0,7.0,8.0,231.0,107.0,49.2,32.8,18.9,71.0,43.0
8492a4de,2024,FS Middleton,Hampshire,2024,21,13,604,1287,30.2,116,False,116,2,3,46.931,74,2,308,50.993,5.905,24.443,Opener,100.0,2.0,100.0,0.0,0.0,0.0,9.272,6.737,12.957,-6.219,43.046,4.707,2.307,4.802,14.71,4.988,2.424,2.307,5.423,2,7,9.524,33.333,11.0,10.0,260.0,344.0,53.8,32.9,54.8,56.8,49.6
819ae1ad,2023,FS Organ,Hampshire,2023,17,10,245,554,15.312,97,False,97,0,1,44.224,25,6,136,55.51,5.596,20.841,Opener,41.176,7.0,41.176,5.882,23.529,29.412,5.864,4.121,6.705,-2.584,22.857,2.854,2.307,3.097,9.569,3.018,2.457,1.452,2.361,1,3,5.882,17.647,7.0,10.0,56.0,189.0,27.2,32.8,44.1,30.4,33.6
cf73ad76,2017,JEC Franklin,Middlesex,2017,14,10,296,582,22.769,112,False,112,1,1,50.859,36,5,174,58.784,7.045,22.551,All-rounder / keeper,78.571,7.0,0.0,14.286,78.571,7.143,7.389,10.661,3.309,7.352,80.068,3.173,2.296,3.221,9.697,3.322,2.448,3.573,2.203,1,2,7.143,14.286,7.0,7.0,237.0,59.0,39.1,32.7,47.5,24.8,36.0
a9da7784,2017,KJ Abbott,Hampshire,2017,16,12,336,559,28.0,97,True,97*,0,2,60.107,45,2,192,57.143,8.408,28.125,Lower order,87.5,9.0,0.0,0.0,12.5,87.5,8.644,6.293,12.711,-6.418,46.131,3.309,2.294,2.561,9.343,3.522,2.458,2.028,3.571,0,4,0.0,25.0,8.0,8.0,155.0,181.0,48.7,32.6,18.9,40.4,35.2
9caf69a1,2022,WG Jacks,Surrey,2022,15,11,648,839,54.0,150,True,150*,2,3,77.235,77,16,404,62.346,11.085,32.708,All-rounder / keeper,66.667,6.0,0.0,20.0,66.667,13.333,10.805,13.849,7.809,6.039,63.58,5.384,2.291,5.131,15.625,5.795,2.543,6.514,1.97,2,5,13.333,33.333,8.0,7.0,412.0,236.0,67.4,32.6,68.0,56.8,56.2
06c2de82,2017,L Gregory,Somerset,2017,8,5,201,405,25.125,137,False,137,1,0,49.63,25,1,106,52.736,6.42,25.066,All-rounder / keeper,75.0,7.0,0.0,0.0,75.0,25.0,11.572,4.961,13.442,-8.481,9.453,4.471,2.285,5.479,14.241,4.705,2.386,2.471,2.157,0,1,0.0,12.5,2.0,6.0,19.0,182.0,73.6,32.5,18.9,22.3,36.8
e9987a94,2024,C Overton,Somerset,2024,16,11,356,464,32.364,95,True,95*,0,2,76.724,42,4,192,53.933,9.914,39.234,Lower order,100.0,9.0,0.0,0.0,0.0,100.0,7.744,9.455,5.471,3.984,69.663,3.058,2.281,2.409,8.74,3.224,2.407,3.033,1.594,2,5,12.5,31.25,8.0,8.0,248.0,108.0,40.9,32.5,65.1,52.1,47.6
e9987a94,2019,C Overton,Somerset,2019,12,8,189,349,17.182,36,True,36*,0,0,54.155,26,3,122,64.55,8.309,20.938,Lower order,100.0,9.0,0.0,0.0,0.0,100.0,6.674,7.781,5.609,2.172,57.143,2.855,2.281,2.471,7.317,3.111,2.407,3.511,2.281,1,2,8.333,16.667,6.0,6.0,108.0,81.0,34.0,32.4,50.4,28.6,36.4
78adc879,2017,N Wagner,Essex,2017,13,10,242,429,24.2,50,False,50,0,1,56.41,38,1,158,65.289,9.091,21.538,Lower order,100.0,9.0,0.0,0.0,0.0,100.0,6.319,6.537,6.079,0.458,54.132,2.721,2.28,2.025,5.729,2.851,2.405,2.614,1.582,0,0,0.0,0.0,6.0,7.0,131.0,111.0,30.8,32.3,18.9,5.8,22.0
2baad3bd,2026,LW James,Nottinghamshire,2026,10,8,202,368,25.25,41,False,41,0,0,54.891,26,3,122,60.396,7.88,23.599,All-rounder / keeper,80.0,7.0,0.0,0.0,80.0,20.0,5.891,4.591,7.015,-2.423,36.139,2.751,2.277,2.566,6.275,2.907,2.442,0.156,3.632,0,1,0.0,10.0,5.0,5.0,73.0,129.0,27.3,32.3,18.9,17.6,24.0
23638956,2019,SR Harmer,Essex,2019,19,14,340,657,20.0,62,False,62,0,2,51.75,47,3,206,60.588,7.61,22.076,Lower order,84.211,8.0,0.0,0.0,15.789,84.211,6.663,7.076,6.214,0.861,55.294,3.089,2.276,2.544,6.667,3.253,2.373,3.243,2.186,1,6,5.263,31.579,10.0,9.0,188.0,152.0,33.7,32.2,41.8,52.8,40.1
97905e64,2025,RS Patel,Surrey,2025,20,13,548,955,34.25,92,False,92,0,4,57.382,72,7,330,60.219,8.272,24.886,All-rounder / keeper,55.0,6.0,10.0,35.0,55.0,0.0,8.079,5.444,10.724,-5.279,33.759,4.357,2.271,4.193,14.056,4.616,2.467,1.277,3.547,3,6,15.0,30.0,9.0,11.0,185.0,363.0,44.4,32.1,72.9,50.0,49.8
f3abd0c9,2024,DR Briggs,Warwickshire,2024,9,7,160,290,17.778,51,False,51,0,1,55.172,24,0,96,60.0,8.276,24.06,Lower order,55.556,8.0,0.0,22.222,22.222,55.556,6.62,9.172,2.72,6.452,83.75,3.358,2.262,4.492,12.972,3.481,2.381,3.344,0.291,1,1,11.111,11.111,6.0,3.0,134.0,26.0,33.5,32.1,60.5,19.6,36.4
f05fe9b1,2026,JA Simpson,Sussex,2026,20,12,518,1020,30.471,136,False,136,2,2,50.784,63,5,282,54.44,6.667,24.79,All-rounder / keeper,100.0,6.0,0.0,0.0,100.0,0.0,8.871,12.195,6.52,5.675,56.95,4.145,2.257,3.604,10.471,4.436,2.425,5.263,1.778,1,5,5.0,25.0,8.0,12.0,295.0,223.0,50.9,32.0,41.0,40.4,41.1
71647ced,2019,AJA Wheater,Essex,2019,12,9,177,329,16.091,30,False,30,0,0,53.799,25,0,100,56.497,7.599,25.329,All-rounder / keeper,75.0,7.0,0.0,0.0,75.0,25.0,5.623,4.639,7.114,-2.475,49.718,3.108,2.246,3.284,9.381,3.327,2.331,0.952,2.799,1,3,8.333,25.0,7.0,5.0,88.0,89.0,25.7,32.0,50.4,40.4,37.1
7cc15633,2017,JHK Adams,Hampshire,2017,17,12,558,1261,32.824,166,False,166,2,1,44.251,74,2,308,55.197,6.027,21.097,Opener,100.0,2.0,100.0,0.0,0.0,0.0,11.9,12.192,11.549,0.643,55.914,5.001,2.245,5.568,17.735,5.228,2.368,2.673,1.384,1,4,5.882,23.529,9.0,8.0,312.0,246.0,76.1,31.9,44.1,38.2,47.6
c1a89821,2017,NRT Gubbins,Middlesex,2017,13,7,314,650,24.154,101,False,101,1,2,48.308,38,4,176,56.051,6.462,22.697,Opener,92.308,2.0,92.308,0.0,0.0,7.692,9.07,14.286,2.696,11.59,86.624,4.166,2.239,4.579,13.739,4.395,2.33,4.76,1.524,0,3,0.0,23.077,7.0,6.0,272.0,42.0,52.0,31.8,18.9,37.5,35.0
68e26ec9,2022,M Kelly,Northamptonshire,2022,7,5,151,300,25.167,42,False,42,0,0,50.333,20,2,92,60.927,7.333,21.223,Lower order,71.429,8.0,0.0,28.571,0.0,71.429,6.467,7.143,6.001,1.141,45.033,3.004,2.234,2.07,6.274,3.187,2.381,2.874,2.232,0,2,0.0,28.571,3.0,4.0,68.0,83.0,31.9,31.8,18.9,47.1,32.4
1ab18b25,2024,AGH Orr,Hampshire,2024,9,5,196,407,21.778,126,False,126,1,0,48.157,29,0,116,59.184,7.125,21.164,Opener,100.0,1.0,100.0,0.0,0.0,0.0,8.631,10.637,4.906,5.731,80.102,4.195,2.233,5.203,13.039,4.446,2.354,2.233,2.656,1,3,11.111,33.333,5.0,4.0,157.0,39.0,48.5,31.7,60.5,56.8,49.4
95a15317,2021,CG Benjamin,Warwickshire,2021,6,3,198,370,33.0,127,False,127,1,0,53.514,24,1,102,51.515,6.757,27.826,Middle order,100.0,3.0,0.0,100.0,0.0,0.0,15.325,4.843,19.235,-14.392,8.586,7.387,2.231,8.993,17.771,7.81,2.371,2.231,9.965,1,2,16.667,33.333,2.0,4.0,17.0,181.0,92.4,31.6,78.4,56.8,64.8
1ca7c00f,2018,M Carter,Nottinghamshire,2018,8,4,76,136,9.5,22,False,22,0,0,55.882,9,3,54,71.053,8.824,17.742,Lower order,100.0,10.0,0.0,0.0,0.0,100.0,3.785,6.94,3.193,3.747,28.947,1.947,2.23,1.479,3.33,2.059,2.347,2.821,1.639,0,1,0.0,12.5,2.0,6.0,22.0,54.0,15.6,31.6,18.9,22.3,22.1
8bf61e65,2018,JA Brooks,Yorkshire,2018,22,13,303,444,15.947,82,False,82,0,1,68.243,45,3,198,65.347,10.811,26.515,Lower order,100.0,10.0,0.0,0.0,0.0,100.0,5.58,6.38,4.818,1.561,55.776,2.452,2.229,2.185,7.282,2.616,2.448,3.135,1.11,0,4,0.0,18.182,11.0,11.0,169.0,134.0,25.6,31.5,18.9,31.0,26.8
9679838c,2018,BL D'Oliveira,Worcestershire,2018,17,9,246,487,14.471,65,False,65,0,1,50.513,36,0,144,58.537,7.392,22.616,Opener,52.941,2.0,52.941,47.059,0.0,0.0,6.378,6.443,6.337,0.106,39.024,2.804,2.228,2.588,8.298,3.019,2.373,2.485,2.03,1,3,5.882,17.647,8.0,9.0,96.0,150.0,31.1,31.5,44.1,30.4,34.3
b21ed464,2018,SA Patterson,Yorkshire,2018,13,8,205,393,18.636,45,True,45*,0,0,52.163,31,0,124,60.488,7.888,22.376,Lower order,100.0,9.0,0.0,0.0,0.0,100.0,6.52,6.989,6.247,0.742,39.512,3.011,2.216,2.828,9.005,3.181,2.426,2.999,1.349,1,4,7.692,30.769,5.0,8.0,81.0,124.0,32.3,31.4,48.8,51.5,41.0
9679838c,2021,BL D'Oliveira,Worcestershire,2021,14,10,343,783,26.385,71,False,71,0,2,43.806,41,0,164,47.813,5.236,24.124,Middle order,78.571,5.0,0.0,78.571,21.429,0.0,8.409,11.429,5.093,6.336,71.137,3.775,2.215,3.261,9.072,4.043,2.369,6.357,1.931,2,5,14.286,35.714,6.0,8.0,244.0,99.0,47.1,31.3,70.7,62.5,52.9
4a461c24,2017,LA Dawson,Hampshire,2017,14,9,288,729,20.571,75,False,75,0,2,39.506,34,2,148,51.389,4.938,20.202,All-rounder / keeper,64.286,6.0,28.571,7.143,64.286,0.0,9.351,10.665,6.757,3.909,75.694,4.506,2.212,4.534,13.469,4.746,2.328,2.278,1.926,2,4,14.286,28.571,8.0,6.0,218.0,70.0,55.1,31.3,70.7,47.1,51.1
679cd31e,2024,SJ Cook,Essex,2024,12,9,178,363,17.8,49,False,49,0,0,49.036,17,1,74,41.573,4.959,30.145,Lower order,66.667,10.0,16.667,16.667,0.0,66.667,4.918,5.519,4.473,1.046,47.753,2.378,2.21,2.368,7.778,2.502,2.323,1.41,2.559,0,0,0.0,0.0,5.0,7.0,85.0,93.0,22.2,31.2,18.9,5.8,19.5
884f72a1,2021,TA Wood,Derbyshire,2021,7,4,83,213,11.857,31,False,31,0,0,38.967,9,0,36,43.373,4.225,23.039,Opener,100.0,2.0,100.0,0.0,0.0,0.0,6.759,10.488,4.89,5.598,51.807,2.542,2.208,1.694,4.893,2.687,2.313,2.877,2.208,0,1,0.0,14.286,3.0,4.0,43.0,40.0,34.3,31.1,18.9,24.8,27.3
e423d162,2014,LJ Fletcher,Nottinghamshire,2014,15,9,195,405,13.0,49,False,49,0,0,48.148,19,3,94,48.205,5.432,26.371,Lower order,80.0,9.0,6.667,6.667,6.667,80.0,5.054,4.956,5.132,-0.176,43.077,2.004,2.207,1.385,4.094,2.118,2.363,1.714,2.207,0,1,0.0,6.667,7.0,8.0,84.0,111.0,23.0,31.1,18.9,13.6,21.6
2085e1fa,2019,HJH Brookes,Warwickshire,2019,14,8,241,465,18.538,84,False,84,0,1,51.828,30,5,150,62.241,7.527,21.163,Lower order,100.0,8.0,0.0,0.0,0.0,100.0,6.698,7.034,5.301,1.734,84.647,3.005,2.205,2.449,6.699,3.227,2.31,3.01,2.143,0,3,0.0,21.429,10.0,4.0,204.0,37.0,34.1,30.9,18.9,35.1,29.8
cad40f5e,2021,BA Carse,Durham,2021,9,7,161,341,23.0,40,True,40*,0,0,47.214,17,2,80,49.689,5.572,25.155,Lower order,100.0,8.0,0.0,0.0,0.0,100.0,7.233,10.27,5.073,5.197,59.006,3.062,2.205,2.122,6.107,3.312,2.432,3.755,1.947,0,3,0.0,33.333,4.0,5.0,95.0,66.0,38.2,31.0,18.9,56.8,36.2
e9987a94,2014,C Overton,Somerset,2014,13,10,390,596,35.455,99,False,99,0,3,65.436,44,6,212,54.359,8.389,32.601,Lower order,92.308,9.0,0.0,0.0,7.692,92.308,8.512,13.023,2.815,10.208,85.385,4.09,2.204,3.704,10.914,4.315,2.398,5.265,1.691,1,3,7.692,23.077,7.0,6.0,333.0,57.0,47.5,30.9,48.8,37.5,41.2
a4a2a0c0,2021,JTA Burnham,Durham,2021,15,10,357,737,27.462,102,True,102*,1,1,48.44,44,3,194,54.342,6.377,23.623,Middle order,53.333,5.0,0.0,53.333,40.0,6.667,8.863,11.018,6.416,4.602,66.106,3.579,2.203,3.81,12.352,3.823,2.433,3.118,1.288,1,4,6.667,26.667,8.0,7.0,236.0,121.0,50.8,30.8,46.3,43.0,42.7
4a461c24,2016,LA Dawson,Hampshire,2016,18,11,543,1060,31.941,116,False,116,1,4,51.226,65,1,266,48.987,6.226,27.867,Middle order,94.444,5.0,0.0,94.444,5.556,0.0,9.987,8.913,10.866,-1.953,40.147,5.08,2.2,4.566,12.487,5.462,2.446,2.079,3.79,1,5,5.556,27.778,9.0,9.0,218.0,325.0,60.4,30.8,42.8,45.4,44.8
961b8ff1,2019,TP Alsop,Hampshire,2019,14,8,338,630,30.727,150,False,150,1,1,53.651,42,3,186,55.03,7.143,25.983,Middle order,42.857,4.0,14.286,42.857,28.571,14.286,9.906,5.357,14.038,-8.681,25.74,6.02,2.198,7.286,17.621,6.516,2.313,2.492,1.905,2,3,14.286,21.429,5.0,9.0,87.0,251.0,59.7,30.7,70.7,35.1,49.1
3987e390,2017,MJ Leach,Somerset,2017,14,10,179,433,19.889,52,False,52,0,1,41.339,23,2,104,58.101,5.774,18.382,Lower order,92.857,10.0,0.0,0.0,7.143,92.857,5.172,6.159,4.283,1.875,56.425,2.178,2.192,1.838,5.306,2.306,2.3,3.418,0.348,0,2,0.0,14.286,6.0,8.0,101.0,78.0,23.4,30.6,18.9,24.8,24.4
90f47cf2,2021,MH Wessels,Worcestershire,2021,10,7,202,433,20.2,60,False,60,0,2,46.651,29,0,116,57.426,6.697,21.287,All-rounder / keeper,100.0,6.0,0.0,0.0,100.0,0.0,7.362,5.75,8.025,-2.275,22.772,2.881,2.188,1.77,5.438,3.055,2.3,2.251,2.188,0,1,0.0,10.0,2.0,8.0,46.0,156.0,39.0,30.6,18.9,17.6,26.5
2ed569a0,2026,RD Chahar,Surrey,2026,7,4,68,128,11.333,36,False,36,0,0,53.125,7,4,52,76.471,8.594,13.675,Lower order,71.429,10.0,0.0,28.571,0.0,71.429,4.187,2.222,4.579,-2.357,8.824,1.948,2.185,1.669,3.421,2.088,2.359,1.117,3.252,0,0,0.0,0.0,2.0,5.0,6.0,62.0,18.3,30.5,18.9,5.8,18.4
c672e80e,2026,J Clark,Surrey,2026,11,8,246,373,24.6,71,False,71,0,2,65.952,25,4,124,50.407,7.775,35.465,Lower order,90.909,8.0,0.0,0.0,9.091,90.909,6.578,5.588,8.309,-2.721,54.065,2.49,2.177,2.124,5.059,2.652,2.328,0.719,4.225,0,3,0.0,27.273,6.0,5.0,133.0,113.0,32.8,30.4,18.9,44.3,31.6
cad00a4d,2017,RR Rossouw,Hampshire,2017,11,7,240,383,21.818,99,False,99,0,1,62.663,37,1,154,64.167,9.922,24.928,Middle order,90.909,3.0,0.0,90.909,9.091,0.0,7.509,10.952,5.269,5.684,57.5,3.601,2.159,3.576,9.235,3.749,2.256,4.059,1.252,2,4,18.182,36.364,4.0,7.0,138.0,102.0,39.5,30.4,82.2,63.9,54.0
dc670143,2014,NJ Dexter,Middlesex,2014,17,10,404,968,26.933,163,True,163*,1,1,41.736,51,5,234,57.921,5.785,18.64,Middle order,76.471,5.0,0.0,76.471,23.529,0.0,8.051,7.804,8.166,-0.362,30.693,4.039,2.143,4.744,16.267,4.233,2.219,3.122,1.865,1,2,5.882,11.765,5.0,12.0,124.0,280.0,44.0,30.3,44.1,20.9,34.8
8af86756,2023,BC Brown,Hampshire,2023,22,14,501,1055,23.857,95,False,95,0,3,47.488,64,1,262,52.295,6.161,24.141,All-rounder / keeper,54.545,6.0,0.0,45.455,54.545,0.0,8.595,7.981,8.993,-1.012,36.527,4.298,2.134,4.143,12.342,4.572,2.267,1.673,2.498,2,9,9.091,40.909,10.0,12.0,183.0,318.0,48.2,30.3,53.1,72.2,51.0
f939ffa9,2016,RC Davies,Somerset,2016,19,13,380,562,21.111,86,False,86,0,3,67.616,43,10,232,61.053,9.431,29.077,Lower order,84.211,8.0,0.0,5.263,10.526,84.211,6.908,9.157,5.557,3.6,49.737,3.517,2.128,3.535,11.611,3.678,2.28,3.27,1.584,1,6,5.263,31.579,9.0,10.0,189.0,191.0,35.5,30.2,41.8,52.8,40.1
b3544c5d,2025,BA Hutton,Nottinghamshire,2025,16,11,297,478,22.846,71,False,71,0,1,62.134,32,8,176,59.259,8.368,27.626,Lower order,100.0,9.0,0.0,0.0,0.0,100.0,4.997,1.826,7.509,-5.683,16.162,2.524,2.119,2.54,7.547,2.701,2.27,0.447,3.131,0,3,0.0,18.75,7.0,9.0,48.0,249.0,22.6,30.1,18.9,31.7,25.8
8f2dfebf,2021,MD Fisher,Yorkshire,2021,6,4,49,130,12.25,17,False,17,0,0,37.692,5,0,20,40.816,3.846,23.2,Lower order,83.333,9.0,0.0,16.667,0.0,83.333,3.936,5.253,2.949,2.304,57.143,1.809,2.119,0.963,2.573,1.938,2.285,2.456,1.163,0,0,0.0,0.0,3.0,3.0,28.0,21.0,16.1,30.1,18.9,5.8,17.7
8d92a2c3,2014,MA Wood,Durham,2014,10,6,120,276,15.0,20,True,20*,0,0,43.478,19,0,76,63.333,6.884,17.121,Lower order,90.0,9.0,0.0,0.0,10.0,90.0,4.357,4.93,4.101,0.829,35.0,2.305,2.117,1.574,4.365,2.444,2.254,2.638,2.117,0,1,0.0,10.0,3.0,7.0,42.0,78.0,19.0,30.0,18.9,17.6,21.4
f54dbda7,2025,WMH Rhodes,Durham,2025,13,9,360,712,30.0,151,True,151*,1,1,50.562,43,3,190,52.778,6.461,25.526,Middle order,61.538,5.0,0.0,61.538,38.462,0.0,8.819,11.034,6.953,4.081,57.222,4.257,2.111,4.528,14.505,4.456,2.256,1.864,2.111,0,4,0.0,30.769,5.0,8.0,206.0,154.0,50.2,29.9,18.9,51.5,37.6
ad46c747,2017,DM Bess,Somerset,2017,7,5,104,180,17.333,55,False,55,0,1,57.778,15,0,60,57.692,8.333,26.667,Lower order,100.0,9.0,0.0,0.0,0.0,100.0,5.74,6.364,4.324,2.04,76.923,2.696,2.109,2.651,7.042,2.833,2.216,2.109,1.625,0,2,0.0,28.571,4.0,3.0,80.0,24.0,26.7,29.8,18.9,47.1,30.6
93e06301,2017,PD Trego,Somerset,2017,7,5,116,236,16.571,48,False,48,0,0,49.153,11,1,50,43.103,5.085,29.464,All-rounder / keeper,100.0,6.0,0.0,0.0,100.0,0.0,6.267,11.421,3.001,8.42,70.69,2.814,2.109,3.309,8.453,3.004,2.216,5.281,0.649,1,1,14.286,14.286,3.0,4.0,82.0,34.0,30.2,29.8,70.7,24.8,38.9
ffdba4e2,2022,BG Charlesworth,Gloucestershire,2022,10,5,208,565,20.8,64,False,64,0,2,36.814,25,0,100,48.077,4.425,20.0,Opener,100.0,1.0,100.0,0.0,0.0,0.0,7.936,3.232,10.791,-7.559,15.385,4.714,2.109,5.414,13.621,5.02,2.219,1.693,6.039,1,3,10.0,30.0,4.0,6.0,32.0,176.0,42.8,29.8,56.5,50.0,44.8
3987e390,2022,MJ Leach,Somerset,2022,8,5,93,206,15.5,34,True,34*,0,0,45.146,8,2,44,47.312,4.854,25.0,Lower order,100.0,10.0,0.0,0.0,0.0,100.0,4.723,4.912,4.228,0.684,75.269,2.312,2.108,1.056,4.077,2.454,2.229,2.024,2.108,0,0,0.0,0.0,6.0,2.0,70.0,23.0,21.1,29.7,18.9,5.8,18.9
9c376401,2015,CS MacLeod,Durham,2015,12,6,158,371,15.8,44,False,44,0,0,42.588,21,2,96,60.759,6.199,17.816,Middle order,58.333,5.0,0.0,58.333,41.667,0.0,5.381,4.447,6.397,-1.949,43.038,2.517,2.107,1.947,5.477,2.673,2.28,2.361,1.854,0,0,0.0,0.0,6.0,6.0,68.0,90.0,24.5,29.6,18.9,5.8,19.7
ec5160d7,2023,J Broad,Northamptonshire,2023,10,6,155,339,19.375,56,True,56*,0,1,45.723,20,0,80,51.613,5.9,23.511,Middle order,60.0,3.0,0.0,60.0,0.0,40.0,5.572,6.53,4.765,1.765,53.548,3.03,2.107,2.516,8.011,3.215,2.265,1.48,2.485,0,2,0.0,20.0,5.0,5.0,83.0,72.0,25.5,29.6,18.9,33.2,26.8
4fd09cfc,2015,G Clark,Durham,2015,6,3,65,187,10.833,36,False,36,0,0,34.759,11,0,44,67.692,5.882,11.932,Opener,100.0,2.0,100.0,0.0,0.0,0.0,4.53,0.0,6.311,-6.311,0.0,2.07,2.097,2.057,4.114,2.199,2.203,0.0,3.105,0,0,0.0,0.0,2.0,4.0,0.0,65.0,20.0,29.5,18.9,5.8,18.6
33a6488e,2025,AM Vaughan,Somerset,2025,23,14,389,797,20.474,80,False,80,0,1,48.808,59,0,236,60.668,7.403,20.732,Opener,56.522,2.0,56.522,0.0,34.783,8.696,5.899,5.677,6.114,-0.437,47.301,3.004,2.089,2.507,8.615,3.204,2.182,2.297,1.88,1,5,4.348,21.739,10.0,13.0,184.0,205.0,27.4,29.4,38.9,35.5,32.8
8d1dad51,2014,A Javid,Warwickshire,2014,10,6,108,363,13.5,28,False,28,0,0,29.752,8,0,32,29.63,2.204,21.408,Middle order,90.0,5.0,0.0,90.0,10.0,0.0,4.722,4.897,4.541,0.356,52.778,2.046,2.079,1.789,4.64,2.142,2.201,2.657,1.501,0,2,0.0,20.0,4.0,6.0,57.0,51.0,21.0,29.4,18.9,33.2,25.6
a790df98,2026,S Snater,Essex,2026,19,13,249,434,15.562,37,True,37*,0,0,57.373,26,11,170,68.273,8.525,19.899,Lower order,100.0,9.0,0.0,0.0,0.0,100.0,5.264,6.619,4.05,2.569,59.438,2.256,2.077,1.745,5.057,2.381,2.229,3.026,1.757,0,2,0.0,10.526,10.0,9.0,148.0,101.0,23.8,29.3,18.9,18.4,22.6
06c2de82,2015,L Gregory,Somerset,2015,19,11,242,558,13.444,32,False,32,0,0,43.369,35,2,152,62.81,6.631,17.274,Lower order,78.947,8.0,0.0,0.0,21.053,78.947,4.928,2.511,8.433,-5.922,30.165,2.546,2.076,1.877,5.93,2.723,2.211,1.181,3.562,1,4,5.263,21.053,9.0,10.0,73.0,169.0,22.3,29.3,41.8,34.6,32.0
70b8fd28,2021,A Lyth,Yorkshire,2021,7,4,185,500,26.429,153,False,153,1,0,37.0,25,0,100,54.054,5.0,17.895,Opener,100.0,1.0,100.0,0.0,0.0,0.0,11.882,2.814,16.602,-13.787,8.108,5.218,2.075,7.747,16.72,5.552,2.224,1.349,9.086,1,2,14.286,28.571,3.0,4.0,15.0,170.0,75.9,29.2,70.7,47.1,55.7
cf73ad76,2015,JEC Franklin,Middlesex,2015,27,15,667,1467,27.792,135,False,135,2,3,45.467,81,3,342,51.274,5.726,23.5,Middle order,55.556,5.0,0.0,55.556,44.444,0.0,9.316,10.734,7.862,2.872,58.321,4.233,2.072,5.595,20.639,4.494,2.149,2.072,1.495,4,6,14.815,22.222,13.0,14.0,389.0,278.0,54.6,29.1,72.5,36.3,48.1
65b6943c,2015,L Wood,Nottinghamshire,2015,16,10,420,630,30.0,100,False,100,1,2,66.667,56,8,272,64.762,10.159,26.148,Lower order,87.5,9.0,0.0,0.0,12.5,87.5,9.083,11.42,6.465,4.955,66.429,4.768,2.07,5.558,18.28,5.156,2.18,1.466,2.675,3,6,18.75,37.5,8.0,8.0,279.0,141.0,52.2,29.1,83.2,65.8,57.6
e734d090,2025,CN Ackermann,Durham,2025,20,12,607,1247,31.947,124,False,124,2,3,48.677,77,1,314,51.73,6.255,25.064,Middle order,85.0,4.0,0.0,85.0,15.0,0.0,10.592,9.82,11.505,-1.685,50.247,4.334,2.064,5.169,17.978,4.605,2.186,4.923,1.766,5,6,25.0,30.0,10.0,10.0,305.0,302.0,65.5,29.0,92.5,50.0,59.2
e94915e6,2018,SM Curran,Surrey,2018,10,7,209,343,23.222,70,False,70,0,1,60.933,30,1,126,60.287,9.038,26.603,All-rounder / keeper,100.0,7.0,0.0,0.0,100.0,0.0,6.189,5.446,7.245,-1.799,51.675,3.123,2.062,2.721,6.993,3.373,2.163,1.992,2.062,0,1,0.0,10.0,6.0,4.0,108.0,101.0,29.6,28.9,18.9,17.6,23.8
8d1dad51,2015,A Javid,Warwickshire,2015,6,4,64,184,10.667,27,False,27,0,0,34.783,7,0,28,43.75,3.804,20.339,Opener,66.667,2.0,66.667,33.333,0.0,0.0,3.439,0.0,5.124,-5.124,0.0,1.983,2.06,1.661,3.811,2.212,2.244,0.0,2.763,0,1,0.0,16.667,1.0,5.0,0.0,64.0,13.1,28.9,18.9,28.6,22.4
5bfdc77a,2022,James Bracey,Gloucestershire,2022,27,14,702,1469,27.0,177,False,177,2,3,47.788,82,4,352,50.142,5.854,25.307,Middle order,100.0,3.0,0.0,100.0,0.0,0.0,9.836,11.827,7.911,3.916,59.117,4.787,2.059,5.309,15.489,5.157,2.19,5.128,1.801,5,7,18.519,25.926,13.0,14.0,415.0,287.0,59.2,28.8,82.8,41.8,53.2
c96f6ac5,2019,PWA Mulder,Kent,2019,6,3,114,207,28.5,68,True,68*,0,1,55.072,15,0,60,52.632,7.246,28.125,All-rounder / keeper,100.0,7.0,0.0,0.0,100.0,0.0,6.613,7.208,4.68,2.528,83.333,3.146,2.054,2.036,5.495,3.379,2.202,3.692,2.054,0,1,0.0,16.667,4.0,2.0,95.0,19.0,33.3,28.8,18.9,28.6,27.4
170f716c,2017,AJ Mellor,Warwickshire,2017,6,3,59,186,9.833,18,False,18,0,0,31.72,9,0,36,61.017,4.839,12.994,Opener,66.667,2.0,66.667,0.0,33.333,0.0,5.571,4.455,7.064,-2.609,45.763,2.503,2.053,0.89,3.528,2.626,2.16,1.991,3.528,0,1,0.0,16.667,4.0,2.0,27.0,32.0,25.5,28.7,18.9,28.6,25.4
acee4cc4,2016,Imran Tahir,Nottinghamshire,2016,12,7,127,238,15.875,25,False,25,0,0,53.361,12,4,72,56.693,6.723,24.775,Lower order,100.0,10.0,0.0,0.0,0.0,100.0,4.33,4.44,4.084,0.356,70.866,1.692,2.05,1.007,3.205,1.8,2.189,2.116,1.356,0,1,0.0,8.333,7.0,5.0,90.0,37.0,18.8,28.6,18.9,15.5,20.5
e9987a94,2016,C Overton,Somerset,2016,19,13,435,618,25.588,138,False,138,1,0,70.388,56,12,296,68.046,11.003,25.273,Lower order,73.684,8.0,0.0,0.0,26.316,73.684,6.921,8.358,5.586,2.772,58.161,3.663,2.037,3.919,11.705,3.839,2.113,1.515,3.932,2,6,10.526,31.579,10.0,9.0,253.0,182.0,35.7,28.6,58.4,52.8,43.9
eba6a852,2021,SCJ Broad,Nottinghamshire,2021,7,4,87,104,12.429,41,False,41,0,0,83.654,12,2,60,68.966,13.462,30.0,Lower order,100.0,9.0,0.0,0.0,0.0,100.0,4.405,7.36,2.145,5.215,72.414,2.86,2.033,2.606,6.656,3.055,2.214,4.359,1.36,0,0,0.0,0.0,3.0,4.0,63.0,24.0,19.5,28.5,18.9,5.8,18.2
5fed6272,2019,CN Miles,Warwickshire,2019,8,4,77,187,11.0,27,False,27,0,0,41.176,11,0,44,57.143,5.882,18.75,Lower order,75.0,8.0,0.0,25.0,0.0,75.0,4.083,2.169,6.1,-3.931,27.273,1.948,2.033,1.159,3.008,2.101,2.164,0.96,2.936,0,0,0.0,0.0,4.0,4.0,21.0,56.0,17.4,28.4,18.9,5.8,17.6
cd143bca,2021,J Leach,Worcestershire,2021,13,9,228,486,25.333,84,False,84,0,1,46.914,22,4,112,49.123,5.35,25.217,Lower order,100.0,10.0,0.0,0.0,0.0,100.0,6.137,8.018,4.424,3.594,62.281,2.672,2.028,2.703,8.861,2.841,2.259,2.622,1.333,0,2,0.0,15.385,5.0,8.0,142.0,86.0,29.3,28.4,18.9,26.4,25.8
b21ed464,2017,SA Patterson,Yorkshire,2017,11,7,164,408,23.429,44,True,44*,0,0,40.196,24,0,96,58.537,5.882,17.708,Lower order,90.909,9.0,0.0,9.091,0.0,90.909,6.542,8.994,5.086,3.908,51.22,2.598,2.028,1.653,4.767,2.768,2.134,4.498,1.929,1,4,9.091,36.364,4.0,7.0,84.0,80.0,32.5,28.3,53.1,63.9,44.4
270e4c23,2026,MS Pepper,Essex,2026,16,11,197,355,13.133,35,False,35,0,0,55.493,27,0,108,54.822,7.606,27.134,All-rounder / keeper,81.25,7.0,0.0,0.0,81.25,18.75,4.772,4.472,5.084,-0.612,47.716,2.007,2.023,1.196,4.076,2.115,2.125,2.214,1.437,0,2,0.0,12.5,9.0,7.0,94.0,103.0,21.5,28.2,18.9,22.3,22.7
4c0f3806,2025,BA Raine,Durham,2025,20,13,468,650,26.0,101,False,101,1,1,72.0,52,10,268,57.265,9.538,34.014,Lower order,90.0,8.0,0.0,0.0,10.0,90.0,7.931,5.456,11.449,-5.992,40.385,3.784,2.022,3.885,11.81,3.943,2.181,1.153,3.192,4,5,20.0,25.0,10.0,10.0,189.0,279.0,42.7,28.2,85.2,40.4,49.1
a790df98,2024,S Snater,Essex,2024,18,14,407,523,33.917,83,True,83*,0,3,77.82,43,9,226,55.528,9.943,38.429,Lower order,100.0,9.0,0.0,0.0,0.0,100.0,6.804,4.422,9.07,-4.648,31.695,3.557,2.02,4.29,16.274,3.732,2.144,0.963,3.828,1,5,5.556,27.778,8.0,10.0,129.0,278.0,34.7,28.1,42.8,45.4,37.8
59559bc2,2018,J Overton,Somerset,2018,12,8,197,250,19.7,55,False,55,0,1,78.8,33,3,150,76.142,14.4,21.963,Lower order,100.0,9.0,0.0,0.0,0.0,100.0,6.292,5.526,6.621,-1.095,26.396,2.86,2.009,2.349,7.051,3.002,2.07,1.291,2.728,0,2,0.0,16.667,5.0,7.0,52.0,145.0,30.4,28.1,18.9,28.6,26.5
0f721006,2024,JO Holder,Worcestershire,2024,6,5,186,233,37.2,123,True,123*,1,0,79.828,15,8,108,58.065,9.871,37.143,All-rounder / keeper,66.667,7.0,0.0,0.0,66.667,33.333,8.304,3.749,11.403,-7.654,18.28,3.342,2.005,4.145,10.504,3.591,2.165,1.634,2.935,1,1,16.667,16.667,3.0,3.0,34.0,152.0,46.1,28.0,78.4,28.6,45.3
3f61a062,2021,BTJ Wheal,Hampshire,2021,8,4,79,337,19.75,46,True,46*,0,0,23.442,9,0,36,45.57,2.671,13.11,Lower order,100.0,10.0,0.0,0.0,0.0,100.0,5.298,2.016,8.568,-6.551,18.987,2.62,2.004,2.455,6.037,2.798,2.16,0.889,4.352,0,1,0.0,12.5,4.0,4.0,15.0,64.0,23.9,27.9,18.9,22.3,23.2
344c6d55,2026,JJ Carson,Sussex,2026,19,12,455,808,25.278,105,False,105,1,1,56.312,56,5,254,55.824,7.55,26.908,Lower order,84.211,8.0,0.0,15.789,0.0,84.211,8.256,6.026,9.62,-3.594,27.692,3.475,2.002,3.463,12.028,3.724,2.135,2.002,3.47,3,5,15.789,26.316,7.0,12.0,126.0,329.0,45.5,27.9,75.0,42.3,47.7
5899dceb,2022,CT Steel,Surrey,2022,7,5,128,379,18.286,48,False,48,0,0,33.773,13,0,52,40.625,3.43,20.765,All-rounder / keeper,71.429,6.0,0.0,28.571,71.429,0.0,6.299,0.767,8.913,-8.146,3.906,2.445,1.998,2.415,5.817,2.636,2.17,0.26,3.89,1,2,14.286,28.571,2.0,5.0,5.0,123.0,30.6,27.8,70.7,47.1,44.1
bf814547,2026,K Verreynne,Nottinghamshire,2026,15,10,368,736,28.308,115,False,115,1,0,50.0,40,0,160,43.478,5.435,29.885,All-rounder / keeper,93.333,6.0,0.0,6.667,93.333,0.0,7.086,7.961,6.011,1.95,61.957,3.622,1.995,3.515,11.529,3.823,2.088,3.125,1.995,1,4,6.667,26.667,8.0,7.0,228.0,140.0,37.2,27.7,46.3,43.0,38.6
2344bdd1,2019,SR Dickson,Kent,2019,19,10,535,1145,28.158,161,False,161,2,1,46.725,65,0,260,48.598,5.677,25.463,Opener,100.0,1.0,100.0,0.0,0.0,0.0,10.378,14.91,5.486,9.424,74.579,4.642,1.994,5.661,16.044,4.98,2.129,1.501,2.054,3,5,15.789,26.316,9.0,10.0,399.0,136.0,63.7,27.7,75.0,42.3,52.2
867a45a7,2025,TAI Taylor,Worcestershire,2025,26,14,335,698,16.75,66,True,66*,0,1,47.994,42,2,180,53.731,6.304,23.7,Lower order,84.615,9.0,0.0,0.0,15.385,84.615,5.191,6.204,4.444,1.761,50.746,2.635,1.991,2.447,7.445,2.766,2.056,2.159,1.299,1,2,3.846,7.692,14.0,12.0,170.0,165.0,23.5,27.6,37.9,14.9,26.0
ad46c747,2025,DM Bess,Yorkshire,2025,19,13,354,596,22.125,107,False,107,1,1,59.396,46,2,196,55.367,8.054,28.832,Lower order,78.947,8.0,10.526,5.263,5.263,78.947,6.087,6.716,4.916,1.8,71.751,2.636,1.987,3.175,10.983,2.786,2.048,2.397,0.318,1,2,5.263,10.526,11.0,8.0,254.0,100.0,28.9,27.6,41.8,18.4,29.2
a9da7784,2022,KJ Abbott,Hampshire,2022,18,12,233,333,15.533,57,True,57*,0,1,69.97,29,6,152,65.236,10.511,27.181,Lower order,88.889,10.0,0.0,11.111,0.0,88.889,4.522,4.941,3.776,1.165,69.957,2.126,1.98,2.256,7.161,2.292,2.108,2.063,0.093,0,2,0.0,11.111,11.0,7.0,163.0,70.0,19.9,27.5,18.9,19.6,21.5
fdb8ed0d,2017,SD Parry,Lancashire,2017,15,12,272,599,18.133,44,False,44,0,0,45.409,40,0,160,58.824,6.678,20.036,Lower order,93.333,9.0,0.0,6.667,0.0,93.333,6.122,6.368,5.627,0.741,69.485,2.763,1.979,2.208,7.114,2.938,2.054,3.69,1.613,1,2,6.667,13.333,8.0,7.0,189.0,83.0,29.1,27.4,46.3,23.6,31.6
6c908ffc,2016,CJC Wright,Warwickshire,2016,15,9,207,438,15.923,45,False,45,0,0,47.26,28,2,124,59.903,6.849,20.343,Lower order,73.333,10.0,0.0,26.667,0.0,73.333,6.007,7.386,5.115,2.271,48.309,2.872,1.974,2.717,9.294,3.079,2.076,3.276,1.916,0,4,0.0,26.667,7.0,8.0,100.0,107.0,28.2,27.4,18.9,43.0,29.4
dddc811c,2015,TD Groenewald,Somerset,2015,16,8,142,242,10.143,34,False,34,0,0,58.678,14,5,86,60.563,7.851,25.112,Lower order,100.0,10.0,0.0,0.0,0.0,100.0,3.788,2.704,4.842,-2.138,35.211,1.961,1.973,1.104,3.89,2.087,2.088,1.7,2.439,0,0,0.0,0.0,6.0,10.0,50.0,92.0,15.7,27.3,18.9,5.8,16.9
a37b5c0a,2022,BO Coad,Yorkshire,2022,9,5,146,227,24.333,69,False,69,0,1,64.317,20,2,92,63.014,9.692,26.341,Lower order,100.0,10.0,0.0,0.0,0.0,100.0,7.833,9.247,5.14,4.107,77.397,3.611,1.97,4.268,11.125,3.876,2.038,1.97,1.875,1,2,11.111,22.222,6.0,3.0,113.0,33.0,41.7,27.2,60.5,36.3,41.4
fe0c5457,2026,H Hameed,Nottinghamshire,2026,21,12,542,1081,28.526,115,False,115,2,1,50.139,65,2,272,50.185,6.198,26.627,Opener,100.0,1.0,100.0,0.0,0.0,0.0,8.672,8.639,8.72,-0.08,59.041,4.266,1.964,4.843,14.889,4.475,2.085,1.964,2.974,2,8,9.524,38.095,12.0,9.0,320.0,222.0,48.9,27.2,54.8,67.0,49.5
a510bdd3,2026,EG Barnard,Warwickshire,2026,18,13,591,939,34.765,165,False,165,1,4,62.939,71,9,338,57.191,8.52,29.453,All-rounder / keeper,100.0,6.0,0.0,0.0,100.0,0.0,11.038,5.533,15.711,-10.178,23.012,4.495,1.961,4.196,12.941,4.828,2.066,1.928,5.55,2,5,11.111,27.778,9.0,9.0,136.0,455.0,69.5,27.1,60.5,45.4,50.6
05d74535,2015,Saeed Ajmal,Worcestershire,2015,12,7,162,239,16.2,37,False,37,0,0,67.782,26,1,110,67.901,11.297,24.528,Lower order,100.0,10.0,0.0,0.0,0.0,100.0,4.95,4.754,5.191,-0.437,53.086,2.269,1.961,1.142,4.177,2.408,2.097,2.136,1.826,0,1,0.0,8.333,7.0,5.0,86.0,76.0,22.5,27.1,18.9,15.5,21.0
b9877635,2024,TE Bailey,Lancashire,2024,18,12,210,462,13.125,31,False,31,0,0,45.455,22,1,94,44.762,4.978,26.424,Lower order,100.0,9.0,0.0,0.0,0.0,100.0,4.591,3.221,5.673,-2.452,30.952,2.115,1.96,1.135,4.444,2.255,2.094,1.627,2.521,0,2,0.0,11.111,9.0,9.0,65.0,145.0,20.3,27.0,18.9,19.6,21.4
60938c83,2015,AJ Hodd,Yorkshire,2015,9,6,150,277,21.429,54,True,54*,0,1,54.152,19,0,76,50.667,6.859,28.682,All-rounder / keeper,66.667,6.0,33.333,0.0,66.667,0.0,5.359,8.526,3.228,5.298,64.0,2.344,1.959,1.804,5.603,2.501,2.086,4.271,1.457,1,1,11.111,11.111,4.0,5.0,96.0,54.0,24.4,26.9,60.5,19.6,32.8
a6c17509,2024,TE Albert,Hampshire,2024,12,8,388,895,32.333,124,False,124,2,1,43.352,43,4,196,50.515,5.251,22.642,Opener,100.0,1.0,100.0,0.0,0.0,0.0,9.144,12.086,5.376,6.709,74.227,5.621,1.955,6.105,14.385,5.823,2.081,7.466,0.971,1,3,8.333,25.0,6.0,6.0,288.0,100.0,52.8,26.9,50.4,40.4,42.6
ba9258a7,2021,TB Abell,Somerset,2021,8,4,76,230,9.5,35,False,35,0,0,33.043,11,0,44,57.895,4.783,14.612,Middle order,75.0,3.5,25.0,75.0,0.0,0.0,5.033,6.647,3.667,2.98,60.526,2.539,1.954,2.717,6.25,2.697,2.085,3.125,1.954,1,1,12.5,12.5,4.0,4.0,46.0,30.0,22.8,26.7,65.1,22.3,34.2
c16d4035,2023,SW Billings,Kent,2023,10,6,92,224,9.2,31,False,31,0,0,41.071,9,2,48,52.174,4.911,20.657,All-rounder / keeper,60.0,6.0,0.0,30.0,60.0,10.0,4.402,6.863,2.474,4.388,68.478,1.959,1.954,1.726,4.264,2.097,2.108,3.456,1.682,0,1,0.0,10.0,4.0,6.0,63.0,29.0,19.4,26.8,18.9,17.6,20.7
57330536,2016,AJ Hickey,Durham,2016,6,3,64,156,21.333,36,True,36*,0,0,41.026,6,2,36,56.25,5.128,18.919,Lower order,100.0,8.5,0.0,0.0,0.0,100.0,4.852,,4.852,,0.0,2.628,1.953,2.334,5.225,2.727,2.098,,1.953,1,1,16.667,16.667,,6.0,,64.0,21.7,26.7,78.4,28.6,38.8
f1ba9ed7,2014,JAR Harris,Middlesex,2014,7,4,98,277,19.6,41,True,41*,0,0,35.379,14,0,56,57.143,5.054,15.97,Lower order,85.714,8.0,14.286,0.0,0.0,85.714,6.121,3.495,6.916,-3.422,13.265,2.987,1.95,3.437,7.935,3.166,2.091,1.419,2.481,0,2,0.0,28.571,1.0,6.0,13.0,85.0,29.1,26.6,18.9,47.1,30.4
1917d713,2025,Hamza Shaikh,Warwickshire,2025,8,4,113,303,14.125,28,False,28,0,0,37.294,18,0,72,63.717,5.941,14.386,Middle order,100.0,3.0,0.0,100.0,0.0,0.0,5.825,8.894,3.52,5.374,65.487,3.197,1.945,2.985,7.644,3.462,2.063,4.716,1.679,0,3,0.0,37.5,4.0,4.0,74.0,39.0,26.9,26.6,18.9,65.8,34.6
97905e64,2023,RS Patel,Surrey,2023,9,7,125,338,15.625,37,True,37*,0,0,36.982,18,0,72,57.6,5.325,16.562,Middle order,100.0,3.0,0.0,100.0,0.0,0.0,4.949,5.828,4.01,1.818,60.8,2.294,1.944,1.768,4.656,2.453,2.064,1.619,2.603,1,1,11.111,11.111,5.0,4.0,76.0,49.0,22.4,26.5,60.5,19.6,32.2
6a2fadd0,2016,MW Pillans,Surrey,2016,6,4,73,127,14.6,34,True,34*,0,0,57.48,11,0,44,60.274,8.661,25.0,Lower order,100.0,10.0,0.0,0.0,0.0,100.0,5.218,5.007,5.429,-0.421,47.945,2.167,1.934,1.643,4.224,2.299,2.009,1.934,2.401,0,0,0.0,0.0,2.0,4.0,35.0,38.0,23.6,26.4,18.9,5.8,18.7
d48c0f40,2023,LA Patterson-White,Nottinghamshire,2023,7,5,70,233,10.0,15,False,15,0,0,30.043,9,0,36,51.429,3.863,15.179,Lower order,71.429,8.0,0.0,0.0,28.571,71.429,3.704,3.41,3.976,-0.565,44.286,1.89,1.931,0.928,3.093,2.048,2.047,1.736,1.931,0,0,0.0,0.0,3.0,4.0,31.0,39.0,15.0,26.4,18.9,5.8,16.5
ee6ebf47,2025,K Smith,Warwickshire,2025,13,9,375,628,31.25,79,False,79,0,3,59.713,49,4,220,58.667,8.439,26.957,All-rounder / keeper,61.538,7.0,0.0,0.0,61.538,38.462,9.403,10.669,8.502,2.168,47.2,3.557,1.93,3.869,10.586,3.772,2.066,2.135,1.821,2,4,15.385,30.769,6.0,7.0,177.0,198.0,55.6,26.3,73.9,51.5,51.8
01f857ae,2026,MJ Killeen,Essex,2026,6,3,44,105,8.8,18,False,18,0,0,41.905,5,0,20,45.455,4.762,24.0,Lower order,100.0,10.0,0.0,0.0,0.0,100.0,4.131,3.969,4.577,-0.608,70.455,2.013,1.929,0.709,2.761,2.143,2.07,2.055,1.929,0,2,0.0,33.333,4.0,2.0,31.0,13.0,17.7,26.2,18.9,56.8,29.9
867a45a7,2023,TAI Taylor,Northamptonshire,2023,17,10,288,488,16.941,66,False,66,0,2,59.016,38,2,164,56.944,8.197,27.679,Lower order,94.118,8.0,0.0,0.0,5.882,94.118,7.006,5.6,8.483,-2.883,40.972,3.365,1.929,3.287,9.649,3.622,2.089,2.003,1.55,0,6,0.0,35.294,9.0,8.0,118.0,170.0,36.5,26.2,18.9,61.6,35.8
65b6943c,2022,L Wood,Lancashire,2022,10,8,188,400,18.8,50,False,50,0,1,47.0,25,0,100,53.191,6.25,23.467,Lower order,70.0,8.0,0.0,0.0,30.0,70.0,5.361,4.05,6.912,-2.861,40.957,2.594,1.926,2.427,6.612,2.793,2.075,1.395,2.398,0,2,0.0,20.0,6.0,4.0,77.0,111.0,24.4,26.1,18.9,33.2,25.6
d3868bd0,2018,JH Davey,Somerset,2018,17,11,206,421,18.727,36,False,36,0,0,48.931,23,3,110,53.398,6.176,24.304,Lower order,100.0,10.0,0.0,0.0,0.0,100.0,4.561,5.369,3.953,1.416,50.485,2.05,1.925,1.14,4.506,2.172,2.062,1.925,1.752,1,2,5.882,11.765,8.0,9.0,104.0,102.0,20.2,26.1,44.1,20.9,27.8
ad46c747,2021,DM Bess,Yorkshire,2021,7,4,89,223,12.714,54,False,54,0,1,39.91,8,0,32,35.955,3.587,26.512,All-rounder / keeper,71.429,7.0,0.0,0.0,71.429,28.571,5.716,2.814,7.227,-4.412,16.854,2.694,1.923,2.284,6.034,2.941,2.04,1.307,4.082,1,2,14.286,28.571,3.0,4.0,15.0,74.0,26.3,26.0,70.7,47.1,42.5
8305580c,2017,MA Carberry,Hampshire,2017,9,6,204,566,22.667,98,False,98,0,1,36.042,27,3,126,61.765,5.3,14.552,Opener,100.0,1.0,100.0,0.0,0.0,0.0,7.567,7.528,7.609,-0.08,51.961,3.431,1.921,3.672,9.142,3.585,2.037,0.553,2.076,0,2,0.0,22.222,3.0,6.0,106.0,98.0,39.9,25.9,18.9,36.3,30.2
a9da7784,2025,KJ Abbott,Hampshire,2025,21,14,296,296,18.5,67,False,67,0,1,100.0,39,10,216,72.973,16.554,32.389,Lower order,100.0,10.0,0.0,0.0,0.0,100.0,5.562,2.035,8.586,-6.551,16.892,2.181,1.92,2.295,8.586,2.283,1.977,0.384,2.763,1,4,4.762,19.048,9.0,12.0,50.0,246.0,25.4,25.9,40.1,32.0,30.8
d86f6c69,2015,GP Smith,Nottinghamshire,2015,6,3,60,148,10.0,14,False,14,0,0,40.541,6,0,24,40.0,4.054,25.352,Middle order,66.667,3.0,0.0,66.667,33.333,0.0,4.172,4.415,3.833,0.582,61.667,2.125,1.913,0.777,2.987,2.305,2.019,2.231,1.913,0,0,0.0,0.0,4.0,2.0,37.0,23.0,18.2,25.8,18.9,5.8,17.2
1c513d54,2014,LJ Evans,Warwickshire,2014,12,7,127,386,10.583,24,False,24,0,0,32.902,19,0,76,59.843,4.922,13.896,Middle order,83.333,3.0,16.667,83.333,0.0,0.0,4.028,3.361,4.58,-1.218,37.795,2.097,1.91,1.548,5.055,2.225,2.026,1.696,2.231,0,2,0.0,16.667,5.0,7.0,48.0,79.0,16.9,25.7,18.9,28.6,22.5
e423d162,2019,LJ Fletcher,Nottinghamshire,2019,20,11,194,617,10.211,25,True,25*,0,0,31.442,23,3,110,56.701,4.214,14.213,Lower order,85.0,9.0,0.0,10.0,5.0,85.0,4.735,3.962,5.278,-1.316,34.536,2.109,1.906,1.407,5.644,2.283,2.056,1.569,1.944,0,4,0.0,20.0,8.0,12.0,67.0,127.0,21.3,25.6,18.9,33.2,24.8
932d3cc9,2026,FJ Hudson-Prentice,Sussex,2026,11,7,227,404,25.222,53,False,53,0,1,56.188,27,1,114,50.22,6.931,30.053,Lower order,90.909,8.0,0.0,0.0,9.091,90.909,6.792,1.893,7.939,-6.047,5.286,2.645,1.906,2.443,5.456,2.825,2.058,0.547,4.712,0,1,0.0,9.091,2.0,9.0,12.0,215.0,34.6,25.7,18.9,16.4,23.9
a790df98,2023,S Snater,Essex,2023,10,6,107,132,10.7,31,False,31,0,0,81.061,10,5,70,65.421,11.364,31.624,Lower order,100.0,9.0,0.0,0.0,0.0,100.0,4.5,3.967,4.736,-0.769,27.103,2.144,1.901,2.052,5.857,2.301,1.996,1.602,1.901,0,1,0.0,10.0,3.0,7.0,29.0,78.0,19.8,25.5,18.9,17.6,20.4
e423d162,2018,LJ Fletcher,Nottinghamshire,2018,21,12,294,629,14.7,43,False,43,0,0,46.741,39,4,180,61.224,6.836,19.454,Lower order,80.952,9.0,0.0,9.524,9.524,80.952,5.506,5.257,5.76,-0.502,48.299,2.555,1.901,1.971,6.706,2.759,2.002,1.363,2.999,1,2,4.762,9.524,11.0,10.0,142.0,152.0,25.2,25.5,40.1,16.9,26.9
e9987a94,2022,C Overton,Somerset,2022,13,9,200,294,16.667,44,False,44,0,0,68.027,21,4,108,54.0,8.503,34.201,Lower order,84.615,8.0,0.0,0.0,15.385,84.615,5.478,6.943,4.373,2.57,54.5,2.866,1.898,3.179,10.16,3.04,2.004,1.898,2.19,2,4,15.385,30.769,7.0,6.0,109.0,91.0,24.9,25.4,73.9,51.5,43.9
23dee937,2022,GP Balderson,Lancashire,2022,16,11,253,505,19.462,97,False,97,0,1,50.099,29,1,122,48.221,5.941,27.579,All-rounder / keeper,68.75,7.0,31.25,0.0,68.75,0.0,4.873,4.638,5.11,-0.473,47.826,2.466,1.892,3.037,10.85,2.64,1.989,0.767,2.225,1,4,6.25,25.0,6.0,10.0,121.0,132.0,21.8,25.4,45.3,40.4,33.2
e087956b,2016,BA Stokes,Durham,2016,7,5,153,229,21.857,51,False,51,0,1,66.812,19,3,94,61.438,9.607,28.502,Middle order,100.0,5.0,0.0,100.0,0.0,0.0,6.076,6.118,6.026,0.092,54.902,2.836,1.885,2.05,5.302,3.013,1.993,1.885,3.11,0,2,0.0,28.571,4.0,3.0,84.0,69.0,28.7,25.3,18.9,47.1,30.0
a9da7784,2026,KJ Abbott,Hampshire,2026,20,12,205,380,12.812,35,False,35,0,0,53.947,30,1,126,61.463,8.158,22.636,Lower order,100.0,10.0,0.0,0.0,0.0,100.0,4.75,5.65,3.738,1.912,62.927,2.057,1.885,1.474,4.968,2.193,2.049,2.381,1.469,1,2,5.0,10.0,11.0,9.0,129.0,76.0,21.3,25.2,41.0,17.6,26.3
5899dceb,2023,CT Steel,Surrey,2023,10,7,291,565,32.333,141,True,141*,1,1,51.504,33,4,156,53.608,6.549,25.568,All-rounder / keeper,90.0,7.0,0.0,0.0,90.0,10.0,11.201,9.636,11.963,-2.328,28.179,4.26,1.878,5.326,13.522,4.54,2.029,1.069,1.96,1,2,10.0,20.0,3.0,7.0,82.0,209.0,70.8,25.2,56.5,33.2,46.4
3d0ed2f9,2015,JT Ball,Nottinghamshire,2015,20,13,235,253,13.824,49,True,49*,0,0,92.885,31,9,178,75.745,15.81,26.761,Lower order,100.0,10.0,0.0,0.0,0.0,100.0,3.801,4.034,3.516,0.518,58.298,1.745,1.875,1.282,4.55,1.853,1.991,1.875,1.369,0,1,0.0,5.0,11.0,9.0,137.0,98.0,15.8,25.1,18.9,11.9,17.9
b20f423b,2022,SC Kerrigan,Northamptonshire,2022,10,6,140,273,17.5,43,False,43,0,0,51.282,20,2,92,65.714,8.059,19.124,Lower order,90.0,9.0,0.0,10.0,0.0,90.0,4.924,5.263,4.722,0.541,40.0,2.465,1.873,2.079,5.25,2.639,2.009,1.151,2.427,0,2,0.0,20.0,4.0,6.0,56.0,84.0,22.3,25.0,18.9,33.2,24.8
2baad3bd,2024,LW James,Nottinghamshire,2024,19,13,502,1218,35.857,106,True,106*,1,2,41.215,54,0,216,43.028,4.433,24.57,All-rounder / keeper,89.474,7.0,0.0,0.0,89.474,10.526,9.242,9.673,8.658,1.015,60.159,4.13,1.873,4.653,14.366,4.428,1.939,1.873,2.684,2,4,10.526,21.053,10.0,9.0,302.0,200.0,53.6,25.0,58.4,34.6,42.9
42151725,2016,GK Berg,Hampshire,2016,11,9,252,332,28.0,56,False,56,0,1,75.904,33,5,162,64.286,11.446,30.612,Lower order,100.0,8.0,0.0,0.0,0.0,100.0,5.932,5.146,6.414,-1.268,32.937,2.382,1.866,2.365,6.186,2.526,1.952,0.241,3.606,0,1,0.0,9.091,5.0,6.0,83.0,169.0,27.7,24.9,18.9,16.4,22.0
23638956,2024,SR Harmer,Essex,2024,19,14,275,678,16.176,51,False,51,0,1,40.56,28,2,124,45.091,4.425,23.302,Lower order,89.474,8.0,0.0,0.0,10.526,89.474,4.356,5.696,2.936,2.759,67.273,2.342,1.864,2.076,7.311,2.475,1.953,2.452,1.044,0,1,0.0,5.263,9.0,10.0,185.0,90.0,19.0,24.9,18.9,12.1,18.7
a37b5c0a,2025,BO Coad,Yorkshire,2025,11,7,183,274,20.333,89,False,89,0,1,66.788,23,3,110,60.109,9.489,29.435,Lower order,100.0,10.0,0.0,0.0,0.0,100.0,6.297,9.448,1.095,8.353,93.443,2.675,1.854,3.043,8.909,2.848,1.98,3.263,0.301,0,2,0.0,18.182,6.0,5.0,171.0,12.0,30.6,24.8,18.9,31.0,26.3
f1ba9ed7,2015,JAR Harris,Middlesex,2015,25,15,462,1168,23.1,73,False,73,0,3,39.555,66,1,270,58.442,5.736,17.439,Lower order,76.0,9.0,4.0,0.0,20.0,76.0,6.939,6.162,7.821,-1.659,47.186,3.135,1.852,3.338,12.251,3.349,1.953,1.852,2.077,0,7,0.0,28.0,12.0,13.0,218.0,244.0,36.1,24.7,18.9,45.9,31.4
c1f6c27e,2014,G Onions,Durham,2014,6,3,50,90,12.5,23,True,23*,0,0,55.556,7,0,28,56.0,7.778,26.506,Lower order,100.0,10.0,0.0,0.0,0.0,100.0,3.331,3.106,3.592,-0.486,50.0,1.654,1.852,0.435,1.955,1.775,1.975,1.504,1.955,0,0,0.0,0.0,4.0,2.0,25.0,25.0,12.6,24.7,18.9,5.8,15.5
dddc811c,2017,TD Groenewald,Somerset,2017,12,8,133,266,22.167,41,True,41*,0,0,50.0,10,7,82,61.654,6.391,20.482,Lower order,91.667,11.0,0.0,0.0,8.333,91.667,4.884,2.944,6.548,-3.605,27.82,2.045,1.848,1.532,4.461,2.145,1.953,0.62,2.041,0,2,0.0,16.667,4.0,8.0,37.0,96.0,21.8,24.6,18.9,28.6,23.5
249d60c9,2014,AU Rashid,Yorkshire,2014,14,11,301,546,25.083,108,False,108,1,0,55.128,46,0,184,61.13,8.425,23.4,All-rounder / keeper,100.0,7.0,0.0,0.0,100.0,0.0,6.15,3.684,12.891,-9.207,43.854,2.704,1.842,2.661,9.699,2.876,1.923,1.686,4.605,1,1,7.143,7.143,10.0,4.0,132.0,169.0,29.4,24.5,47.5,14.2,28.9
f5821615,2016,JS Patel,Warwickshire,2016,21,15,298,442,18.625,31,False,31,0,0,67.421,35,5,170,57.047,9.05,31.841,Lower order,100.0,9.0,0.0,0.0,0.0,100.0,5.338,6.904,4.14,2.763,56.04,2.333,1.841,1.816,6.456,2.489,1.965,3.493,1.822,0,0,0.0,0.0,10.0,11.0,167.0,131.0,24.2,24.5,18.9,5.8,18.3
f8a63b6f,2026,NRM Thain,Essex,2026,7,5,120,323,17.143,64,False,64,0,1,37.152,19,0,76,63.333,5.882,14.474,All-rounder / keeper,57.143,6.0,0.0,14.286,57.143,28.571,5.545,9.598,4.834,4.763,25.833,2.484,1.839,2.475,5.41,2.641,1.93,4.755,1.047,0,2,0.0,28.571,2.0,5.0,31.0,89.0,25.4,24.4,18.9,47.1,28.9
f3171936,2015,BW Hilfenhaus,Nottinghamshire,2015,6,3,76,143,38.0,28,True,28*,0,0,53.147,9,2,48,63.158,7.692,21.212,Lower order,100.0,9.0,0.0,0.0,0.0,100.0,4.668,1.485,6.556,-5.071,11.842,2.644,1.83,2.34,5.282,2.88,1.932,0.819,3.556,0,1,0.0,16.667,2.0,4.0,9.0,67.0,20.6,24.4,18.9,28.6,23.1
f2397e48,2025,Codi Yusuf,Durham,2025,6,5,112,280,28.0,44,True,44*,0,0,40.0,12,0,48,42.857,4.286,23.881,Lower order,83.333,10.0,0.0,0.0,16.667,83.333,5.372,4.659,6.955,-2.296,59.821,2.228,1.829,2.01,4.422,2.357,1.921,1.829,2.214,0,1,0.0,16.667,4.0,2.0,67.0,45.0,24.5,24.3,18.9,28.6,24.1
8bf61e65,2016,JA Brooks,Yorkshire,2016,20,13,250,399,27.778,48,False,48,0,0,62.657,36,4,168,67.2,10.025,22.841,Lower order,100.0,10.0,0.0,0.0,0.0,100.0,4.224,4.78,3.434,1.346,66.4,2.011,1.828,1.845,6.115,2.139,1.975,2.174,0.408,0,3,0.0,15.0,12.0,8.0,166.0,84.0,18.5,24.2,18.9,25.9,21.9
b0946605,2021,AS Joseph,Worcestershire,2021,8,6,148,242,18.5,61,False,61,0,1,61.157,20,3,98,66.216,9.504,22.831,Lower order,100.0,9.0,0.0,0.0,0.0,100.0,6.399,5.979,6.868,-0.889,49.324,2.587,1.827,2.33,6.435,2.743,1.921,1.465,2.188,0,2,0.0,25.0,3.0,5.0,73.0,75.0,31.3,24.2,18.9,40.4,28.7
cad40f5e,2024,BA Carse,Durham,2024,6,4,168,333,42.0,104,True,104*,1,0,50.45,16,5,94,55.952,6.306,23.718,All-rounder / keeper,50.0,7.5,0.0,0.0,50.0,50.0,8.147,5.028,8.803,-3.775,10.714,3.56,1.824,3.997,9.532,3.725,1.935,1.842,1.805,1,1,16.667,16.667,1.0,5.0,18.0,150.0,45.1,24.1,78.4,28.6,44.1
219cc59e,2021,DY Pennington,Worcestershire,2021,8,6,120,248,24.0,56,False,56,0,1,48.387,16,2,76,63.333,7.258,19.13,Lower order,100.0,11.0,0.0,0.0,0.0,100.0,5.305,4.712,6.04,-1.327,49.167,2.124,1.82,2.114,5.639,2.234,1.921,2.846,0.794,0,1,0.0,12.5,4.0,4.0,59.0,61.0,24.0,24.0,18.9,22.3,22.3
6c6aca89,2016,TS Roland-Jones,Middlesex,2016,14,12,319,402,29.0,79,True,79*,0,2,79.353,27,16,204,63.95,10.697,32.033,Lower order,85.714,9.0,0.0,0.0,14.286,85.714,6.356,5.066,7.192,-2.126,31.348,2.806,1.819,2.517,6.87,2.938,1.934,0.585,3.201,0,2,0.0,14.286,5.0,9.0,100.0,219.0,30.9,24.0,18.9,24.8,24.6
f655d740,2024,CG Harrison,Nottinghamshire,2024,13,9,216,614,18.0,52,False,52,0,1,35.179,28,0,112,51.852,4.56,17.747,Lower order,100.0,8.0,0.0,0.0,0.0,100.0,6.237,8.161,2.758,5.404,84.259,2.46,1.818,2.078,6.077,2.628,1.919,2.789,0.98,0,3,0.0,23.077,8.0,5.0,182.0,34.0,30.0,23.9,18.9,37.5,27.6
b082d112,2023,MR Quinn,Kent,2023,15,9,156,237,12.0,37,False,37,0,0,65.823,23,4,116,74.359,11.392,19.048,Lower order,93.333,10.0,0.0,6.667,0.0,93.333,3.781,5.15,2.653,2.498,61.538,1.642,1.817,1.222,3.641,1.741,1.957,2.097,1.749,0,3,0.0,20.0,6.0,9.0,96.0,60.0,15.5,23.9,18.9,33.2,22.9
9a963804,2015,LE Plunkett,Yorkshire,2015,6,4,75,151,12.5,28,False,28,0,0,49.669,10,0,40,53.333,6.623,24.823,Lower order,100.0,9.0,0.0,0.0,0.0,100.0,3.602,2.96,5.668,-2.708,62.667,1.83,1.816,1.109,2.837,1.95,1.936,0.889,2.837,0,0,0.0,0.0,5.0,1.0,47.0,28.0,14.2,23.8,18.9,5.8,15.7
8f2dfebf,2025,MD Fisher,Surrey,2025,15,11,207,431,18.818,40,False,40,0,0,48.028,29,3,134,64.734,7.425,18.296,Lower order,100.0,10.0,0.0,0.0,0.0,100.0,3.666,2.21,5.354,-3.143,32.367,1.789,1.807,1.424,3.828,1.896,1.961,1.363,2.905,0,0,0.0,0.0,8.0,7.0,67.0,140.0,14.8,23.7,18.9,5.8,15.8
3987e390,2018,MJ Leach,Somerset,2018,16,11,174,441,12.429,66,False,66,0,1,39.456,26,1,110,63.218,6.122,15.459,Lower order,100.0,10.0,0.0,0.0,0.0,100.0,4.14,3.992,4.263,-0.271,43.678,1.759,1.805,1.576,5.546,1.883,1.933,1.877,0.68,1,1,6.25,6.25,8.0,8.0,76.0,98.0,17.8,23.7,45.3,13.2,25.0
c89474d1,2014,TJ Murtagh,Middlesex,2014,14,9,216,293,19.636,42,False,42,0,0,73.72,31,1,130,60.185,10.922,32.95,Lower order,100.0,10.0,0.0,0.0,0.0,100.0,5.446,5.18,5.59,-0.41,33.333,2.305,1.801,1.755,4.829,2.419,1.84,1.528,1.831,0,1,0.0,7.143,4.0,10.0,72.0,144.0,24.6,23.6,18.9,14.2,20.3
c5f40e35,2026,SW Currie,Hampshire,2026,9,5,118,385,16.857,44,True,44*,0,0,30.649,12,0,48,40.678,3.117,18.767,Lower order,100.0,8.0,0.0,0.0,0.0,100.0,6.652,5.027,7.803,-2.776,31.356,2.643,1.799,3.545,8.7,2.814,1.908,2.146,0.222,1,3,11.111,33.333,4.0,5.0,37.0,81.0,33.6,23.5,60.5,56.8,43.6
94db3502,2024,MK O'Riordan,Kent,2024,7,4,86,197,12.286,30,False,30,0,0,43.655,12,0,48,55.814,6.091,20.541,Middle order,57.143,4.0,28.571,57.143,0.0,14.286,4.183,6.139,2.466,3.674,68.605,1.898,1.791,1.309,3.591,2.022,1.931,2.781,1.016,0,1,0.0,14.286,4.0,3.0,59.0,27.0,18.3,23.5,18.9,24.8,21.4
fc63d916,2024,AW Finch,Worcestershire,2024,9,7,121,248,17.286,43,False,43,0,0,48.79,15,3,78,64.463,7.258,18.696,Lower order,88.889,10.0,11.111,0.0,0.0,88.889,4.594,6.045,0.699,5.346,95.868,1.96,1.789,1.374,3.923,2.103,1.917,2.866,0.267,0,1,0.0,11.111,7.0,2.0,116.0,5.0,20.4,23.4,18.9,19.6,20.6
25a42048,2021,T Westley,Essex,2021,14,9,503,1036,38.692,213,False,213,3,0,48.552,72,2,300,59.642,7.143,21.102,Middle order,100.0,3.0,0.0,100.0,0.0,0.0,14.229,23.967,6.422,17.545,74.95,6.087,1.782,7.744,22.256,6.374,1.826,9.15,0.431,1,4,7.143,28.571,6.0,8.0,377.0,126.0,88.5,23.4,47.5,47.1,51.6
90f47cf2,2016,MH Wessels,Nottinghamshire,2016,21,12,489,933,25.737,159,True,159*,1,3,52.412,67,1,274,56.033,7.288,24.855,Middle order,80.952,5.0,0.0,80.952,19.048,0.0,8.376,8.671,7.651,1.019,73.62,3.717,1.769,4.15,13.071,4.01,1.888,2.336,0.552,2,4,9.524,19.048,13.0,8.0,360.0,129.0,46.8,23.3,54.8,32.0,39.2
c834c290,2026,JL Smith,Surrey,2026,9,6,450,764,50.0,166,False,166,2,1,58.901,59,4,260,57.778,8.246,27.104,Middle order,88.889,3.0,0.0,88.889,11.111,0.0,13.006,14.278,11.497,2.781,59.556,5.402,1.762,7.038,17.3,5.725,1.859,0.629,2.895,2,3,22.222,33.333,4.0,5.0,268.0,182.0,82.2,23.2,89.1,56.8,62.8
e737a5fe,2015,C Rushworth,Durham,2015,25,15,368,512,17.524,43,False,43,0,0,71.875,50,6,236,64.13,10.938,28.947,Lower order,92.0,10.0,0.0,4.0,4.0,92.0,5.735,5.729,5.74,-0.011,47.826,2.487,1.762,2.181,6.321,2.645,1.843,1.505,2.143,0,3,0.0,12.0,13.0,12.0,176.0,192.0,26.7,23.2,18.9,21.2,22.5
f2397e48,2026,Codi Yusuf,Hampshire,2026,9,5,75,223,9.375,20,True,20*,0,0,33.632,9,0,36,48.0,4.036,18.224,Lower order,100.0,9.0,0.0,0.0,0.0,100.0,3.632,4.908,1.143,3.766,89.333,1.524,1.739,1.232,3.29,1.612,1.815,1.783,0.404,0,0,0.0,0.0,6.0,3.0,67.0,8.0,14.4,23.1,18.9,5.8,15.6
6feb46a4,2016,LD McManus,Hampshire,2016,11,9,334,668,33.4,132,True,132*,1,1,50.0,50,3,218,65.269,7.934,18.862,All-rounder / keeper,63.636,7.0,0.0,0.0,63.636,36.364,7.863,11.841,5.427,6.414,57.186,3.075,1.736,4.166,13.243,3.276,1.867,1.232,3.365,1,4,9.091,36.364,5.0,6.0,191.0,143.0,41.9,23.0,53.1,63.9,45.5
867a45a7,2022,TAI Taylor,Northamptonshire,2022,17,10,221,463,15.786,60,True,60*,0,1,47.732,35,0,140,63.348,7.559,18.925,Lower order,94.118,8.0,0.0,5.882,0.0,94.118,5.005,3.676,6.295,-2.618,36.199,2.337,1.735,2.249,7.727,2.495,1.824,1.683,2.509,1,2,5.882,11.765,8.0,9.0,80.0,141.0,22.7,23.0,44.1,20.9,27.7
fc6f22e9,2021,MA Cohen,Derbyshire,2021,8,5,41,154,5.857,11,False,11,0,0,26.623,6,0,24,58.537,3.896,11.486,Lower order,100.0,9.0,0.0,0.0,0.0,100.0,2.774,3.101,2.415,0.686,58.537,1.783,1.73,1.442,3.879,1.912,1.838,2.249,1.395,0,0,0.0,0.0,4.0,4.0,24.0,17.0,8.6,22.9,18.9,5.8,14.0
f0a0204e,2019,MS Crane,Hampshire,2019,8,5,65,172,9.286,20,False,20,0,0,37.791,8,1,38,58.462,5.233,16.564,Lower order,87.5,10.0,0.0,12.5,0.0,87.5,3.837,0.99,5.876,-4.886,10.769,2.239,1.723,2.432,6.429,2.427,1.877,0.531,1.842,0,2,0.0,25.0,2.0,6.0,7.0,58.0,15.9,22.8,18.9,40.4,24.5
59792462,2016,KM Jarvis,Lancashire,2016,23,16,338,636,17.789,57,False,57,0,1,53.145,47,3,206,60.947,7.862,22.526,Lower order,100.0,10.0,0.0,0.0,0.0,100.0,4.717,4.556,4.869,-0.313,46.746,2.156,1.716,1.662,5.058,2.291,1.798,1.046,2.104,0,1,0.0,4.348,10.0,13.0,158.0,180.0,20.9,22.8,18.9,11.7,18.6
1d2f290a,2022,JA Thompson,Yorkshire,2022,21,14,277,472,15.389,51,False,51,0,1,58.686,35,4,164,59.206,8.263,26.097,Lower order,100.0,8.0,0.0,0.0,0.0,100.0,4.474,3.823,5.336,-1.513,48.736,1.813,1.716,1.258,4.167,1.926,1.776,1.738,1.032,0,2,0.0,9.524,12.0,9.0,135.0,142.0,19.6,22.7,18.9,16.9,19.5
819ae1ad,2024,FS Organ,Hampshire,2024,10,6,151,407,18.875,32,False,32,0,0,37.101,19,0,76,50.331,4.668,19.33,Lower order,50.0,7.5,0.0,40.0,10.0,50.0,4.824,4.608,5.093,-0.485,52.98,2.317,1.715,1.815,5.015,2.436,1.792,1.535,1.896,0,1,0.0,10.0,5.0,5.0,80.0,71.0,21.6,22.7,18.9,17.6,20.2
2344bdd1,2024,SR Dickson,Somerset,2024,10,6,173,280,17.3,72,False,72,0,1,61.786,22,2,100,57.803,8.571,28.516,Opener,100.0,2.0,100.0,0.0,0.0,0.0,5.695,8.667,2.796,5.871,75.145,3.346,1.712,3.481,8.784,3.614,1.857,6.624,1.684,1,1,10.0,10.0,5.0,5.0,130.0,43.0,26.1,22.6,56.5,17.6,30.7
4c0f3806,2021,BA Raine,Durham,2021,11,9,148,291,16.444,59,True,59*,0,1,50.859,16,1,70,47.297,5.842,28.467,Lower order,90.909,9.0,0.0,9.091,0.0,90.909,5.164,4.409,6.072,-1.663,46.622,1.65,1.708,1.376,4.808,1.77,1.815,1.754,1.101,1,2,9.091,18.182,6.0,5.0,69.0,79.0,23.2,22.5,53.1,31.0,32.4
1e960f2a,2014,C Kieswetter,Somerset,2014,17,13,508,888,36.286,78,True,78*,0,5,57.207,67,8,316,62.205,8.446,23.616,All-rounder / keeper,82.353,6.0,0.0,11.765,82.353,5.882,8.821,10.417,7.515,2.902,53.15,3.91,1.702,3.81,11.87,4.149,1.799,4.309,1.658,0,7,0.0,41.176,7.0,10.0,270.0,238.0,50.3,22.5,18.9,72.6,41.1
8728a058,2016,R Clarke,Warwickshire,2016,20,15,384,775,22.588,74,False,74,0,4,49.548,49,5,226,58.854,6.968,21.914,All-rounder / keeper,65.0,7.0,0.0,0.0,65.0,35.0,6.914,8.452,5.752,2.7,52.604,3.657,1.701,4.634,13.603,3.916,1.804,1.908,0.855,3,4,15.0,20.0,9.0,11.0,202.0,182.0,35.6,22.4,72.9,33.2,41.0
27c5a793,2025,DJ Lamb,Sussex,2025,9,5,130,363,21.667,48,False,48,0,0,35.813,16,1,70,53.846,4.683,17.341,Lower order,88.889,8.0,0.0,0.0,11.111,88.889,4.481,1.138,6.942,-5.804,10.769,2.42,1.701,2.198,5.717,2.552,1.786,0.662,3.36,1,1,11.111,11.111,3.0,6.0,14.0,116.0,19.7,22.3,60.5,19.6,30.5
eab74985,2019,Aaron Beard,Essex,2019,9,7,112,264,22.4,41,False,41,0,0,42.424,13,0,52,46.429,4.924,23.904,Lower order,100.0,10.0,0.0,0.0,0.0,100.0,4.088,4.85,2.372,2.477,82.143,1.885,1.7,1.834,4.875,2.011,1.797,1.7,1.001,0,2,0.0,22.222,7.0,2.0,92.0,20.0,17.5,22.3,18.9,36.3,23.8
bca21d18,2022,DI Stevens,Kent,2022,7,5,148,260,24.667,51,False,51,0,1,56.923,21,1,90,60.811,8.462,24.37,All-rounder / keeper,85.714,7.0,0.0,0.0,85.714,14.286,5.992,5.693,6.364,-0.67,52.703,2.506,1.698,2.104,5.108,2.66,1.81,0.69,3.042,0,1,0.0,14.286,5.0,2.0,78.0,70.0,28.1,22.2,18.9,24.8,23.5
e142c599,2021,Anuj Dal,Derbyshire,2021,7,4,46,103,6.571,22,False,22,0,0,44.66,5,0,20,43.478,4.854,26.531,Lower order,42.857,7.0,0.0,28.571,28.571,42.857,2.82,3.506,0.924,2.582,91.304,1.819,1.697,1.43,3.298,1.994,1.875,2.79,0.605,0,1,0.0,14.286,5.0,2.0,42.0,4.0,9.2,22.2,18.9,24.8,18.8
c672e80e,2023,J Clark,Surrey,2023,20,14,427,734,26.688,107,False,107,1,2,58.174,57,3,246,57.611,8.174,26.855,Lower order,55.0,8.0,0.0,5.0,40.0,55.0,7.206,5.307,8.829,-3.522,33.958,3.053,1.686,2.999,8.993,3.26,1.81,0.954,3.95,1,5,5.0,25.0,9.0,11.0,145.0,282.0,38.0,22.1,41.0,40.4,35.4
219cc59e,2025,DY Pennington,Nottinghamshire,2025,11,8,173,232,24.714,61,False,61,0,1,74.569,21,4,108,62.428,10.776,31.401,Lower order,100.0,10.0,0.0,0.0,0.0,100.0,4.292,3.645,5.627,-1.982,57.225,2.048,1.676,1.679,5.328,2.179,1.766,1.124,2.306,0,0,0.0,0.0,6.0,5.0,99.0,74.0,18.6,22.0,18.9,5.8,16.3
67b9536c,2016,SR Hain,Warwickshire,2016,21,15,455,891,22.75,135,False,135,1,1,51.066,57,1,234,51.429,6.51,26.531,Middle order,80.952,5.0,0.0,80.952,19.048,0.0,8.004,12.455,4.456,7.999,69.011,3.864,1.676,4.629,14.532,4.127,1.781,2.622,0.774,2,5,9.524,23.81,10.0,11.0,314.0,141.0,43.4,22.0,54.8,38.7,39.7
b82e3032,2022,J Shaw,Gloucestershire,2022,9,5,97,153,13.857,29,False,29,0,0,63.399,8,5,62,63.918,8.497,25.0,Lower order,100.0,10.0,0.0,0.0,0.0,100.0,4.121,2.491,5.61,-3.119,28.866,1.916,1.673,1.513,4.455,2.056,1.776,1.215,1.673,0,1,0.0,11.111,4.0,5.0,28.0,69.0,17.6,21.9,18.9,19.6,19.5
e737a5fe,2014,C Rushworth,Durham,2014,19,11,212,316,14.133,46,False,46,0,0,67.089,32,2,140,66.038,10.759,25.532,Lower order,100.0,10.0,0.0,0.0,0.0,100.0,4.08,4.369,3.768,0.601,55.66,1.925,1.657,1.706,5.047,2.043,1.739,1.565,1.657,0,2,0.0,10.526,10.0,9.0,118.0,94.0,17.3,21.8,18.9,18.4,19.1
c672e80e,2016,J Clark,Lancashire,2016,10,7,225,464,25.0,84,True,84*,0,2,48.491,28,2,124,55.111,6.466,23.272,Lower order,60.0,8.0,0.0,0.0,40.0,60.0,7.089,10.917,5.536,5.381,44.444,3.113,1.641,2.638,6.593,3.292,1.7,4.117,1.139,1,3,10.0,30.0,2.0,8.0,100.0,125.0,37.3,21.8,56.5,50.0,41.4
d3868bd0,2024,JH Davey,Somerset,2024,8,7,116,267,19.333,45,False,45,0,0,43.446,14,0,56,48.276,5.243,23.715,Lower order,62.5,9.0,0.0,25.0,12.5,62.5,4.998,5.634,3.996,1.638,68.966,1.685,1.638,1.535,4.14,1.783,1.798,1.158,1.638,0,0,0.0,0.0,4.0,4.0,80.0,36.0,22.7,21.7,18.9,5.8,17.3
ffe699c0,2014,CJ Jordan,Sussex,2014,8,5,109,260,15.571,41,False,41,0,0,41.923,14,0,56,51.376,5.385,21.545,Lower order,87.5,8.0,0.0,12.5,0.0,87.5,4.397,4.611,4.094,0.518,61.468,1.836,1.637,0.697,2.995,1.947,1.734,1.637,1.632,0,0,0.0,0.0,5.0,3.0,67.0,42.0,19.3,21.6,18.9,5.8,16.4
3766056b,2016,BJ McCarthy,Durham,2016,10,7,176,312,22.0,51,True,51*,0,1,56.41,23,4,116,65.909,8.654,21.053,Lower order,100.0,9.0,0.0,0.0,0.0,100.0,5.878,6.349,4.173,2.175,84.659,2.365,1.637,1.556,4.78,2.522,1.795,3.015,1.388,0,1,0.0,10.0,7.0,3.0,149.0,27.0,27.2,21.7,18.9,17.6,21.4
dddc811c,2019,TD Groenewald,Somerset,2019,11,6,89,254,11.125,17,False,17,0,0,35.039,13,2,64,71.91,5.906,10.46,Lower order,72.727,10.0,9.091,9.091,9.091,72.727,3.264,2.608,5.18,-2.572,59.551,1.755,1.634,0.855,3.013,1.908,1.713,1.154,2.194,0,0,0.0,0.0,7.0,4.0,53.0,36.0,12.0,21.5,18.9,5.8,14.6
3f61a062,2025,BTJ Wheal,Hampshire,2025,13,8,114,278,11.4,24,False,24,0,0,41.007,17,0,68,59.649,6.115,17.625,Lower order,84.615,10.0,0.0,7.692,7.692,84.615,3.659,3.535,3.823,-0.288,55.263,1.665,1.633,1.019,3.272,1.768,1.744,1.919,1.346,0,0,0.0,0.0,7.0,6.0,63.0,51.0,14.7,21.5,18.9,5.8,15.2
ea42ddb9,2019,ME Trescothick,Somerset,2019,6,4,57,140,9.5,23,False,23,0,0,40.714,10,0,40,70.175,7.143,13.077,Opener,100.0,1.0,100.0,0.0,0.0,0.0,3.589,3.966,2.481,1.485,82.456,1.914,1.626,1.548,4.017,2.124,1.738,1.989,1.263,0,1,0.0,16.667,5.0,1.0,47.0,10.0,14.1,21.4,18.9,28.6,20.8
c1a89821,2021,NRT Gubbins,Hampshire,2021,8,4,88,211,11.0,54,False,54,0,1,41.706,13,0,52,59.091,6.161,18.182,Middle order,100.0,4.0,0.0,100.0,0.0,0.0,5.902,10.349,1.473,8.877,87.5,3.014,1.618,3.514,8.163,3.189,1.781,5.255,0.773,1,2,12.5,25.0,4.0,4.0,77.0,11.0,27.6,21.3,65.1,40.4,38.6
59792462,2017,KM Jarvis,Lancashire,2017,10,7,106,171,13.25,30,False,30,0,0,61.988,15,2,72,67.925,9.942,22.078,Lower order,100.0,10.0,0.0,0.0,0.0,100.0,3.964,3.918,4.02,-0.102,53.774,1.886,1.613,1.821,5.285,1.997,1.695,2.595,1.351,0,0,0.0,0.0,4.0,6.0,57.0,49.0,16.3,21.3,18.9,5.8,15.6
cd143bca,2018,J Leach,Worcestershire,2018,9,5,66,112,7.333,18,False,18,0,0,58.929,11,0,44,66.667,9.821,21.782,Lower order,100.0,9.0,0.0,0.0,0.0,100.0,3.443,4.713,2.746,1.966,48.485,1.666,1.606,1.059,3.22,1.792,1.735,2.413,1.589,0,1,0.0,11.111,4.0,5.0,32.0,34.0,13.2,21.2,18.9,19.6,18.2
67b9536c,2017,SR Hain,Warwickshire,2017,13,7,177,385,13.615,58,False,58,0,1,45.974,22,0,88,49.718,5.714,24.518,Middle order,84.615,5.0,15.385,84.615,0.0,0.0,6.448,6.627,6.235,0.391,55.932,2.658,1.603,2.671,6.536,2.812,1.669,1.747,1.603,0,2,0.0,15.385,7.0,6.0,99.0,78.0,31.6,21.2,18.9,26.4,24.5
8108e2d2,2021,DKH Mitchell,Worcestershire,2021,15,10,389,918,25.933,113,False,113,1,3,42.375,51,0,204,52.442,5.556,21.338,Opener,100.0,1.0,100.0,0.0,0.0,0.0,9.244,11.793,6.276,5.518,68.638,3.88,1.599,3.722,10.691,4.1,1.679,6.224,1.587,3,4,20.0,26.667,7.0,8.0,267.0,122.0,53.7,21.1,85.2,43.0,50.8
f1ba9ed7,2016,JAR Harris,Middlesex,2016,9,7,203,454,33.833,78,False,78,0,2,44.714,24,1,102,50.246,5.507,23.543,Lower order,88.889,8.0,0.0,0.0,11.111,88.889,6.2,3.389,8.425,-5.036,24.138,2.569,1.597,2.133,5.861,2.767,1.657,1.597,3.347,0,2,0.0,22.222,4.0,5.0,49.0,154.0,29.7,21.0,18.9,36.3,26.5
1f1b4c89,2018,JC Tongue,Worcestershire,2018,19,10,201,412,12.562,34,False,34,0,0,48.786,33,0,132,65.672,8.01,18.206,Lower order,84.211,10.0,0.0,10.526,5.263,84.211,4.916,4.478,5.348,-0.869,45.274,2.323,1.593,1.684,5.295,2.505,1.73,1.72,1.465,0,2,0.0,10.526,10.0,9.0,91.0,110.0,22.1,21.0,18.9,18.4,20.1
e423d162,2016,LJ Fletcher,Nottinghamshire,2016,10,6,88,244,11.0,32,False,32,0,0,36.066,11,0,44,50.0,4.508,18.884,Lower order,80.0,9.0,0.0,10.0,10.0,80.0,3.962,5.952,2.037,3.915,73.864,1.567,1.577,1.312,2.982,1.663,1.673,2.907,0.546,0,1,0.0,10.0,4.0,6.0,65.0,23.0,16.3,20.9,18.9,17.6,18.4
81127912,2018,BJ Twohig,Worcestershire,2018,13,7,145,393,13.182,35,False,35,0,0,36.896,19,0,76,52.414,4.835,18.449,Lower order,100.0,9.0,0.0,0.0,0.0,100.0,4.119,3.224,4.8,-1.576,33.793,1.985,1.576,1.296,4.274,2.13,1.691,1.032,2.106,0,2,0.0,15.385,6.0,7.0,49.0,96.0,17.6,20.8,18.9,26.4,20.9
208f22ea,2026,DJ Worrall,Surrey,2026,9,6,91,152,30.333,20,False,20,0,0,59.868,13,1,58,63.736,9.211,23.913,Lower order,100.0,11.0,0.0,0.0,0.0,100.0,4.722,2.276,5.869,-3.592,15.385,1.768,1.572,0.99,3.669,1.909,1.674,1.104,1.584,0,0,0.0,0.0,4.0,5.0,14.0,77.0,21.0,20.8,18.9,5.8,16.6
a790df98,2022,S Snater,Essex,2022,22,14,463,569,23.15,79,True,79*,0,4,81.371,58,9,286,61.771,11.775,35.259,Lower order,95.455,9.0,0.0,0.0,4.545,95.455,7.931,7.5,8.35,-0.85,46.652,4.062,1.567,4.899,14.36,4.361,1.651,0.789,3.226,3,5,13.636,22.727,10.0,12.0,216.0,247.0,42.7,20.7,68.6,37.0,42.2
922e1b19,2024,Z Crawley,Kent,2024,10,5,322,376,32.2,238,False,238,1,0,85.638,45,4,204,63.354,13.032,36.086,Opener,100.0,2.0,100.0,0.0,0.0,0.0,11.825,2.703,23.952,-21.249,13.043,4.94,1.565,6.375,15.973,5.26,1.65,1.366,10.454,1,2,10.0,20.0,6.0,4.0,42.0,280.0,75.6,20.7,56.5,33.2,46.5
a5544576,2014,D Murphy,Northamptonshire,2014,10,5,74,270,10.571,23,True,23*,0,0,27.407,7,0,28,37.838,2.593,17.49,Lower order,100.0,9.0,0.0,0.0,0.0,100.0,3.486,2.816,4.743,-1.927,52.703,1.661,1.564,0.856,2.882,1.811,1.66,1.564,2.184,0,1,0.0,10.0,6.0,4.0,39.0,35.0,13.6,20.5,18.9,17.6,17.6
4a461c24,2026,LA Dawson,Hampshire,2026,7,4,52,123,7.429,14,False,14,0,0,42.276,5,1,26,50.0,4.878,22.222,All-rounder / keeper,100.0,7.0,0.0,0.0,100.0,0.0,3.254,3.229,3.286,-0.056,55.769,1.411,1.564,0.773,2.111,1.487,1.633,1.564,1.258,0,1,0.0,14.286,4.0,3.0,29.0,23.0,11.9,20.6,18.9,24.8,19.0
31b01074,2022,Kasey Aldridge,Somerset,2022,12,7,128,359,12.8,41,False,41,0,0,35.655,17,0,68,53.125,4.735,17.544,Lower order,91.667,8.0,0.0,8.333,0.0,91.667,4.163,4.032,4.362,-0.33,58.594,2.042,1.564,1.775,4.757,2.177,1.698,1.191,1.801,0,2,0.0,16.667,6.0,6.0,75.0,53.0,18.1,20.5,18.9,28.6,21.5
0f3ee070,2015,OE Robinson,Sussex,2015,17,10,282,400,20.143,110,False,110,1,0,70.5,46,0,184,65.248,11.5,27.684,Lower order,94.118,9.0,0.0,0.0,5.882,94.118,6.198,4.386,7.981,-3.594,35.106,2.65,1.56,2.802,9.484,2.851,1.665,1.183,1.566,1,1,5.882,5.882,9.0,8.0,99.0,183.0,29.6,20.4,44.1,12.7,26.7
18899e2b,2014,MA Chambers,Northamptonshire,2014,15,8,107,374,8.917,20,False,20,0,0,28.61,15,0,60,56.075,4.011,13.092,Lower order,93.333,10.0,0.0,0.0,6.667,93.333,3.297,2.872,3.938,-1.066,52.336,1.371,1.557,0.765,2.47,1.475,1.686,1.211,1.557,0,1,0.0,6.667,8.0,7.0,56.0,51.0,12.2,20.3,18.9,13.6,16.2
4167f30b,2021,IG Holland,Hampshire,2021,8,4,95,216,11.875,44,False,44,0,0,43.981,13,0,52,54.737,6.019,21.182,Opener,100.0,2.0,100.0,0.0,0.0,0.0,6.372,2.957,9.772,-6.815,23.158,3.175,1.552,4.349,9.449,3.364,1.629,1.552,4.798,1,1,12.5,12.5,4.0,4.0,22.0,73.0,31.1,20.3,65.1,22.3,34.7
5ac8f17b,2017,GJ Batty,Surrey,2017,12,9,137,297,17.125,33,False,33,0,0,46.128,19,3,94,68.613,7.407,15.636,Lower order,100.0,9.0,0.0,0.0,0.0,100.0,3.35,2.881,3.804,-0.922,42.336,1.489,1.544,1.214,3.708,1.555,1.603,1.245,1.558,0,0,0.0,0.0,5.0,7.0,58.0,79.0,12.7,20.2,18.9,5.8,14.4
fbd4f01f,2026,AY Patel,Leicestershire,2026,13,8,187,351,18.7,62,False,62,0,1,53.276,29,0,116,62.032,8.262,22.05,Lower order,100.0,10.0,0.0,0.0,0.0,100.0,4.728,7.826,2.332,5.494,72.193,2.262,1.536,2.309,6.82,2.418,1.661,3.082,1.384,0,3,0.0,23.077,7.0,6.0,135.0,52.0,21.2,20.2,18.9,37.5,24.4
3f61a062,2018,BTJ Wheal,Hampshire,2018,7,4,63,196,10.5,25,True,25*,0,0,32.143,10,0,40,63.492,5.102,12.366,Lower order,100.0,10.0,0.0,0.0,0.0,100.0,3.637,4.307,3.339,0.968,36.508,1.528,1.525,1.033,2.638,1.631,1.61,2.638,0.912,0,0,0.0,0.0,2.0,5.0,23.0,40.0,14.4,20.1,18.9,5.8,14.8
7d5af2ea,2023,KC Brathwaite,Warwickshire,2023,6,4,45,121,7.5,16,False,16,0,0,37.19,7,0,28,62.222,5.785,14.912,Opener,100.0,2.0,100.0,0.0,0.0,0.0,3.719,2.852,4.56,-1.708,37.778,1.659,1.519,1.736,3.597,1.769,1.633,1.318,2.0,0,0,0.0,0.0,3.0,3.0,17.0,28.0,15.2,20.0,18.9,5.8,15.0
818c9e0d,2014,KR Brown,Lancashire,2014,8,5,87,243,12.429,29,False,29,0,0,35.802,14,0,56,64.368,5.761,13.537,Middle order,100.0,4.0,0.0,100.0,0.0,0.0,4.708,6.827,3.122,3.705,62.069,1.979,1.517,1.441,4.318,2.083,1.599,1.517,1.339,0,1,0.0,12.5,4.0,4.0,54.0,33.0,20.8,20.0,18.9,22.3,20.5
5fed6272,2021,CN Miles,Warwickshire,2021,16,11,146,487,10.429,25,False,25,0,0,29.979,12,0,48,32.877,2.464,20.632,Lower order,100.0,9.0,0.0,0.0,0.0,100.0,3.787,2.47,5.307,-2.838,34.932,1.741,1.514,1.424,4.348,1.841,1.572,0.495,3.058,0,1,0.0,6.25,8.0,8.0,51.0,95.0,15.6,19.9,18.9,13.2,16.9
5fed6272,2022,CN Miles,Warwickshire,2022,8,6,103,243,17.167,32,False,32,0,0,42.387,14,1,62,60.194,6.173,17.982,Lower order,100.0,10.0,0.0,0.0,0.0,100.0,4.32,4.348,4.288,0.06,54.369,1.803,1.513,1.117,3.194,1.9,1.638,1.52,1.506,0,0,0.0,0.0,4.0,4.0,56.0,47.0,18.7,19.8,18.9,5.8,15.8
f32d890a,2023,PJ Malan,Middlesex,2023,16,8,221,446,14.733,66,False,66,0,2,49.552,21,2,96,43.439,5.157,29.551,Middle order,81.25,3.0,12.5,81.25,6.25,0.0,6.406,6.489,6.233,0.256,68.326,2.996,1.508,3.297,8.325,3.24,1.608,1.763,0.315,1,3,6.25,18.75,10.0,6.0,151.0,70.0,31.5,19.8,45.3,31.7,32.1
fac298ff,2016,GM Andrew,Hampshire,2016,7,5,85,177,14.167,25,False,25,0,0,48.023,9,3,54,63.529,6.78,18.788,Lower order,100.0,9.0,0.0,0.0,0.0,100.0,3.306,3.045,3.39,-0.345,22.353,1.644,1.507,1.005,2.934,1.77,1.616,1.507,1.781,0,0,0.0,0.0,2.0,5.0,19.0,66.0,12.4,19.7,18.9,5.8,14.2
a37b5c0a,2019,BO Coad,Yorkshire,2019,14,9,196,264,16.333,48,False,48,0,0,74.242,29,4,140,71.429,12.5,24.242,Lower order,100.0,10.0,0.0,0.0,0.0,100.0,5.122,4.192,6.506,-2.314,48.98,1.958,1.505,2.069,5.911,2.112,1.623,0.742,2.767,0,2,0.0,14.286,8.0,6.0,96.0,100.0,23.2,19.6,18.9,24.8,21.6
dddc811c,2016,TD Groenewald,Somerset,2016,16,11,138,281,34.5,26,True,26*,0,0,49.11,14,4,80,57.971,6.406,22.053,Lower order,93.75,11.0,6.25,0.0,0.0,93.75,3.01,4.136,1.879,2.256,68.841,1.419,1.503,1.111,3.193,1.506,1.583,2.564,0.73,0,0,0.0,0.0,10.0,6.0,95.0,43.0,10.3,19.6,18.9,5.8,13.6
fe2ac1a8,2022,TE Lawes,Surrey,2022,8,6,112,253,22.4,32,True,32*,0,0,44.269,15,2,72,64.286,6.719,16.949,Lower order,87.5,9.0,0.0,12.5,0.0,87.5,4.148,4.326,3.79,0.536,69.643,1.922,1.498,1.855,5.312,2.084,1.594,1.498,1.613,0,1,0.0,12.5,5.0,3.0,78.0,34.0,18.0,19.5,18.9,22.3,19.7
443b47a6,2021,HG Duke,Yorkshire,2021,7,4,44,123,7.333,12,False,12,0,0,35.772,5,0,20,45.455,4.065,20.339,Lower order,57.143,8.0,0.0,0.0,42.857,57.143,2.826,4.503,1.953,2.55,54.545,1.61,1.498,0.808,2.698,1.719,1.63,2.121,1.099,0,0,0.0,0.0,3.0,4.0,24.0,20.0,9.2,19.5,18.9,5.8,13.3
74a274cc,2017,TG Helm,Middlesex,2017,7,5,65,146,10.833,28,False,28,0,0,44.521,11,0,44,67.692,7.534,15.556,Lower order,100.0,10.0,0.0,0.0,0.0,100.0,3.536,3.78,2.993,0.787,73.846,1.405,1.498,1.189,2.911,1.481,1.568,1.222,1.498,0,0,0.0,0.0,5.0,2.0,48.0,17.0,13.9,19.4,18.9,5.8,14.5
5899dceb,2024,CT Steel,Surrey,2024,10,7,138,280,17.25,43,False,43,0,0,49.286,14,1,62,44.928,5.357,28.679,Lower order,60.0,8.0,0.0,0.0,40.0,60.0,4.238,5.276,3.591,1.685,47.826,1.926,1.493,1.582,4.099,2.024,1.556,2.687,1.357,0,0,0.0,0.0,3.0,7.0,66.0,72.0,18.6,19.3,18.9,5.8,15.6
8bf61e65,2022,JA Brooks,Somerset,2022,9,7,109,168,18.167,32,False,32,0,0,64.881,12,3,66,60.55,8.929,28.105,Lower order,100.0,11.0,0.0,0.0,0.0,100.0,4.067,4.779,3.548,1.23,49.541,1.611,1.484,1.278,3.837,1.701,1.558,2.384,1.102,0,0,0.0,0.0,3.0,6.0,54.0,55.0,17.1,19.3,18.9,5.8,15.3
3d0ed2f9,2018,JT Ball,Nottinghamshire,2018,10,6,130,185,16.25,44,True,44*,0,0,70.27,20,1,86,66.154,11.351,26.829,Lower order,100.0,10.0,0.0,0.0,0.0,100.0,5.606,3.428,8.755,-5.327,36.154,2.355,1.481,2.606,7.283,2.579,1.655,1.018,1.944,0,1,0.0,10.0,6.0,4.0,47.0,83.0,25.7,19.2,18.9,17.6,20.4
e86754b2,2016,TK Curran,Surrey,2016,26,15,427,876,17.08,54,False,54,0,3,48.744,61,0,244,57.143,6.963,22.454,Lower order,84.615,8.0,3.846,0.0,11.538,84.615,5.709,5.598,5.816,-0.218,48.244,2.857,1.467,2.726,9.104,3.035,1.543,1.314,3.435,2,5,7.692,19.231,12.0,14.0,206.0,221.0,26.2,19.1,48.8,32.1,31.6
219cc59e,2026,DY Pennington,Nottinghamshire,2026,11,7,112,240,16.0,20,True,20*,0,0,46.667,17,1,74,66.071,7.5,17.117,Lower order,100.0,11.0,0.0,0.0,0.0,100.0,3.7,3.979,3.338,0.641,60.714,1.694,1.465,1.378,3.473,1.793,1.562,1.896,0.886,0,1,0.0,9.091,7.0,4.0,68.0,44.0,14.9,19.1,18.9,16.4,17.3
e5437608,2022,GF Linde,Kent,2022,8,6,109,191,15.571,31,False,31,0,0,57.068,14,1,62,56.881,7.853,26.705,All-rounder / keeper,50.0,7.5,0.0,0.0,50.0,50.0,3.86,2.326,5.15,-2.824,27.523,1.577,1.464,1.504,3.426,1.655,1.501,0.335,2.77,0,1,0.0,12.5,4.0,4.0,30.0,79.0,16.0,19.0,18.9,22.3,19.0
23638956,2017,SR Harmer,Essex,2017,18,13,260,596,16.25,64,False,64,0,2,43.624,35,0,140,53.846,5.872,21.39,Lower order,94.444,9.0,0.0,0.0,5.556,94.444,5.168,5.628,4.604,1.024,60.0,2.564,1.455,4.244,16.354,2.667,1.524,0.961,1.562,1,3,5.556,16.667,9.0,9.0,156.0,104.0,23.3,19.0,42.8,28.6,28.4
c834c290,2022,JL Smith,Surrey,2022,11,8,379,740,37.9,234,True,234*,1,1,51.216,51,1,210,55.409,7.027,24.564,Middle order,72.727,5.0,0.0,72.727,27.273,0.0,8.826,6.053,9.829,-3.776,18.206,4.358,1.452,7.358,22.371,4.674,1.556,2.778,1.194,1,2,9.091,18.182,2.0,9.0,69.0,310.0,50.4,18.9,53.1,31.0,38.4
5ac8f17b,2019,GJ Batty,Surrey,2019,13,7,109,293,12.111,29,False,29,0,0,37.201,17,0,68,62.385,5.802,14.855,Lower order,100.0,10.0,0.0,0.0,0.0,100.0,3.169,0.543,3.885,-3.342,3.67,1.603,1.452,1.381,4.205,1.702,1.503,0.206,1.904,0,1,0.0,7.692,3.0,10.0,4.0,105.0,11.6,18.8,18.9,14.9,16.0
59559bc2,2015,J Overton,Somerset,2015,9,5,96,107,16.0,40,False,40,0,0,89.72,15,3,78,81.25,16.822,20.225,Lower order,88.889,11.0,0.0,0.0,11.111,88.889,3.467,3.505,3.198,0.307,88.542,1.815,1.449,1.669,4.541,1.915,1.543,1.386,1.449,0,0,0.0,0.0,7.0,2.0,85.0,11.0,13.3,18.7,18.9,5.8,14.2
8bf61e65,2017,JA Brooks,Yorkshire,2017,11,7,178,325,19.778,109,True,109*,1,0,54.769,17,5,98,55.056,6.769,26.403,Lower order,100.0,9.0,0.0,0.0,0.0,100.0,7.358,4.752,9.226,-4.474,26.966,2.892,1.449,3.552,10.312,3.033,1.544,2.703,1.04,0,2,0.0,18.182,5.0,6.0,48.0,130.0,38.9,18.7,18.9,31.0,26.9
a63dfe8a,2023,JJG Sales,Northamptonshire,2023,10,5,132,388,14.667,57,False,57,0,1,34.021,20,0,80,60.606,5.155,14.13,All-rounder / keeper,70.0,7.0,0.0,0.0,70.0,30.0,6.499,3.043,6.941,-3.897,5.303,2.869,1.449,2.092,5.93,3.104,1.613,1.443,2.817,0,2,0.0,20.0,2.0,8.0,7.0,125.0,32.1,18.7,18.9,33.2,25.7
2e9fdf9b,2023,DAJ Bracewell,Essex,2023,11,7,151,202,15.1,61,True,61*,0,1,74.752,13,8,100,66.225,10.396,28.177,Lower order,100.0,8.0,0.0,0.0,0.0,100.0,4.688,4.496,4.889,-0.393,49.007,2.104,1.436,1.696,5.535,2.242,1.564,1.823,0.917,0,1,0.0,9.091,5.0,6.0,74.0,77.0,20.7,18.6,18.9,16.4,18.6
3987e390,2024,MJ Leach,Somerset,2024,13,9,146,270,20.857,37,False,37,0,0,54.074,16,2,76,52.055,6.667,27.778,Lower order,92.308,10.0,0.0,0.0,7.692,92.308,4.142,3.521,5.157,-1.636,52.74,1.933,1.432,2.151,6.635,2.037,1.515,1.409,2.19,0,2,0.0,15.385,7.0,6.0,77.0,69.0,17.9,18.5,18.9,26.4,20.4
fd8a9b23,2018,GH Rhodes,Worcestershire,2018,6,3,22,126,3.667,12,False,12,0,0,17.46,2,0,8,36.364,1.587,11.29,All-rounder / keeper,100.0,6.0,0.0,0.0,100.0,0.0,2.266,3.089,1.966,1.123,36.364,1.014,1.431,0.775,1.491,1.101,1.562,1.431,0.806,0,0,0.0,0.0,2.0,4.0,8.0,14.0,6.0,18.5,18.9,5.8,12.3
c89474d1,2015,TJ Murtagh,Middlesex,2015,18,12,180,275,15.0,24,False,24,0,0,65.455,21,1,90,50.0,8.0,35.573,Lower order,100.0,11.0,0.0,0.0,0.0,100.0,4.066,3.351,5.108,-1.757,48.889,1.649,1.423,1.398,3.599,1.749,1.492,0.27,1.893,1,2,5.556,11.111,10.0,8.0,88.0,92.0,17.1,18.4,42.8,19.6,24.5
a73321d3,2015,A Shahzad,Sussex,2015,10,5,182,394,22.75,45,True,45*,0,0,46.193,24,2,108,59.341,6.599,20.109,Lower order,100.0,8.0,0.0,0.0,0.0,100.0,6.551,6.497,6.623,-0.126,56.044,3.113,1.414,2.78,6.617,3.344,1.504,1.36,3.51,0,1,0.0,10.0,6.0,4.0,102.0,80.0,32.6,18.3,18.9,17.6,21.8
fe2ac1a8,2024,TE Lawes,Surrey,2024,8,6,122,233,20.333,58,False,58,0,1,52.361,13,1,58,47.541,6.009,29.224,Lower order,100.0,9.0,0.0,0.0,0.0,100.0,4.191,5.218,3.241,1.977,59.836,2.296,1.413,2.612,6.598,2.488,1.487,1.604,1.221,0,2,0.0,25.0,4.0,4.0,73.0,49.0,18.4,18.3,18.9,40.4,24.0
d3868bd0,2019,JH Davey,Somerset,2019,9,5,92,164,11.5,36,False,36,0,0,56.098,12,0,48,52.174,7.317,28.947,Lower order,100.0,10.0,0.0,0.0,0.0,100.0,4.591,4.335,5.08,-0.745,61.957,2.525,1.412,2.506,6.6,2.808,1.499,1.194,2.284,1,1,11.111,11.111,6.0,3.0,57.0,35.0,20.3,18.2,60.5,19.6,29.6
b21ed464,2014,SA Patterson,Yorkshire,2014,12,11,170,447,15.455,43,False,43,0,0,38.031,25,0,100,58.824,5.593,16.588,Lower order,100.0,9.0,0.0,0.0,0.0,100.0,3.795,3.741,3.896,-0.155,64.706,1.764,1.41,1.713,5.866,1.869,1.483,1.41,1.225,0,0,0.0,0.0,8.0,4.0,110.0,60.0,15.8,18.1,18.9,5.8,14.6
a37b5c0a,2018,BO Coad,Yorkshire,2018,15,9,135,203,16.875,33,False,33,0,0,66.502,21,1,90,66.667,10.837,24.862,Lower order,100.0,11.0,0.0,0.0,0.0,100.0,3.714,4.974,2.545,2.429,64.444,1.705,1.401,1.433,5.02,1.827,1.451,2.131,1.231,0,0,0.0,0.0,7.0,8.0,87.0,48.0,15.1,18.1,18.9,5.8,14.5
e91de70e,2014,OP Rayner,Middlesex,2014,8,5,117,233,14.625,38,False,38,0,0,50.215,16,0,64,54.701,6.867,24.424,Lower order,62.5,8.0,0.0,0.0,37.5,62.5,5.457,8.679,4.399,4.28,39.316,2.28,1.397,1.967,4.789,2.37,1.442,3.83,1.389,0,2,0.0,25.0,2.0,6.0,46.0,71.0,24.7,18.0,18.9,40.4,25.5
fc4375ef,2024,BFW de Leede,Durham,2024,12,8,213,391,19.364,79,False,79,0,1,54.476,32,1,134,62.911,8.44,22.067,All-rounder / keeper,50.0,7.5,0.0,0.0,50.0,50.0,5.723,4.762,6.628,-1.866,40.376,2.57,1.395,3.055,7.56,2.761,1.468,0.404,2.491,0,3,0.0,25.0,5.0,7.0,86.0,127.0,26.4,17.9,18.9,40.4,25.9
c1f6c27e,2016,G Onions,Durham,2016,18,13,244,479,22.182,65,False,65,0,1,50.939,32,1,134,54.918,6.889,24.664,Lower order,83.333,11.0,0.0,11.111,5.556,83.333,4.97,5.724,4.017,1.707,64.344,1.855,1.395,2.302,8.759,1.977,1.499,1.65,0.99,0,2,0.0,11.111,9.0,9.0,157.0,87.0,22.5,18.0,18.9,19.6,19.8
dda5aae5,2026,JK Fuller,Hampshire,2026,7,4,58,87,8.286,24,False,24,0,0,66.667,8,2,44,75.862,11.494,18.182,Lower order,100.0,8.0,0.0,0.0,0.0,100.0,3.833,1.115,4.421,-3.306,5.172,1.556,1.388,1.23,3.0,1.662,1.489,0.45,2.154,0,0,0.0,0.0,2.0,5.0,3.0,55.0,15.9,17.8,18.9,5.8,14.6
39e2c0fd,2025,BMJ Allison,Worcestershire,2025,25,13,198,484,9.429,38,False,38,0,0,40.909,19,2,88,44.444,4.339,23.758,Lower order,88.0,9.0,0.0,4.0,8.0,88.0,3.429,4.635,2.34,2.295,64.141,1.841,1.384,1.521,5.007,1.956,1.452,2.669,1.1,0,1,0.0,4.0,14.0,11.0,127.0,71.0,13.1,17.8,18.9,11.7,15.4
dd17e4bc,2014,SJ Magoffin,Sussex,2014,20,14,244,533,24.4,51,False,51,0,1,45.779,28,0,112,45.902,5.253,26.139,Lower order,100.0,10.0,0.0,0.0,0.0,100.0,4.019,3.197,4.857,-1.66,40.164,1.825,1.376,1.517,4.762,1.931,1.444,1.569,1.015,0,1,0.0,5.0,9.0,11.0,98.0,146.0,16.8,17.7,18.9,11.9,16.3
b21ed464,2015,SA Patterson,Yorkshire,2015,14,11,186,452,16.909,44,False,44,0,0,41.15,25,1,106,56.989,5.752,18.779,Lower order,92.857,9.0,0.0,7.143,0.0,92.857,4.022,5.227,2.246,2.981,77.419,1.932,1.356,1.924,6.707,2.06,1.439,1.627,0.895,0,1,0.0,7.143,8.0,6.0,144.0,42.0,16.9,17.6,18.9,14.2,16.9
067bda18,2021,S Conners,Derbyshire,2021,11,7,51,138,6.375,12,True,12*,0,0,36.957,7,0,28,54.902,5.072,17.557,Lower order,100.0,11.0,0.0,0.0,0.0,100.0,2.269,2.174,2.368,-0.194,49.02,0.973,1.349,0.933,1.967,1.031,1.471,0.675,1.587,0,1,0.0,9.091,6.0,5.0,25.0,26.0,6.1,17.6,18.9,16.4,14.8
43205dad,2019,HW Podmore,Kent,2019,19,12,258,481,18.429,54,True,54*,0,1,53.638,38,3,170,65.891,8.524,20.0,Lower order,94.737,9.0,0.0,5.263,0.0,94.737,4.751,8.427,2.812,5.615,61.24,2.463,1.346,2.725,10.131,2.668,1.439,3.204,1.081,0,3,0.0,15.789,8.0,11.0,158.0,100.0,21.4,17.5,18.9,26.9,21.2
5da34add,2023,MG Hogan,Kent,2023,10,7,94,114,18.8,43,False,43,0,0,82.456,17,1,74,78.723,15.789,20.833,Lower order,100.0,11.0,0.0,0.0,0.0,100.0,4.332,0.655,6.326,-5.67,5.319,1.734,1.345,1.904,5.364,1.918,1.412,0.138,2.424,0,1,0.0,10.0,3.0,7.0,5.0,89.0,18.9,17.5,18.9,17.6,18.2
78adc879,2014,N Wagner,Northamptonshire,2014,7,4,50,129,7.143,18,False,18,0,0,38.76,7,1,34,68.0,6.202,13.223,Lower order,100.0,10.0,0.0,0.0,0.0,100.0,3.083,1.345,5.205,-3.86,24.0,1.462,1.34,1.142,2.832,1.569,1.428,0.534,2.389,0,1,0.0,14.286,3.0,4.0,12.0,38.0,10.9,17.4,18.9,24.8,18.0
249d60c9,2015,AU Rashid,Yorkshire,2015,8,6,239,399,29.875,127,False,127,1,1,59.9,37,0,148,61.925,9.273,25.138,All-rounder / keeper,100.0,7.0,0.0,0.0,100.0,0.0,7.943,10.776,2.664,8.112,88.285,3.889,1.339,5.138,12.831,4.132,1.398,3.912,1.339,0,2,0.0,25.0,6.0,2.0,211.0,28.0,42.9,17.3,18.9,40.4,29.9
b4fd80a2,2025,DM Hogg,Durham,2025,6,4,54,114,27.0,18,True,18*,0,0,47.368,7,1,34,62.963,7.018,18.868,Lower order,100.0,10.0,0.0,0.0,0.0,100.0,3.344,5.474,1.135,4.34,83.333,1.177,1.325,1.031,2.057,1.233,1.386,2.042,0.312,0,0,0.0,0.0,3.0,3.0,45.0,9.0,12.6,17.3,18.9,5.8,13.6
c89474d1,2017,TJ Murtagh,Middlesex,2017,17,10,134,240,12.182,27,False,27,0,0,55.833,16,1,70,52.239,7.083,28.7,Lower order,100.0,10.0,0.0,0.0,0.0,100.0,3.257,2.692,3.577,-0.885,29.851,1.571,1.325,1.233,3.23,1.671,1.4,0.919,1.78,0,0,0.0,0.0,6.0,11.0,40.0,94.0,11.9,17.2,18.9,5.8,13.4
e0ac7144,2017,OJ Hannon-Dalby,Warwickshire,2017,7,4,44,153,8.8,12,False,12,0,0,28.758,8,0,32,72.727,5.229,8.276,Lower order,100.0,11.0,0.0,0.0,0.0,100.0,3.03,4.104,0.662,3.442,93.182,1.449,1.323,1.129,2.819,1.546,1.443,1.898,0.331,0,1,0.0,14.286,5.0,2.0,41.0,3.0,10.4,17.1,18.9,24.8,17.8
b20f423b,2016,SC Kerrigan,Lancashire,2016,18,13,225,547,20.455,48,False,48,0,0,41.133,26,1,110,48.889,4.936,22.115,Lower order,77.778,11.0,0.0,5.556,16.667,77.778,4.092,3.732,4.493,-0.761,48.0,1.828,1.318,1.546,4.624,1.954,1.406,1.553,1.19,0,2,0.0,11.111,8.0,10.0,108.0,117.0,17.5,17.0,18.9,19.6,18.2
fe2ac1a8,2025,TE Lawes,Surrey,2025,12,9,168,277,16.8,37,True,37*,0,0,60.65,24,1,102,60.714,9.025,26.19,Lower order,83.333,9.0,0.0,16.667,0.0,83.333,3.944,4.199,3.495,0.704,67.857,1.991,1.318,1.958,5.765,2.14,1.402,1.919,1.061,0,1,0.0,8.333,7.0,5.0,114.0,54.0,16.2,17.1,18.9,15.5,16.9
e871a7a1,2022,BW Sanderson,Northamptonshire,2022,20,13,209,343,14.929,38,False,38,0,0,60.933,31,1,130,62.201,9.329,25.402,Lower order,100.0,10.0,0.0,0.0,0.0,100.0,3.727,3.307,4.17,-0.863,45.455,1.496,1.317,0.922,2.949,1.602,1.453,1.151,1.613,0,0,0.0,0.0,10.0,10.0,95.0,114.0,15.3,16.9,18.9,5.8,14.2
9dca07d7,2017,RJ Sidebottom,Yorkshire,2017,9,6,45,168,22.5,9,False,9,0,0,26.786,7,0,28,62.222,4.167,10.559,Lower order,100.0,11.0,0.0,0.0,0.0,100.0,2.206,2.136,2.32,-0.184,60.0,1.089,1.315,0.828,2.174,1.153,1.407,1.315,1.087,0,1,0.0,11.111,6.0,3.0,27.0,18.0,5.7,16.9,18.9,19.6,15.3
b21ed464,2019,SA Patterson,Yorkshire,2019,20,13,271,623,15.056,60,False,60,0,1,43.499,36,1,150,55.351,5.939,20.648,Lower order,80.0,9.0,0.0,15.0,5.0,80.0,4.912,5.038,4.739,0.298,59.41,2.141,1.308,2.084,7.317,2.301,1.414,0.993,1.624,2,4,10.0,20.0,11.0,9.0,161.0,110.0,22.0,16.8,56.5,33.2,32.1
42151725,2019,GK Berg,Hampshire,2019,6,4,59,124,9.833,33,False,33,0,0,47.581,8,0,32,54.237,6.452,23.276,Lower order,66.667,8.0,0.0,0.0,33.333,66.667,2.815,1.894,7.345,-5.45,55.932,1.508,1.303,1.773,3.427,1.584,1.384,0.0,2.605,0,1,0.0,16.667,5.0,1.0,33.0,26.0,9.0,16.8,18.9,28.6,18.3
eba6a852,2023,SCJ Broad,Nottinghamshire,2023,6,4,62,125,20.667,26,False,26,0,0,49.6,8,1,38,61.29,7.2,20.69,Lower order,100.0,10.0,0.0,0.0,0.0,100.0,3.735,4.167,2.198,1.969,87.097,1.62,1.299,1.035,3.118,1.744,1.382,1.43,0.766,0,1,0.0,16.667,5.0,1.0,54.0,8.0,15.4,16.7,18.9,28.6,19.9
3dcd1e8d,2018,ME Milnes,Nottinghamshire,2018,8,5,97,208,19.4,43,False,43,0,0,46.635,13,1,58,59.794,6.731,20.103,Lower order,75.0,10.0,0.0,25.0,0.0,75.0,3.677,5.385,2.72,2.665,52.577,1.814,1.294,1.527,4.139,1.936,1.369,2.354,1.294,0,0,0.0,0.0,2.0,6.0,51.0,46.0,14.9,16.6,18.9,5.8,14.0
94d7f855,2023,C de Grandhomme,Lancashire,2023,8,5,128,161,18.286,67,True,67*,0,1,79.503,12,4,72,56.25,9.938,38.621,All-rounder / keeper,100.0,7.0,0.0,0.0,100.0,0.0,5.174,9.28,3.142,6.138,59.375,2.359,1.29,2.334,5.267,2.543,1.4,3.042,1.29,0,1,0.0,12.5,3.0,5.0,76.0,52.0,23.4,16.6,18.9,22.3,20.3
01a95383,2022,MD Taylor,Gloucestershire,2022,9,5,69,205,9.857,24,True,24*,0,0,33.659,10,0,40,57.971,4.878,14.872,Lower order,100.0,9.0,0.0,0.0,0.0,100.0,3.078,3.549,2.464,1.085,65.217,1.449,1.287,0.784,2.564,1.56,1.366,1.749,1.254,0,0,0.0,0.0,5.0,4.0,45.0,24.0,10.7,16.5,18.9,5.8,13.0
5bb5a915,2019,M Morkel,Surrey,2019,18,10,125,331,8.333,27,False,27,0,0,37.764,18,2,84,67.2,6.042,13.183,Lower order,94.444,10.0,0.0,0.0,5.556,94.444,2.618,1.923,3.009,-1.085,26.4,1.372,1.278,1.093,2.933,1.45,1.371,0.809,2.018,0,1,0.0,5.556,6.0,12.0,33.0,92.0,8.0,16.4,18.9,12.3,13.9
42a5c1c7,2022,JH Wharton,Yorkshire,2022,6,3,45,143,7.5,23,False,23,0,0,31.469,5,0,20,44.444,3.497,18.116,Middle order,66.667,3.0,33.333,66.667,0.0,0.0,2.594,2.618,2.547,0.071,66.667,1.171,1.277,0.641,1.752,1.284,1.402,1.118,1.277,0,0,0.0,0.0,4.0,2.0,30.0,15.0,7.8,16.4,18.9,5.8,12.2
a5735bd3,2025,A Karvelas,Sussex,2025,6,4,46,113,7.667,20,False,20,0,0,40.708,6,0,24,52.174,5.31,20.561,Lower order,100.0,10.0,0.0,0.0,0.0,100.0,2.785,2.587,3.091,-0.504,56.522,1.245,1.274,1.17,2.43,1.312,1.348,1.274,1.215,0,0,0.0,0.0,4.0,2.0,26.0,20.0,8.8,16.3,18.9,5.8,12.4
1e66c162,2026,JD Unadkat,Sussex,2026,7,5,53,84,8.833,13,True,13*,0,0,63.095,4,4,40,75.472,9.524,17.105,Lower order,100.0,11.0,0.0,0.0,0.0,100.0,2.912,1.99,6.612,-4.621,54.717,1.303,1.271,1.244,3.288,1.429,1.413,0.919,3.288,0,0,0.0,0.0,5.0,2.0,29.0,24.0,9.9,16.3,18.9,5.8,12.7
eba6a852,2019,SCJ Broad,Nottinghamshire,2019,13,7,109,254,12.111,30,False,30,0,0,42.913,15,0,60,55.046,5.906,20.502,Lower order,100.0,10.0,0.0,0.0,0.0,100.0,4.009,4.832,3.011,1.822,66.055,1.926,1.263,1.664,4.862,2.053,1.355,1.997,0.901,0,1,0.0,7.692,7.0,6.0,72.0,37.0,16.8,16.2,18.9,14.9,16.7
208f22ea,2023,DJ Worrall,Surrey,2023,17,13,221,249,15.786,51,False,51,0,1,88.755,31,4,148,66.968,14.056,34.112,Lower order,94.118,11.0,5.882,0.0,0.0,94.118,4.647,5.234,3.854,1.381,64.706,1.962,1.261,2.107,5.952,2.093,1.34,1.485,1.095,0,2,0.0,11.765,9.0,8.0,143.0,78.0,20.5,16.1,18.9,20.9,19.1
78adc879,2016,N Wagner,Lancashire,2016,12,9,111,187,9.25,37,False,37,0,0,59.358,14,1,62,55.856,8.021,28.488,Lower order,100.0,9.0,0.0,0.0,0.0,100.0,2.786,3.189,2.469,0.72,50.45,1.382,1.256,1.348,4.523,1.485,1.291,1.182,1.256,0,0,0.0,0.0,5.0,7.0,56.0,55.0,8.9,16.1,18.9,5.8,12.4
e871a7a1,2023,BW Sanderson,Northamptonshire,2023,16,10,125,248,9.615,46,False,46,0,0,50.403,16,1,70,56.0,6.855,23.81,Lower order,100.0,10.0,0.0,0.0,0.0,100.0,3.08,4.46,1.298,3.162,81.6,1.35,1.253,1.165,3.912,1.429,1.314,1.722,0.474,0,0,0.0,0.0,10.0,6.0,102.0,23.0,10.8,16.0,18.9,5.8,12.9
cf494ffe,2016,PR Stirling,Middlesex,2016,7,7,199,359,33.167,85,False,85,0,1,55.432,24,1,102,51.256,6.964,29.042,All-rounder / keeper,85.714,7.0,0.0,14.286,85.714,0.0,6.419,9.434,4.007,5.427,65.327,3.145,1.248,3.28,8.492,3.303,1.367,4.335,1.1,0,1,0.0,14.286,3.0,4.0,130.0,69.0,31.6,15.9,18.9,24.8,22.8
f53d6c10,2015,MD Bates,Somerset,2015,9,5,53,161,8.833,16,False,16,0,0,32.919,7,0,28,52.83,4.348,16.234,Lower order,77.778,8.0,0.0,22.222,0.0,77.778,2.399,1.384,3.378,-1.994,28.302,1.168,1.248,0.727,1.831,1.237,1.317,0.624,1.709,0,0,0.0,0.0,4.0,5.0,15.0,38.0,7.2,15.9,18.9,5.8,12.0
eb9cb105,2017,SC Meaker,Surrey,2017,12,8,174,407,19.333,49,False,49,0,0,42.752,21,1,90,51.724,5.405,21.818,Lower order,91.667,10.0,0.0,8.333,0.0,91.667,4.545,3.592,5.201,-1.608,32.184,2.357,1.245,2.646,7.213,2.446,1.29,1.018,1.472,0,2,0.0,16.667,4.0,8.0,56.0,118.0,20.2,15.8,18.9,28.6,20.9
70d57519,2025,AAP Atkinson,Surrey,2025,6,4,53,83,8.833,25,False,25,0,0,63.855,5,1,26,49.057,7.229,35.065,Lower order,100.0,8.5,0.0,0.0,0.0,100.0,2.703,3.331,0.816,2.515,92.453,1.492,1.243,1.204,3.106,1.632,1.353,1.677,0.378,0,0,0.0,0.0,5.0,1.0,49.0,4.0,8.2,15.8,18.9,5.8,12.2
b21ed464,2016,SA Patterson,Yorkshire,2016,20,14,300,669,15.789,63,True,63*,0,2,44.843,41,1,170,56.667,6.278,20.734,Lower order,80.0,9.0,0.0,15.0,5.0,80.0,4.825,3.682,5.919,-2.238,37.333,2.35,1.239,2.507,7.039,2.495,1.31,0.94,1.328,0,4,0.0,20.0,10.0,10.0,112.0,188.0,21.7,15.7,18.9,33.2,22.4
6feb46a4,2023,LD McManus,Northamptonshire,2023,16,11,185,482,12.333,27,False,27,0,0,38.382,21,2,96,51.892,4.772,19.39,All-rounder / keeper,75.0,7.0,0.0,0.0,75.0,25.0,4.384,4.451,4.309,0.143,53.514,1.874,1.222,1.434,4.99,1.988,1.282,1.188,2.118,0,1,0.0,6.25,9.0,7.0,99.0,86.0,19.1,15.6,18.9,13.2,16.7
19708692,2022,MW Parkinson,Lancashire,2022,12,9,89,248,9.889,17,True,17*,0,0,35.887,12,0,48,53.933,4.839,17.373,Lower order,83.333,11.0,0.0,0.0,16.667,83.333,2.572,2.156,2.883,-0.727,35.955,1.179,1.221,0.805,2.755,1.253,1.326,0.688,1.388,0,1,0.0,8.333,5.0,7.0,32.0,57.0,7.8,15.5,18.9,15.5,14.4
94253925,2021,GH Vihari,Warwickshire,2021,6,3,100,258,16.667,52,False,52,0,1,38.76,11,0,44,44.0,4.264,22.672,Middle order,100.0,3.0,0.0,100.0,0.0,0.0,7.474,15.556,2.005,13.551,84.0,3.252,1.221,3.933,7.785,3.353,1.297,7.785,0.986,0,1,0.0,16.667,2.0,4.0,84.0,16.0,39.4,15.6,18.9,28.6,25.6
141a340d,2015,J Harrison,Durham,2015,10,5,99,227,9.9,53,False,53,0,1,43.612,14,0,56,56.566,6.167,20.188,Lower order,100.0,8.5,0.0,0.0,0.0,100.0,3.971,6.104,0.525,5.579,94.949,2.028,1.218,2.962,7.243,2.186,1.263,1.233,0.223,1,1,10.0,10.0,6.0,4.0,94.0,5.0,16.4,15.4,56.5,17.6,26.5
a37b5c0a,2026,BO Coad,Yorkshire,2026,8,5,70,134,10.0,21,False,21,0,0,52.239,6,2,36,51.429,5.97,26.984,Lower order,87.5,10.0,0.0,12.5,0.0,87.5,4.326,1.229,6.412,-5.183,11.429,1.863,1.218,1.596,3.911,2.044,1.267,0.498,3.19,0,0,0.0,0.0,3.0,5.0,8.0,62.0,18.8,15.4,18.9,5.8,14.7
7a32c1c1,2016,ARI Umeed,Warwickshire,2016,10,6,165,388,18.333,101,False,101,1,0,42.526,18,0,72,43.636,4.639,25.135,Opener,100.0,2.0,100.0,0.0,0.0,0.0,6.855,9.507,4.485,5.022,65.455,3.076,1.217,4.903,12.632,3.338,1.281,0.0,2.434,2,2,20.0,20.0,4.0,6.0,108.0,57.0,35.2,15.3,85.2,33.2,42.2
463ebce3,2019,MJ Lamb,Warwickshire,2019,6,4,202,446,33.667,173,False,173,1,0,45.291,29,0,116,57.426,6.502,20.624,All-rounder / keeper,83.333,6.0,0.0,16.667,83.333,0.0,10.055,33.462,1.944,31.519,85.644,5.066,1.214,8.194,17.317,5.553,1.301,17.317,0.519,1,1,16.667,16.667,1.0,5.0,173.0,29.0,60.9,15.3,78.4,28.6,45.8
c89474d1,2016,TJ Murtagh,Middlesex,2016,12,11,168,220,21.0,47,False,47,0,0,76.364,16,3,82,48.81,8.636,42.786,Lower order,100.0,10.0,0.0,0.0,0.0,100.0,3.725,1.824,5.205,-3.381,21.429,1.551,1.21,1.457,4.087,1.642,1.245,0.719,2.24,0,0,0.0,0.0,5.0,7.0,36.0,132.0,15.3,15.1,18.9,5.8,13.8
d094e7d1,2015,Abdur Rehman,Somerset,2015,13,8,153,254,17.0,55,True,55*,0,1,60.236,22,2,100,65.359,9.449,23.043,Lower order,100.0,10.0,0.0,0.0,0.0,100.0,4.446,5.794,2.276,3.518,80.392,1.851,1.21,2.263,6.704,1.952,1.269,2.13,0.875,0,2,0.0,15.385,7.0,6.0,123.0,30.0,19.5,15.2,18.9,26.4,20.0
fe5b4367,2022,ZJ Chappell,Gloucestershire,2022,8,4,51,142,7.286,20,False,20,0,0,35.915,8,0,32,62.745,5.634,14.179,Lower order,87.5,10.0,0.0,12.5,0.0,87.5,2.304,2.175,2.611,-0.436,66.667,1.192,1.208,0.963,2.35,1.273,1.297,1.114,1.302,0,1,0.0,12.5,6.0,2.0,34.0,17.0,6.6,15.1,18.9,22.3,15.7
679cd31e,2021,SJ Cook,Essex,2021,8,5,94,223,13.429,37,False,37,0,0,42.152,8,0,32,34.043,3.587,28.837,Lower order,100.0,10.0,0.0,0.0,0.0,100.0,4.362,5.207,3.425,1.783,62.766,2.362,1.205,2.47,6.436,2.476,1.231,1.114,2.029,0,1,0.0,12.5,4.0,4.0,59.0,35.0,19.1,15.0,18.9,22.3,18.8
3dcd1e8d,2019,ME Milnes,Kent,2019,17,12,174,471,14.5,31,False,31,0,0,36.943,23,0,92,52.874,4.883,18.304,Lower order,100.0,10.0,0.0,0.0,0.0,100.0,3.669,5.581,2.765,2.816,48.851,2.008,1.204,2.167,7.505,2.179,1.318,1.228,1.162,1,2,5.882,11.765,7.0,10.0,85.0,89.0,14.8,14.9,44.1,20.9,23.7
e737a5fe,2023,C Rushworth,Warwickshire,2023,12,9,95,105,11.875,22,False,22,0,0,90.476,16,0,64,67.368,15.238,34.831,Lower order,100.0,11.0,0.0,0.0,0.0,100.0,3.031,4.617,2.268,2.348,49.474,1.414,1.203,1.425,4.932,1.506,1.256,1.351,1.151,0,1,0.0,8.333,5.0,7.0,47.0,48.0,10.5,14.9,18.9,15.5,15.0
cad40f5e,2016,BA Carse,Durham,2016,7,6,131,231,26.2,47,False,47,0,0,56.71,20,2,92,70.229,9.524,18.66,Lower order,100.0,9.0,0.0,0.0,0.0,100.0,5.121,4.11,6.19,-2.08,41.221,1.707,1.188,1.94,4.163,1.806,1.257,0.081,2.294,0,3,0.0,42.857,4.0,3.0,54.0,77.0,23.1,14.8,18.9,75.7,33.1
70fdd428,2015,JD Shantry,Worcestershire,2015,18,11,168,355,11.2,41,True,41*,0,0,47.324,19,4,100,59.524,6.479,20.482,Lower order,100.0,9.0,0.0,0.0,0.0,100.0,3.45,3.618,3.31,0.309,47.619,1.55,1.183,1.231,3.744,1.647,1.25,2.275,0.757,0,1,0.0,5.556,8.0,10.0,80.0,88.0,13.2,14.7,18.9,12.3,14.8
fe0c5457,2018,H Hameed,Lancashire,2018,15,9,145,431,9.667,31,False,31,0,0,33.643,18,1,78,53.793,4.408,16.262,Opener,60.0,2.0,60.0,40.0,0.0,0.0,4.074,4.126,3.981,0.145,64.828,2.04,1.183,1.814,4.752,2.213,1.256,1.327,1.006,0,1,0.0,6.667,10.0,5.0,94.0,51.0,17.2,14.7,18.9,13.6,16.1
8fd1a8f5,2018,DW Steyn,Hampshire,2018,7,5,65,113,10.833,25,False,25,0,0,57.522,11,1,50,76.923,10.619,14.851,Lower order,100.0,10.0,0.0,0.0,0.0,100.0,4.207,3.056,7.902,-4.846,55.385,1.832,1.18,1.768,4.677,2.008,1.248,1.152,4.677,0,1,0.0,14.286,5.0,2.0,36.0,29.0,18.5,14.6,18.9,24.8,19.2
31b01074,2025,Kasey Aldridge,Somerset,2025,11,8,280,541,28.0,180,False,180,1,0,51.756,30,6,156,55.714,6.654,24.554,All-rounder / keeper,81.818,7.0,0.0,0.0,81.818,18.182,7.784,12.449,2.299,10.15,86.429,4.296,1.173,7.429,21.765,4.514,1.241,4.149,0.911,1,1,9.091,9.091,4.0,7.0,242.0,38.0,41.3,14.6,53.1,16.4,31.4
b3544c5d,2026,BA Hutton,Nottinghamshire,2026,11,7,118,215,11.8,26,False,26,0,0,54.884,14,2,68,57.627,7.442,25.126,Lower order,90.909,9.0,0.0,9.091,0.0,90.909,3.23,3.61,2.644,0.966,67.797,1.75,1.172,1.412,3.952,1.839,1.25,1.894,0.58,0,0,0.0,0.0,7.0,4.0,80.0,38.0,11.7,14.5,18.9,5.8,12.7
bd93fea4,2023,PM Siddle,Somerset,2023,6,5,57,82,14.25,17,False,17,0,0,69.512,7,1,34,59.649,9.756,31.081,Lower order,100.0,11.0,0.0,0.0,0.0,100.0,3.093,2.375,4.249,-1.875,47.368,1.283,1.168,1.365,3.511,1.367,1.22,1.168,1.944,0,0,0.0,0.0,3.0,3.0,27.0,30.0,11.0,14.4,18.9,5.8,12.5
b9877635,2022,TE Bailey,Lancashire,2022,16,13,208,352,14.857,59,False,59,0,1,59.091,33,0,132,63.462,9.375,23.824,Lower order,100.0,9.0,0.0,0.0,0.0,100.0,4.135,2.083,6.493,-4.41,26.923,2.218,1.167,2.93,9.189,2.37,1.232,0.913,1.167,2,3,12.5,18.75,8.0,8.0,56.0,152.0,17.8,14.4,65.1,31.7,32.2
bc773eeb,2015,JM Bird,Hampshire,2015,10,6,54,127,6.75,12,False,12,0,0,42.52,6,1,30,55.556,5.512,20.0,Lower order,100.0,10.5,0.0,0.0,0.0,100.0,2.231,2.373,2.097,0.276,51.852,0.974,1.159,0.42,1.343,1.035,1.237,1.276,1.083,0,0,0.0,0.0,5.0,5.0,28.0,26.0,5.9,14.3,18.9,5.8,11.2
ec178b04,2024,Jaskaran Singh,Kent,2024,7,4,43,175,10.75,18,False,18,0,0,24.571,7,0,28,65.116,4.0,8.929,Lower order,85.714,11.0,0.0,14.286,0.0,85.714,2.299,2.769,0.283,2.485,97.674,1.077,1.158,0.739,1.852,1.148,1.235,1.43,0.14,0,0,0.0,0.0,6.0,1.0,42.0,1.0,6.5,14.2,18.9,5.8,11.3
ad8cb396,2025,RP Jones,Worcestershire,2025,10,5,137,340,13.7,54,False,54,0,1,40.294,19,1,82,59.854,5.882,17.188,Middle order,100.0,5.0,0.0,100.0,0.0,0.0,6.937,8.825,0.855,7.971,97.08,3.502,1.151,4.052,9.618,3.734,1.247,3.431,0.415,0,3,0.0,30.0,8.0,2.0,133.0,4.0,36.0,14.2,18.9,50.0,29.8
0f3ee070,2025,OE Robinson,Sussex,2025,14,10,150,174,15.0,30,False,30,0,0,86.207,24,1,102,68.0,14.368,32.215,Lower order,100.0,9.5,0.0,0.0,0.0,100.0,3.644,4.415,2.996,1.418,55.333,1.698,1.149,1.552,3.872,1.817,1.218,1.407,0.891,0,1,0.0,7.143,6.0,8.0,83.0,67.0,14.6,14.1,18.9,14.2,15.4
b3544c5d,2024,BA Hutton,Nottinghamshire,2024,7,5,64,155,9.143,29,False,29,0,0,41.29,9,0,36,56.25,5.806,19.178,Lower order,85.714,9.0,0.0,14.286,0.0,85.714,3.245,2.53,4.526,-1.997,50.0,1.321,1.148,1.361,3.372,1.398,1.212,0.244,1.494,0,0,0.0,0.0,4.0,3.0,32.0,32.0,11.8,14.1,18.9,5.8,12.6
dd17e4bc,2018,SJ Magoffin,Worcestershire,2018,9,5,65,213,10.833,43,False,43,0,0,30.516,12,0,48,73.846,5.634,8.458,Lower order,100.0,11.0,0.0,0.0,0.0,100.0,3.288,4.601,2.002,2.599,69.231,1.193,1.147,1.406,3.5,1.276,1.241,1.808,1.147,0,1,0.0,11.111,4.0,5.0,45.0,20.0,12.1,14.0,18.9,19.6,16.2
3581a798,2022,RM Yates,Warwickshire,2022,17,10,298,722,17.529,104,False,104,1,1,41.274,46,0,184,61.745,6.371,16.864,Middle order,58.824,3.0,41.176,58.824,0.0,0.0,6.238,6.225,6.261,-0.036,62.752,3.298,1.144,4.231,13.326,3.497,1.203,1.051,2.274,2,3,11.765,17.647,9.0,8.0,187.0,111.0,30.1,13.9,62.5,30.4,34.2
bdadf7da,2023,JL Denly,Kent,2023,13,8,293,523,22.538,136,False,136,1,1,56.023,35,2,152,51.877,7.075,29.012,Middle order,92.308,4.0,0.0,92.308,7.692,0.0,7.565,9.23,5.612,3.618,65.87,3.761,1.144,4.63,11.23,4.046,1.206,2.465,1.144,2,3,15.385,23.077,7.0,6.0,193.0,100.0,39.8,13.9,73.9,37.5,41.3
219cc59e,2018,DY Pennington,Worcestershire,2018,14,7,94,255,8.545,37,False,37,0,0,36.863,14,0,56,59.574,5.49,15.768,Lower order,100.0,11.0,0.0,0.0,0.0,100.0,2.777,3.192,2.239,0.953,64.894,1.196,1.14,0.99,2.944,1.283,1.197,1.114,1.14,0,1,0.0,7.143,8.0,6.0,61.0,33.0,8.7,13.8,18.9,14.2,13.9
679cd31e,2022,SJ Cook,Essex,2022,20,12,179,455,13.769,38,False,38,0,0,39.341,19,2,88,49.162,4.615,20.968,Lower order,80.0,10.0,0.0,20.0,0.0,80.0,3.564,2.518,4.293,-1.775,29.05,1.76,1.131,1.33,4.289,1.88,1.241,0.946,2.204,0,1,0.0,5.0,8.0,12.0,52.0,127.0,14.1,13.7,18.9,11.9,14.6
70d57519,2024,AAP Atkinson,Surrey,2024,8,5,47,102,6.714,15,False,15,0,0,46.078,6,0,24,51.064,5.882,23.958,Lower order,87.5,9.5,0.0,0.0,12.5,87.5,1.983,1.419,3.049,-1.629,46.809,0.908,1.128,0.679,1.516,0.951,1.209,0.4,1.31,0,0,0.0,0.0,5.0,3.0,22.0,25.0,4.8,13.7,18.9,5.8,10.8
b552a935,2015,AC Thomas,Somerset,2015,9,6,75,176,15.0,32,True,32*,0,0,42.614,9,0,36,48.0,5.114,23.353,Lower order,100.0,10.0,0.0,0.0,0.0,100.0,3.5,2.838,4.103,-1.266,38.667,1.349,1.121,1.342,3.776,1.423,1.178,0.666,1.617,0,1,0.0,11.111,4.0,5.0,29.0,46.0,13.7,13.6,18.9,19.6,16.4
ed8faea2,2025,TGR Clark,Sussex,2025,15,9,341,718,22.733,140,False,140,1,0,47.493,45,2,192,56.305,6.546,22.206,Middle order,100.0,3.0,0.0,100.0,0.0,0.0,6.742,4.863,8.312,-3.449,32.845,2.997,1.117,4.036,11.937,3.195,1.214,0.774,1.231,1,2,6.667,13.333,6.0,9.0,112.0,229.0,34.1,13.6,46.3,23.6,29.4
782fb776,2026,LV van Beek,Yorkshire,2026,9,5,70,167,11.667,29,False,29,0,0,41.916,9,0,36,51.429,5.389,21.519,Lower order,100.0,9.0,0.0,0.0,0.0,100.0,3.153,5.228,1.741,3.487,67.143,1.259,1.117,0.718,2.169,1.339,1.162,1.994,0.684,0,0,0.0,0.0,3.0,6.0,47.0,23.0,11.5,13.5,18.9,5.8,12.4
a05d0552,2026,JJ Weatherley,Hampshire,2026,6,3,49,181,8.167,25,False,25,0,0,27.072,4,0,16,32.653,2.21,18.644,Opener,66.667,1.0,66.667,33.333,0.0,0.0,3.622,1.543,4.276,-2.733,10.204,1.794,1.111,1.611,3.634,1.911,1.198,0.637,2.373,0,0,0.0,0.0,2.0,4.0,5.0,44.0,14.3,13.4,18.9,5.8,13.1
e9987a94,2017,C Overton,Somerset,2017,14,9,145,295,12.083,36,False,36,0,0,49.153,18,2,84,57.931,6.78,22.182,Lower order,92.857,8.0,0.0,0.0,7.143,92.857,4.668,2.317,7.299,-4.982,26.207,1.989,1.107,1.911,4.966,2.1,1.147,0.383,2.551,1,3,7.143,21.429,6.0,8.0,38.0,107.0,20.7,13.4,47.5,35.1,29.2
74a274cc,2023,TG Helm,Middlesex,2023,14,9,113,237,10.273,20,False,20,0,0,47.679,10,1,46,40.708,4.641,29.646,Lower order,92.857,10.0,0.0,0.0,7.143,92.857,3.758,3.224,4.52,-1.296,50.442,1.652,1.104,1.165,3.231,1.749,1.153,0.933,1.968,0,2,0.0,14.286,8.0,6.0,57.0,56.0,15.4,13.3,18.9,24.8,18.1
462d7c62,2024,D Paterson,Nottinghamshire,2024,9,7,67,101,11.167,19,False,19,0,0,66.337,7,3,46,68.657,9.901,23.077,Lower order,100.0,11.0,0.0,0.0,0.0,100.0,2.793,2.798,2.782,0.016,70.149,0.977,1.1,0.895,2.537,1.049,1.165,1.108,0.092,0,1,0.0,11.111,6.0,3.0,47.0,20.0,8.9,13.2,18.9,19.6,15.2
19708692,2024,MW Parkinson,Kent,2024,21,13,241,850,12.05,48,False,48,0,0,28.353,30,0,120,49.793,3.529,14.756,Lower order,95.238,9.0,0.0,0.0,4.762,95.238,4.145,4.782,3.389,1.393,62.656,1.741,1.099,1.564,5.341,1.855,1.154,1.132,1.04,0,3,0.0,14.286,12.0,9.0,151.0,90.0,18.0,13.2,18.9,24.8,18.7
3d0ed2f9,2016,JT Ball,Nottinghamshire,2016,17,10,153,219,9.562,33,False,33,0,0,69.863,20,5,110,71.895,11.416,22.165,Lower order,94.118,9.0,0.0,5.882,0.0,94.118,3.483,3.204,3.963,-0.759,58.17,1.496,1.098,1.328,4.54,1.603,1.172,1.202,0.993,0,1,0.0,5.882,9.0,8.0,89.0,64.0,13.6,13.1,18.9,12.7,14.6
867a45a7,2024,TAI Taylor,Worcestershire,2024,9,6,141,241,23.5,62,True,62*,0,1,58.506,16,1,70,49.645,7.054,31.696,Lower order,100.0,9.0,0.0,0.0,0.0,100.0,5.952,4.681,7.345,-2.664,41.135,2.437,1.095,2.971,6.985,2.559,1.164,1.825,0.365,0,2,0.0,22.222,4.0,5.0,58.0,83.0,27.9,13.1,18.9,36.3,24.0
ccdd8308,2017,ST Finn,Middlesex,2017,14,9,95,198,11.875,31,True,31*,0,0,47.98,17,0,68,71.579,8.586,14.917,Lower order,92.857,11.0,0.0,0.0,7.143,92.857,2.805,2.983,2.616,0.368,54.737,1.446,1.09,1.311,3.954,1.548,1.178,1.09,1.244,0,1,0.0,7.143,7.0,7.0,52.0,43.0,9.0,13.0,18.9,14.2,13.8
679cd31e,2018,SJ Cook,Essex,2018,10,6,55,118,18.333,14,False,14,0,0,46.61,7,0,28,50.909,5.932,24.324,Lower order,100.0,11.0,0.0,0.0,0.0,100.0,2.381,3.349,1.538,1.81,65.455,1.167,1.09,0.626,1.986,1.26,1.168,1.711,0.894,0,0,0.0,0.0,5.0,5.0,36.0,19.0,7.1,12.9,18.9,5.8,11.2
9dca07d7,2014,RJ Sidebottom,Yorkshire,2014,10,9,95,349,11.875,25,False,25,0,0,27.221,8,0,32,33.684,2.292,18.475,Lower order,100.0,10.0,0.0,0.0,0.0,100.0,2.438,2.809,1.781,1.028,73.684,1.127,1.087,0.759,2.551,1.206,1.155,1.315,0.957,0,0,0.0,0.0,7.0,3.0,70.0,25.0,7.3,12.8,18.9,5.8,11.2
8bf61e65,2021,JA Brooks,Somerset,2021,6,3,36,60,9.0,15,False,15,0,0,60.0,6,0,24,66.667,10.0,22.222,Lower order,100.0,11.0,0.0,0.0,0.0,100.0,2.915,3.468,2.21,1.258,66.667,1.354,1.087,0.542,1.978,1.453,1.151,1.532,0.997,0,0,0.0,0.0,4.0,2.0,24.0,12.0,9.9,12.8,18.9,5.8,11.8
5fed6272,2024,CN Miles,Warwickshire,2024,6,4,55,115,11.0,29,False,29,0,0,47.826,9,0,36,65.455,7.826,17.925,Lower order,100.0,10.0,0.0,0.0,0.0,100.0,3.514,2.347,4.637,-2.29,32.727,1.191,1.069,1.106,2.624,1.278,1.124,0.679,1.702,0,0,0.0,0.0,4.0,2.0,18.0,37.0,13.9,12.7,18.9,5.8,12.8
1558d83b,2025,GS Sandhu,Sussex,2025,6,4,56,199,14.0,28,True,28*,0,0,28.141,8,1,38,67.857,4.523,9.474,Lower order,100.0,11.0,0.0,0.0,0.0,100.0,3.153,1.603,5.141,-3.538,28.571,1.427,1.067,1.343,3.326,1.499,1.137,0.795,2.059,0,0,0.0,0.0,3.0,3.0,16.0,40.0,11.5,12.7,18.9,5.8,12.2
8f2dfebf,2026,MD Fisher,Surrey,2026,15,10,153,351,11.769,35,False,35,0,0,43.59,16,1,70,45.752,4.843,24.85,Lower order,73.333,9.0,0.0,20.0,6.667,73.333,3.479,2.784,4.835,-2.051,52.941,2.067,1.065,2.66,8.38,2.254,1.139,0.623,2.242,0,2,0.0,13.333,9.0,6.0,81.0,72.0,13.4,12.6,18.9,23.6,17.1
dd17e4bc,2015,SJ Magoffin,Sussex,2015,24,13,208,503,10.4,41,False,41,0,0,41.352,38,0,152,73.077,7.555,12.043,Lower order,91.667,10.0,0.0,4.167,4.167,91.667,3.41,3.08,3.81,-0.73,49.519,1.645,1.063,1.535,4.301,1.802,1.139,1.12,0.711,0,2,0.0,8.333,13.0,11.0,103.0,105.0,12.9,12.6,18.9,15.5,15.0
a9da7784,2023,KJ Abbott,Hampshire,2023,18,12,246,455,16.4,89,True,89*,0,1,54.066,37,4,172,69.919,9.011,17.874,Lower order,94.444,10.0,5.556,0.0,0.0,94.444,5.631,4.881,6.222,-1.341,38.211,2.351,1.058,2.933,10.048,2.494,1.106,1.864,0.756,0,3,0.0,16.667,9.0,9.0,94.0,152.0,25.8,12.5,18.9,28.6,21.4
b3544c5d,2023,BA Hutton,Nottinghamshire,2023,18,12,282,721,17.625,84,False,84,0,1,39.112,31,3,142,50.355,4.716,20.378,Lower order,88.889,9.0,0.0,0.0,11.111,88.889,6.003,4.912,7.596,-2.683,48.582,2.27,1.053,2.884,10.044,2.433,1.136,1.438,0.619,0,3,0.0,16.667,11.0,7.0,137.0,145.0,28.2,12.4,18.9,28.6,22.0
a790df98,2025,S Snater,Essex,2025,13,8,180,293,16.364,48,False,48,0,0,61.433,23,4,116,64.444,9.215,24.06,Lower order,100.0,9.0,0.0,0.0,0.0,100.0,5.181,5.957,4.483,1.474,54.444,2.231,1.048,2.301,7.469,2.37,1.113,0.964,1.934,0,2,0.0,15.385,6.0,7.0,98.0,82.0,23.5,12.4,18.9,26.4,20.3
948beb1f,2025,ER Bamber,Warwickshire,2025,16,12,286,573,20.429,107,False,107,1,0,49.913,35,5,170,59.441,6.981,21.764,Lower order,81.25,9.0,0.0,18.75,0.0,81.25,6.407,5.949,6.637,-0.688,31.119,2.113,1.042,2.874,9.045,2.229,1.121,1.049,1.036,0,2,0.0,12.5,6.0,10.0,89.0,197.0,31.5,12.3,18.9,22.3,21.2
db767b89,2016,TL Best,Hampshire,2016,8,5,49,99,7.0,23,True,23*,0,0,49.495,4,2,28,57.143,6.061,22.581,Lower order,100.0,9.0,0.0,0.0,0.0,100.0,2.783,3.053,2.384,0.669,65.306,1.065,1.039,1.072,2.207,1.167,1.108,1.039,1.039,0,0,0.0,0.0,4.0,4.0,32.0,17.0,8.7,12.2,18.9,5.8,11.4
93cad673,2026,NN Gilchrist,Leicestershire/Warwickshire,2026,7,5,56,126,14.0,17,False,17,0,0,44.444,7,1,34,60.714,6.349,18.644,Lower order,100.0,11.0,0.0,0.0,0.0,100.0,3.047,3.249,2.121,1.128,87.5,1.238,1.03,1.08,3.081,1.332,1.133,1.076,0.654,0,0,0.0,0.0,6.0,1.0,49.0,7.0,10.5,12.2,18.9,5.8,11.8
88211932,2026,ARJ Ogborne,Somerset,2026,8,5,76,206,9.5,38,False,38,0,0,36.893,8,3,50,65.789,5.34,13.333,Lower order,87.5,10.0,0.0,12.5,0.0,87.5,3.063,1.129,4.996,-3.867,18.421,1.373,1.027,1.56,3.913,1.447,1.102,0.162,2.787,0,1,0.0,12.5,4.0,4.0,14.0,62.0,10.6,12.1,18.9,22.3,16.0
dadbdb68,2025,JA Duffy,Worcestershire,2025,9,5,31,57,5.167,14,True,14*,0,0,54.386,5,0,20,64.516,8.772,21.154,Lower order,100.0,11.0,0.0,0.0,0.0,100.0,2.069,3.801,0.272,3.529,93.548,0.859,1.027,0.732,1.611,0.925,1.116,1.464,0.096,0,0,0.0,0.0,5.0,4.0,29.0,2.0,5.3,12.1,18.9,5.8,10.5
35c08a29,2023,JM Blatherwick,Lancashire,2023,9,6,92,194,18.4,35,False,35,0,0,47.423,11,1,50,54.348,6.186,23.077,Lower order,100.0,9.0,0.0,0.0,0.0,100.0,3.085,1.959,3.816,-1.857,25.0,2.299,1.023,2.696,6.618,2.481,1.086,0.389,1.468,0,1,0.0,11.111,4.0,5.0,23.0,69.0,10.9,11.9,18.9,19.6,15.3
fe2ac1a8,2023,TE Lawes,Surrey,2023,12,9,126,269,11.455,55,False,55,0,1,46.84,14,2,68,53.968,5.948,22.925,Lower order,75.0,9.0,8.333,0.0,16.667,75.0,3.652,4.422,2.004,2.418,82.54,1.49,1.023,1.577,4.868,1.609,1.108,1.303,0.588,1,1,8.333,8.333,8.0,4.0,104.0,22.0,14.6,12.0,50.4,15.5,23.1
9e1b7792,2026,EJ Byrom,Glamorgan,2026,6,3,61,193,10.167,40,False,40,0,0,31.606,6,0,24,39.344,3.109,19.786,Opener,100.0,1.0,100.0,0.0,0.0,0.0,4.08,4.649,2.513,2.136,83.607,2.032,1.012,2.21,4.569,2.12,1.073,2.542,1.012,0,1,0.0,16.667,4.0,2.0,51.0,10.0,17.3,11.9,18.9,28.6,19.2
3d0ed2f9,2019,JT Ball,Nottinghamshire,2019,16,9,67,109,13.4,15,True,15*,0,0,61.468,11,1,50,74.627,11.009,17.526,Lower order,100.0,11.0,0.0,0.0,0.0,100.0,2.03,2.484,1.553,0.931,62.687,0.76,1.01,0.732,2.002,0.82,1.084,1.01,0.575,0,0,0.0,0.0,8.0,8.0,42.0,25.0,5.1,11.8,18.9,5.8,10.4
d48c0f40,2019,LA Patterson-White,Nottinghamshire,2019,8,4,91,310,15.167,58,True,58*,0,1,29.355,10,1,46,50.549,3.548,15.05,Lower order,62.5,8.0,0.0,0.0,37.5,62.5,6.395,2.528,9.494,-6.966,17.582,2.334,1.006,3.418,7.322,2.518,1.086,0.89,3.778,0,1,0.0,12.5,4.0,4.0,16.0,75.0,31.3,11.7,18.9,22.3,21.0
e423d162,2023,LJ Fletcher,Nottinghamshire,2023,6,4,34,81,17.0,15,True,15*,0,0,41.975,4,0,16,47.059,4.938,23.377,Lower order,100.0,10.0,0.0,0.0,0.0,100.0,2.511,3.664,1.135,2.529,79.412,1.002,1.005,0.59,1.72,1.084,1.089,1.35,0.653,0,0,0.0,0.0,3.0,3.0,27.0,7.0,7.6,11.7,18.9,5.8,11.0
fc63d916,2025,AW Finch,Worcestershire,2025,9,5,73,234,12.167,17,True,17*,0,0,31.197,8,1,38,52.055,3.846,15.556,Lower order,77.778,10.0,0.0,11.111,11.111,77.778,2.691,0.906,3.147,-2.241,6.849,1.299,1.005,0.989,2.89,1.364,1.043,0.432,1.281,0,0,0.0,0.0,2.0,7.0,5.0,68.0,8.2,11.6,18.9,5.8,11.1
10735e1d,2023,JS Buckingham,Northamptonshire,2023,6,3,34,133,5.667,17,False,17,0,0,25.564,3,0,12,35.294,2.256,16.923,Lower order,83.333,9.0,0.0,16.667,0.0,83.333,3.307,0.87,4.01,-3.14,5.882,1.358,1.002,1.165,2.658,1.489,1.111,0.412,1.83,0,1,0.0,16.667,2.0,4.0,2.0,32.0,12.4,11.6,18.9,28.6,17.9
ccdd8308,2014,ST Finn,Middlesex,2014,12,7,110,171,15.714,37,True,37*,0,0,64.327,13,2,64,58.182,8.772,29.487,Lower order,100.0,11.0,0.0,0.0,0.0,100.0,3.405,2.063,4.022,-1.959,19.091,1.816,0.999,1.946,4.961,1.91,1.033,0.89,1.289,1,2,8.333,16.667,3.0,9.0,21.0,89.0,12.8,11.5,50.4,28.6,25.8
1a2676c5,2026,SA Abbott,Surrey,2026,9,7,233,344,29.125,76,False,76,0,2,67.733,23,5,122,52.361,8.14,35.127,Lower order,88.889,9.0,0.0,11.111,0.0,88.889,7.056,5.328,8.709,-3.38,36.91,3.128,0.994,3.854,10.533,3.36,1.059,0.676,2.013,1,3,11.111,33.333,3.0,6.0,86.0,147.0,37.0,11.4,60.5,56.8,41.4
71440756,2024,P Coughlin,Durham,2024,6,4,57,100,11.4,30,False,30,0,0,57.0,4,0,16,28.07,4.0,42.708,Lower order,83.333,8.0,0.0,16.667,0.0,83.333,2.978,5.136,1.936,3.2,56.14,1.358,0.99,1.196,3.071,1.454,1.06,1.726,0.99,0,0,0.0,0.0,2.0,4.0,32.0,25.0,10.2,11.4,18.9,5.8,11.6
bd93fea4,2021,PM Siddle,Essex,2021,8,5,59,100,8.429,20,False,20,0,0,59.0,7,1,34,57.627,8.0,27.174,Lower order,100.0,9.0,0.0,0.0,0.0,100.0,2.819,0.922,3.038,-2.117,3.39,1.278,0.974,1.072,3.151,1.333,1.029,0.445,1.009,0,0,0.0,0.0,1.0,7.0,2.0,57.0,9.1,11.3,18.9,5.8,11.3
903560ed,2022,MT Steketee,Essex,2022,8,5,56,187,9.333,18,False,18,0,0,29.947,8,0,32,57.143,4.278,13.408,Lower order,100.0,10.0,0.0,0.0,0.0,100.0,2.554,2.712,2.252,0.46,69.643,1.196,0.966,1.055,2.854,1.287,1.033,0.966,0.95,0,1,0.0,12.5,4.0,4.0,39.0,17.0,7.7,11.2,18.9,22.3,15.0
cd143bca,2024,J Leach,Worcestershire,2024,16,11,169,363,14.083,48,True,48*,0,0,46.556,18,2,84,49.704,5.51,24.781,Lower order,87.5,9.5,6.25,0.0,6.25,87.5,3.717,4.79,2.989,1.801,52.071,1.856,0.955,2.136,5.517,1.992,1.042,0.955,0.778,0,0,0.0,0.0,7.0,9.0,88.0,81.0,15.1,11.2,18.9,5.8,12.7
8bf61e65,2015,JA Brooks,Yorkshire,2015,12,10,135,291,12.273,50,True,50*,0,1,46.392,20,0,80,59.259,6.873,20.295,Lower order,100.0,10.0,0.0,0.0,0.0,100.0,3.556,2.584,5.98,-3.396,51.852,1.347,0.951,1.295,4.676,1.43,1.042,0.939,0.964,0,1,0.0,8.333,8.0,4.0,70.0,65.0,14.0,11.1,18.9,15.5,14.9
a8e56914,2019,D Olivier,Yorkshire,2019,17,11,130,310,21.667,24,False,24,0,0,41.935,21,0,84,64.615,6.774,15.917,Lower order,100.0,11.0,0.0,0.0,0.0,100.0,2.893,2.825,2.999,-0.175,59.231,1.198,0.951,1.015,2.822,1.286,1.028,0.994,0.951,0,1,0.0,5.882,9.0,8.0,77.0,53.0,9.7,11.0,18.9,12.7,13.1
a37b5c0a,2017,BO Coad,Yorkshire,2017,16,11,128,233,11.636,28,False,28,0,0,54.936,17,2,80,62.5,8.155,22.43,Lower order,100.0,10.0,0.0,0.0,0.0,100.0,3.51,3.96,2.95,1.01,62.5,1.564,0.946,1.612,5.303,1.636,0.985,1.094,0.946,0,1,0.0,6.25,9.0,7.0,80.0,48.0,13.7,11.0,18.9,13.2,14.2
861eed37,2022,WSA Williams,Lancashire,2022,11,8,86,303,17.2,29,True,29*,0,0,28.383,9,1,42,48.837,3.3,15.017,Lower order,90.909,10.0,0.0,0.0,9.091,90.909,2.606,1.254,4.667,-3.413,29.07,1.333,0.937,1.356,4.151,1.432,0.988,0.596,1.872,0,0,0.0,0.0,5.0,6.0,25.0,61.0,7.9,10.9,18.9,5.8,10.9
b552a935,2014,AC Thomas,Somerset,2014,15,12,168,450,15.273,54,False,54,0,1,37.333,16,0,64,38.095,3.556,23.963,Lower order,93.333,10.0,0.0,6.667,0.0,93.333,3.126,4.224,1.781,2.444,74.405,1.48,0.934,1.816,5.395,1.564,1.009,1.204,0.663,0,1,0.0,6.667,8.0,7.0,125.0,43.0,11.3,10.9,18.9,13.6,13.7
29b89ae8,2015,WB Rankin,Warwickshire,2015,18,12,155,311,15.5,56,True,56*,0,1,49.839,16,5,94,60.645,6.752,21.034,Lower order,100.0,11.0,0.0,0.0,0.0,100.0,3.372,3.983,2.865,1.118,53.548,1.43,0.926,1.485,5.662,1.524,1.035,0.678,1.367,0,1,0.0,5.556,8.0,10.0,83.0,72.0,12.7,10.8,18.9,12.3,13.7
ea3d687a,2024,A Virdi,Worcestershire,2024,6,4,63,116,15.75,42,False,42,0,0,54.31,9,2,48,76.19,9.483,14.286,Lower order,100.0,11.0,0.0,0.0,0.0,100.0,4.384,0.0,5.575,-5.575,0.0,1.433,0.921,1.771,3.89,1.517,0.989,0.0,1.55,0,1,0.0,16.667,1.0,5.0,0.0,63.0,19.2,10.7,18.9,28.6,19.4
3a3e7d82,2021,BW Aitchison,Derbyshire,2021,14,9,117,261,9.75,50,False,50,0,1,44.828,10,4,64,54.701,5.364,21.457,Lower order,92.857,10.0,0.0,0.0,7.143,92.857,4.39,6.559,2.337,4.221,72.65,1.893,0.917,2.291,5.967,2.039,0.993,0.917,1.143,1,1,7.143,7.143,7.0,7.0,85.0,32.0,19.3,10.7,47.5,14.2,22.9
1cc0a83d,2026,J Hull,Leicestershire,2026,10,6,130,454,43.333,97,False,97,0,1,28.634,16,2,76,58.462,3.965,12.385,Lower order,90.0,11.0,0.0,10.0,0.0,90.0,4.778,2.201,7.039,-4.838,21.538,2.233,0.898,3.713,9.759,2.342,0.974,1.163,0.633,1,1,10.0,10.0,6.0,4.0,28.0,102.0,21.5,10.6,56.5,17.6,26.6
3f659464,2026,OP Stone,Nottinghamshire,2026,9,7,101,224,12.625,38,False,38,0,0,45.089,12,1,54,53.465,5.804,22.275,Lower order,88.889,9.0,0.0,11.111,0.0,88.889,3.483,6.362,2.196,4.166,56.436,1.4,0.893,1.446,3.48,1.47,0.928,2.533,0.359,0,0,0.0,0.0,3.0,6.0,57.0,44.0,13.5,10.5,18.9,5.8,12.2
e0ac7144,2019,OJ Hannon-Dalby,Warwickshire,2019,13,8,89,274,11.125,17,True,17*,0,0,32.482,13,0,52,58.427,4.745,14.176,Lower order,100.0,11.0,0.0,0.0,0.0,100.0,2.858,2.796,2.935,-0.139,53.933,1.242,0.893,1.209,3.443,1.36,0.957,1.05,0.893,0,2,0.0,15.385,6.0,7.0,48.0,41.0,9.5,10.5,18.9,26.4,16.3
2085e1fa,2022,HJH Brookes,Warwickshire,2022,12,9,183,359,16.636,55,False,55,0,1,50.975,18,5,102,55.738,6.407,24.107,Lower order,91.667,9.0,0.0,8.333,0.0,91.667,5.494,6.14,4.091,2.049,76.503,2.022,0.89,1.88,5.004,2.153,0.935,1.892,0.847,0,3,0.0,25.0,8.0,4.0,140.0,43.0,25.1,10.4,18.9,40.4,23.7
a089f93f,2021,Mohammad Abbas,Hampshire,2021,6,3,15,74,5.0,6,False,6,0,0,20.27,2,0,8,53.333,2.703,9.722,Lower order,100.0,11.0,0.0,0.0,0.0,100.0,1.303,0.495,1.74,-1.245,13.333,0.7,0.889,0.354,0.919,0.74,0.94,0.292,0.904,0,0,0.0,0.0,2.0,4.0,2.0,13.0,2.0,10.4,18.9,5.8,9.3
e737a5fe,2021,C Rushworth,Durham,2021,10,8,86,138,17.2,31,False,31,0,0,62.319,14,0,56,65.116,10.145,24.194,Lower order,100.0,11.0,0.0,0.0,0.0,100.0,3.475,1.959,4.842,-2.883,26.744,1.123,0.889,0.797,2.526,1.202,0.955,0.603,1.639,0,0,0.0,0.0,5.0,5.0,23.0,63.0,13.4,10.3,18.9,5.8,12.1
3987e390,2025,MJ Leach,Somerset,2025,14,11,114,264,11.4,30,False,30,0,0,43.182,16,0,64,56.14,6.061,20.161,Lower order,85.714,10.0,0.0,7.143,7.143,85.714,2.943,1.169,3.658,-2.489,11.404,1.101,0.888,1.188,3.429,1.164,0.924,0.32,1.403,1,1,7.143,7.143,4.0,10.0,13.0,101.0,10.0,10.2,47.5,14.2,20.5
3ebb940f,2026,BM Cliff,Yorkshire,2026,9,7,66,142,7.333,22,False,22,0,0,46.479,9,0,36,54.545,6.338,22.556,Lower order,66.667,10.0,0.0,11.111,22.222,66.667,2.523,2.254,3.137,-0.883,62.121,1.664,0.88,2.212,6.34,1.785,0.942,0.592,1.32,0,0,0.0,0.0,5.0,4.0,41.0,25.0,7.7,10.2,18.9,5.8,10.6
208f22ea,2022,DJ Worrall,Surrey,2022,8,8,116,142,16.571,44,True,44*,0,0,81.69,12,6,84,72.414,12.676,25.806,Lower order,100.0,11.0,0.0,0.0,0.0,100.0,3.182,2.849,3.318,-0.469,25.862,1.408,0.863,1.534,4.335,1.487,0.921,0.753,0.972,0,0,0.0,0.0,3.0,5.0,30.0,86.0,11.6,10.1,18.9,5.8,11.6
bc773eeb,2016,JM Bird,Nottinghamshire,2016,8,5,51,102,6.375,23,False,23,0,0,50.0,8,0,32,62.745,7.843,20.213,Lower order,100.0,10.0,0.0,0.0,0.0,100.0,1.991,2.331,0.24,2.091,98.039,0.868,0.858,0.896,2.336,0.923,0.903,0.862,0.119,0,0,0.0,0.0,6.0,2.0,50.0,1.0,4.9,10.0,18.9,5.8,9.9
bd93fea4,2022,PM Siddle,Somerset,2022,12,6,105,246,13.125,42,False,42,0,0,42.683,8,1,38,36.19,3.659,28.27,Lower order,100.0,10.0,0.0,0.0,0.0,100.0,3.985,6.177,2.372,3.806,65.714,1.785,0.858,1.851,5.3,1.899,0.906,0.891,0.825,0,1,0.0,8.333,6.0,6.0,69.0,36.0,16.6,10.0,18.9,15.5,15.2
29b89ae8,2017,WB Rankin,Warwickshire,2017,9,5,61,207,12.2,21,True,21*,0,0,29.469,10,0,40,65.574,4.831,10.66,Lower order,100.0,10.0,0.0,0.0,0.0,100.0,2.829,2.365,3.155,-0.79,34.426,1.386,0.855,1.414,3.178,1.484,0.89,1.339,0.855,0,1,0.0,11.111,3.0,6.0,21.0,40.0,9.4,9.9,18.9,19.6,14.4
1c06d60a,2024,MD Rae,Warwickshire,2024,7,5,56,74,8.0,28,False,28,0,0,75.676,3,5,42,75.0,10.811,21.212,Lower order,85.714,9.0,0.0,0.0,14.286,85.714,2.902,3.408,2.326,1.082,62.5,1.13,0.855,1.223,2.662,1.194,0.897,1.758,0.0,0,0,0.0,0.0,3.0,4.0,35.0,21.0,9.8,9.9,18.9,5.8,11.1
9dca07d7,2016,RJ Sidebottom,Yorkshire,2016,11,8,75,288,9.375,23,False,23,0,0,26.042,10,0,40,53.333,3.472,12.59,Lower order,100.0,11.0,0.0,0.0,0.0,100.0,2.367,1.582,3.149,-1.566,33.333,0.976,0.852,0.728,1.921,1.037,0.912,0.595,1.383,0,0,0.0,0.0,6.0,5.0,25.0,50.0,6.9,9.8,18.9,5.8,10.4
e91de70e,2016,OP Rayner,Middlesex,2016,13,10,100,293,10.0,26,False,26,0,0,34.13,11,0,44,44.0,3.754,19.858,Lower order,92.308,8.0,0.0,7.692,0.0,92.308,2.222,3.548,1.545,2.003,54.0,0.997,0.848,0.807,2.597,1.043,0.903,0.946,0.848,0,0,0.0,0.0,4.0,9.0,54.0,46.0,5.8,9.7,18.9,5.8,10.0
ddcd1520,2015,James Middlebrook,Yorkshire,2015,7,5,49,118,7.0,23,False,23,0,0,41.525,8,0,32,65.306,6.78,15.455,Lower order,100.0,8.0,0.0,0.0,0.0,100.0,2.38,3.381,1.176,2.204,77.551,1.281,0.843,1.35,3.506,1.367,0.914,1.526,0.602,0,0,0.0,0.0,3.0,4.0,38.0,11.0,7.0,9.6,18.9,5.8,10.3
85ebf2be,2021,LC Norwell,Warwickshire,2021,17,12,118,244,9.833,30,True,30*,0,0,48.361,14,3,74,62.712,6.967,19.383,Lower order,100.0,10.0,0.0,0.0,0.0,100.0,2.892,2.448,3.374,-0.926,44.068,1.257,0.843,1.303,3.817,1.331,0.892,0.696,1.254,1,1,5.882,5.882,8.0,9.0,52.0,66.0,9.6,9.7,44.1,12.7,19.0
6c75310b,2014,J Lewis,Sussex,2014,9,7,136,206,17.0,61,False,61,0,1,66.019,17,1,74,54.412,8.738,32.979,Lower order,100.0,11.0,0.0,0.0,0.0,100.0,5.479,7.781,1.532,6.249,89.706,2.314,0.837,2.437,6.016,2.433,0.89,3.941,0.552,0,2,0.0,22.222,5.0,4.0,122.0,14.0,24.9,9.5,18.9,36.3,22.4
948beb1f,2026,ER Bamber,Warwickshire,2026,17,13,191,312,15.917,46,False,46,0,0,61.218,22,6,124,64.921,8.974,23.592,Lower order,94.118,10.0,0.0,5.882,0.0,94.118,3.978,7.874,1.416,6.458,78.534,1.636,0.834,1.658,4.737,1.77,0.868,2.643,0.314,0,2,0.0,11.765,8.0,9.0,150.0,41.0,16.5,9.5,18.9,20.9,16.4
244048f6,2023,Arshdeep Singh,Kent,2023,9,5,51,47,10.2,12,True,12*,0,0,108.511,5,3,38,74.51,17.021,33.333,Lower order,100.0,11.0,0.0,0.0,0.0,100.0,1.919,1.829,1.988,-0.159,41.176,0.894,0.821,0.135,1.069,0.941,0.873,0.884,0.821,0,0,0.0,0.0,4.0,5.0,21.0,30.0,4.6,9.4,18.9,5.8,9.7
26f1d66c,2025,Farhan Ahmed,Nottinghamshire,2025,10,8,86,249,9.556,31,False,31,0,0,34.538,11,0,44,51.163,4.418,17.647,Lower order,80.0,10.0,0.0,0.0,20.0,80.0,2.033,2.702,0.757,1.945,87.209,0.983,0.815,0.849,2.656,1.05,0.887,1.273,0.614,0,0,0.0,0.0,7.0,3.0,75.0,11.0,5.1,9.4,18.9,5.8,9.8
15b39832,2026,R Hadley,Glamorgan,2026,11,7,90,378,22.5,50,True,50*,0,1,23.81,9,2,48,53.333,2.91,11.444,Lower order,90.909,11.0,0.0,0.0,9.091,90.909,2.947,4.089,1.667,2.423,73.333,1.255,0.81,1.861,5.366,1.376,0.858,0.473,0.81,0,1,0.0,9.091,5.0,6.0,66.0,24.0,10.0,9.3,18.9,16.4,13.6
e36e9dd3,2023,Shoaib Bashir,Somerset,2023,9,6,71,184,14.2,44,True,44*,0,0,38.587,5,3,38,53.521,4.348,18.75,Lower order,100.0,11.0,0.0,0.0,0.0,100.0,3.088,5.005,1.452,3.553,74.648,1.162,0.808,1.54,4.211,1.227,0.853,0.883,0.733,0,0,0.0,0.0,4.0,5.0,53.0,18.0,11.0,9.2,18.9,5.8,11.2
0420ab58,2026,TO Norton,Glamorgan,2026,6,4,54,141,9.0,29,False,29,0,0,38.298,9,0,36,66.667,6.383,13.636,Lower order,100.0,10.0,0.0,0.0,0.0,100.0,3.315,2.896,3.551,-0.655,31.481,1.357,0.808,1.616,3.708,1.491,0.884,0.808,1.907,0,0,0.0,0.0,2.0,4.0,17.0,37.0,12.5,9.2,18.9,5.8,11.6
948beb1f,2023,ER Bamber,Middlesex,2023,20,13,146,355,13.273,46,True,46*,0,0,41.127,21,3,102,69.863,6.761,13.293,Lower order,90.0,11.0,5.0,0.0,5.0,90.0,3.426,4.433,2.491,1.942,62.329,1.255,0.805,1.527,5.779,1.34,0.855,0.862,0.772,0,2,0.0,10.0,9.0,11.0,91.0,55.0,13.0,9.1,18.9,17.6,14.6
7be8a0ed,2018,JW Dernbach,Surrey,2018,11,9,123,139,13.667,31,False,31,0,0,88.489,17,2,80,65.041,13.669,35.833,Lower order,100.0,10.0,0.0,0.0,0.0,100.0,3.291,3.835,2.659,1.176,62.602,1.416,0.802,1.699,5.35,1.528,0.841,1.228,0.802,0,1,0.0,9.091,6.0,5.0,77.0,46.0,12.1,9.0,18.9,16.4,14.1
b9877635,2016,TE Bailey,Lancashire,2016,9,6,91,255,11.375,53,False,53,0,1,35.686,14,0,56,61.538,5.49,14.523,Lower order,100.0,8.0,0.0,0.0,0.0,100.0,3.988,6.605,1.657,4.948,78.022,1.579,0.802,2.205,5.85,1.647,0.852,1.744,0.219,0,1,0.0,11.111,3.0,6.0,71.0,20.0,16.7,9.0,18.9,19.6,16.0
7d7233a9,2026,AW Gorvin,Glamorgan,2026,6,4,35,211,5.833,20,False,20,0,0,16.588,2,0,8,22.857,0.948,12.919,Lower order,66.667,10.0,0.0,0.0,33.333,66.667,2.324,0.809,3.796,-2.987,17.143,0.93,0.796,0.854,2.024,0.994,0.863,0.266,1.594,0,0,0.0,0.0,2.0,4.0,6.0,29.0,6.7,8.9,18.9,5.8,10.1
58822938,2016,JA Tomlinson,Hampshire,2016,9,6,75,181,15.0,23,True,23*,0,0,41.436,8,0,32,42.667,4.42,24.855,Lower order,88.889,11.0,0.0,0.0,11.111,88.889,3.414,5.82,1.286,4.533,80.0,1.478,0.795,1.671,4.035,1.605,0.872,3.079,0.733,0,1,0.0,11.111,4.0,5.0,60.0,15.0,12.9,8.8,18.9,19.6,15.0
3987e390,2016,MJ Leach,Somerset,2016,16,11,121,427,10.083,27,True,27*,0,0,28.337,16,0,64,52.893,3.747,13.869,Lower order,93.75,10.0,0.0,6.25,0.0,93.75,2.712,4.151,0.986,3.166,83.471,1.231,0.795,1.171,3.106,1.319,0.846,2.248,0.4,0,1,0.0,6.25,10.0,6.0,101.0,20.0,8.3,8.9,18.9,13.2,12.3
29ede60b,2026,AL Davies,Warwickshire,2026,16,10,226,481,14.125,58,False,58,0,1,46.985,33,3,150,66.372,7.484,17.079,Opener,81.25,2.0,81.25,0.0,18.75,0.0,5.051,7.349,1.983,5.366,83.186,2.124,0.791,2.533,7.827,2.283,0.839,2.374,0.61,1,2,6.25,12.5,10.0,6.0,188.0,38.0,23.0,8.7,45.3,22.3,24.8
27c5a793,2021,DJ Lamb,Lancashire,2021,6,4,96,230,19.2,68,True,68*,0,1,41.739,15,0,60,62.5,6.522,16.744,Lower order,66.667,8.0,0.0,16.667,16.667,66.667,6.146,1.912,9.41,-7.499,13.542,2.248,0.791,3.462,7.411,2.38,0.837,0.791,3.705,0,1,0.0,16.667,3.0,3.0,13.0,83.0,29.4,8.7,18.9,28.6,21.4
d2a6c0e6,2015,EJG Morgan,Middlesex,2015,6,4,61,129,10.167,44,False,44,0,0,47.287,11,0,44,72.131,8.527,14.407,Middle order,100.0,5.0,0.0,100.0,0.0,0.0,3.984,3.976,4.011,-0.035,75.41,1.615,0.785,2.305,4.888,1.762,0.836,0.0,1.571,0,1,0.0,16.667,5.0,1.0,46.0,15.0,16.6,8.6,18.9,28.6,18.2
f875edcf,2019,OC Soames,Hampshire,2019,9,5,124,359,13.778,62,False,62,0,1,34.54,15,1,66,53.226,4.457,16.91,Opener,100.0,2.0,100.0,0.0,0.0,0.0,5.458,6.795,4.89,1.904,37.097,2.513,0.784,3.211,7.415,2.721,0.897,4.144,0.503,0,2,0.0,22.222,2.0,7.0,46.0,78.0,24.7,8.5,18.9,36.3,22.1
1b6fef02,2015,P Mustard,Durham,2015,7,5,51,109,7.286,22,False,22,0,0,46.789,7,0,28,54.902,6.422,22.549,All-rounder / keeper,57.143,7.0,0.0,0.0,57.143,42.857,2.899,3.386,2.705,0.682,33.333,1.06,0.78,0.938,2.077,1.129,0.854,1.004,0.78,0,0,0.0,0.0,2.0,5.0,17.0,34.0,9.7,8.5,18.9,5.8,10.7
85ebf2be,2022,LC Norwell,Warwickshire,2022,6,4,63,111,21.0,36,True,36*,0,0,56.757,7,0,28,44.444,6.306,33.654,Lower order,100.0,10.0,0.0,0.0,0.0,100.0,3.612,4.234,2.309,1.925,79.365,1.317,0.778,1.667,3.713,1.397,0.82,0.406,1.149,0,0,0.0,0.0,4.0,2.0,50.0,13.0,14.2,8.4,18.9,5.8,11.8
cdf59953,2021,SW Poynter,Durham,2021,8,6,85,211,14.167,52,True,52*,0,1,40.284,8,0,32,37.647,3.791,26.108,All-rounder / keeper,87.5,7.0,0.0,0.0,87.5,12.5,3.511,0.999,7.609,-6.609,17.647,1.833,0.777,2.41,6.559,1.937,0.834,0.763,2.146,0,1,0.0,12.5,4.0,4.0,15.0,70.0,13.8,8.3,18.9,22.3,15.8
a9da7784,2024,KJ Abbott,Hampshire,2024,15,12,129,273,9.214,26,False,26,0,0,47.253,15,1,66,51.163,5.861,24.514,Lower order,93.333,10.0,0.0,6.667,0.0,93.333,2.622,1.961,3.665,-1.704,45.736,1.166,0.774,1.13,2.844,1.236,0.821,0.695,1.499,0,0,0.0,0.0,8.0,7.0,59.0,70.0,8.0,8.3,18.9,5.8,10.2
e0ac7144,2023,OJ Hannon-Dalby,Warwickshire,2023,13,10,60,189,10.0,18,False,18,0,0,31.746,6,2,36,60.0,4.233,13.26,Lower order,100.0,10.0,0.0,0.0,0.0,100.0,1.959,3.23,0.761,2.469,80.0,0.916,0.773,0.851,2.635,0.976,0.825,1.13,0.13,0,1,0.0,7.692,8.0,5.0,48.0,12.0,4.8,8.2,18.9,14.9,11.7
525c3f54,2014,AR Adams,Nottinghamshire,2014,10,7,61,74,6.1,19,False,19,0,0,82.432,4,3,34,55.738,9.459,40.299,Lower order,100.0,10.0,0.0,0.0,0.0,100.0,1.894,2.683,1.407,1.276,54.098,0.909,0.772,0.951,2.669,0.963,0.788,0.772,0.561,0,0,0.0,0.0,3.0,7.0,33.0,28.0,4.4,8.2,18.9,5.8,9.3
3987e390,2026,MJ Leach,Somerset,2026,16,11,149,294,13.545,28,True,28*,0,0,50.68,19,3,94,63.087,7.483,20.221,Lower order,87.5,9.0,6.25,0.0,6.25,87.5,2.738,2.556,2.886,-0.33,41.611,1.315,0.759,1.418,4.785,1.399,0.797,0.893,0.623,0,0,0.0,0.0,6.0,10.0,62.0,87.0,8.3,8.1,18.9,5.8,10.3
3f659464,2014,OP Stone,Northamptonshire,2014,9,5,46,210,6.571,15,False,15,0,0,21.905,6,0,24,52.174,2.857,10.784,Lower order,77.778,10.0,0.0,11.111,11.111,77.778,2.27,2.227,2.5,-0.273,82.609,1.055,0.753,0.804,2.413,1.149,0.812,0.695,1.103,0,0,0.0,0.0,7.0,2.0,38.0,8.0,6.2,8.0,18.9,5.8,9.7
8012d0b8,2025,CAK Rajitha,Essex,2025,10,5,53,132,8.833,21,False,21,0,0,40.152,8,0,32,60.377,6.061,16.935,Lower order,100.0,10.0,0.0,0.0,0.0,100.0,2.284,2.915,1.891,1.024,49.057,1.175,0.749,1.036,2.503,1.265,0.83,1.271,0.749,0,0,0.0,0.0,4.0,6.0,26.0,27.0,6.3,7.9,18.9,5.8,9.7
679cd31e,2023,SJ Cook,Essex,2023,18,13,139,243,10.692,31,False,31,0,0,57.202,16,0,64,46.043,6.584,33.04,Lower order,100.0,10.0,0.0,0.0,0.0,100.0,2.832,3.32,2.056,1.264,71.942,1.194,0.749,1.174,4.088,1.277,0.781,1.11,0.435,0,1,0.0,5.556,9.0,9.0,100.0,39.0,9.4,8.0,18.9,12.3,12.1
b21ed464,2022,SA Patterson,Yorkshire,2022,19,13,131,374,8.188,20,False,20,0,0,35.027,16,1,70,53.435,4.545,17.087,Lower order,100.0,10.0,0.0,0.0,0.0,100.0,2.279,2.647,1.761,0.886,67.939,1.013,0.741,0.797,2.458,1.077,0.823,1.275,0.312,0,0,0.0,0.0,11.0,8.0,89.0,42.0,6.2,7.8,18.9,5.8,9.7
861eed37,2024,WSA Williams,Lancashire,2024,17,11,101,243,8.417,32,True,32*,0,0,41.564,13,2,64,63.366,6.173,16.228,Lower order,76.471,10.0,0.0,23.529,0.0,76.471,2.17,1.796,2.513,-0.717,39.604,1.372,0.735,1.869,6.032,1.448,0.784,0.823,0.477,1,1,5.882,5.882,8.0,9.0,40.0,61.0,5.6,7.8,44.1,12.7,17.6
8bf61e65,2014,JA Brooks,Yorkshire,2014,12,11,131,220,26.2,37,True,37*,0,0,59.545,17,2,80,61.069,8.636,25.373,Lower order,100.0,11.0,0.0,0.0,0.0,100.0,3.126,3.582,1.687,1.895,87.023,1.263,0.732,1.439,4.637,1.358,0.789,1.497,0.502,0,1,0.0,8.333,9.0,3.0,114.0,17.0,11.2,7.7,18.9,15.5,13.3
59559bc2,2014,J Overton,Somerset,2014,8,6,133,127,26.6,56,False,56,0,2,104.724,20,4,104,78.195,18.898,28.155,Lower order,87.5,11.0,0.0,12.5,0.0,87.5,5.636,0.427,6.209,-5.781,0.752,2.446,0.732,3.337,7.943,2.575,0.77,0.104,1.327,0,1,0.0,12.5,1.0,7.0,1.0,132.0,25.9,7.7,18.9,22.3,18.7
93cad673,2024,NN Gilchrist,Kent,2024,11,7,106,308,13.25,41,False,41,0,0,34.416,14,2,68,64.151,5.195,13.014,Lower order,90.909,10.0,0.0,0.0,9.091,90.909,3.109,1.571,3.889,-2.318,16.981,1.215,0.731,1.443,4.399,1.307,0.778,0.437,0.953,0,2,0.0,18.182,4.0,7.0,18.0,88.0,11.2,7.6,18.9,31.0,17.2
88211932,2024,ARJ Ogborne,Kent/Somerset,2024,6,3,29,115,7.25,12,False,12,0,0,25.217,5,0,20,68.966,4.348,8.182,Lower order,100.0,10.0,0.0,0.0,0.0,100.0,2.298,0.633,2.854,-2.221,6.897,1.122,0.73,1.058,2.32,1.179,0.775,0.316,1.525,0,0,0.0,0.0,2.0,4.0,2.0,27.0,6.5,7.5,18.9,5.8,9.7
f0a0204e,2017,MS Crane,Hampshire,2017,6,5,36,82,12.0,18,False,18,0,0,43.902,3,1,18,50.0,4.878,23.077,Lower order,100.0,10.0,0.0,0.0,0.0,100.0,2.848,0.0,6.857,-6.857,0.0,1.347,0.73,1.585,3.531,1.474,0.81,0.0,2.473,0,0,0.0,0.0,2.0,4.0,0.0,36.0,9.5,7.5,18.9,5.8,10.4
dddc811c,2018,TD Groenewald,Somerset,2018,11,7,91,149,15.167,36,True,36*,0,0,61.074,11,3,62,68.132,9.396,21.481,Lower order,100.0,11.0,0.0,0.0,0.0,100.0,3.013,3.082,2.943,0.139,51.648,1.233,0.722,1.285,3.613,1.321,0.773,1.049,0.078,0,1,0.0,9.091,6.0,5.0,47.0,44.0,10.4,7.4,18.9,16.4,13.3
99cddc5e,2014,GH Dockrell,Somerset,2014,11,8,109,217,27.25,27,False,27,0,0,50.23,12,2,60,55.046,6.452,24.138,Lower order,100.0,11.0,0.0,0.0,0.0,100.0,3.109,1.756,4.099,-2.343,23.853,1.234,0.718,1.31,3.512,1.315,0.749,0.559,1.906,0,1,0.0,9.091,5.0,6.0,26.0,83.0,11.1,7.3,18.9,16.4,13.4
bd93fea4,2014,PM Siddle,Nottinghamshire,2014,13,9,179,215,19.889,48,True,48*,0,0,83.256,19,2,88,49.162,9.767,46.907,Lower order,100.0,8.0,0.0,0.0,0.0,100.0,4.477,3.221,5.681,-2.46,35.196,2.405,0.713,3.382,10.357,2.556,0.759,0.495,0.958,0,2,0.0,15.385,6.0,7.0,63.0,116.0,19.6,7.3,18.9,26.4,18.0
1ca7c00f,2019,M Carter,Nottinghamshire,2019,7,4,51,178,7.286,23,False,23,0,0,28.652,6,0,24,47.059,3.371,15.698,Lower order,71.429,10.0,0.0,14.286,14.286,71.429,4.041,,4.041,,0.0,1.189,0.711,1.508,3.333,1.306,0.768,,0.711,0,1,0.0,14.286,,7.0,,51.0,17.0,7.2,18.9,24.8,17.0
eb9cb105,2016,SC Meaker,Surrey,2016,15,10,126,415,14.0,41,False,41,0,0,30.361,15,1,66,52.381,3.855,15.038,Lower order,93.333,10.0,0.0,6.667,0.0,93.333,2.977,1.568,4.07,-2.502,23.016,1.205,0.706,1.375,4.537,1.278,0.75,0.662,0.994,0,0,0.0,0.0,6.0,9.0,29.0,97.0,10.1,7.2,18.9,5.8,10.5
219cc59e,2024,DY Pennington,Nottinghamshire,2024,9,7,70,139,10.0,29,True,29*,0,0,50.36,13,0,52,74.286,9.353,14.286,Lower order,100.0,10.0,0.0,0.0,0.0,100.0,2.687,2.405,3.802,-1.397,71.429,1.002,0.7,0.963,2.311,1.064,0.742,0.7,1.217,0,0,0.0,0.0,7.0,2.0,50.0,20.0,8.1,7.1,18.9,5.8,10.0
e0ac7144,2026,OJ Hannon-Dalby,Warwickshire,2026,9,8,32,133,6.4,9,True,9*,0,0,24.06,4,0,16,50.0,3.008,12.403,Lower order,100.0,11.0,0.0,0.0,0.0,100.0,1.459,2.103,0.965,1.138,62.5,0.59,0.699,0.493,1.333,0.642,0.739,0.832,0.382,0,0,0.0,0.0,5.0,4.0,20.0,12.0,2.9,7.0,18.9,5.8,8.6
7f7f658b,2026,SF Hunt,Sussex,2026,7,5,50,148,12.5,26,True,26*,0,0,33.784,2,1,14,28.0,2.027,24.828,Lower order,100.0,10.0,0.0,0.0,0.0,100.0,2.747,2.402,4.132,-1.73,70.0,1.204,0.694,1.252,2.951,1.303,0.742,0.506,2.055,0,0,0.0,0.0,5.0,2.0,35.0,15.0,8.4,7.0,18.9,5.8,10.0
2911de16,2022,Hasan Ali,Lancashire,2022,6,5,39,77,6.5,19,False,19,0,0,50.649,3,3,30,76.923,7.792,12.676,Lower order,100.0,10.0,0.0,0.0,0.0,100.0,1.952,1.597,2.547,-0.949,51.282,0.892,0.689,0.855,2.265,0.95,0.73,0.689,1.132,0,0,0.0,0.0,4.0,2.0,20.0,19.0,4.7,6.9,18.9,5.8,9.1
687fb627,2014,KW Hogg,Lancashire,2014,8,6,76,166,10.857,47,True,47*,0,0,45.783,9,0,36,47.368,5.422,25.478,Lower order,100.0,9.0,0.0,0.0,0.0,100.0,3.64,3.002,3.918,-0.916,25.0,1.824,0.687,2.879,7.63,1.976,0.714,1.184,0.347,0,1,0.0,12.5,3.0,5.0,19.0,57.0,14.5,6.8,18.9,22.3,15.6
f0a0204e,2016,MS Crane,Hampshire,2016,15,10,96,318,8.727,22,False,22,0,0,30.189,12,0,48,50.0,3.774,15.686,Lower order,93.333,10.0,0.0,0.0,6.667,93.333,2.292,1.742,2.746,-1.004,34.375,1.077,0.685,1.084,2.567,1.167,0.733,0.115,1.589,0,0,0.0,0.0,7.0,8.0,33.0,63.0,6.4,6.8,18.9,5.8,9.5
5db1c288,2015,CAJ Morris,Worcestershire,2015,17,10,75,296,7.5,24,False,24,0,0,25.338,7,0,28,37.333,2.365,16.263,Lower order,82.353,11.0,0.0,17.647,0.0,82.353,1.612,1.493,1.72,-0.227,44.0,0.741,0.655,0.694,1.985,0.79,0.7,0.905,0.202,0,1,0.0,5.882,8.0,9.0,33.0,42.0,3.6,6.7,18.9,12.7,10.5
92205bc7,2025,MG Booth,Warwickshire,2025,8,6,120,250,17.143,58,True,58*,0,1,48.0,14,0,56,46.667,5.6,27.119,Lower order,100.0,8.0,0.0,0.0,0.0,100.0,5.693,0.914,7.367,-6.453,4.167,1.646,0.654,2.821,7.357,1.743,0.716,0.348,0.848,0,1,0.0,12.5,2.0,6.0,5.0,115.0,26.1,6.7,18.9,22.3,18.5
634749ad,2025,TC Ali,Warwickshire,2025,8,5,45,113,9.0,12,False,12,0,0,39.823,6,0,24,53.333,5.31,19.626,Lower order,100.0,10.0,0.0,0.0,0.0,100.0,2.131,2.281,1.981,0.3,53.333,0.935,0.643,0.806,2.166,0.976,0.689,0.643,1.233,0,1,0.0,12.5,4.0,4.0,24.0,21.0,5.4,6.6,18.9,22.3,13.3
208f22ea,2024,DJ Worrall,Surrey,2024,14,9,93,168,15.5,48,False,48,0,0,55.357,12,4,72,77.419,9.524,13.816,Lower order,100.0,11.0,0.0,0.0,0.0,100.0,2.128,0.786,3.791,-3.005,20.43,1.084,0.642,1.7,5.544,1.142,0.683,0.642,0.787,1,1,7.143,7.143,7.0,7.0,19.0,74.0,5.3,6.5,47.5,14.2,18.4
c89474d1,2023,TJ Murtagh,Middlesex,2023,11,6,27,51,3.375,8,False,8,0,0,52.941,5,0,20,74.074,9.804,15.217,Lower order,100.0,11.0,0.0,0.0,0.0,100.0,1.158,1.169,1.114,0.055,81.481,0.552,0.627,0.491,1.272,0.595,0.667,0.7,0.554,0,0,0.0,0.0,9.0,2.0,22.0,5.0,1.7,6.5,18.9,5.8,8.2
c1f6c27e,2018,G Onions,Lancashire,2018,17,10,135,188,10.385,41,False,41,0,0,71.809,16,3,82,60.741,10.106,31.361,Lower order,100.0,10.0,0.0,0.0,0.0,100.0,3.904,3.811,3.977,-0.166,42.963,1.736,0.614,2.185,6.618,1.897,0.667,0.0,2.627,0,1,0.0,5.882,8.0,9.0,58.0,77.0,16.1,6.4,18.9,12.7,13.5
a9da7784,2019,KJ Abbott,Hampshire,2019,12,7,91,230,9.1,25,False,25,0,0,39.565,15,1,66,72.527,6.957,11.682,Lower order,75.0,9.0,8.333,8.333,8.333,75.0,3.072,2.668,3.85,-1.182,57.143,1.977,0.607,2.552,6.667,2.11,0.648,0.585,0.738,0,2,0.0,16.667,7.0,5.0,52.0,39.0,10.7,6.3,18.9,28.6,16.1
65b6943c,2019,L Wood,Nottinghamshire,2019,9,5,87,179,10.875,52,False,52,0,1,48.603,17,0,68,78.161,9.497,11.728,Lower order,100.0,9.0,0.0,0.0,0.0,100.0,5.311,9.08,1.266,7.814,88.506,2.184,0.602,2.767,6.566,2.343,0.649,3.285,0.534,0,2,0.0,22.222,5.0,4.0,77.0,10.0,24.0,6.3,18.9,36.3,21.4
2344bdd1,2025,SR Dickson,Somerset,2025,8,5,111,309,18.5,77,True,77*,0,1,35.922,11,0,44,39.64,3.56,22.483,Opener,87.5,2.0,87.5,12.5,0.0,0.0,4.527,1.321,8.069,-6.748,15.315,2.904,0.602,5.256,12.299,3.087,0.637,0.687,0.602,1,1,12.5,12.5,3.0,5.0,17.0,94.0,20.0,6.2,65.1,22.3,28.4
58822938,2015,JA Tomlinson,Hampshire,2015,13,8,52,187,5.2,17,False,17,0,0,27.807,4,1,22,42.308,2.674,16.484,Lower order,76.923,11.0,0.0,15.385,7.692,76.923,1.552,1.464,1.751,-0.287,65.385,0.645,0.593,0.578,1.771,0.691,0.641,0.593,0.789,0,0,0.0,0.0,9.0,4.0,34.0,18.0,3.3,6.2,18.9,5.8,8.5
e0ac7144,2014,OJ Hannon-Dalby,Warwickshire,2014,9,7,73,163,14.6,40,False,40,0,0,44.785,10,1,46,63.014,6.748,17.763,Lower order,100.0,11.0,0.0,0.0,0.0,100.0,2.503,0.414,4.564,-4.15,8.219,1.087,0.592,1.333,3.439,1.172,0.621,0.089,1.636,0,1,0.0,11.111,4.0,5.0,6.0,67.0,7.5,6.1,18.9,19.6,13.0
b8701e6d,2024,GA Garrett,Kent,2024,16,9,120,304,17.143,48,False,48,0,0,39.474,15,0,60,50.0,4.934,20.761,Lower order,93.75,11.0,0.0,6.25,0.0,93.75,2.754,4.255,1.142,3.113,80.0,1.283,0.587,1.689,5.052,1.359,0.623,0.788,0.567,0,2,0.0,12.5,9.0,7.0,96.0,24.0,8.5,6.0,18.9,22.3,13.9
19708692,2018,MW Parkinson,Lancashire,2018,11,6,35,145,5.833,9,False,9,0,0,24.138,2,0,8,22.857,1.379,18.881,Lower order,81.818,11.0,0.0,9.091,9.091,81.818,1.444,1.982,0.908,1.074,68.571,0.642,0.586,0.487,1.478,0.69,0.641,0.756,0.447,0,0,0.0,0.0,5.0,6.0,24.0,11.0,2.7,6.0,18.9,5.8,8.4
3987e390,2019,MJ Leach,Somerset,2019,10,7,38,131,5.429,11,True,11*,0,0,29.008,4,0,16,42.105,3.053,17.323,Lower order,100.0,11.0,0.0,0.0,0.0,100.0,1.503,1.705,0.922,0.783,84.211,0.875,0.581,0.952,2.828,0.959,0.601,0.581,0.45,0,0,0.0,0.0,7.0,3.0,32.0,6.0,3.0,5.9,18.9,5.8,8.4
734344b3,2024,RJ Das,Essex,2024,6,5,107,239,17.833,46,False,46,0,0,44.77,13,0,52,48.598,5.439,24.336,Opener,100.0,2.0,100.0,0.0,0.0,0.0,4.911,6.693,0.896,5.798,94.393,2.101,0.58,2.82,6.897,2.221,0.594,2.407,0.408,1,1,16.667,16.667,4.0,2.0,101.0,6.0,21.9,5.8,78.4,28.6,33.7
3c55c703,2022,JG Bethell,Gloucestershire/Warwickshire,2022,6,4,111,273,18.5,61,False,61,0,1,40.659,16,0,64,57.658,5.861,18.288,All-rounder / keeper,100.0,6.5,0.0,0.0,100.0,0.0,8.352,19.157,1.363,17.794,90.09,2.961,0.576,5.009,10.47,3.141,0.602,5.347,0.576,1,2,16.667,33.333,3.0,3.0,100.0,11.0,46.5,5.8,78.4,56.8,46.9
27e60d6e,2022,AS Dale,Gloucestershire,2022,14,8,71,133,11.833,36,True,36*,0,0,53.383,5,2,32,45.07,5.263,30.952,Lower order,92.857,11.0,0.0,7.143,0.0,92.857,1.867,0.119,2.364,-2.245,1.408,0.871,0.572,1.303,3.98,0.938,0.612,0.043,0.707,0,1,0.0,7.143,3.0,11.0,1.0,70.0,4.3,5.7,18.9,14.2,10.8
5a74e559,2022,CJ White,Northamptonshire,2022,14,8,55,79,6.875,14,True,14*,0,0,69.62,4,2,28,50.909,7.595,36.986,Lower order,100.0,11.0,0.0,0.0,0.0,100.0,1.483,0.871,2.163,-1.291,30.909,0.641,0.569,0.398,1.393,0.695,0.6,0.346,0.695,0,0,0.0,0.0,7.0,7.0,17.0,38.0,3.0,5.6,18.9,5.8,8.3
6c908ffc,2014,CJC Wright,Warwickshire,2014,15,10,221,364,18.417,65,False,65,0,2,60.714,37,0,148,66.968,10.165,22.324,Lower order,86.667,10.0,0.0,6.667,6.667,86.667,4.922,8.082,1.332,6.75,87.33,2.11,0.56,2.967,8.709,2.235,0.594,2.99,0.348,0,4,0.0,26.667,8.0,7.0,193.0,28.0,22.2,5.6,18.9,43.0,22.4
fea7a34c,2014,LJ Hatchett,Sussex,2014,11,8,62,249,10.333,20,True,20*,0,0,24.9,5,0,20,32.258,2.008,17.213,Lower order,100.0,11.0,0.0,0.0,0.0,100.0,1.696,1.531,1.821,-0.29,38.71,0.677,0.553,0.649,2.005,0.714,0.592,0.54,0.553,0,0,0.0,0.0,4.0,7.0,24.0,38.0,3.9,5.5,18.9,5.8,8.5
a7c226e1,2017,FH Edwards,Hampshire,2017,10,8,43,90,7.167,20,False,20,0,0,47.778,6,0,24,55.814,6.667,22.619,Lower order,100.0,11.0,0.0,0.0,0.0,100.0,2.207,2.652,1.351,1.301,79.07,0.743,0.544,0.901,2.597,0.794,0.572,0.934,0.325,0,1,0.0,10.0,5.0,5.0,34.0,9.0,5.8,5.5,18.9,17.6,12.0
c9c0fe50,2018,AZ Lees,Yorkshire,2018,8,4,50,117,6.25,39,False,39,0,0,42.735,10,0,40,80.0,8.547,9.346,Opener,100.0,2.0,100.0,0.0,0.0,0.0,2.388,0.646,4.257,-3.612,14.0,1.219,0.542,1.663,3.693,1.269,0.584,0.346,2.093,0,1,0.0,12.5,4.0,4.0,7.0,43.0,7.2,5.4,18.9,22.3,13.4
e0ac7144,2015,OJ Hannon-Dalby,Warwickshire,2015,6,4,24,119,4.8,8,False,8,0,0,20.168,1,0,4,16.667,0.84,16.949,Lower order,100.0,11.0,0.0,0.0,0.0,100.0,1.688,1.876,1.509,0.367,54.167,0.662,0.541,0.661,1.566,0.712,0.576,0.783,0.541,0,0,0.0,0.0,3.0,3.0,13.0,11.0,3.8,5.3,18.9,5.8,8.4
05c2ca46,2016,RE van der Merwe,Somerset,2016,10,7,180,274,20.0,102,True,102*,1,0,65.693,14,2,68,37.778,5.839,43.411,All-rounder / keeper,60.0,7.0,0.0,30.0,60.0,10.0,6.952,8.837,1.376,7.461,95.0,2.893,0.536,3.597,8.651,3.031,0.577,3.787,0.496,0,2,0.0,20.0,7.0,3.0,171.0,9.0,36.2,5.3,18.9,33.2,23.4
e0ac7144,2025,OJ Hannon-Dalby,Warwickshire,2025,10,8,38,216,6.333,8,False,8,0,0,17.593,5,0,20,52.632,2.315,8.531,Lower order,90.0,10.5,0.0,10.0,0.0,90.0,1.448,1.39,1.499,-0.109,44.737,0.526,0.534,0.431,1.092,0.563,0.577,0.545,0.534,0,0,0.0,0.0,6.0,4.0,17.0,21.0,2.8,5.2,18.9,5.8,8.2
54c2b697,2026,M Pretorius,Somerset,2026,13,10,97,163,8.083,48,False,48,0,0,59.509,10,0,40,41.237,6.135,37.255,Lower order,100.0,10.0,0.0,0.0,0.0,100.0,2.421,4.056,0.912,3.144,80.412,0.899,0.531,1.242,4.203,0.954,0.561,0.893,0.231,0,0,0.0,0.0,6.0,7.0,78.0,19.0,7.3,5.1,18.9,5.8,9.3
3d0ed2f9,2023,JT Ball,Nottinghamshire,2023,6,4,33,71,8.25,11,False,11,0,0,46.479,5,0,20,60.606,7.042,19.697,Lower order,100.0,10.0,0.0,0.0,0.0,100.0,2.314,2.937,1.625,1.312,66.667,0.724,0.524,0.485,1.436,0.768,0.552,0.928,0.52,0,0,0.0,0.0,3.0,3.0,22.0,11.0,6.7,5.1,18.9,5.8,9.1
78eb4223,2024,KAJ Roach,Surrey,2024,7,5,37,198,9.25,19,False,19,0,0,18.687,2,0,8,21.622,1.01,14.796,Lower order,71.429,10.0,0.0,0.0,28.571,71.429,1.594,1.692,1.163,0.529,86.486,0.891,0.515,1.07,2.687,0.955,0.541,0.627,0.515,0,0,0.0,0.0,5.0,2.0,32.0,5.0,3.5,5.0,18.9,5.8,8.3
e412cb64,2018,HF Gurney,Nottinghamshire,2018,14,9,72,119,18.0,29,True,29*,0,0,60.504,11,1,50,69.444,10.084,20.561,Lower order,100.0,11.0,0.0,0.0,0.0,100.0,2.155,3.606,0.565,3.042,87.5,0.788,0.513,0.946,2.897,0.852,0.539,1.347,0.188,1,1,7.143,7.143,8.0,6.0,63.0,9.0,5.5,5.0,47.5,14.2,18.0
15de1f5d,2024,WA Agar,Kent,2024,6,5,35,97,5.833,13,False,13,0,0,36.082,5,0,20,57.143,5.155,16.304,Lower order,100.0,8.5,0.0,0.0,0.0,100.0,1.82,0.553,3.461,-2.908,17.143,0.643,0.512,0.691,1.528,0.701,0.554,0.0,1.35,0,0,0.0,0.0,3.0,3.0,6.0,29.0,4.3,4.9,18.9,5.8,8.5
b20f423b,2014,SC Kerrigan,Lancashire,2014,16,11,92,273,7.667,25,False,25,0,0,33.7,10,0,40,43.478,3.663,19.772,Lower order,93.75,10.0,0.0,6.25,0.0,93.75,2.176,1.613,2.444,-0.831,23.913,0.93,0.507,0.992,2.547,0.991,0.552,0.138,1.176,0,0,0.0,0.0,6.0,10.0,22.0,70.0,5.6,4.8,18.9,5.8,8.8
93cad673,2022,NN Gilchrist,Kent,2022,13,8,57,159,4.385,14,False,14,0,0,35.849,9,1,42,73.684,6.289,10.067,Lower order,100.0,10.0,0.0,0.0,0.0,100.0,1.44,1.02,1.813,-0.793,33.333,0.812,0.502,1.06,3.034,0.866,0.53,0.246,0.643,0,1,0.0,7.692,6.0,7.0,19.0,38.0,2.6,4.8,18.9,14.9,10.3
462d7c62,2023,D Paterson,Nottinghamshire,2023,17,12,77,200,5.923,16,False,16,0,0,38.5,13,0,52,67.532,6.5,13.369,Lower order,100.0,11.0,0.0,0.0,0.0,100.0,1.725,1.597,1.849,-0.253,45.455,0.683,0.501,0.745,1.951,0.728,0.541,0.501,0.524,0,0,0.0,0.0,8.0,9.0,35.0,42.0,4.1,4.6,18.9,5.8,8.4
ccdd8308,2016,ST Finn,Middlesex,2016,7,7,50,75,8.333,22,True,22*,0,0,66.667,5,1,26,52.0,8.0,34.783,Lower order,100.0,11.0,0.0,0.0,0.0,100.0,1.906,3.878,1.157,2.721,56.0,0.68,0.501,0.595,1.797,0.715,0.526,1.149,0.48,0,0,0.0,0.0,2.0,5.0,28.0,22.0,4.5,4.7,18.9,5.8,8.5
5b6d248a,2021,JA Porter,Essex,2021,9,5,26,115,6.5,11,False,11,0,0,22.609,2,0,8,30.769,1.739,15.929,Lower order,100.0,11.0,0.0,0.0,0.0,100.0,1.328,1.4,1.293,0.107,34.615,0.651,0.495,0.631,1.483,0.668,0.512,0.804,0.162,0,0,0.0,0.0,3.0,6.0,9.0,17.0,2.2,4.6,18.9,5.8,7.9
b082d112,2022,MR Quinn,Kent,2022,15,10,58,145,9.667,19,True,19*,0,0,40.0,7,2,40,68.966,6.207,13.235,Lower order,100.0,11.0,0.0,0.0,0.0,100.0,1.193,0.43,1.771,-1.341,15.517,0.584,0.491,0.592,1.698,0.626,0.523,0.099,0.76,0,0,0.0,0.0,7.0,8.0,9.0,49.0,1.8,4.5,18.9,5.8,7.8
00b195ae,2024,TH Aspinwall,Lancashire,2024,10,6,76,124,12.667,26,True,26*,0,0,61.29,8,1,38,50.0,7.258,33.043,Lower order,100.0,9.0,0.0,0.0,0.0,100.0,3.299,0.778,7.295,-6.517,14.474,1.339,0.463,1.622,3.515,1.413,0.497,0.356,3.42,0,0,0.0,0.0,6.0,4.0,11.0,65.0,12.3,4.5,18.9,5.8,10.4
9dca07d7,2015,RJ Sidebottom,Yorkshire,2015,11,8,81,182,40.5,28,False,28,0,0,44.505,12,0,48,59.259,6.593,19.412,Lower order,100.0,11.0,0.0,0.0,0.0,100.0,2.282,1.162,4.649,-3.487,34.568,0.958,0.461,1.111,3.058,1.016,0.495,0.198,1.722,0,1,0.0,9.091,7.0,4.0,28.0,53.0,6.3,4.4,18.9,16.4,11.5
a7c226e1,2018,FH Edwards,Hampshire,2018,18,12,56,224,6.222,9,False,9,0,0,25.0,5,0,20,35.714,2.232,16.438,Lower order,100.0,11.0,0.0,0.0,0.0,100.0,1.312,0.818,1.643,-0.825,25.0,0.606,0.457,0.594,1.798,0.657,0.491,0.147,0.599,0,0,0.0,0.0,7.0,11.0,14.0,42.0,2.1,4.3,18.9,5.8,7.8
5b6d248a,2018,JA Porter,Essex,2018,15,9,83,313,6.917,31,False,31,0,0,26.518,11,0,44,53.012,3.514,12.914,Lower order,80.0,10.0,0.0,0.0,20.0,80.0,2.477,3.08,1.703,1.377,69.88,1.178,0.45,1.91,6.099,1.283,0.482,0.45,0.488,0,2,0.0,13.333,9.0,6.0,58.0,25.0,7.4,4.3,18.9,23.6,13.6
27fc5808,2026,HT Crocombe,Sussex,2026,13,9,91,168,11.375,21,False,21,0,0,54.167,13,1,58,63.736,8.333,21.429,Lower order,100.0,11.0,0.0,0.0,0.0,100.0,2.353,1.923,2.481,-0.558,18.681,1.019,0.448,1.002,2.877,1.096,0.484,0.376,1.01,0,1,0.0,7.692,3.0,10.0,17.0,74.0,6.8,4.2,18.9,14.9,11.2
1427277f,2016,MHA Footitt,Surrey,2016,11,7,49,80,6.125,16,False,16,0,0,61.25,5,2,32,65.306,8.75,23.288,Lower order,100.0,11.0,0.0,0.0,0.0,100.0,1.36,1.742,1.01,0.733,61.224,0.679,0.447,0.58,1.77,0.719,0.481,0.658,0.406,0,0,0.0,0.0,5.0,6.0,30.0,19.0,2.4,4.1,18.9,5.8,7.8
3f61a062,2022,BTJ Wheal,Gloucestershire/Hampshire/Warwickshire,2022,9,5,40,147,10.0,13,True,13*,0,0,27.211,5,0,20,50.0,3.401,14.085,Lower order,100.0,10.0,0.0,0.0,0.0,100.0,1.809,3.311,1.03,2.281,62.5,0.834,0.442,0.934,2.457,0.884,0.469,1.311,0.442,0,0,0.0,0.0,3.0,6.0,25.0,15.0,4.1,4.1,18.9,5.8,8.2
96a6a7ad,2024,NM Lyon,Lancashire,2024,9,7,38,92,9.5,12,False,12,0,0,41.304,6,0,24,63.158,6.522,16.279,Lower order,100.0,11.0,0.0,0.0,0.0,100.0,1.71,1.886,1.357,0.529,73.684,0.66,0.441,0.551,1.602,0.712,0.471,0.441,0.547,0,0,0.0,0.0,6.0,3.0,28.0,10.0,4.0,4.0,18.9,5.8,8.2
de6c37a6,2014,G Keedy,Nottinghamshire,2014,6,3,19,94,6.333,15,True,15*,0,0,20.213,4,0,16,84.211,4.255,3.333,Lower order,83.333,11.0,0.0,0.0,16.667,83.333,1.272,0.406,2.953,-2.547,21.053,0.613,0.439,0.717,1.402,0.638,0.452,0.219,1.402,0,0,0.0,0.0,4.0,2.0,4.0,15.0,1.9,4.0,18.9,5.8,7.6
e423d162,2024,LJ Fletcher,Nottinghamshire,2024,8,6,35,103,5.833,22,False,22,0,0,33.981,4,1,22,62.857,4.854,13.265,Lower order,62.5,9.5,0.0,12.5,25.0,62.5,1.63,1.504,1.659,-0.155,17.143,0.656,0.435,0.898,2.402,0.724,0.461,0.663,0.318,0,0,0.0,0.0,1.0,7.0,6.0,29.0,3.7,3.9,18.9,5.8,8.1
29b89ae8,2014,WB Rankin,Warwickshire,2014,8,6,35,85,7.0,12,False,12,0,0,41.176,5,0,20,57.143,5.882,18.75,Lower order,100.0,11.0,0.0,0.0,0.0,100.0,1.451,1.79,0.885,0.905,77.143,0.638,0.428,0.549,1.435,0.671,0.453,0.768,0.428,0,0,0.0,0.0,5.0,3.0,27.0,8.0,2.8,3.8,18.9,5.8,7.8
e423d162,2021,LJ Fletcher,Nottinghamshire,2021,16,11,140,292,12.727,51,False,51,0,1,47.945,19,3,94,67.143,7.534,17.037,Lower order,100.0,10.0,0.0,0.0,0.0,100.0,3.208,2.882,3.438,-0.555,37.143,1.569,0.426,2.101,6.929,1.671,0.452,0.426,0.654,0,1,0.0,6.25,6.0,10.0,52.0,88.0,11.7,3.8,18.9,13.2,11.9
ccdd8308,2015,ST Finn,Middlesex,2015,9,7,73,154,14.6,21,True,21*,0,0,47.403,14,0,56,76.712,9.091,12.143,Lower order,100.0,11.0,0.0,0.0,0.0,100.0,3.0,1.646,4.494,-2.849,28.767,1.106,0.424,1.265,3.421,1.225,0.452,0.265,1.875,0,1,0.0,11.111,5.0,4.0,21.0,52.0,10.2,3.7,18.9,19.6,13.1
5a74e559,2023,CJ White,Northamptonshire,2023,22,14,112,216,8.615,59,False,59,0,1,51.852,13,1,58,51.786,6.481,26.733,Lower order,100.0,11.0,0.0,0.0,0.0,100.0,2.24,3.695,0.765,2.93,83.036,0.825,0.411,1.302,4.808,0.878,0.432,0.576,0.182,1,1,4.545,4.545,12.0,10.0,93.0,19.0,6.0,3.6,39.5,11.8,15.2
208f22ea,2025,DJ Worrall,Surrey,2025,10,8,52,78,8.667,18,False,18,0,0,66.667,3,3,30,57.692,7.692,30.556,Lower order,100.0,11.0,0.0,0.0,0.0,100.0,1.574,1.382,1.853,-0.471,51.923,0.596,0.411,0.488,1.533,0.632,0.441,0.419,0.402,0,0,0.0,0.0,7.0,3.0,27.0,25.0,3.4,3.6,18.9,5.8,7.9
19708692,2017,MW Parkinson,Lancashire,2017,6,4,20,90,6.667,13,False,13,0,0,22.222,2,0,8,40.0,2.222,13.636,Lower order,100.0,11.0,0.0,0.0,0.0,100.0,1.712,1.866,1.667,0.199,25.0,0.645,0.405,0.785,1.771,0.69,0.422,0.562,0.248,0,0,0.0,0.0,1.0,5.0,5.0,15.0,4.0,3.5,18.9,5.8,8.0
3f61a062,2015,BTJ Wheal,Hampshire,2015,6,4,17,107,3.4,10,False,10,0,0,15.888,1,0,4,23.529,0.935,12.264,Lower order,100.0,10.0,0.0,0.0,0.0,100.0,1.146,0.472,1.651,-1.179,17.647,0.472,0.403,0.456,1.083,0.507,0.429,0.156,0.789,0,0,0.0,0.0,2.0,4.0,3.0,14.0,1.6,3.5,18.9,5.8,7.4
78eb4223,2022,KAJ Roach,Surrey,2022,8,7,84,251,14.0,29,False,29,0,0,33.466,10,1,46,54.762,4.382,15.833,Lower order,100.0,10.0,0.0,0.0,0.0,100.0,3.151,2.369,4.062,-1.692,40.476,1.268,0.399,1.626,4.139,1.369,0.41,0.293,0.729,0,2,0.0,25.0,4.0,4.0,34.0,50.0,11.4,3.4,18.9,40.4,18.5
5b6d248a,2025,JA Porter,Essex,2025,13,8,49,118,8.167,19,False,19,0,0,41.525,6,1,30,61.224,5.932,17.117,Lower order,92.308,11.0,0.0,7.692,0.0,92.308,1.35,0.602,1.783,-1.182,16.327,0.628,0.377,0.719,2.032,0.682,0.402,0.193,1.054,0,0,0.0,0.0,5.0,8.0,8.0,41.0,2.3,3.3,18.9,5.8,7.6
462d7c62,2021,D Paterson,Nottinghamshire,2021,14,10,53,100,13.25,22,False,22,0,0,53.0,8,1,38,71.698,9.0,16.484,Lower order,100.0,11.0,0.0,0.0,0.0,100.0,1.415,1.791,1.092,0.699,58.491,0.591,0.377,0.68,2.062,0.628,0.4,0.346,0.408,0,0,0.0,0.0,6.0,8.0,31.0,22.0,2.5,3.3,18.9,5.8,7.6
679cd31e,2019,SJ Cook,Essex,2019,10,9,54,160,6.75,37,True,37*,0,0,33.75,4,1,22,40.741,3.125,20.645,Lower order,90.0,10.5,0.0,10.0,0.0,90.0,2.17,0.602,3.544,-2.943,12.963,0.758,0.375,1.461,4.591,0.787,0.409,0.119,0.4,0,0,0.0,0.0,4.0,6.0,7.0,47.0,5.5,3.2,18.9,5.8,8.4
2a0d5d4a,2014,Azharullah,Northamptonshire,2014,24,13,132,266,13.2,28,False,28,0,0,49.624,20,3,98,74.242,8.647,13.992,Lower order,100.0,11.0,0.0,0.0,0.0,100.0,2.373,1.227,3.997,-2.77,30.303,0.988,0.367,1.379,4.727,1.064,0.388,0.367,0.664,0,2,0.0,8.333,13.0,11.0,40.0,92.0,7.0,3.1,18.9,15.5,11.1
78c12883,2026,S Baker,Hampshire,2026,12,7,28,150,4.0,10,False,10,0,0,18.667,4,0,16,57.143,2.667,8.219,Lower order,75.0,11.0,0.0,25.0,0.0,75.0,0.949,1.142,0.535,0.607,82.143,0.449,0.359,0.417,1.274,0.476,0.386,0.462,0.23,0,0,0.0,0.0,9.0,3.0,23.0,5.0,0.9,3.1,18.9,5.8,7.2
d68e7f48,2016,R Rampaul,Surrey,2016,7,5,33,102,11.0,13,True,13*,0,0,32.353,5,1,26,78.788,5.882,7.292,Lower order,100.0,10.0,0.0,0.0,0.0,100.0,1.514,0.389,2.52,-2.13,12.121,0.575,0.357,0.657,1.463,0.614,0.385,0.0,1.259,0,0,0.0,0.0,3.0,4.0,4.0,29.0,3.1,3.0,18.9,5.8,7.7
5b6d248a,2017,JA Porter,Essex,2017,15,12,52,184,7.429,10,False,10,0,0,28.261,7,0,28,53.846,3.804,13.559,Lower order,86.667,10.0,0.0,6.667,6.667,86.667,1.295,1.41,1.191,0.219,51.923,0.583,0.356,0.691,2.145,0.61,0.372,0.09,0.379,0,0,0.0,0.0,7.0,8.0,27.0,25.0,1.9,3.0,18.9,5.8,7.4
e0ac7144,2022,OJ Hannon-Dalby,Warwickshire,2022,19,13,81,395,9.0,19,True,19*,0,0,20.506,12,0,48,59.259,3.038,8.616,Lower order,100.0,11.0,0.0,0.0,0.0,100.0,1.606,1.009,2.098,-1.089,28.395,0.667,0.354,0.697,2.28,0.708,0.379,0.18,0.796,0,1,0.0,5.263,8.0,11.0,23.0,58.0,3.6,2.9,18.9,12.1,9.4
e737a5fe,2016,C Rushworth,Durham,2016,15,10,114,203,11.4,31,True,31*,0,0,56.158,18,0,72,63.158,8.867,22.703,Lower order,100.0,10.0,0.0,0.0,0.0,100.0,2.829,2.656,2.969,-0.313,42.105,1.042,0.341,1.424,3.548,1.098,0.365,0.0,0.525,0,0,0.0,0.0,6.0,9.0,48.0,66.0,9.3,2.8,18.9,5.8,9.2
e412cb64,2014,HF Gurney,Nottinghamshire,2014,13,8,48,105,6.857,15,False,15,0,0,45.714,5,0,20,41.667,4.762,28.0,Lower order,100.0,11.0,0.0,0.0,0.0,100.0,1.331,1.902,0.483,1.419,85.417,0.523,0.334,0.594,1.645,0.545,0.352,0.613,0.116,0,0,0.0,0.0,8.0,5.0,41.0,7.0,2.3,2.8,18.9,5.8,7.4
861eed37,2023,WSA Williams,Lancashire,2023,13,11,135,550,13.5,61,False,61,0,1,24.545,14,1,62,45.926,2.727,13.645,Lower order,76.923,10.0,0.0,15.385,7.692,76.923,3.294,1.812,4.617,-2.805,25.926,1.163,0.323,2.002,6.825,1.238,0.35,0.261,0.699,1,1,7.692,7.692,6.0,7.0,35.0,100.0,12.2,2.7,48.8,14.9,19.6
d48c0f40,2024,LA Patterson-White,Nottinghamshire,2024,6,4,23,84,4.6,10,False,10,0,0,27.381,1,1,10,43.478,2.381,15.854,Lower order,83.333,8.5,0.0,0.0,16.667,83.333,1.581,0.105,4.4,-4.295,4.348,0.703,0.322,1.002,2.166,0.763,0.351,0.055,1.35,0,0,0.0,0.0,3.0,3.0,1.0,22.0,3.5,2.6,18.9,5.8,7.7
e36e9dd3,2024,Shoaib Bashir,Somerset/Worcestershire,2024,8,5,22,89,4.4,10,True,10*,0,0,24.719,2,0,8,36.364,2.247,16.092,Lower order,100.0,11.0,0.0,0.0,0.0,100.0,1.0,0.797,1.27,-0.473,45.455,0.429,0.316,0.467,1.011,0.45,0.325,0.316,0.505,0,0,0.0,0.0,5.0,3.0,10.0,12.0,1.1,2.6,18.9,5.8,7.1
3d0ed2f9,2026,JT Ball,Somerset,2026,9,7,32,119,6.4,9,False,9,0,0,26.891,5,0,20,62.5,4.202,10.526,Lower order,88.889,11.0,0.0,0.0,11.111,88.889,1.078,1.028,1.126,-0.098,46.875,0.431,0.306,0.334,0.934,0.464,0.329,0.263,0.327,0,0,0.0,0.0,4.0,5.0,15.0,17.0,1.4,2.5,18.9,5.8,7.2
5a74e559,2026,CJ White,Yorkshire,2026,15,11,62,126,10.333,21,False,21,0,0,49.206,12,1,54,87.097,10.317,7.08,Lower order,100.0,11.0,0.0,0.0,0.0,100.0,1.527,0.958,2.269,-1.311,35.484,0.593,0.299,0.775,2.422,0.632,0.317,0.15,0.812,0,0,0.0,0.0,6.0,9.0,22.0,40.0,3.1,2.4,18.9,5.8,7.6
8bf61e65,2019,JA Brooks,Somerset,2019,9,6,55,81,11.0,35,True,35*,0,0,67.901,8,1,38,69.091,11.111,23.611,Lower order,100.0,11.0,0.0,0.0,0.0,100.0,2.48,4.926,1.067,3.859,72.727,1.172,0.295,2.07,5.305,1.246,0.313,2.653,0.295,0,1,0.0,11.111,3.0,6.0,40.0,15.0,7.5,2.4,18.9,19.6,12.1
d112c570,2017,RN Sidebottom,Warwickshire,2017,12,6,26,109,3.714,13,False,13,0,0,23.853,5,0,20,76.923,4.587,5.769,Lower order,100.0,11.0,0.0,0.0,0.0,100.0,1.013,1.878,0.4,1.478,76.923,0.585,0.29,0.82,2.19,0.64,0.308,0.432,0.106,0,0,0.0,0.0,6.0,6.0,20.0,6.0,1.2,2.3,18.9,5.8,7.0
aa1210d8,2024,CF Parkinson,Durham,2024,15,12,71,280,5.917,18,False,18,0,0,25.357,4,1,22,30.986,1.786,17.818,Lower order,80.0,10.0,6.667,6.667,6.667,80.0,1.31,1.15,1.411,-0.261,33.803,0.663,0.262,0.919,2.863,0.7,0.276,0.383,0.114,0,1,0.0,6.667,5.0,10.0,24.0,47.0,2.1,2.3,18.9,13.6,9.2
5b6d248a,2024,JA Porter,Essex,2024,15,10,32,141,5.333,7,True,7*,0,0,22.695,4,0,16,50.0,2.837,11.679,Lower order,93.333,11.0,0.0,6.667,0.0,93.333,0.776,0.335,1.228,-0.892,21.875,0.457,0.261,0.573,1.651,0.484,0.275,0.0,1.0,0,0,0.0,0.0,7.0,8.0,7.0,25.0,0.6,2.2,18.9,5.8,6.9
29b89ae8,2016,WB Rankin,Warwickshire,2016,6,6,22,42,4.4,16,True,16*,0,0,52.381,1,1,10,45.455,4.762,30.0,Lower order,83.333,11.0,0.0,16.667,0.0,83.333,1.112,2.097,0.28,1.817,86.364,0.441,0.245,0.678,1.788,0.468,0.259,0.368,0.0,0,0,0.0,0.0,3.0,3.0,19.0,3.0,1.6,2.1,18.9,5.8,7.1
78eb4223,2023,KAJ Roach,Surrey,2023,9,8,42,152,10.5,18,False,18,0,0,27.632,5,0,20,47.619,3.289,14.966,Lower order,100.0,10.0,0.0,0.0,0.0,100.0,1.658,1.056,2.227,-1.171,30.952,0.537,0.243,0.654,1.507,0.572,0.258,0.243,0.708,0,0,0.0,0.0,4.0,5.0,13.0,29.0,3.8,2.1,18.9,5.8,7.6
c1f6c27e,2015,G Onions,Durham,2015,23,14,95,197,10.556,18,True,18*,0,0,48.223,17,0,68,71.579,8.629,15.0,Lower order,100.0,11.0,0.0,0.0,0.0,100.0,1.57,1.53,1.611,-0.081,49.474,0.679,0.242,0.856,2.547,0.721,0.263,0.226,0.242,0,0,0.0,0.0,13.0,10.0,47.0,48.0,3.3,2.0,18.9,5.8,7.5
679cd31e,2026,SJ Cook,Essex,2026,14,9,66,222,5.5,19,False,19,0,0,29.73,8,0,32,48.485,3.604,15.888,Lower order,71.429,10.0,14.286,14.286,0.0,71.429,2.066,1.472,2.635,-1.162,34.848,0.901,0.222,1.441,4.236,0.958,0.236,0.222,0.468,0,0,0.0,0.0,7.0,7.0,23.0,43.0,5.2,1.9,18.9,5.8,8.0
a089f93f,2025,Mohammad Abbas,Nottinghamshire,2025,10,8,21,56,10.5,6,True,6*,0,0,37.5,3,0,12,57.143,5.357,16.981,Lower order,100.0,11.0,0.0,0.0,0.0,100.0,0.555,0.528,0.589,-0.061,52.381,0.254,0.217,0.257,0.637,0.267,0.229,0.287,0.132,0,0,0.0,0.0,5.0,5.0,11.0,10.0,0.4,1.9,18.9,5.8,6.8
e412cb64,2016,HF Gurney,Nottinghamshire,2016,21,13,56,109,4.667,16,False,16,0,0,51.376,5,2,32,57.143,6.422,23.529,Lower order,100.0,11.0,0.0,0.0,0.0,100.0,0.93,0.767,1.299,-0.532,57.143,0.429,0.208,0.576,1.745,0.465,0.22,0.233,0.0,0,0,0.0,0.0,13.0,8.0,32.0,24.0,0.8,1.8,18.9,5.8,6.8
d12143bf,2017,JM Anderson,Lancashire,2017,6,5,23,48,23.0,13,True,13*,0,0,47.917,3,0,12,52.174,6.25,24.444,Lower order,100.0,11.0,0.0,0.0,0.0,100.0,1.051,0.626,2.196,-1.57,43.478,0.426,0.204,0.519,1.17,0.444,0.217,0.204,0.585,0,0,0.0,0.0,4.0,2.0,10.0,13.0,1.3,1.8,18.9,5.8,7.0
a7c226e1,2015,FH Edwards,Hampshire,2015,8,7,32,82,10.667,17,True,17*,0,0,39.024,4,0,16,50.0,4.878,20.513,Lower order,100.0,11.0,0.0,0.0,0.0,100.0,1.405,2.579,0.887,1.692,56.25,0.502,0.193,0.702,1.848,0.535,0.207,0.976,0.193,0,0,0.0,0.0,2.0,6.0,18.0,14.0,2.4,1.7,18.9,5.8,7.2
e0ac7144,2024,OJ Hannon-Dalby,Warwickshire,2024,17,12,35,173,5.0,8,True,8*,0,0,20.231,5,0,20,57.143,2.89,8.929,Lower order,100.0,11.0,0.0,0.0,0.0,100.0,0.728,0.924,0.517,0.408,65.714,0.351,0.191,0.427,1.179,0.368,0.201,0.354,0.191,0,0,0.0,0.0,9.0,8.0,23.0,12.0,0.5,1.6,18.9,5.8,6.7
3d0ed2f9,2024,JT Ball,Somerset,2024,7,6,43,105,10.75,29,False,29,0,0,40.952,5,1,26,60.465,5.714,17.172,Lower order,85.714,11.0,0.0,14.286,0.0,85.714,2.354,0.0,2.531,-2.531,0.0,0.78,0.191,1.402,3.579,0.838,0.203,0.0,0.382,0,1,0.0,14.286,1.0,6.0,0.0,43.0,6.8,1.6,18.9,24.8,13.0
5b6d248a,2023,JA Porter,Essex,2023,15,11,36,155,6.0,11,False,11,0,0,23.226,4,0,16,44.444,2.581,13.245,Lower order,100.0,11.0,0.0,0.0,0.0,100.0,0.935,0.921,0.949,-0.028,50.0,0.411,0.187,0.538,1.574,0.436,0.195,0.187,0.125,0,1,0.0,6.667,6.0,9.0,18.0,18.0,0.9,1.5,18.9,13.6,8.7
52912da9,2025,EV Jack,Hampshire,2025,6,5,49,160,12.25,29,False,29,0,0,30.625,4,2,28,57.143,3.75,13.636,Lower order,83.333,11.0,0.0,16.667,0.0,83.333,2.767,0.441,3.569,-3.128,4.082,1.116,0.175,1.412,2.81,1.165,0.181,0.175,1.297,0,0,0.0,0.0,1.0,5.0,2.0,47.0,8.5,1.4,18.9,5.8,8.6
5a74e559,2025,CJ White,Yorkshire,2025,14,11,58,190,11.6,18,False,18,0,0,30.526,10,0,40,68.966,5.263,10.0,Lower order,92.857,11.0,0.0,7.143,0.0,92.857,1.418,1.786,1.116,0.67,56.897,0.579,0.174,0.826,2.688,0.622,0.19,0.221,0.174,0,1,0.0,7.143,5.0,9.0,33.0,25.0,2.6,1.4,18.9,14.2,9.3
e0ac7144,2021,OJ Hannon-Dalby,Warwickshire,2021,11,8,48,145,9.6,26,False,26,0,0,33.103,8,0,32,66.667,5.517,11.679,Lower order,100.0,11.0,0.0,0.0,0.0,100.0,1.91,2.546,1.038,1.509,77.083,0.67,0.139,1.062,2.885,0.712,0.142,0.396,0.0,0,0,0.0,0.0,5.0,6.0,37.0,11.0,4.5,1.3,18.9,5.8,7.6
4c239537,2015,ME Hobden,Sussex,2015,17,9,84,200,9.333,65,True,65*,0,1,42.0,11,2,56,66.667,6.5,14.973,Lower order,100.0,11.0,0.0,0.0,0.0,100.0,2.022,0.167,4.558,-4.392,4.762,0.808,0.131,1.757,5.408,0.867,0.15,0.083,0.713,0,1,0.0,5.882,10.0,7.0,4.0,80.0,5.0,1.3,18.9,12.7,9.5
5b6d248a,2022,JA Porter,Essex,2022,10,7,9,65,1.5,4,True,4*,0,0,13.846,1,0,4,44.444,1.538,7.812,Lower order,90.0,11.0,0.0,10.0,0.0,90.0,0.319,0.303,0.328,-0.025,33.333,0.19,0.129,0.225,0.541,0.202,0.137,0.129,0.104,0,0,0.0,0.0,4.0,6.0,3.0,6.0,0.1,1.2,18.9,5.8,6.5
3f61a062,2016,BTJ Wheal,Hampshire,2016,7,6,28,167,5.6,14,False,14,0,0,16.766,3,1,18,64.286,2.395,6.135,Lower order,100.0,11.0,0.0,0.0,0.0,100.0,1.07,1.773,0.734,1.039,53.571,0.384,0.127,0.517,1.19,0.408,0.133,0.595,0.127,0,0,0.0,0.0,3.0,4.0,15.0,13.0,1.4,1.1,18.9,5.8,6.8
e0ac7144,2016,OJ Hannon-Dalby,Warwickshire,2016,9,6,39,117,6.5,30,False,30,0,0,33.333,5,1,26,66.667,5.128,11.712,Lower order,100.0,11.0,0.0,0.0,0.0,100.0,1.812,0.188,3.394,-3.206,5.128,0.562,0.124,0.947,2.451,0.588,0.135,0.095,0.581,0,0,0.0,0.0,5.0,4.0,2.0,37.0,4.2,1.1,18.9,5.8,7.5
5b6d248a,2026,JA Porter,Essex,2026,15,10,74,274,9.25,52,False,52,0,1,27.007,11,0,44,59.459,4.015,11.407,Lower order,80.0,11.0,0.0,13.333,6.667,80.0,1.922,3.14,0.457,2.682,89.189,0.89,0.122,2.044,6.582,0.943,0.129,0.124,0.064,0,1,0.0,6.667,9.0,6.0,66.0,8.0,4.6,1.0,18.9,13.6,9.5
6c79c098,2022,DA Payne,Gloucestershire,2022,8,5,25,57,8.333,17,True,17*,0,0,43.86,2,2,20,80.0,7.018,9.434,Lower order,100.0,10.0,0.0,0.0,0.0,100.0,1.079,0.55,1.722,-1.172,28.0,0.556,0.121,0.811,1.93,0.601,0.126,0.073,1.025,0,0,0.0,0.0,4.0,4.0,7.0,18.0,1.5,0.9,18.9,5.8,6.8
1427277f,2017,MHA Footitt,Surrey,2017,7,5,7,33,1.167,4,False,4,0,0,21.212,1,0,4,57.143,3.03,9.375,Lower order,100.0,11.0,0.0,0.0,0.0,100.0,0.258,0.308,0.184,0.124,71.429,0.117,0.11,0.129,0.308,0.122,0.116,0.11,0.083,0,0,0.0,0.0,4.0,3.0,5.0,2.0,0.1,0.9,18.9,5.8,6.4
6107bc41,2017,Sukhjit Singh,Warwickshire,2017,6,3,18,95,4.5,16,True,16*,0,0,18.947,2,0,8,44.444,2.105,10.753,Lower order,100.0,11.0,0.0,0.0,0.0,100.0,1.531,0.265,2.13,-1.866,5.556,0.642,0.109,0.924,1.709,0.671,0.118,0.108,0.909,0,0,0.0,0.0,2.0,4.0,1.0,17.0,3.2,0.8,18.9,5.8,7.2
7081848a,2021,GH Roderick,Worcestershire,2021,8,5,48,191,6.857,22,False,22,0,0,25.131,5,0,20,41.667,2.618,15.054,Middle order,100.0,4.0,0.0,100.0,0.0,0.0,2.026,1.003,3.494,-2.491,29.167,0.834,0.105,1.233,2.833,0.896,0.111,0.105,1.417,0,1,0.0,12.5,5.0,3.0,14.0,34.0,5.0,0.8,18.9,22.3,11.8
a7c226e1,2019,FH Edwards,Hampshire,2019,13,8,17,72,2.429,6,True,6*,0,0,23.611,3,0,12,70.588,4.167,7.246,Lower order,100.0,11.0,0.0,0.0,0.0,100.0,0.532,0.051,1.282,-1.231,5.882,0.271,0.1,0.353,0.952,0.29,0.11,0.0,0.506,0,0,0.0,0.0,7.0,6.0,1.0,16.0,0.4,0.7,18.9,5.8,6.4
a089f93f,2024,Mohammad Abbas,Hampshire,2024,11,9,26,120,13.0,13,True,13*,0,0,21.667,3,0,12,46.154,2.5,11.966,Lower order,100.0,11.0,0.0,0.0,0.0,100.0,0.786,0.358,1.099,-0.742,19.231,0.325,0.097,0.497,1.337,0.349,0.102,0.097,0.067,0,0,0.0,0.0,4.0,7.0,5.0,21.0,0.6,0.6,18.9,5.8,6.5
5b6d248a,2019,JA Porter,Essex,2019,15,12,31,200,3.1,17,False,17,0,0,15.5,3,0,12,38.71,1.5,9.645,Lower order,86.667,10.0,6.667,0.0,6.667,86.667,0.846,0.212,1.522,-1.31,12.903,0.267,0.054,0.513,1.765,0.28,0.058,0.054,0.1,1,1,6.667,6.667,7.0,8.0,4.0,27.0,0.7,0.6,46.3,13.6,15.3
78c12883,2025,S Baker,Hampshire,2025,8,6,29,128,4.833,27,False,27,0,0,22.656,2,2,20,68.966,3.125,7.258,Lower order,87.5,11.0,0.0,12.5,0.0,87.5,1.263,0.171,2.402,-2.232,6.897,0.485,0.044,1.099,2.727,0.51,0.045,0.088,0.0,1,1,12.5,12.5,3.0,5.0,2.0,27.0,1.8,0.5,65.1,22.3,22.4
e412cb64,2015,HF Gurney,Nottinghamshire,2015,14,9,15,72,2.5,8,False,8,0,0,20.833,2,0,8,53.333,2.778,10.0,Lower order,100.0,11.0,0.0,0.0,0.0,100.0,0.372,0.034,1.332,-1.298,6.667,0.161,0.0,0.249,0.678,0.173,0.0,0.0,0.472,0,0,0.0,0.0,10.0,4.0,1.0,14.0,0.2,0.3,18.9,5.8,6.3
a089f93f,2022,Mohammad Abbas,Hampshire,2022,16,11,21,91,3.0,8,False,8,0,0,23.077,4,0,16,76.19,4.396,5.747,Lower order,93.75,11.0,0.0,6.25,0.0,93.75,0.463,0.557,0.324,0.233,71.429,0.238,0.0,0.343,1.011,0.253,0.0,0.188,0.0,0,0,0.0,0.0,9.0,7.0,15.0,6.0,0.3,0.3,18.9,5.8,6.3
a089f93f,2023,Mohammad Abbas,Hampshire,2023,18,13,22,147,2.75,9,False,9,0,0,14.966,3,0,12,54.545,2.041,6.944,Lower order,100.0,11.0,0.0,0.0,0.0,100.0,0.487,0.741,0.224,0.517,77.273,0.241,0.0,0.439,1.223,0.256,0.0,0.092,0.0,0,1,0.0,5.556,10.0,8.0,17.0,5.0,0.3,0.3,18.9,12.3,8.0
27fc5808,2025,HT Crocombe,Sussex,2025,6,4,18,42,3.6,16,True,16*,0,0,42.857,3,0,12,66.667,7.143,15.385,Lower order,100.0,10.5,0.0,0.0,0.0,100.0,1.051,1.804,0.0,1.804,100.0,0.464,0.0,0.929,1.858,0.498,0.0,0.929,0.0,0,0,0.0,0.0,3.0,3.0,18.0,0.0,1.3,0.3,18.9,5.8,6.6
ea3d687a,2018,A Virdi,Surrey,2018,13,12,46,80,6.571,21,True,21*,0,0,57.5,8,1,38,82.609,11.25,11.268,Lower order,100.0,11.0,0.0,0.0,0.0,100.0,1.0,0.59,1.325,-0.735,26.087,0.423,0.0,0.782,2.628,0.453,0.0,0.0,0.0,0,0,0.0,0.0,6.0,7.0,12.0,34.0,1.0,0.3,18.9,5.8,6.5
aa1210d8,2025,CF Parkinson,Durham,2025,6,4,15,59,5.0,15,False,15,0,0,25.424,1,0,4,26.667,1.695,18.966,Lower order,83.333,11.0,0.0,16.667,0.0,83.333,0.895,0.0,1.272,-1.272,0.0,0.36,0.0,0.72,1.44,0.385,0.0,0.0,0.0,0,0,0.0,0.0,2.0,4.0,0.0,15.0,0.8,0.3,18.9,5.8,6.4
e737a5fe,2024,C Rushworth,Warwickshire,2024,7,5,17,34,5.667,14,False,14,0,0,50.0,3,0,12,70.588,8.824,16.129,Lower order,100.0,11.0,0.0,0.0,0.0,100.0,1.012,1.095,0.0,1.095,100.0,0.327,0.0,0.576,1.331,0.345,0.0,0.152,0.0,0,0,0.0,0.0,6.0,1.0,17.0,0.0,1.1,0.3,18.9,5.8,6.5
